case,model,N,active_N,samples,pairing_group,metric,mean,mean_se,mean_ci95_lo,mean_ci95_hi,sd,sd_se,sd_ci95_lo,sd_ci95_hi,cv,cv_se,cv_ci95_lo,cv_ci95_hi,q05,q05_ci95_lo,q05_ci95_hi,q50,q50_ci95_lo,q50_ci95_hi,q95,q95_ci95_lo,q95_ci95_hi
isotropic_iid_control_N2,isotropic_iid_control,2,2,4000,4,Cmax,1.452564222375111,0.004236137668568231,1.4442613925447172,1.4608670522055047,0.26791687029422157,0.0020760771456122358,0.2638477590888216,0.27198598149962155,0.18444407907565452,0.0013961303361055132,0.18170766361688773,0.18718049453442132,1.0638550939647182,1.05677865545379,1.0719230870164176,1.4258117373978827,1.4135517380123443,1.4402616836366282,1.910889223905234,1.902049695480662,1.9212135844698701
isotropic_iid_control_N2,isotropic_iid_control,2,2,4000,4,chi,1.0,1.706673448401413e-18,1.0,1.0,1.0793950638164639e-16,0.0,1.0793950638164639e-16,1.0793950638164639e-16,1.0793950638164639e-16,1.8359262454950883e-34,1.0793950638164639e-16,1.0793950638164639e-16,0.9999999999999998,0.9999999999999998,0.9999999999999998,1.0,1.0,1.0,1.0000000000000002,1.0000000000000002,1.0000000000000002
isotropic_iid_control_N2,isotropic_iid_control,2,2,4000,4,n_inf,1.452564222375111,0.004236137668568231,1.4442613925447172,1.4608670522055047,0.26791687029422157,0.0020760771456122358,0.2638477590888216,0.27198598149962155,0.18444407907565452,0.0013961303361055132,0.18170766361688773,0.18718049453442132,1.0638550939647182,1.05677865545379,1.0719230870164176,1.4258117373978827,1.4135517380123443,1.4402616836366282,1.910889223905234,1.9020496954806623,1.9212135844698701
isotropic_iid_control_N2,isotropic_iid_control,2,2,4000,4,PR,1.6574759691232417,0.004556435851109827,1.6485453548550664,1.666406583391417,0.288174306039098,0.0023043045141906545,0.28365786919128433,0.29269074288691166,0.17386333884016075,0.0016908383069753116,0.17054929575848915,0.17717738192183236,1.1271915673014372,1.1131923994713293,1.1431058971803127,1.7209109997270857,1.7063072502834655,1.7375615532100646,1.9956601370791858,1.9947100977395258,1.9966422246372535
isotropic_iid_control_N2,isotropic_iid_control,2,2,4000,4,inverse_PR,0.6247250722669117,0.001975044949630308,0.6208539841656362,0.6285961603681871,0.1249128104408861,0.001386849214836574,0.12219458597980642,0.12763103490196578,0.19994845090436442,0.0018237269229185945,0.19637394613544398,0.20352295567328485,0.501087325151258,0.5008408555426991,0.5013259827246247,0.581087581322747,0.5755191798256276,0.5860609218145629,0.887160650062536,0.8748095889162057,0.8983173083780611
isotropic_iid_control_N2,isotropic_iid_control,2,2,4000,4,Q_gaussian,5.953786622102443,0.05520913368590134,5.845576720078077,6.06199652412681,3.491732201843507,0.05806409401774814,3.377926577568721,3.6055378261182933,0.5864725129518468,0.007844331676160365,0.5710976228665725,0.601847403037121,1.5952614046927125,1.4739475978320384,1.6919425801554349,5.303648141490543,5.196277392318921,5.416632609291045,12.63051468900835,12.405718070766353,12.93590141619628
isotropic_iid_control_N2,isotropic_iid_control,2,2,4000,4,R_gaussian,5.953786622102443,0.055209133685901336,5.845576720078077,6.06199652412681,3.4917322018435066,0.058064094017748154,3.3779265775687204,3.605537826118293,0.5864725129518467,0.007844331676160367,0.5710976228665723,0.601847403037121,1.5952614046927125,1.4739475978320384,1.6919425801554346,5.303648141490543,5.196277392318921,5.416632609291045,12.63051468900835,12.405718070766351,12.93590141619628
isotropic_iid_control_N2,isotropic_iid_control,2,2,4000,4,max_r2_gaussian,4.23414535827146,0.04148049627861956,4.152843585565366,4.315447130977555,2.623456934291524,0.04825674860437413,2.5288737070269507,2.7180401615560976,0.6195953875713232,0.009024208947344537,0.6019079380345279,0.6372828371081184,1.0877635492763609,1.0391764373046029,1.1589668390056593,3.6892204747025925,3.5904391549946837,3.789266628864468,9.103573937212891,8.883450116816816,9.512751742935139
isotropic_iid_control_N2,isotropic_iid_control,2,2,4000,4,Cmax_peratom,0.7262821111875555,0.0021180688342841156,0.7221306962723586,0.7304335261027524,0.13395843514711078,0.0010380385728061179,0.1319238795444108,0.13599299074981078,0.18444407907565452,0.0013961303361055132,0.18170766361688773,0.18718049453442132,0.5319275469823591,0.528389327726895,0.5359615435082088,0.7129058686989413,0.7067758690061722,0.7201308418183141,0.955444611952617,0.951024847740331,0.9606067922349351
isotropic_iid_control_N2,isotropic_iid_control,2,2,4000,4,Crms,2.0,3.413346896802826e-18,2.0,2.0,2.1587901276329278e-16,0.0,2.1587901276329278e-16,2.1587901276329278e-16,1.0793950638164639e-16,1.8359262454950883e-34,1.0793950638164639e-16,1.0793950638164639e-16,1.9999999999999996,1.9999999999999996,1.9999999999999996,2.0,2.0,2.0,2.0000000000000004,2.0000000000000004,2.0000000000000004
isotropic_iid_control_N2,isotropic_iid_control,2,2,4000,4,Crms_peratom,1.0,1.706673448401413e-18,1.0,1.0,1.0793950638164639e-16,0.0,1.0793950638164639e-16,1.0793950638164639e-16,1.0793950638164639e-16,1.8359262454950883e-34,1.0793950638164639e-16,1.0793950638164639e-16,0.9999999999999998,0.9999999999999998,0.9999999999999998,1.0,1.0,1.0,1.0000000000000002,1.0000000000000002,1.0000000000000002
isotropic_iid_control_N2,isotropic_iid_control,2,2,4000,4,max_to_rms,0.7262821111875555,0.0021180688342841156,0.7221306962723586,0.7304335261027524,0.13395843514711078,0.0010380385728061179,0.1319238795444108,0.13599299074981078,0.18444407907565452,0.0013961303361055132,0.18170766361688773,0.18718049453442132,0.5319275469823591,0.528389327726895,0.5359615435082088,0.7129058686989413,0.7067758690061722,0.7201308418183141,0.955444611952617,0.9510248477403311,0.9606067922349351
isotropic_iid_control_N2,isotropic_iid_control,2,2,4000,4,PR_fraction,0.8287379845616208,0.0022782179255549134,0.8242726774275332,0.8332032916957085,0.144087153019549,0.0011521522570953273,0.14182893459564216,0.14634537144345583,0.17386333884016075,0.0016908383069753116,0.17054929575848915,0.17717738192183236,0.5635957836507186,0.5565961997356647,0.5715529485901564,0.8604554998635429,0.8531536251417328,0.8687807766050323,0.9978300685395929,0.9973550488697629,0.9983211123186267
isotropic_COM_N2,isotropic_COM,2,2,4000,4,Cmax,2.0,1.4953445200811406e-17,2.0,2.0,9.457389140215595e-16,0.0,9.457389140215595e-16,9.457389140215595e-16,4.728694570107798e-16,3.512177356441326e-33,4.728694570107798e-16,4.728694570107798e-16,1.9999999999999993,1.9999999999999991,1.9999999999999993,2.0,2.0,2.0,2.0000000000000004,2.0000000000000004,2.0000000000000004
isotropic_COM_N2,isotropic_COM,2,2,4000,4,chi,1.0,7.134722789974992e-18,1.0,1.0,4.512394898046425e-16,0.0,4.512394898046425e-16,4.512394898046425e-16,4.512394898046425e-16,3.218726592919675e-33,4.512394898046425e-16,4.512394898046425e-16,0.9999999999999998,0.9999999999999997,0.9999999999999998,1.0,1.0,1.0,1.0000000000000002,1.0000000000000002,1.0000000000000002
isotropic_COM_N2,isotropic_COM,2,2,4000,4,n_inf,2.0,3.925329300799717e-18,2.0,2.0,2.482596231344662e-16,0.0,2.482596231344662e-16,2.482596231344662e-16,1.241298115672331e-16,2.134679894901727e-34,1.241298115672331e-16,1.241298115672331e-16,1.9999999999999996,1.9999999999999996,1.9999999999999996,2.0,2.0,2.0,2.0,2.0,2.0
isotropic_COM_N2,isotropic_COM,2,2,4000,4,PR,2.0,4.2266736477755976e-18,2.0,2.0,2.673183130636633e-16,0.0,2.673183130636633e-16,2.673183130636633e-16,1.3365915653183164e-16,2.8233693365075073e-34,1.3365915653183164e-16,1.3365915653183164e-16,1.9999999999999996,1.9999999999999996,1.9999999999999996,2.0,2.0,2.0,2.0000000000000004,2.0000000000000004,2.0000000000000004
isotropic_COM_N2,isotropic_COM,2,2,4000,4,inverse_PR,0.5,9.382803829902034e-19,0.5,0.5,5.934206188208303e-17,0.0,5.934206188208303e-17,5.934206188208303e-17,1.1868412376416605e-16,2.2240106610326245e-34,1.1868412376416605e-16,1.1868412376416605e-16,0.4999999999999999,0.4999999999999999,0.4999999999999999,0.5,0.5,0.5,0.5000000000000001,0.5000000000000001,0.5000000000000001
isotropic_COM_N2,isotropic_COM,2,2,4000,4,Q_gaussian,2.9924619468500433,0.03899385872587197,2.9160339837473344,3.0688899099527522,2.4661881666517353,0.05012085218425981,2.367951296370586,2.5644250369328847,0.8241335096166286,0.012352711686646443,0.7999221947108015,0.8483448245224556,0.3511298542426253,0.3142102316359099,0.38919650188991717,2.3668239045813344,2.2884046265413716,2.478283646068539,7.657605750273498,7.394243345747916,7.952753376734275
isotropic_COM_N2,isotropic_COM,2,2,4000,4,R_gaussian,2.9924619468500433,0.03899385872587197,2.9160339837473344,3.0688899099527522,2.4661881666517353,0.050120852184259816,2.367951296370586,2.5644250369328847,0.8241335096166286,0.012352711686646445,0.7999221947108015,0.8483448245224556,0.35112985424262555,0.3142102316359099,0.38919650188991717,2.3668239045813344,2.2884046265413716,2.4782836460685393,7.657605750273498,7.394243345747915,7.9527533767342735
isotropic_COM_N2,isotropic_COM,2,2,4000,4,max_r2_gaussian,1.4962309734250216,0.019496929362935986,1.4580169918736672,1.5344449549763761,1.2330940833258677,0.025060426092129908,1.183975648185293,1.2822125184664424,0.8241335096166286,0.012352711686646445,0.7999221947108015,0.8483448245224556,0.1755649271213128,0.15710511581795494,0.1945982509449586,1.1834119522906672,1.1442023132706858,1.2391418230342697,3.828802875136749,3.697121672873958,3.9763766883671368
isotropic_COM_N2,isotropic_COM,2,2,4000,4,Cmax_peratom,1.0,7.476722600405703e-18,1.0,1.0,4.728694570107798e-16,0.0,4.728694570107798e-16,4.728694570107798e-16,4.728694570107798e-16,3.512177356441326e-33,4.728694570107798e-16,4.728694570107798e-16,0.9999999999999997,0.9999999999999996,0.9999999999999997,1.0,1.0,1.0,1.0000000000000002,1.0000000000000002,1.0000000000000002
isotropic_COM_N2,isotropic_COM,2,2,4000,4,Crms,2.0,1.4269445579949984e-17,2.0,2.0,9.02478979609285e-16,0.0,9.02478979609285e-16,9.02478979609285e-16,4.512394898046425e-16,3.218726592919675e-33,4.512394898046425e-16,4.512394898046425e-16,1.9999999999999996,1.9999999999999993,1.9999999999999996,2.0,2.0,2.0,2.0000000000000004,2.0000000000000004,2.0000000000000004
isotropic_COM_N2,isotropic_COM,2,2,4000,4,Crms_peratom,1.0,7.134722789974992e-18,1.0,1.0,4.512394898046425e-16,0.0,4.512394898046425e-16,4.512394898046425e-16,4.512394898046425e-16,3.218726592919675e-33,4.512394898046425e-16,4.512394898046425e-16,0.9999999999999998,0.9999999999999997,0.9999999999999998,1.0,1.0,1.0,1.0000000000000002,1.0000000000000002,1.0000000000000002
isotropic_COM_N2,isotropic_COM,2,2,4000,4,max_to_rms,1.0,1.9626646503998587e-18,1.0,1.0,1.241298115672331e-16,0.0,1.241298115672331e-16,1.241298115672331e-16,1.241298115672331e-16,2.134679894901727e-34,1.241298115672331e-16,1.241298115672331e-16,0.9999999999999998,0.9999999999999998,0.9999999999999998,1.0,1.0,1.0,1.0,1.0,1.0
isotropic_COM_N2,isotropic_COM,2,2,4000,4,PR_fraction,1.0,2.1133368238877988e-18,1.0,1.0,1.3365915653183164e-16,0.0,1.3365915653183164e-16,1.3365915653183164e-16,1.3365915653183164e-16,2.8233693365075073e-34,1.3365915653183164e-16,1.3365915653183164e-16,0.9999999999999998,0.9999999999999998,0.9999999999999998,1.0,1.0,1.0,1.0000000000000002,1.0000000000000002,1.0000000000000002
isotropic_iid_control_N16,isotropic_iid_control,16,16,4000,2,Cmax,5.849184719748275,0.020479302172884892,5.809045287489421,5.88932415200713,1.295224795143033,0.013811727304723286,1.2681538096257752,1.3222957806602906,0.22143680823928125,0.002367569069713661,0.21679637286264247,0.22607724361592002,3.8099179436752486,3.7232774488847347,3.8731672812108746,5.809167909046394,5.7504975461127685,5.857121027970785,8.069264746149003,7.997074786756415,8.148278608903585
isotropic_iid_control_N16,isotropic_iid_control,16,16,4000,2,chi,1.0,2.3775748241266742e-18,1.0,1.0,1.503710350342909e-16,0.0,1.503710350342909e-16,1.503710350342909e-16,1.503710350342909e-16,3.568543682652246e-34,1.503710350342909e-16,1.503710350342909e-16,0.9999999999999998,0.9999999999999998,0.9999999999999998,1.0,1.0,1.0,1.0000000000000002,1.0000000000000002,1.0000000000000002
isotropic_iid_control_N16,isotropic_iid_control,16,16,4000,2,n_inf,5.849184719748275,0.020479302172884892,5.809045287489421,5.88932415200713,1.295224795143033,0.013811727304723288,1.2681538096257752,1.3222957806602906,0.22143680823928125,0.002367569069713661,0.21679637286264247,0.22607724361592002,3.8099179436752486,3.7232774488847347,3.8731672812108746,5.809167909046394,5.7504975461127685,5.857121027970787,8.069264746149003,7.997074786756415,8.148278608903585
isotropic_iid_control_N16,isotropic_iid_control,16,16,4000,2,PR,10.215553747300634,0.02309866167950675,10.1702803704088,10.260827124192467,1.4608876361778322,0.016371730002115028,1.4287990453736867,1.4929762269819777,0.14300621114776654,0.0017071132315387581,0.13966026921395058,0.1463521530815825,7.6577189660132445,7.532436598814135,7.749838444751122,10.298551036305275,10.240183776194925,10.345531486020791,12.450469976530506,12.364031943461027,12.515280912811255
isotropic_iid_control_N16,isotropic_iid_control,16,16,4000,2,inverse_PR,0.1001449916047525,0.00025624101657751105,0.09964275921226058,0.10064722399724442,0.01620610484683797,0.00030311355504750783,0.015612002278944855,0.016800207414731087,0.16182641375416412,0.002795486969061328,0.15634725929480392,0.16730556821352432,0.08031825341690466,0.07990232156725711,0.08087976515855498,0.0971010410970751,0.09666008956149151,0.09765449740508296,0.13058719490365064,0.12903494790620942,0.13275916589293754
isotropic_iid_control_N16,isotropic_iid_control,16,16,4000,2,Q_gaussian,48.05581118269555,0.15258367438062795,47.75674718090952,48.35487518448158,9.65023889600532,0.114796267745109,9.425238211224906,9.875239580785733,0.2008131515940424,0.002304862197922975,0.19629562168611336,0.20533068150197142,33.32753174825339,32.903471701808506,33.76423333021099,47.33843344992576,46.961165596927586,47.70860622440239,64.91109272566715,64.21582069702295,65.62458096606149
isotropic_iid_control_N16,isotropic_iid_control,16,16,4000,2,R_gaussian,48.05581118269555,0.15258367438062795,47.75674718090952,48.35487518448158,9.65023889600532,0.114796267745109,9.425238211224906,9.875239580785733,0.2008131515940424,0.0023048621979229753,0.19629562168611336,0.20533068150197142,33.32753174825339,32.9034717018085,33.764233330211,47.33843344992575,46.961165596927586,47.708606224402374,64.91109272566713,64.21582069702295,65.62458096606147
isotropic_iid_control_N16,isotropic_iid_control,16,16,4000,2,max_r2_gaussian,8.658191564063204,0.0436713114894669,8.572595793543849,8.743787334582558,2.762016254267917,0.04585091962879923,2.6721484517954703,2.8518840567403636,0.31900613815614515,0.004617169746634287,0.30995648545274196,0.32805579085954834,5.06398806255187,4.975525766475411,5.1848974924347075,8.195359598231452,8.107981773991257,8.289349084015695,13.859852522993181,13.482606666851572,14.186445192780834
isotropic_iid_control_N16,isotropic_iid_control,16,16,4000,2,Cmax_peratom,0.3655740449842672,0.0012799563858053057,0.3630653304680888,0.3680827595004456,0.08095154969643956,0.0008632329565452054,0.07925961310161095,0.08264348629126816,0.22143680823928125,0.002367569069713661,0.21679637286264247,0.22607724361592002,0.23811987147970304,0.23270484055529592,0.24207295507567966,0.36307299431539963,0.35940609663204803,0.36607006424817407,0.5043290466343127,0.49981717417227595,0.509267413056474
isotropic_iid_control_N16,isotropic_iid_control,16,16,4000,2,Crms,16.0,3.804119718602679e-17,16.0,16.0,2.4059365605486544e-15,0.0,2.4059365605486544e-15,2.4059365605486544e-15,1.503710350342909e-16,3.568543682652246e-34,1.503710350342909e-16,1.503710350342909e-16,15.999999999999996,15.999999999999996,15.999999999999996,16.0,16.0,16.0,16.000000000000004,16.000000000000004,16.000000000000004
isotropic_iid_control_N16,isotropic_iid_control,16,16,4000,2,Crms_peratom,1.0,2.3775748241266742e-18,1.0,1.0,1.503710350342909e-16,0.0,1.503710350342909e-16,1.503710350342909e-16,1.503710350342909e-16,3.568543682652246e-34,1.503710350342909e-16,1.503710350342909e-16,0.9999999999999998,0.9999999999999998,0.9999999999999998,1.0,1.0,1.0,1.0000000000000002,1.0000000000000002,1.0000000000000002
isotropic_iid_control_N16,isotropic_iid_control,16,16,4000,2,max_to_rms,0.3655740449842672,0.0012799563858053057,0.3630653304680888,0.3680827595004456,0.08095154969643956,0.0008632329565452055,0.07925961310161095,0.08264348629126816,0.22143680823928125,0.002367569069713661,0.21679637286264247,0.22607724361592002,0.23811987147970304,0.23270484055529592,0.24207295507567966,0.36307299431539963,0.35940609663204803,0.3660700642481742,0.5043290466343127,0.49981717417227595,0.509267413056474
isotropic_iid_control_N16,isotropic_iid_control,16,16,4000,2,PR_fraction,0.6384721092062896,0.0014436663549691718,0.63564252315055,0.6413016952620292,0.09130547726111451,0.0010232331251321892,0.08929994033585542,0.09331101418637361,0.14300621114776654,0.0017071132315387581,0.13966026921395058,0.1463521530815825,0.4786074353758278,0.47077728742588343,0.4843649027969451,0.6436594397690797,0.6400114860121828,0.6465957178762994,0.7781543735331566,0.7727519964663142,0.7822050570507034
isotropic_COM_N16,isotropic_COM,16,16,4000,2,Cmax,5.857461386393155,0.02024884430528569,5.817773651554795,5.897149121231514,1.2806493598166528,0.013939227346111265,1.2533284742182749,1.3079702454150308,0.2186355616089238,0.0023688342829358507,0.21399264641436955,0.22327847680347807,3.7955428764415644,3.7535010321561617,3.8731111137864005,5.804385667357892,5.762321705120759,5.849943326935233,8.07118538231821,7.980763538578889,8.189557934912832
isotropic_COM_N16,isotropic_COM,16,16,4000,2,chi,1.0,2.3892138240187877e-18,1.0,1.0,1.5110715002120155e-16,0.0,1.5110715002120155e-16,1.5110715002120155e-16,1.5110715002120155e-16,3.5959740815045644e-34,1.5110715002120155e-16,1.5110715002120155e-16,0.9999999999999998,0.9999999999999998,0.9999999999999998,1.0,1.0,1.0,1.0000000000000002,1.0000000000000002,1.0000000000000002
isotropic_COM_N16,isotropic_COM,16,16,4000,2,n_inf,5.857461386393155,0.02024884430528569,5.817773651554795,5.897149121231514,1.2806493598166528,0.013939227346111265,1.2533284742182749,1.3079702454150308,0.2186355616089238,0.0023688342829358507,0.21399264641436955,0.22327847680347807,3.7955428764415653,3.753501032156161,3.8731111137864005,5.8043856673578915,5.762321705120759,5.849943326935235,8.071185382318209,7.9807635385788895,8.18955793491283
isotropic_COM_N16,isotropic_COM,16,16,4000,2,PR,10.229721580727134,0.022756729093081424,10.185118391704695,10.274324769749573,1.4392619205911041,0.016102759430786602,1.4077005121067625,1.4708233290754458,0.140694143944512,0.0016703185311712182,0.13742031962341641,0.14396796826560757,7.724288112145217,7.590609000715035,7.835559351632326,10.30581240687497,10.23627308348822,10.364494530096117,12.438147206557076,12.368980361781999,12.532914194130182
isotropic_COM_N16,isotropic_COM,16,16,4000,2,inverse_PR,0.0999191743894263,0.00024975835654562564,0.09942964801059687,0.10040870076825573,0.015796105426892016,0.0002912414659634374,0.015225272153603678,0.016366938700180352,0.15808883053144604,0.0026985722171595197,0.15279962898581337,0.1633780320770787,0.08039782651007013,0.0797899023730931,0.08084740785019162,0.09703262221349411,0.09648323872391742,0.09769180558626026,0.1294617685903551,0.12762330742752617,0.13174173507103318
isotropic_COM_N16,isotropic_COM,16,16,4000,2,Q_gaussian,45.03817637019974,0.14810311210645052,44.7478942704711,45.328458469928385,9.366863256312831,0.11230740603749013,9.14674074047935,9.586985772146312,0.20797607743528823,0.002396460163013386,0.203279015515782,0.21267313935479445,30.729247396588267,30.313730225191335,31.286242145939312,44.43902000091057,44.08595425697269,44.71664867504063,61.684171624146884,60.93104635698002,62.16281005579973
isotropic_COM_N16,isotropic_COM,16,16,4000,2,R_gaussian,45.03817637019976,0.14810311210645052,44.747894270471114,45.3284584699284,9.366863256312831,0.11230740603749007,9.14674074047935,9.586985772146312,0.20797607743528818,0.0023964601630133853,0.20327901551578195,0.2126731393547944,30.72924739658827,30.313730225191332,31.286242145939315,44.43902000091056,44.08595425697269,44.71664867504063,61.6841716241469,60.931046356980005,62.162810055799724
isotropic_COM_N16,isotropic_COM,16,16,4000,2,max_r2_gaussian,8.09193440469354,0.04114804892024649,8.011284228809856,8.172584580577222,2.6024311172002217,0.04363072877774295,2.5169148887958457,2.6879473456045977,0.3216080342533105,0.0047104929633124525,0.3123754680452181,0.33084060046140296,4.647283305114294,4.547274571385962,4.771976257097795,7.660702575112223,7.5745055175825,7.779080980334749,12.951668253999191,12.689512040470444,13.280691928981419
isotropic_COM_N16,isotropic_COM,16,16,4000,2,Cmax_peratom,0.36609133664957216,0.0012655527690803557,0.3636108532221747,0.36857182007696965,0.0800405849885408,0.000871201709131954,0.07833302963864218,0.08174814033843943,0.2186355616089238,0.0023688342829358507,0.21399264641436955,0.22327847680347807,0.23722142977759778,0.2345938145097601,0.24206944461165003,0.3627741042098683,0.36014510657004745,0.3656214579334521,0.5044490863948882,0.49879772116118054,0.511847370932052
isotropic_COM_N16,isotropic_COM,16,16,4000,2,Crms,16.0,3.8227421184300604e-17,16.0,16.0,2.4177144003392248e-15,0.0,2.4177144003392248e-15,2.4177144003392248e-15,1.5110715002120155e-16,3.5959740815045644e-34,1.5110715002120155e-16,1.5110715002120155e-16,15.999999999999996,15.999999999999996,15.999999999999996,16.0,16.0,16.0,16.000000000000004,16.000000000000004,16.000000000000004
isotropic_COM_N16,isotropic_COM,16,16,4000,2,Crms_peratom,1.0,2.3892138240187877e-18,1.0,1.0,1.5110715002120155e-16,0.0,1.5110715002120155e-16,1.5110715002120155e-16,1.5110715002120155e-16,3.5959740815045644e-34,1.5110715002120155e-16,1.5110715002120155e-16,0.9999999999999998,0.9999999999999998,0.9999999999999998,1.0,1.0,1.0,1.0000000000000002,1.0000000000000002,1.0000000000000002
isotropic_COM_N16,isotropic_COM,16,16,4000,2,max_to_rms,0.36609133664957216,0.0012655527690803557,0.3636108532221747,0.36857182007696965,0.0800405849885408,0.000871201709131954,0.07833302963864218,0.08174814033843943,0.2186355616089238,0.0023688342829358507,0.21399264641436955,0.22327847680347807,0.23722142977759783,0.23459381450976005,0.24206944461165003,0.3627741042098682,0.36014510657004745,0.3656214579334522,0.5044490863948881,0.4987977211611806,0.5118473709320519
isotropic_COM_N16,isotropic_COM,16,16,4000,2,PR_fraction,0.6393575987954458,0.001422295568317589,0.6365698994815434,0.6421452981093483,0.08995387003694401,0.0010064224644241626,0.08798128200667266,0.09192645806721536,0.140694143944512,0.0016703185311712182,0.13742031962341641,0.14396796826560757,0.48276800700907607,0.4744130625446897,0.48972245947702037,0.6441132754296857,0.6397670677180137,0.6477809081310073,0.7773842004098173,0.7730612726113749,0.7833071371331364
isotropic_iid_control_N27,isotropic_iid_control,27,27,4000,6,Cmax,8.652497708337394,0.02883572123958523,8.595979694707808,8.709015721966981,1.8237311418156643,0.020048320809713895,1.784436433028625,1.8630258506027035,0.21077510833182297,0.0023160444117360734,0.20623566128482027,0.21531455537882568,5.70712128443265,5.587081274540379,5.83815343259989,8.58685243711953,8.515826720686492,8.661746633217142,11.719753267288292,11.607960879304507,11.84459829781655
isotropic_iid_control_N27,isotropic_iid_control,27,27,4000,6,chi,1.0,3.0561436068685524e-18,1.0,1.0,1.9328749308533675e-16,0.0,1.9328749308533675e-16,1.9328749308533675e-16,1.9328749308533675e-16,5.891214792225748e-34,1.9328749308533675e-16,1.9328749308533675e-16,0.9999999999999997,0.9999999999999997,0.9999999999999997,1.0,1.0,1.0,1.0000000000000002,1.0000000000000002,1.0000000000000002
isotropic_iid_control_N27,isotropic_iid_control,27,27,4000,6,n_inf,8.652497708337394,0.02883572123958523,8.595979694707808,8.709015721966981,1.8237311418156643,0.020048320809713895,1.784436433028625,1.8630258506027035,0.21077510833182297,0.0023160444117360734,0.20623566128482027,0.21531455537882568,5.707121284432651,5.587081274540378,5.838153432599891,8.586852437119532,8.515826720686492,8.66174663321714,11.719753267288294,11.607960879304507,11.844598297816548
isotropic_iid_control_N27,isotropic_iid_control,27,27,4000,6,PR,16.815586966463016,0.031441996337552146,16.753960653641414,16.877213279284618,1.988566452186743,0.02410503870986205,1.9413205763154133,2.0358123280580727,0.11825733209032413,0.0015057512172397685,0.11530605970453418,0.12120860447611408,13.419138616719541,13.231537619998889,13.554758384216337,16.95402225153448,16.858932241292695,17.03983509005521,19.79242040337479,19.673777137747766,19.894330281779524
isotropic_iid_control_N27,isotropic_iid_control,27,27,4000,6,inverse_PR,0.06039016083478566,0.00012629651677027135,0.06014261966191593,0.06063770200765539,0.007987693070794203,0.00019922090271119695,0.0075972201014802565,0.008378166040108149,0.13226812050802103,0.0031619548233178217,0.1260706890543181,0.13846555196172397,0.05052439165708818,0.0502655774703742,0.05082908040476456,0.058983053703376274,0.05868601396169733,0.05931573753827026,0.07452044147200682,0.07377483033297275,0.07557700614390755
isotropic_iid_control_N27,isotropic_iid_control,27,27,4000,6,Q_gaussian,81.27730465242225,0.20313520147338765,80.8791596575344,81.67544964731009,12.847398192261933,0.14971098814005998,12.553964655507414,13.140831729016451,0.1580687037691899,0.001803973771156514,0.15453291517772313,0.1616044923606567,61.11781841721248,60.58197740776722,61.860466195306685,80.44536327569598,79.90714773339599,80.94073059965993,103.607122193337,102.94887730990231,104.52615435790057
isotropic_iid_control_N27,isotropic_iid_control,27,27,4000,6,R_gaussian,81.27730465242226,0.20313520147338765,80.87915965753442,81.6754496473101,12.847398192261933,0.14971098814005993,12.553964655507416,13.14083172901645,0.15806870376918988,0.0018039737711565138,0.1545329151777231,0.16160449236065666,61.117818417212476,60.58197740776721,61.860466195306685,80.44536327569597,79.90714773339597,80.94073059965991,103.60712219333699,102.9488773099023,104.52615435790061
isotropic_iid_control_N27,isotropic_iid_control,27,27,4000,6,max_r2_gaussian,9.853497459381332,0.04436907859135982,9.766534065342267,9.940460853420397,2.8061469206342453,0.047365212174906496,2.7133111047714285,2.898982736497062,0.2847868923904339,0.004250662919126581,0.27645559306894585,0.293118191711922,6.237870550716065,6.099914702579267,6.319122632341299,9.39526698555637,9.30477712945057,9.468229024345462,15.021704733040817,14.733071875006235,15.466145653083059
isotropic_iid_control_N27,isotropic_iid_control,27,27,4000,6,Cmax_peratom,0.3204628780865702,0.0010679896755401938,0.3183696183225114,0.322556137850629,0.0675455978450246,0.0007425304003597738,0.06609023826031944,0.06900095742972977,0.21077510833182295,0.0023160444117360734,0.20623566128482024,0.21531455537882566,0.21137486238639444,0.20692893609408813,0.21622790491110705,0.3180315717451678,0.31540098965505525,0.32080543085989416,0.43406493582549227,0.429924477011278,0.4386888258450574
isotropic_iid_control_N27,isotropic_iid_control,27,27,4000,6,Crms,27.0,9.170486341159273e-17,27.0,27.0,5.7999248179054454e-15,0.0,5.7999248179054454e-15,5.7999248179054454e-15,2.1481203029279427e-16,7.2813588365211344e-34,2.1481203029279427e-16,2.1481203029279427e-16,26.99999999999999,26.99999999999999,26.99999999999999,27.0,27.0,27.0,27.000000000000007,27.000000000000007,27.000000000000007
isotropic_iid_control_N27,isotropic_iid_control,27,27,4000,6,Crms_peratom,1.0,3.0561436068685524e-18,1.0,1.0,1.9328749308533675e-16,0.0,1.9328749308533675e-16,1.9328749308533675e-16,1.9328749308533675e-16,5.891214792225748e-34,1.9328749308533675e-16,1.9328749308533675e-16,0.9999999999999997,0.9999999999999997,0.9999999999999997,1.0,1.0,1.0,1.0000000000000002,1.0000000000000002,1.0000000000000002
isotropic_iid_control_N27,isotropic_iid_control,27,27,4000,6,max_to_rms,0.3204628780865702,0.0010679896755401935,0.3183696183225114,0.322556137850629,0.06754559784502459,0.000742530400359774,0.06609023826031943,0.06900095742972975,0.2107751083318229,0.002316044411736074,0.20623566128482018,0.2153145553788256,0.21137486238639447,0.20692893609408808,0.21622790491110708,0.31803157174516783,0.31540098965505525,0.32080543085989405,0.4340649358254924,0.429924477011278,0.4386888258450573
isotropic_iid_control_N27,isotropic_iid_control,27,27,4000,6,PR_fraction,0.6227995172764081,0.0011645183828723018,0.6205170612459784,0.6250819733068379,0.07365060934024975,0.0008927792114763724,0.07190076208575606,0.07540045659474344,0.11825733209032412,0.0015057512172397694,0.11530605970453417,0.12120860447611406,0.49700513395257556,0.49005694888884777,0.5020280883043088,0.6279267500568325,0.6244048978256553,0.6311050033353781,0.7330526075323998,0.7286584125091765,0.7368270474733157
isotropic_COM_N27,isotropic_COM,27,27,4000,6,Cmax,8.670773300709541,0.02871961656167761,8.614482852248653,8.72706374917043,1.8163880372318981,0.01932641278373977,1.7785082681757682,1.854267806288028,0.20948397267902974,0.0022420226930512793,0.20508960820064923,0.21387833715741025,5.772077871714146,5.658006769922642,5.867839018636379,8.630884290385097,8.546758864142765,8.711408582994586,11.770767735408189,11.636327852448467,11.92784929756541
isotropic_COM_N27,isotropic_COM,27,27,4000,6,chi,1.0,3.1564854700285587e-18,1.0,1.0,1.9963366973034795e-16,0.0,1.9963366973034795e-16,1.9963366973034795e-16,1.9963366973034795e-16,6.286883669041871e-34,1.9963366973034795e-16,1.9963366973034795e-16,0.9999999999999997,0.9999999999999997,0.9999999999999997,1.0,1.0,1.0,1.0000000000000002,1.0000000000000002,1.0000000000000002
isotropic_COM_N27,isotropic_COM,27,27,4000,6,n_inf,8.670773300709541,0.02871961656167761,8.614482852248653,8.72706374917043,1.8163880372318981,0.019326412783739772,1.7785082681757682,1.854267806288028,0.20948397267902974,0.0022420226930512793,0.20508960820064923,0.21387833715741025,5.772077871714147,5.6580067699226415,5.867839018636377,8.630884290385097,8.546758864142765,8.711408582994586,11.770767735408189,11.63632785244847,11.927849297565407
isotropic_COM_N27,isotropic_COM,27,27,4000,6,PR,16.83016472990851,0.03123272122313249,16.76894859631117,16.89138086350585,1.9753307318035738,0.02345408229339171,1.929360730508526,2.0213007330986215,0.11736847282862642,0.001462033680361092,0.11450288681511868,0.12023405884213416,13.450992149510585,13.274772064377116,13.558605463521394,16.947845118986415,16.86901063632175,17.030196544876922,19.848869589456417,19.745598019967122,19.968579783460918
isotropic_COM_N27,isotropic_COM,27,27,4000,6,inverse_PR,0.06031783779617918,0.0001241259646788896,0.06007455090540855,0.060561124686949803,0.007850415303018039,0.00018227783652797038,0.007493150743423217,0.00820767986261286,0.1301508076192234,0.0028914708257509886,0.12448352480075146,0.13581809043769533,0.050380702840378704,0.050078674139272306,0.05064419922803964,0.05900455194372824,0.05871922836385721,0.059280299334617516,0.07434395879629416,0.07375389767704646,0.0753308603078393
isotropic_COM_N27,isotropic_COM,27,27,4000,6,Q_gaussian,78.25574418350246,0.19833319705587524,77.86701111727294,78.64447724973198,12.543692766391345,0.14524688728945076,12.259008867304022,12.828376665478668,0.16029101629878503,0.0018170661002003513,0.15672956674239236,0.1638524658551777,58.64686361763233,58.0943737380052,59.20126830204564,77.53980543319275,77.06464600677438,77.97420540249541,99.72261220347197,99.08459041848971,100.8565646611533
isotropic_COM_N27,isotropic_COM,27,27,4000,6,R_gaussian,78.25574418350246,0.19833319705587524,77.86701111727294,78.64447724973198,12.543692766391345,0.14524688728945073,12.259008867304022,12.828376665478668,0.16029101629878503,0.0018170661002003508,0.15672956674239236,0.1638524658551777,58.64686361763233,58.09437373800521,59.201268302045655,77.53980543319277,77.06464600677438,77.9742054024954,99.72261220347195,99.08459041848971,100.8565646611533
isotropic_COM_N27,isotropic_COM,27,27,4000,6,max_r2_gaussian,9.465666283412952,0.042737005041789844,9.381901753531045,9.54943081329486,2.702925526123108,0.043653343455104125,2.617364972951104,2.7884860792951125,0.2855504773984635,0.004067918847033047,0.27757735645827875,0.2935235983386483,5.910431103671166,5.825046052101891,6.05266369582341,9.02219021112917,8.91963772748872,9.102370552966613,14.659633341645076,14.344838120540146,14.957173836992654
isotropic_COM_N27,isotropic_COM,27,27,4000,6,Cmax_peratom,0.32113975187813115,0.0010636895022843559,0.3190549204536538,0.3232245833026085,0.06727363100858881,0.0007157930660644361,0.06587067659910252,0.0686765854180751,0.2094839726790297,0.0022420226930512798,0.2050896082006492,0.21387833715741023,0.21378066191533873,0.2095558062934312,0.21732737106060662,0.319662381125374,0.3165466245978802,0.32264476233313283,0.43595436057067366,0.43097510564623953,0.44177219620612634
isotropic_COM_N27,isotropic_COM,27,27,4000,6,Crms,27.0,9.422151276650469e-17,27.0,27.0,5.95909169857575e-15,0.0,5.95909169857575e-15,5.95909169857575e-15,2.2070709994725e-16,7.688211959469098e-34,2.2070709994725e-16,2.2070709994725e-16,26.99999999999999,26.99999999999999,26.99999999999999,27.0,27.0,27.0,27.000000000000007,27.000000000000007,27.000000000000007
isotropic_COM_N27,isotropic_COM,27,27,4000,6,Crms_peratom,1.0,3.1564854700285587e-18,1.0,1.0,1.9963366973034795e-16,0.0,1.9963366973034795e-16,1.9963366973034795e-16,1.9963366973034795e-16,6.286883669041871e-34,1.9963366973034795e-16,1.9963366973034795e-16,0.9999999999999997,0.9999999999999997,0.9999999999999997,1.0,1.0,1.0,1.0000000000000002,1.0000000000000002,1.0000000000000002
isotropic_COM_N27,isotropic_COM,27,27,4000,6,max_to_rms,0.32113975187813115,0.001063689502284356,0.3190549204536538,0.3232245833026085,0.06727363100858882,0.0007157930660644359,0.06587067659910253,0.06867658541807511,0.20948397267902977,0.0022420226930512793,0.20508960820064925,0.21387833715741028,0.2137806619153388,0.20955580629343118,0.21732737106060654,0.319662381125374,0.3165466245978802,0.32264476233313283,0.43595436057067366,0.43097510564623964,0.4417721962061262
isotropic_COM_N27,isotropic_COM,27,27,4000,6,PR_fraction,0.6233394344410558,0.0011567674527086108,0.621072170233747,0.6256066986483646,0.07316039747420644,0.0008686697145700626,0.07145780483364912,0.07486299011476376,0.11736847282862646,0.0014620336803610906,0.11450288681511872,0.1202340588421342,0.49818489442631797,0.49165822460655983,0.5021705727230146,0.6276979673698672,0.6247781717156203,0.6307480201806267,0.7351433181280154,0.7313184451839675,0.739577029017071
isotropic_iid_control_N64,isotropic_iid_control,64,64,4000,10,Cmax,17.249356529453035,0.05262218479896659,17.14621704724706,17.35249601165901,3.3281191883804824,0.03525814349464571,3.2590132271309766,3.397225149629988,0.1929416429359417,0.002105309881278228,0.18881523556863639,0.19706805030324703,11.831939013176783,11.627865986427704,12.006995409768804,17.274014793715764,17.147670748951,17.397125339937418,22.84373917285198,22.627640672348686,23.083371863168384
isotropic_iid_control_N64,isotropic_iid_control,64,64,4000,10,chi,1.0,3.408263726600767e-18,1.0,1.0,2.1555752485183669e-16,0.0,2.1555752485183669e-16,2.1555752485183669e-16,2.1555752485183669e-16,7.344158169566291e-34,2.1555752485183669e-16,2.1555752485183669e-16,0.9999999999999997,0.9999999999999997,0.9999999999999997,1.0,1.0,1.0,1.0000000000000002,1.0000000000000002,1.0000000000000004
isotropic_iid_control_N64,isotropic_iid_control,64,64,4000,10,n_inf,17.249356529453035,0.05262218479896658,17.14621704724706,17.35249601165901,3.328119188380482,0.03525814349464572,3.259013227130976,3.3972251496299877,0.1929416429359417,0.0021053098812782284,0.18881523556863639,0.19706805030324703,11.831939013176783,11.627865986427707,12.006995409768802,17.274014793715768,17.147670748950993,17.397125339937418,22.84373917285198,22.62764067234869,23.083371863168388
isotropic_iid_control_N64,isotropic_iid_control,64,64,4000,10,PR,39.11869292511437,0.052527524490031785,39.015738977113905,39.22164687311483,3.322132344775499,0.038245683781978144,3.247170804562822,3.3970938849881764,0.08492442094461382,0.0010058977259691769,0.08295286140171423,0.0868959804875134,33.46262858968797,33.1481312346903,33.747542933366475,39.26904443635436,39.13934758371244,39.39266588565545,44.207528596958824,44.09754109884955,44.39367285776419
isotropic_iid_control_N64,isotropic_iid_control,64,64,4000,10,inverse_PR,0.0257566030218187,3.632387970778846e-05,0.025685408217591434,0.025827797826045964,0.002297323866611659,3.3956759510497245e-05,0.0022307686179710846,0.0023638791152522337,0.08919358910278545,0.0012640363751789147,0.08671607780743477,0.09167110039813613,0.022620581459573373,0.022525732511566813,0.022677001371990076,0.025465351045209157,0.02538543603275509,0.025549736051710344,0.02988408389562606,0.029631786882217483,0.030167613158037593
isotropic_iid_control_N64,isotropic_iid_control,64,64,4000,10,Q_gaussian,191.9244521850926,0.30960363382757716,191.31762906279056,192.53127530739465,19.58105309519797,0.22500777421130938,19.140037857743803,20.022068332652136,0.10202479607087238,0.0011579827183162156,0.09975514994297259,0.10429444219877217,160.54516261856452,159.59057122402317,162.20401011117167,191.15020946613797,190.34446038669648,191.89196118741003,225.08765615611296,223.73795117227496,226.48033799441467
isotropic_iid_control_N64,isotropic_iid_control,64,64,4000,10,R_gaussian,191.9244521850926,0.30960363382757716,191.31762906279056,192.53127530739465,19.58105309519797,0.22500777421130938,19.140037857743803,20.022068332652136,0.10202479607087238,0.0011579827183162156,0.09975514994297259,0.10429444219877217,160.54516261856455,159.59057122402317,162.2040101111717,191.150209466138,190.34446038669648,191.89196118741,225.08765615611298,223.73795117227496,226.48033799441464
isotropic_iid_control_N64,isotropic_iid_control,64,64,4000,10,max_r2_gaussian,11.592021153437429,0.044094625218851075,11.50559568800848,11.678446618866378,2.7887889652613995,0.04365873675720246,2.703217841217283,2.874360089305516,0.24057831920315542,0.0033418002823898127,0.2340283906496714,0.24712824775663944,7.938265371319976,7.850074301536722,8.02940483568022,11.085414637601112,11.009370627193029,11.206567785156508,16.817670745429307,16.52085734391813,17.183006002366845
isotropic_iid_control_N64,isotropic_iid_control,64,64,4000,10,Cmax_peratom,0.26952119577270367,0.000822221637483853,0.2679096413632353,0.27113275018217203,0.05200186231844504,0.0005509084921038393,0.05092208167392151,0.053081642962968564,0.1929416429359417,0.002105309881278228,0.18881523556863639,0.19706805030324703,0.18487404708088723,0.18168540603793287,0.18760930327763756,0.2699064811518088,0.2679323554523594,0.27183008343652215,0.3569334245758122,0.3535568855054482,0.360677685362006
isotropic_iid_control_N64,isotropic_iid_control,64,64,4000,10,Crms,64.0,2.181288785024491e-16,64.0,64.0,1.3795681590517548e-14,0.0,1.3795681590517548e-14,1.3795681590517548e-14,2.1555752485183669e-16,7.344158169566291e-34,2.1555752485183669e-16,2.1555752485183669e-16,63.99999999999998,63.99999999999998,63.99999999999998,64.0,64.0,64.0,64.00000000000001,64.00000000000001,64.00000000000003
isotropic_iid_control_N64,isotropic_iid_control,64,64,4000,10,Crms_peratom,1.0,3.408263726600767e-18,1.0,1.0,2.1555752485183669e-16,0.0,2.1555752485183669e-16,2.1555752485183669e-16,2.1555752485183669e-16,7.344158169566291e-34,2.1555752485183669e-16,2.1555752485183669e-16,0.9999999999999997,0.9999999999999997,0.9999999999999997,1.0,1.0,1.0,1.0000000000000002,1.0000000000000002,1.0000000000000004
isotropic_iid_control_N64,isotropic_iid_control,64,64,4000,10,max_to_rms,0.26952119577270367,0.0008222216374838529,0.2679096413632353,0.27113275018217203,0.05200186231844503,0.0005509084921038394,0.0509220816739215,0.05308164296296856,0.1929416429359417,0.0021053098812782284,0.18881523556863639,0.19706805030324703,0.18487404708088723,0.18168540603793293,0.18760930327763753,0.2699064811518089,0.26793235545235927,0.27183008343652215,0.3569334245758122,0.3535568855054483,0.36067768536200606
isotropic_iid_control_N64,isotropic_iid_control,64,64,4000,10,PR_fraction,0.611229576954912,0.0008207425701567466,0.6096209215174048,0.6128382323924192,0.051908317887117174,0.0005975888090934085,0.05073704382129409,0.05307959195294026,0.08492442094461382,0.0010058977259691769,0.08295286140171423,0.0868959804875134,0.5228535717138745,0.5179395505420359,0.5273053583338512,0.6135788193180369,0.6115523059955069,0.6155104044633664,0.6907426343274816,0.6890240796695242,0.6936511384025654
isotropic_COM_N64,isotropic_COM,64,64,4000,10,Cmax,17.2509330512635,0.05288930672807687,17.147270010076472,17.35459609245053,3.3450134625598125,0.035472276834011766,3.2754877999651493,3.4145391251544757,0.1939033356989821,0.0021045660768514913,0.1897783861883532,0.19802828520961102,11.841582149187177,11.626857467738306,11.99095972015388,17.18854733911141,17.04242007211824,17.309947687373057,22.942358202364808,22.664466201197573,23.12732907728391
isotropic_COM_N64,isotropic_COM,64,64,4000,10,chi,1.0,3.4996219871508305e-18,1.0,1.0,2.2133552858002286e-16,0.0,2.2133552858002286e-16,2.2133552858002286e-16,2.2133552858002286e-16,7.743011192391369e-34,2.2133552858002286e-16,2.2133552858002286e-16,0.9999999999999997,0.9999999999999997,0.9999999999999997,1.0,1.0,1.0,1.0000000000000002,1.0000000000000002,1.0000000000000004
isotropic_COM_N64,isotropic_COM,64,64,4000,10,n_inf,17.2509330512635,0.05288930672807687,17.147270010076472,17.35459609245053,3.3450134625598125,0.035472276834011766,3.2754877999651493,3.4145391251544757,0.1939033356989821,0.0021045660768514913,0.1897783861883532,0.19802828520961102,11.841582149187179,11.62685746773831,11.99095972015388,17.18854733911141,17.042420072118244,17.30994768737305,22.942358202364808,22.664466201197577,23.12732907728391
isotropic_COM_N64,isotropic_COM,64,64,4000,10,PR,39.106683124653706,0.052782153815884095,39.00323010317457,39.21013614613284,3.338236517350829,0.038514128888456546,3.2627488247294543,3.413724209972204,0.08536230256884998,0.0010121173428365086,0.08337855257689042,0.08734605256080955,33.483617876355346,33.20007752947083,33.72146087907339,39.26211913006512,39.10524853481699,39.41253960041286,44.23110904100183,44.09965851647823,44.43813896104708
isotropic_COM_N64,isotropic_COM,64,64,4000,10,inverse_PR,0.025766347748137085,3.649998820951909e-05,0.025694807771246428,0.025837887725027743,0.0023084619462274292,3.462518431506793e-05,0.002240596584969896,0.0023763273074849625,0.0895921288027455,0.001289959061639193,0.08706380904193269,0.09212044856355832,0.022608521958531653,0.022503192603915412,0.022675912549897436,0.025469842777506392,0.025372635464209585,0.02557201494601574,0.029865350984076163,0.029654705755069243,0.030120411589771936
isotropic_COM_N64,isotropic_COM,64,64,4000,10,Q_gaussian,188.85274626867846,0.3069998988146148,188.25102646700182,189.4544660703551,19.416378433908186,0.2235467905361814,18.97822672445727,19.854530143359103,0.1028122641451279,0.0011696025833837762,0.10051984308169569,0.1051046852085601,158.15931446266515,156.55109195167546,159.4560688242825,187.97020438389242,187.31935171758204,188.60969045907075,221.9769440189433,220.64754113408384,223.31804112647535
isotropic_COM_N64,isotropic_COM,64,64,4000,10,R_gaussian,188.85274626867846,0.30699989881461487,188.25102646700182,189.4544660703551,19.41637843390819,0.2235467905361814,18.978226724457272,19.854530143359106,0.10281226414512791,0.0011696025833837762,0.1005198430816957,0.10510468520856012,158.15931446266512,156.5510919516754,159.4560688242825,187.97020438389242,187.31935171758204,188.60969045907072,221.9769440189433,220.64754113408384,223.31804112647535
isotropic_COM_N64,isotropic_COM,64,64,4000,10,max_r2_gaussian,11.404208556666342,0.04317794413040888,11.31957978617074,11.488837327161944,2.730812962711808,0.042899183070918966,2.6467305638928065,2.814895361530809,0.23945659614542109,0.003352969267585097,0.23288477638095428,0.2460284159098879,7.792893292422887,7.673802979310764,7.88779295042179,10.940299865424832,10.845912951670787,11.054539072668499,16.555284748177062,16.336425370208467,16.897655385940425
isotropic_COM_N64,isotropic_COM,64,64,4000,10,Cmax_peratom,0.2695458289259922,0.000826395417626201,0.2679260939074449,0.27116556394453956,0.05226583535249707,0.0005542543255314338,0.05117949687445546,0.05335217383053868,0.1939033356989821,0.0021045660768514913,0.1897783861883532,0.19802828520961102,0.18502472108104964,0.18166964793341103,0.18735874562740437,0.26857105217361577,0.2662878136268475,0.270467932615204,0.3584743469119501,0.3541322843937121,0.3613645168325611
isotropic_COM_N64,isotropic_COM,64,64,4000,10,Crms,64.0,2.2397580717765315e-16,64.0,64.0,1.4165473829121463e-14,0.0,1.4165473829121463e-14,1.4165473829121463e-14,2.2133552858002286e-16,7.743011192391369e-34,2.2133552858002286e-16,2.2133552858002286e-16,63.99999999999998,63.99999999999998,63.99999999999998,64.0,64.0,64.0,64.00000000000001,64.00000000000001,64.00000000000003
isotropic_COM_N64,isotropic_COM,64,64,4000,10,Crms_peratom,1.0,3.4996219871508305e-18,1.0,1.0,2.2133552858002286e-16,0.0,2.2133552858002286e-16,2.2133552858002286e-16,2.2133552858002286e-16,7.743011192391369e-34,2.2133552858002286e-16,2.2133552858002286e-16,0.9999999999999997,0.9999999999999997,0.9999999999999997,1.0,1.0,1.0,1.0000000000000002,1.0000000000000002,1.0000000000000004
isotropic_COM_N64,isotropic_COM,64,64,4000,10,max_to_rms,0.2695458289259922,0.000826395417626201,0.2679260939074449,0.27116556394453956,0.05226583535249707,0.0005542543255314338,0.05117949687445546,0.05335217383053868,0.1939033356989821,0.0021045660768514913,0.1897783861883532,0.19802828520961102,0.18502472108104967,0.1816696479334111,0.18735874562740437,0.26857105217361577,0.26628781362684756,0.2704679326152039,0.3584743469119501,0.35413228439371214,0.3613645168325611
isotropic_COM_N64,isotropic_COM,64,64,4000,10,PR_fraction,0.6110419238227142,0.000824721153373189,0.6094254703621027,0.6126583772833256,0.052159945583606704,0.0006017832638821335,0.05098045038639772,0.053339440780815685,0.08536230256884998,0.0010121173428365086,0.08337855257689042,0.08734605256080955,0.5231815293180523,0.5187512113979817,0.5268978262355217,0.6134706114072676,0.6110195083565154,0.615820931256451,0.6911110787656536,0.6890571643199723,0.6943459212663606
isotropic_iid_control_N216,isotropic_iid_control,216,216,4000,5,Cmax,46.696224268942096,0.12489340041405655,46.451433204130545,46.94101533375365,7.898952200636705,0.08319793119758763,7.735884255489434,8.062020145783977,0.16915612181283657,0.0018354382478123939,0.16555866284712428,0.17275358077854885,33.57767576979377,33.078686558974944,34.15489359370483,46.81494021990706,46.431449602356174,47.08538181803099,59.48936387344116,59.03346469031843,60.04738393963588
isotropic_iid_control_N216,isotropic_iid_control,216,216,4000,5,chi,1.0,6.113484743660802e-18,1.0,1.0,3.866507246131753e-16,0.0,3.866507246131753e-16,3.866507246131753e-16,3.866507246131753e-16,2.3637749662931434e-33,3.866507246131753e-16,3.866507246131753e-16,0.9999999999999993,0.9999999999999993,0.9999999999999993,1.0,1.0,1.0,1.0000000000000007,1.0000000000000007,1.0000000000000007
isotropic_iid_control_N216,isotropic_iid_control,216,216,4000,5,n_inf,46.696224268942096,0.12489340041405655,46.451433204130545,46.94101533375365,7.898952200636705,0.08319793119758762,7.735884255489434,8.062020145783977,0.16915612181283657,0.0018354382478123939,0.16555866284712428,0.17275358077854885,33.5776757697938,33.07868655897493,34.15489359370484,46.81494021990706,46.43144960235614,47.08538181803098,59.48936387344116,59.033464690318446,60.04738393963588
isotropic_iid_control_N216,isotropic_iid_control,216,216,4000,5,PR,130.08734200435606,0.10152237738740545,129.88835814467674,130.28632586403538,6.420838920387514,0.0734588803645118,6.27685951487307,6.564818325901957,0.04935790693742138,0.0005715845828031975,0.04823760115512711,0.05047821271971564,119.15168325867081,118.46043160657969,119.50463616648311,130.41047529636575,130.1907727843055,130.65695967952718,140.31109159514529,139.9579294221047,140.6518873888261
isotropic_iid_control_N216,isotropic_iid_control,216,216,4000,5,inverse_PR,0.007706209073623063,6.12547148191845e-06,0.007694203149518503,0.007718214997727623,0.0003874088325053842,4.921189485643136e-06,0.00037776330111352364,0.00039705436389724473,0.05027229715729014,0.0006264846160486016,0.04904438730983488,0.0515002070047454,0.007127020313445344,0.00710975173220067,0.0071450042461264195,0.007668095663052415,0.007653629798617543,0.007681035903034059,0.008392663664932248,0.00836787619358039,0.00844163731667897
isotropic_iid_control_N216,isotropic_iid_control,216,216,4000,5,Q_gaussian,646.8149484390058,0.5668473719591893,645.7039275899658,647.9259692880457,35.850575621434004,0.3974649781756207,35.071544264209784,36.629606978658224,0.0554263251150181,0.0006126869938534764,0.054225458607065284,0.05662719162297091,587.6364240545508,585.264823204463,590.4360885455606,645.9943318405697,644.6875254933682,647.4281277219002,706.743075787473,704.3299948915154,709.727337902567
isotropic_iid_control_N216,isotropic_iid_control,216,216,4000,5,R_gaussian,646.8149484390058,0.5668473719591893,645.7039275899658,647.9259692880457,35.850575621434004,0.39746497817562065,35.071544264209784,36.629606978658224,0.0554263251150181,0.0006126869938534763,0.054225458607065284,0.05662719162297091,587.6364240545511,585.264823204463,590.4360885455606,645.9943318405697,644.6875254933683,647.4281277219004,706.7430757874728,704.3299948915155,709.7273379025671
isotropic_iid_control_N216,isotropic_iid_control,216,216,4000,5,max_r2_gaussian,14.282384530343773,0.043394357763288455,14.197331589127728,14.367437471559818,2.744500162644027,0.04015611152327661,2.665794184058405,2.823206141229649,0.19215980054403198,0.0025492230290241223,0.1871633234071447,0.19715627768091926,10.65514448693067,10.538756098767637,10.72370546389453,13.813117427440051,13.733383492978279,13.916610816885205,19.5151178823181,19.120229452260666,19.767033555000918
isotropic_iid_control_N216,isotropic_iid_control,216,216,4000,5,Cmax_peratom,0.21618622346732452,0.0005782101871021137,0.2150529315006044,0.21731951543404465,0.036569223151095856,0.00038517560739623907,0.03581427896059923,0.03732416734159248,0.16915612181283657,0.001835438247812394,0.16555866284712428,0.17275358077854885,0.15545220263793413,0.15314206740266179,0.15812450737826309,0.21673583435142157,0.21496041482572303,0.2179878787871805,0.2754137216363017,0.27330307726999276,0.2779971478686846
isotropic_iid_control_N216,isotropic_iid_control,216,216,4000,5,Crms,216.0,1.3356093030816867e-15,216.0,216.0,8.447134923696552e-14,0.0,8.447134923696552e-14,8.447134923696552e-14,3.9107106128224776e-16,2.416929515182403e-33,3.9107106128224776e-16,3.9107106128224776e-16,215.99999999999986,215.99999999999986,215.99999999999986,216.0,216.0,216.0,216.00000000000014,216.00000000000014,216.00000000000014
isotropic_iid_control_N216,isotropic_iid_control,216,216,4000,5,Crms_peratom,1.0,6.113484743660802e-18,1.0,1.0,3.866507246131753e-16,0.0,3.866507246131753e-16,3.866507246131753e-16,3.866507246131753e-16,2.3637749662931434e-33,3.866507246131753e-16,3.866507246131753e-16,0.9999999999999993,0.9999999999999993,0.9999999999999993,1.0,1.0,1.0,1.0000000000000007,1.0000000000000007,1.0000000000000007
isotropic_iid_control_N216,isotropic_iid_control,216,216,4000,5,max_to_rms,0.21618622346732452,0.0005782101871021137,0.2150529315006044,0.21731951543404465,0.036569223151095856,0.000385175607396239,0.03581427896059923,0.03732416734159248,0.16915612181283657,0.0018354382478123939,0.16555866284712428,0.17275358077854885,0.15545220263793424,0.1531420674026617,0.15812450737826314,0.21673583435142155,0.21496041482572287,0.21798787878718048,0.2754137216363017,0.2733030772699928,0.2779971478686846
isotropic_iid_control_N216,isotropic_iid_control,216,216,4000,5,PR_fraction,0.6022562129831299,0.0004700110064231734,0.6013349914105405,0.6031774345557194,0.029726106112905156,0.000340087409094962,0.02905953479107903,0.030392677434731282,0.04935790693742138,0.0005715845828031976,0.04823760115512711,0.05047821271971564,0.5516281632345872,0.5484279241045356,0.5532622044744588,0.6037522004461376,0.6027350591865995,0.6048933318496629,0.6495883870145616,0.6479533769541885,0.6511661453186394
isotropic_COM_N216,isotropic_COM,216,216,4000,5,Cmax,46.67515824398703,0.1252737942052147,46.42962160734481,46.92069488062925,7.923010416393628,0.08306636445878807,7.760200342054403,8.085820490732852,0.16974790690536795,0.0018316894125333899,0.1661577956568025,0.1733380181539334,33.65738915015791,33.09740197989481,34.05376463452504,46.72732723553182,46.35909640613194,47.022315993280586,59.60088658423205,58.99308648264199,60.18578200064002
isotropic_COM_N216,isotropic_COM,216,216,4000,5,chi,1.0,6.03757648913358e-18,1.0,1.0,3.818498650628991e-16,0.0,3.818498650628991e-16,3.818498650628991e-16,3.818498650628991e-16,2.304869798147221e-33,3.818498650628991e-16,3.818498650628991e-16,0.9999999999999994,0.9999999999999993,0.9999999999999994,1.0,1.0,1.0,1.0000000000000007,1.0000000000000007,1.0000000000000007
isotropic_COM_N216,isotropic_COM,216,216,4000,5,n_inf,46.67515824398703,0.1252737942052147,46.42962160734481,46.92069488062925,7.923010416393628,0.08306636445878804,7.760200342054403,8.085820490732852,0.16974790690536795,0.0018316894125333897,0.1661577956568025,0.1733380181539334,33.657389150157925,33.097401979894805,34.05376463452504,46.7273272355318,46.35909640613194,47.022315993280586,59.60088658423202,58.993086482642,60.18578200064
isotropic_COM_N216,isotropic_COM,216,216,4000,5,PR,130.06893450743925,0.10160788786583351,129.86978304722223,130.26808596765628,6.426247077900381,0.07384163959395591,6.281517464296227,6.570976691504535,0.04940647128567686,0.0005748013633857837,0.04827986061344072,0.05053308195791299,118.99613269010217,118.57116683052526,119.35977649569385,130.38420057696493,130.13999161703865,130.64891135398096,140.42063676914947,140.02518323848795,140.71969805544737
isotropic_COM_N216,isotropic_COM,216,216,4000,5,inverse_PR,0.007707346248081361,6.135475504319813e-06,0.0076953207160928945,0.007719371780069828,0.00038804154243641734,4.97268998879593e-06,0.0003782950700583773,0.0003977880148144574,0.05034697157053441,0.0006328514557789409,0.049106582717207685,0.05158736042386113,0.007121460370845194,0.007106325651764638,0.007141572514829857,0.0076696409198247035,0.007654101282869429,0.0076840330752647335,0.008403634449535248,0.00837803177384533,0.008433753556877012
isotropic_COM_N216,isotropic_COM,216,216,4000,5,Q_gaussian,643.8181991376562,0.5663423625051008,642.7081681071462,644.9282301681661,35.818636019137244,0.39666855201839135,35.041165657181196,36.59610638109329,0.05563470567795923,0.0006143704845053288,0.054430539528328784,0.056838871827589676,584.9572921090437,582.9986274737951,586.9512640340984,642.9631245867073,641.4176583903725,644.0848779473176,703.5708733390086,701.9472272573614,706.51021691031
isotropic_COM_N216,isotropic_COM,216,216,4000,5,R_gaussian,643.8181991376562,0.5663423625051007,642.7081681071462,644.9282301681661,35.81863601913724,0.39666855201839146,35.04116565718119,36.596106381093286,0.055634705677959216,0.000614370484505329,0.05443053952832877,0.05683887182758966,584.9572921090437,582.9986274737951,586.9512640340982,642.9631245867072,641.4176583903725,644.0848779473176,703.5708733390087,701.9472272573614,706.5102169103095
isotropic_COM_N216,isotropic_COM,216,216,4000,5,max_r2_gaussian,14.224723686639875,0.04330284315773515,14.139850114050715,14.309597259229035,2.7387122707896205,0.04070472565974669,2.658931008496517,2.818493533082724,0.19253184322742734,0.0026005289963860184,0.18743480639451074,0.19762888006034393,10.63344724391166,10.502700409443932,10.696815766930044,13.814583998997115,13.702888740725736,13.897949620625674,19.40015818158333,19.112834461295993,19.739686192950394
isotropic_COM_N216,isotropic_COM,216,216,4000,5,Cmax_peratom,0.21608869557401403,0.0005799712694685865,0.21495195188585559,0.21722543926217247,0.03668060377960013,0.0003845665021240189,0.03592685343543705,0.037434354123763204,0.16974790690536795,0.0018316894125333903,0.1661577956568025,0.1733380181539334,0.15582124606554587,0.15322871286988338,0.15765631775243072,0.21633021868301766,0.21462544632468492,0.217695907376299,0.27593003048255577,0.27311614112334254,0.2786378796325927
isotropic_COM_N216,isotropic_COM,216,216,4000,5,Crms,216.0,1.3171245117970316e-15,216.0,216.0,8.330226838631872e-14,0.0,8.330226838631872e-14,8.330226838631872e-14,3.856586499366607e-16,2.3513884484417332e-33,3.856586499366607e-16,3.856586499366607e-16,215.9999999999999,215.99999999999986,215.9999999999999,216.0,216.0,216.0,216.00000000000014,216.00000000000014,216.00000000000014
isotropic_COM_N216,isotropic_COM,216,216,4000,5,Crms_peratom,1.0,6.03757648913358e-18,1.0,1.0,3.818498650628991e-16,0.0,3.818498650628991e-16,3.818498650628991e-16,3.818498650628991e-16,2.304869798147221e-33,3.818498650628991e-16,3.818498650628991e-16,0.9999999999999994,0.9999999999999993,0.9999999999999994,1.0,1.0,1.0,1.0000000000000007,1.0000000000000007,1.0000000000000007
isotropic_COM_N216,isotropic_COM,216,216,4000,5,max_to_rms,0.21608869557401403,0.0005799712694685865,0.21495195188585559,0.21722543926217247,0.03668060377960013,0.0003845665021240188,0.03592685343543705,0.037434354123763204,0.16974790690536795,0.0018316894125333899,0.1661577956568025,0.1733380181539334,0.15582124606554593,0.15322871286988335,0.15765631775243072,0.2163302186830176,0.21462544632468492,0.217695907376299,0.27593003048255565,0.2731161411233426,0.2786378796325926
isotropic_COM_N216,isotropic_COM,216,216,4000,5,PR_fraction,0.6021709930899967,0.0004704068882677478,0.6012489955889919,0.6030929905910014,0.029751143879168433,0.000341859442564611,0.029081099371741796,0.03042118838659507,0.04940647128567685,0.0005748013633857842,0.048279860613440716,0.050533081957912986,0.550908021713436,0.5489405871783577,0.5525915578504345,0.6036305582266895,0.6024999611899937,0.6048560710832452,0.6500955405979142,0.648264737215222,0.6514800835900341
isotropic_iid_control_N474,isotropic_iid_control,474,474,4000,8,Cmax,91.39203685014668,0.2237648490704506,90.95345774596859,91.83061595432477,14.152131666928701,0.15687770415464303,13.844651366785602,14.459611967071801,0.15485081802185469,0.001786097144117024,0.15135006761938533,0.15835156842432405,67.23199074451124,66.11085204445733,68.32869905007188,91.73565083397985,91.14990938469919,92.31878879187914,114.51210795965136,113.4417865813951,115.21990772877857
isotropic_iid_control_N474,isotropic_iid_control,474,474,4000,8,chi,1.0,8.657930212406952e-18,1.0,1.0,5.475755858798275e-16,0.0,5.475755858798275e-16,5.475755858798275e-16,5.475755858798275e-16,4.7407132991383664e-33,5.475755858798275e-16,5.475755858798275e-16,0.9999999999999991,0.999999999999999,0.9999999999999991,1.0,1.0,1.0,1.0000000000000009,1.0000000000000009,1.0000000000000009
isotropic_iid_control_N474,isotropic_iid_control,474,474,4000,8,n_inf,91.39203685014668,0.2237648490704506,90.95345774596859,91.83061595432477,14.152131666928701,0.15687770415464303,13.844651366785602,14.459611967071801,0.15485081802185469,0.001786097144117024,0.15135006761938533,0.15835156842432405,67.23199074451122,66.1108520444574,68.32869905007183,91.7356508339798,91.14990938469919,92.31878879187913,114.51210795965132,113.44178658139508,115.21990772877857
isotropic_iid_control_N474,isotropic_iid_control,474,474,4000,8,PR,284.8487128817972,0.1509783255879814,284.55279536364475,285.1446303999497,9.548707723530033,0.11292842840254898,9.327368003861036,9.77004744319903,0.03352203219360317,0.00039859663841671124,0.03274078278230642,0.03430328160489992,268.7418631202063,268.1367467901129,269.452386252033,285.12192448164126,284.77104497135053,285.43264646001666,300.24030816877035,299.6016956478766,301.2903212444963
isotropic_iid_control_N474,isotropic_iid_control,474,474,4000,8,inverse_PR,0.0035146137526948333,1.8793408905832004e-06,0.0035109302445492903,0.0035182972608403763,0.00011885995428264402,1.4989854314398462e-06,0.00011592194283702192,0.00012179796572826611,0.033818781421289336,0.0004225663960160122,0.03299055128509795,0.03464701155748072,0.003330665385611236,0.0033190578305650337,0.0033377648208483606,0.0035072715009900326,0.003503453485094179,0.0035115929714715386,0.003721042893973939,0.00371123081858569,0.0037294403395695757
isotropic_iid_control_N474,isotropic_iid_control,474,474,4000,8,Q_gaussian,1422.4179040149072,0.8347079813727748,1420.7818763714165,1424.053931658398,52.79156804518739,0.5745030302021706,51.665542105991136,53.91759398438364,0.037113964817356605,0.0004032375959583824,0.03632361912927817,0.03790431050543504,1335.363749581555,1331.6978858570928,1338.4626914852215,1421.3888408047583,1419.6825122940743,1423.709311530255,1509.6334789140215,1506.9886314493401,1512.5162423111012
isotropic_iid_control_N474,isotropic_iid_control,474,474,4000,8,R_gaussian,1422.4179040149072,0.8347079813727747,1420.7818763714165,1424.053931658398,52.79156804518738,0.5745030302021705,51.66554210599113,53.917593984383636,0.0371139648173566,0.00040323759595838234,0.036323619129278166,0.03790431050543503,1335.3637495815553,1331.6978858570933,1338.4626914852215,1421.3888408047583,1419.6825122940738,1423.7093115302546,1509.6334789140208,1506.9886314493397,1512.516242311102
isotropic_iid_control_N474,isotropic_iid_control,474,474,4000,8,max_r2_gaussian,15.975074367324208,0.04429590172362944,15.888254399945893,16.061894334702522,2.8015188091529475,0.04913454311043952,2.705215104656486,2.897822513649409,0.17536812316086864,0.0028376876611260625,0.16980625534506155,0.18092999097667573,12.305117165377107,12.219530297042304,12.425519218861364,15.505523393690456,15.402321704776165,15.614271875267777,21.231268648397634,20.9425636190863,21.518604994831236
isotropic_iid_control_N474,isotropic_iid_control,474,474,4000,8,Cmax_peratom,0.192810204325204,0.0004720777406549591,0.19188493195352027,0.1937354766968877,0.02985681786271878,0.0003309656205794157,0.029208125246383124,0.030505510479054435,0.15485081802185466,0.0017860971441170245,0.1513500676193853,0.15835156842432402,0.1418396429209098,0.1394743714018087,0.14415337352335839,0.19353512834172965,0.19229938688755102,0.19476537719805725,0.2415867256532729,0.23932866367382935,0.24307997411134719
isotropic_iid_control_N474,isotropic_iid_control,474,474,4000,8,Crms,474.0,4.167573956542203e-15,474.0,474.0,2.63580520397459e-13,2.796304403907003e-15,2.5809976376580126e-13,2.6906127702911675e-13,5.560770472520232e-16,5.899376379550639e-18,5.44514269548104e-16,5.676398249559425e-16,473.9999999999996,473.99999999999955,473.9999999999996,474.0,474.0,474.0,474.0000000000004,474.0000000000004,474.0000000000004
isotropic_iid_control_N474,isotropic_iid_control,474,474,4000,8,Crms_peratom,1.0,8.657930212406952e-18,1.0,1.0,5.475755858798275e-16,0.0,5.475755858798275e-16,5.475755858798275e-16,5.475755858798275e-16,4.7407132991383664e-33,5.475755858798275e-16,5.475755858798275e-16,0.9999999999999991,0.999999999999999,0.9999999999999991,1.0,1.0,1.0,1.0000000000000009,1.0000000000000009,1.0000000000000009
isotropic_iid_control_N474,isotropic_iid_control,474,474,4000,8,max_to_rms,0.19281020432520396,0.0004720777406549591,0.19188493195352024,0.19373547669688768,0.02985681786271878,0.00033096562057941567,0.029208125246383124,0.030505510479054435,0.15485081802185469,0.001786097144117024,0.15135006761938533,0.15835156842432405,0.14183964292090975,0.13947437140180888,0.1441533735233583,0.19353512834172956,0.19229938688755102,0.19476537719805723,0.24158672565327283,0.23932866367382927,0.24307997411134719
isotropic_iid_control_N474,isotropic_iid_control,474,474,4000,8,PR_fraction,0.6009466516493611,0.0003185196742362477,0.6003223530878581,0.6015709502108642,0.020144953003227915,0.0002382456295412425,0.01967799156932708,0.02061191443712875,0.033522032193603175,0.0003985966384167111,0.032740782782306424,0.03430328160489993,0.5669659559498023,0.5656893392196475,0.5684649498988038,0.6015230474296228,0.6007827952982079,0.6021785790295711,0.6334183716640724,0.6320710878647187,0.6356335891234098
isotropic_COM_N474,isotropic_COM,474,474,4000,8,Cmax,91.40352196036973,0.22337582370180956,90.96570534591419,91.84133857482527,14.127527542278854,0.15675581255274387,13.820286149675475,14.434768934882232,0.1545621792167286,0.00178363733232746,0.15106625004536678,0.15805810838809042,67.2435139491971,66.1094205735687,68.09148355486812,91.76301841462455,91.2285819645789,92.38442321970822,114.2481358172645,113.46260511823334,115.2666202167351
isotropic_COM_N474,isotropic_COM,474,474,4000,8,chi,1.0,8.746610571792086e-18,1.0,1.0,5.531842242674137e-16,0.0,5.531842242674137e-16,5.531842242674137e-16,5.531842242674137e-16,4.838463567004817e-33,5.531842242674137e-16,5.531842242674137e-16,0.9999999999999991,0.999999999999999,0.9999999999999991,1.0,1.0,1.0,1.0000000000000009,1.0000000000000009,1.0000000000000009
isotropic_COM_N474,isotropic_COM,474,474,4000,8,n_inf,91.40352196036973,0.22337582370180958,90.96570534591419,91.84133857482527,14.127527542278855,0.15675581255274376,13.820286149675477,14.434768934882234,0.1545621792167286,0.0017836373323274592,0.15106625004536678,0.15805810838809042,67.2435139491971,66.10942057356874,68.0914835548681,91.7630184146246,91.22858196457892,92.3844232197082,114.24813581726444,113.46260511823334,115.26662021673509
isotropic_COM_N474,isotropic_COM,474,474,4000,8,PR,284.8534318416498,0.15070319799516638,284.5580535735793,285.14881010972033,9.531307126720934,0.11170177307731047,9.312371651489405,9.750242601952463,0.033460390717775845,0.0003942282606336803,0.03268770332693383,0.03423307810861786,268.66750628561715,268.0739276570497,269.38294009905354,285.19130368138536,284.83849196560357,285.573876892106,300.20227775374343,299.5555588407963,301.09809230249516
isotropic_COM_N474,isotropic_COM,474,474,4000,8,inverse_PR,0.003514539878121183,1.8753037569412268e-06,0.0035108642827575785,0.0035182154734847877,0.00011860462353210147,1.4748540317870677e-06,0.00011571390962979882,0.00012149533743440412,0.03374684244456649,0.000415796017228621,0.03293188225079839,0.03456180263833458,0.0033310873190822753,0.00332117680438626,0.0033382788951396704,0.0035064182781800674,0.0035017208537523716,0.003510761460290127,0.003722072736222309,0.0037121875632966763,0.003730314278378136
isotropic_COM_N474,isotropic_COM,474,474,4000,8,Q_gaussian,1419.320248001152,0.8343506489096648,1417.6849207292892,1420.955575273015,52.768968355880475,0.5737021569650322,51.64451212822901,53.89342458353194,0.03717904287647254,0.0004035644473915133,0.03638805655958518,0.03797002919335991,1332.2985665893643,1328.3166977721207,1335.7482851643863,1418.4778400346986,1416.646132088314,1420.2830099518624,1506.4635336675617,1503.9478306217914,1509.5464902900326
isotropic_COM_N474,isotropic_COM,474,474,4000,8,R_gaussian,1419.320248001152,0.834350648909665,1417.6849207292892,1420.955575273015,52.76896835588049,0.5737021569650324,51.644512128229024,53.89342458353195,0.03717904287647255,0.00040356444739151335,0.036388056559585186,0.037970029193359914,1332.2985665893636,1328.3166977721196,1335.7482851643854,1418.4778400346986,1416.6461320883157,1420.283009951862,1506.4635336675606,1503.9478306217911,1509.546490290034
isotropic_COM_N474,isotropic_COM,474,474,4000,8,max_r2_gaussian,15.936320618123666,0.04405378331033296,15.849975202835413,16.02266603341192,2.78620589616329,0.04803275280622323,2.6920617006630927,2.8803500916634874,0.17483369988143074,0.0027774002485637717,0.16938999539424576,0.18027740436861572,12.348100009255388,12.25549856559294,12.429102013795644,15.492538601116815,15.399452411773492,15.612426873330989,21.16510342268218,20.87030027958319,21.48199989110729
isotropic_COM_N474,isotropic_COM,474,474,4000,8,Cmax_peratom,0.19283443451554796,0.0004712570120291341,0.19191077077197086,0.19375809825912507,0.029804910426748637,0.0003307084653011474,0.029156721834758387,0.030453099018738886,0.15456217921672857,0.0017836373323274603,0.15106625004536675,0.1580581083880904,0.14186395347931877,0.139471351421031,0.14365291889212684,0.19359286585363827,0.19246536279447024,0.19490384645508063,0.2410298223992922,0.2393725846376231,0.24317852366399811
isotropic_COM_N474,isotropic_COM,474,474,4000,8,Crms,474.0,4.20129326929431e-15,474.0,474.0,2.657131169861034e-13,2.8145444053673652e-15,2.6019660995158336e-13,2.7122962402062344e-13,5.605761961732139e-16,5.937857395289799e-18,5.489379956784459e-16,5.722143966679819e-16,473.9999999999996,473.99999999999955,473.9999999999996,474.0,474.0,474.0,474.0000000000004,474.0000000000004,474.0000000000004
isotropic_COM_N474,isotropic_COM,474,474,4000,8,Crms_peratom,1.0,8.746610571792086e-18,1.0,1.0,5.531842242674137e-16,0.0,5.531842242674137e-16,5.531842242674137e-16,5.531842242674137e-16,4.838463567004817e-33,5.531842242674137e-16,5.531842242674137e-16,0.9999999999999991,0.999999999999999,0.9999999999999991,1.0,1.0,1.0,1.0000000000000009,1.0000000000000009,1.0000000000000009
isotropic_COM_N474,isotropic_COM,474,474,4000,8,max_to_rms,0.19283443451554796,0.00047125701202913414,0.19191077077197086,0.19375809825912507,0.02980491042674864,0.0003307084653011472,0.02915672183475839,0.03045309901873889,0.1545621792167286,0.0017836373323274592,0.15106625004536678,0.15805810838809042,0.14186395347931877,0.1394713514210311,0.1436529188921268,0.19359286585363839,0.1924653627944703,0.19490384645508058,0.24102982239929208,0.2393725846376231,0.2431785236639981
isotropic_COM_N474,isotropic_COM,474,474,4000,8,PR_fraction,0.6009566072608646,0.00031793923627672236,0.6003334463577623,0.601579768163967,0.0201082428833775,0.00023565774910824997,0.01964635369512533,0.020570132071629672,0.03346039071777585,0.0003942282606336804,0.03268770332693384,0.034233078108617865,0.5668090849907534,0.5655568094030584,0.5683184390275391,0.6016694170493362,0.6009250885350286,0.6024765335276497,0.6333381387209777,0.6319737528286842,0.6352280428322683
isotropic_iid_control_N512,isotropic_iid_control,512,512,4000,9,Cmax,98.09406681733756,0.23018227597367816,97.64290955642916,98.54522407824597,14.558005381565502,0.15679381402743672,14.250689506071726,14.865321257059279,0.1484086230074871,0.0016766122123715306,0.1451224630712389,0.1516947829437353,73.35760227944893,71.82180439165003,74.23663366975563,98.71787042758527,98.10871299748376,99.29358411351417,120.9454726729771,120.01265960032956,122.04080069770845
isotropic_iid_control_N512,isotropic_iid_control,512,512,4000,9,chi,1.0,8.542257179275538e-18,1.0,1.0,5.402597809087197e-16,0.0,5.402597809087197e-16,5.402597809087197e-16,5.402597809087197e-16,4.6150037253679975e-33,5.402597809087197e-16,5.402597809087197e-16,0.9999999999999991,0.9999999999999991,0.9999999999999991,1.0,1.0,1.0,1.0000000000000009,1.0000000000000009,1.0000000000000009
isotropic_iid_control_N512,isotropic_iid_control,512,512,4000,9,n_inf,98.09406681733756,0.23018227597367819,97.64290955642916,98.54522407824597,14.558005381565504,0.15679381402743667,14.250689506071728,14.86532125705928,0.14840862300748714,0.00167661221237153,0.14512246307123894,0.15169478294373534,73.35760227944894,71.82180439165008,74.23663366975562,98.71787042758527,98.10871299748383,99.29358411351421,120.94547267297712,120.01265960032958,122.04080069770835
isotropic_iid_control_N512,isotropic_iid_control,512,512,4000,9,PR,308.0449946785114,0.15502803957323216,307.74113972094784,308.34884963607493,9.80483412484263,0.11102167075672678,9.587231650159445,10.022436599525815,0.031829227204536674,0.0003614906135005395,0.031120705602075617,0.03253774880699773,291.7660160140421,291.1160298877731,292.6636768297654,308.1351891420314,307.7405201862935,308.4795440582295,323.9495604418989,323.33817357581495,324.61190615911806
isotropic_iid_control_N512,isotropic_iid_control,512,512,4000,9,inverse_PR,0.003249584111553979,1.643982488292045e-06,0.0032463619058769265,0.0032528063172310314,0.00010397458192867916,1.2203146990193816e-06,0.00010158276511860117,0.00010636639873875715,0.031996273479733876,0.00037298660298850197,0.03126521973787641,0.03272732722159134,0.0030869003144917135,0.003080601730947665,0.003092737207428817,0.003245328791239647,0.0032417060361423417,0.003249490835313598,0.003427403965292645,0.0034168913984555494,0.003435056463175545
isotropic_iid_control_N512,isotropic_iid_control,512,512,4000,9,Q_gaussian,1537.6194251610225,0.8808471053447708,1535.8929648345468,1539.3458854874982,55.70966246511504,0.6240533099573918,54.48651797759855,56.93280695263152,0.036231112558480466,0.00040534762198834746,0.035436631219383306,0.037025593897577626,1447.5324827656948,1442.9093643311353,1451.395106068793,1536.3768923415535,1534.6525700647417,1538.536729161689,1631.476203619223,1628.0729156809691,1635.23136701544
isotropic_iid_control_N512,isotropic_iid_control,512,512,4000,9,R_gaussian,1537.6194251610225,0.8808471053447708,1535.8929648345468,1539.3458854874982,55.70966246511504,0.6240533099573918,54.48651797759855,56.93280695263152,0.036231112558480466,0.00040534762198834746,0.035436631219383306,0.037025593897577626,1447.5324827656957,1442.9093643311373,1451.3951060687923,1536.3768923415544,1534.6525700647408,1538.536729161688,1631.4762036192235,1628.0729156809687,1635.2313670154404
isotropic_iid_control_N512,isotropic_iid_control,512,512,4000,9,max_r2_gaussian,16.05381940029738,0.04236167521569575,15.970790516874619,16.136848283720145,2.6791875836380634,0.04045365438801784,2.5998984210375484,2.7584767462385784,0.16688786118949575,0.0023033020024597443,0.16237338926467465,0.17140233311431685,12.59442563720032,12.500718806409305,12.67317468382608,15.593109851809931,15.502069999404394,15.700263663602485,21.164664682722293,20.91478492083963,21.577176677246992
isotropic_iid_control_N512,isotropic_iid_control,512,512,4000,9,Cmax_peratom,0.19158997425261243,0.00044957475776109015,0.1907088077274007,0.19247114077782415,0.028433604260870122,0.00030623791802233735,0.02783337794154634,0.029033830580193903,0.1484086230074871,0.0016766122123715306,0.1451224630712389,0.1516947829437353,0.14327656695204868,0.14027696170244147,0.14499342513624147,0.19280834067887748,0.19161858007321048,0.19393278147170737,0.2362216263144084,0.23439972578189366,0.2383609388627118
isotropic_iid_control_N512,isotropic_iid_control,512,512,4000,9,Crms,512.0,4.373635675789075e-15,512.0,512.0,2.766130078252645e-13,3.079745159443776e-15,2.705767073127547e-13,2.826493083377743e-13,5.402597809087197e-16,6.0151272645386255e-18,5.28470131470224e-16,5.520494303472154e-16,511.99999999999955,511.99999999999955,511.99999999999955,512.0,512.0,512.0,512.0000000000005,512.0000000000005,512.0000000000005
isotropic_iid_control_N512,isotropic_iid_control,512,512,4000,9,Crms_peratom,1.0,8.542257179275538e-18,1.0,1.0,5.402597809087197e-16,0.0,5.402597809087197e-16,5.402597809087197e-16,5.402597809087197e-16,4.6150037253679975e-33,5.402597809087197e-16,5.402597809087197e-16,0.9999999999999991,0.9999999999999991,0.9999999999999991,1.0,1.0,1.0,1.0000000000000009,1.0000000000000009,1.0000000000000009
isotropic_iid_control_N512,isotropic_iid_control,512,512,4000,9,max_to_rms,0.19158997425261243,0.0004495747577610902,0.1907088077274007,0.19247114077782415,0.028433604260870125,0.00030623791802233724,0.027833377941546344,0.029033830580193907,0.14840862300748714,0.00167661221237153,0.14512246307123894,0.15169478294373534,0.1432765669520487,0.14027696170244155,0.14499342513624144,0.19280834067887748,0.19161858007321061,0.19393278147170745,0.23622162631440843,0.23439972578189372,0.23836093886271162
isotropic_iid_control_N512,isotropic_iid_control,512,512,4000,9,PR_fraction,0.6016503802314676,0.00030278913979146907,0.6010569135174763,0.6022438469454588,0.019150066650083262,0.000216839200696732,0.018725061816717667,0.019575071483448857,0.031829227204536674,0.0003614906135005395,0.031120705602075617,0.03253774880699773,0.569855500027426,0.5685859958745568,0.5716087438081355,0.60182654129303,0.6010557034888545,0.6024991094887295,0.6327139852380838,0.6315198702652636,0.6340076292170275
isotropic_COM_N512,isotropic_COM,512,512,4000,9,Cmax,98.11986907551689,0.23062089180394818,97.66785212758116,98.57188602345262,14.585745882394685,0.1574836043467565,14.277078017875041,14.894413746914328,0.14865231700593612,0.0016808880799247738,0.14535777636928357,0.15194685764258867,73.28118905072195,72.18462570394318,74.43520620906791,98.9504643488258,98.22207413498663,99.50004783811,120.94954318974774,120.26834801051831,121.60617591721787
isotropic_COM_N512,isotropic_COM,512,512,4000,9,chi,1.0,8.910005074509369e-18,1.0,1.0,5.635181999821574e-16,0.0,5.635181999821574e-16,5.635181999821574e-16,5.635181999821574e-16,5.0208271838896884e-33,5.635181999821574e-16,5.635181999821574e-16,0.9999999999999991,0.9999999999999991,0.9999999999999991,1.0,1.0,1.0,1.0000000000000009,1.0000000000000009,1.0000000000000009
isotropic_COM_N512,isotropic_COM,512,512,4000,9,n_inf,98.11986907551689,0.23062089180394818,97.66785212758116,98.57188602345262,14.585745882394685,0.15748360434675657,14.277078017875041,14.894413746914328,0.14865231700593612,0.0016808880799247742,0.14535777636928357,0.15194685764258867,73.2811890507219,72.18462570394318,74.43520620906799,98.95046434882585,98.22207413498664,99.50004783810991,120.94954318974767,120.2683480105183,121.60617591721785
isotropic_COM_N512,isotropic_COM,512,512,4000,9,PR,308.0450179385472,0.15480998006035193,307.7415903776289,308.34844549946547,9.791042830319263,0.11051933604165438,9.57442493167762,10.007660728960905,0.031784454414622305,0.00035977972255248747,0.03107928615841943,0.03248962267082518,291.8942376815507,291.17295518732345,292.69785248944396,308.15522639856783,307.70672802889567,308.6088996006973,323.7043985715104,323.06334152974466,324.7970470269798
isotropic_COM_N512,isotropic_COM,512,512,4000,9,inverse_PR,0.003249573735734688,1.6412344220961001e-06,0.00324635691626738,0.003252790555201996,0.00010380077896187715,1.2118438382137936e-06,0.00010142556503897812,0.00010617599288477619,0.03194289079223158,0.00037047326640074577,0.03121676319008612,0.03266901839437704,0.0030892382203030347,0.003078845725826237,0.0030953682187055856,0.003245117767398063,0.003240347252765164,0.003249847692332855,0.0034258983973125155,0.0034164924391991043,0.0034343848979952797
isotropic_COM_N512,isotropic_COM,512,512,4000,9,Q_gaussian,1534.622166288514,0.8798326948040653,1532.8976942066981,1536.34663837033,55.64550550929279,0.6219903322219626,54.42640445813774,56.86460656044784,0.036260068915771965,0.00040484724846888464,0.03546656830877295,0.03705356952277098,1443.9067303743618,1440.238791472142,1447.8245261329616,1533.3627040389074,1531.5629100799288,1535.797979274577,1627.5656445651723,1624.6987070303628,1631.6622025918446
isotropic_COM_N512,isotropic_COM,512,512,4000,9,R_gaussian,1534.622166288514,0.8798326948040656,1532.8976942066981,1536.34663837033,55.6455055092928,0.6219903322219622,54.42640445813776,56.86460656044785,0.03626006891577198,0.0004048472484688844,0.03546656830877296,0.037053569522770995,1443.9067303743625,1440.2387914721435,1447.824526132961,1533.3627040389079,1531.5629100799301,1535.797979274577,1627.5656445651728,1624.698707030362,1631.6622025918437
isotropic_COM_N512,isotropic_COM,512,512,4000,9,max_r2_gaussian,16.019017583752564,0.042292836349866636,15.936123624506825,16.1019115429983,2.6748338314868088,0.040380611505244704,2.595687832936529,2.7539798300370886,0.16697864382144031,0.0023046280711580625,0.16246157280197052,0.1714957148409101,12.573627899515728,12.489198228904684,12.673153451550247,15.558050831648764,15.4548886714164,15.648638857925532,21.101629341262594,20.818089107135414,21.45607162237892
isotropic_COM_N512,isotropic_COM,512,512,4000,9,Cmax_peratom,0.19164036928811892,0.0004504314293045863,0.19075752368668195,0.1925232148895559,0.02848778492655212,0.0003075851647397588,0.02788491800366219,0.029090651849442047,0.14865231700593612,0.0016808880799247738,0.14535777636928357,0.15194685764258867,0.1431273223646913,0.14098559707801403,0.14538126212708577,0.1932626256813004,0.19183998854489576,0.1943360309338086,0.23622957654247606,0.23489911720804357,0.23751206233831615
isotropic_COM_N512,isotropic_COM,512,512,4000,9,Crms,512.0,4.561922598148797e-15,512.0,512.0,2.885213183908646e-13,3.1985460821758746e-15,2.8225216806979987e-13,2.947904687119293e-13,5.635181999821574e-16,6.247160316749755e-18,5.512737657613279e-16,5.757626342029869e-16,511.99999999999955,511.99999999999955,511.99999999999955,512.0,512.0,512.0,512.0000000000005,512.0000000000005,512.0000000000005
isotropic_COM_N512,isotropic_COM,512,512,4000,9,Crms_peratom,1.0,8.910005074509369e-18,1.0,1.0,5.635181999821574e-16,0.0,5.635181999821574e-16,5.635181999821574e-16,5.635181999821574e-16,5.0208271838896884e-33,5.635181999821574e-16,5.635181999821574e-16,0.9999999999999991,0.9999999999999991,0.9999999999999991,1.0,1.0,1.0,1.0000000000000009,1.0000000000000009,1.0000000000000009
isotropic_COM_N512,isotropic_COM,512,512,4000,9,max_to_rms,0.19164036928811892,0.0004504314293045863,0.19075752368668195,0.1925232148895559,0.02848778492655212,0.0003075851647397589,0.02788491800366219,0.029090651849442047,0.14865231700593612,0.0016808880799247742,0.14535777636928357,0.15194685764258867,0.14312732236469122,0.14098559707801403,0.1453812621270859,0.19326262568130048,0.19183998854489578,0.1943360309338084,0.23622957654247592,0.23489911720804355,0.23751206233831612
isotropic_COM_N512,isotropic_COM,512,512,4000,9,PR_fraction,0.601650425661225,0.00030236324230537487,0.6010577937063064,0.6022430576161435,0.01912313052796731,0.00021585807820635622,0.018700048694682853,0.01954621236125177,0.031784454414622305,0.00035977972255248747,0.03107928615841943,0.03248962267082518,0.5701059329717787,0.5686971781002411,0.5716754931434452,0.6018656765597028,0.6009897031814369,0.602751757032612,0.6322351534599813,0.6309830889252825,0.6343692324745699
isotropic_iid_control_N1000,isotropic_iid_control,1000,1000,4000,1,Cmax,175.52411574736192,0.3917800987002723,174.75622675390937,176.29200474081446,24.778349076368677,0.2689256411163791,24.251254819780574,25.30544333295678,0.14116777612503706,0.0015939614238562982,0.1380436117342787,0.1442919405157954,133.82423422208845,131.81267543401418,135.08332187621735,176.4492437334858,175.32685239117043,177.29826590196177,214.60825963402388,213.07310841162447,215.79196673084599
isotropic_iid_control_N1000,isotropic_iid_control,1000,1000,4000,1,chi,1.0,1.2236167198621273e-17,1.0,1.0,7.7388316356570295e-16,0.0,7.7388316356570295e-16,7.7388316356570295e-16,7.7388316356570295e-16,9.468906418947311e-33,7.7388316356570295e-16,7.7388316356570295e-16,0.9999999999999987,0.9999999999999987,0.9999999999999988,1.0,1.0,1.0,1.0000000000000013,1.000000000000001,1.0000000000000013
isotropic_iid_control_N1000,isotropic_iid_control,1000,1000,4000,1,n_inf,175.52411574736192,0.3917800987002723,174.75622675390937,176.29200474081446,24.778349076368677,0.26892564111637907,24.251254819780574,25.30544333295678,0.14116777612503706,0.001593961423856298,0.1380436117342787,0.1442919405157954,133.82423422208845,131.8126754340143,135.0833218762174,176.44924373348584,175.32685239117052,177.298265901962,214.60825963402385,213.07310841162445,215.7919667308459
isotropic_iid_control_N1000,isotropic_iid_control,1000,1000,4000,1,PR,600.7360060239223,0.21864873741930108,600.3074544985805,601.1645575492641,13.828560355301555,0.16094645748224398,13.513105298636356,14.144015411966754,0.02301936327543996,0.00026888269774420114,0.022492353187861327,0.023546373363018593,578.0241404445577,577.0979714719234,578.9702278711469,600.8489935320775,600.2561146164783,601.4704709256374,623.2246928584907,622.4515404103361,624.4878852106565
isotropic_iid_control_N1000,isotropic_iid_control,1000,1000,4000,1,inverse_PR,0.001665511055036243,6.093151849643915e-07,0.0016643167972737129,0.0016667053127987733,3.853647594828518e-05,4.6704979858884666e-07,3.7621058343051044e-05,3.945189355351932e-05,0.023137928644638504,0.0002788946096880468,0.022591295209649934,0.023684562079627075,0.0016045577328531585,0.0016013120889649816,0.0016065507675356934,0.0016643116836787116,0.0016625920113102852,0.0016659555407260286,0.0017300315509669935,0.0017272045294573516,0.001732808031623191
isotropic_iid_control_N1000,isotropic_iid_control,1000,1000,4000,1,Q_gaussian,2997.8999874533583,1.2526967310462107,2995.444701860508,3000.355273046209,79.22749775106777,0.8913913662394402,77.48037067323847,80.97462482889708,0.026427665393324067,0.00029717319698276026,0.025845205927237856,0.02701012485941028,2870.98848446823,2863.7758039546243,2874.672904225693,2997.1190449307032,2993.927311122259,3000.3917366562173,3131.086256138382,3126.576839950051,3137.192893880318
isotropic_iid_control_N1000,isotropic_iid_control,1000,1000,4000,1,R_gaussian,2997.8999874533583,1.2526967310462118,2995.444701860508,3000.355273046209,79.22749775106784,0.8913913662394407,77.48037067323854,80.97462482889715,0.02642766539332409,0.0002971731969827604,0.02584520592723788,0.027010124859410303,2870.9884844682274,2863.7758039546225,2874.672904225694,2997.119044930704,2993.92731112226,3000.391736656219,3131.086256138382,3126.5768399500566,3137.1928938803203
isotropic_iid_control_N1000,isotropic_iid_control,1000,1000,4000,1,max_r2_gaussian,17.44968387248313,0.04306228282618713,17.365281798143805,17.534085946822458,2.7234978995420804,0.04355348481326739,2.6381330693080765,2.8088627297760844,0.15607720572157965,0.002313369329800113,0.15154300183517144,0.16061140960798787,13.889288488865644,13.74367036805472,14.012439415414839,16.986134463144694,16.899187195024076,17.102399737069014,22.472881732428952,22.19767716918088,22.82906206724821
isotropic_iid_control_N1000,isotropic_iid_control,1000,1000,4000,1,Cmax_peratom,0.17552411574736193,0.00039178009870027234,0.1747562267539094,0.17629200474081447,0.024778349076368677,0.0002689256411163791,0.024251254819780573,0.02530544333295678,0.14116777612503703,0.0015939614238562982,0.13804361173427868,0.14429194051579539,0.13382423422208842,0.13181267543401418,0.13508332187621735,0.17644924373348575,0.17532685239117043,0.17729826590196177,0.21460825963402388,0.21307310841162447,0.215791966730846
isotropic_iid_control_N1000,isotropic_iid_control,1000,1000,4000,1,Crms,1000.0,1.2514542761377103e-14,1000.0,1000.0,7.914891800304943e-13,9.143584249525405e-15,7.735677549014245e-13,8.09410605159564e-13,7.914891800304942e-16,9.143584249525406e-18,7.735677549014244e-16,8.09410605159564e-16,999.9999999999986,999.9999999999986,999.9999999999987,1000.0,1000.0,1000.0,1000.0000000000014,1000.0000000000011,1000.0000000000014
isotropic_iid_control_N1000,isotropic_iid_control,1000,1000,4000,1,Crms_peratom,1.0,1.2236167198621273e-17,1.0,1.0,7.7388316356570295e-16,0.0,7.7388316356570295e-16,7.7388316356570295e-16,7.7388316356570295e-16,9.468906418947311e-33,7.7388316356570295e-16,7.7388316356570295e-16,0.9999999999999987,0.9999999999999987,0.9999999999999988,1.0,1.0,1.0,1.0000000000000013,1.000000000000001,1.0000000000000013
isotropic_iid_control_N1000,isotropic_iid_control,1000,1000,4000,1,max_to_rms,0.17552411574736193,0.00039178009870027234,0.1747562267539094,0.17629200474081447,0.024778349076368677,0.0002689256411163791,0.024251254819780573,0.02530544333295678,0.14116777612503703,0.0015939614238562982,0.13804361173427868,0.14429194051579539,0.13382423422208842,0.1318126754340143,0.1350833218762174,0.1764492437334858,0.17532685239117052,0.177298265901962,0.21460825963402386,0.21307310841162444,0.2157919667308459
isotropic_iid_control_N1000,isotropic_iid_control,1000,1000,4000,1,PR_fraction,0.6007360060239223,0.00021864873741930108,0.6003074544985805,0.6011645575492641,0.013828560355301556,0.00016094645748224398,0.013513105298636358,0.014144015411966753,0.02301936327543996,0.00026888269774420114,0.022492353187861327,0.023546373363018593,0.5780241404445576,0.5770979714719234,0.5789702278711469,0.6008489935320775,0.6002561146164783,0.6014704709256374,0.6232246928584907,0.622451540410336,0.6244878852106565
isotropic_COM_N1000,isotropic_COM,1000,1000,4000,1,Cmax,175.53814611572807,0.3923731108076021,174.76909481854517,176.30719741291097,24.815854455153044,0.2683735353683861,24.289842325831007,25.34186658447508,0.14137015232456968,0.0015908741006251156,0.13825203908734446,0.1444882655617949,133.66668250082063,131.79826413959574,135.18490336226046,176.29372742271576,175.37828348830325,177.08375873312642,214.25801353997883,212.755120540025,216.09327197906913
isotropic_COM_N1000,isotropic_COM,1000,1000,4000,1,chi,1.0,1.2577880615552712e-17,1.0,1.0,7.954950176565448e-16,0.0,7.954950176565448e-16,7.954950176565448e-16,7.954950176565448e-16,1.0004877927176724e-32,7.954950176565448e-16,7.954950176565448e-16,0.9999999999999987,0.9999999999999987,0.9999999999999988,1.0,1.0,1.0,1.0000000000000013,1.0000000000000013,1.0000000000000013
isotropic_COM_N1000,isotropic_COM,1000,1000,4000,1,n_inf,175.5381461157281,0.39237311080760207,174.7690948185452,176.307197412911,24.81585445515304,0.26837353536838615,24.289842325831003,25.341866584475078,0.14137015232456962,0.0015908741006251165,0.1382520390873444,0.14448826556179484,133.66668250082057,131.79826413959563,135.18490336226057,176.29372742271573,175.3782834883032,177.08375873312647,214.2580135399787,212.7551205400251,216.09327197906924
isotropic_COM_N1000,isotropic_COM,1000,1000,4000,1,PR,600.7155506539066,0.2188636888377399,600.2865778237846,601.1445234840286,13.842155076672567,0.1612728515990753,13.52606028753838,14.158249865806754,0.023042778003007816,0.0002694152021090059,0.022514724206874163,0.02357083179914147,577.9550944023965,577.0391878264184,578.8791273779303,600.8369362130123,600.2783088225535,601.4564107295661,623.0341982501716,622.107609440672,624.3493174472183
isotropic_COM_N1000,isotropic_COM,1000,1000,4000,1,inverse_PR,0.0016655695047460232,6.09910539743264e-07,0.0016643740800881264,0.00166676492940392,3.857412949062724e-05,4.676046619242375e-07,3.765762435325574e-05,3.949063462799874e-05,0.02315972367452133,0.0002792336101158149,0.022612425798694335,0.023707021550348328,0.0016050483309133195,0.0016016674833388262,0.0016074389459712372,0.0016643450822163147,0.0016626308775842973,0.001665893945029433,0.0017302382312280515,0.0017274763464517427,0.0017329845547696394
isotropic_COM_N1000,isotropic_COM,1000,1000,4000,1,Q_gaussian,2994.966227534209,1.252086920712997,2992.5121371696114,2997.4203178988064,79.18892995919454,0.8919640742163315,77.44068037373053,80.93717954465855,0.02644067543439103,0.00029764626280046324,0.025857288759302124,0.027024062109479937,2867.6889071238083,2860.562202790182,2872.388739232523,2994.5219685293628,2990.619973780529,2997.336152109715,3127.6726966657216,3123.2360699330984,3134.170786917105
isotropic_COM_N1000,isotropic_COM,1000,1000,4000,1,R_gaussian,2994.966227534209,1.2520869207129977,2992.5121371696114,2997.4203178988064,79.18892995919458,0.8919640742163315,77.44068037373057,80.93717954465859,0.026440675434391048,0.00029764626280046324,0.02585728875930214,0.027024062109479954,2867.6889071238033,2860.56220279018,2872.3887392325223,2994.5219685293628,2990.6199737805327,2997.336152109718,3127.6726966657225,3123.2360699330943,3134.1707869171078
isotropic_COM_N1000,isotropic_COM,1000,1000,4000,1,max_r2_gaussian,17.4322290642672,0.043070357361431985,17.347811163838795,17.516646964695607,2.7240085779905012,0.043385121468729755,2.638973739911791,2.8090434160692115,0.15626278016127082,0.0023058988497207697,0.15174321841581812,0.16078234190672352,13.888400540890004,13.745187637857116,13.971277514602914,16.981638070556166,16.896248016053963,17.073067542896883,22.471805640534736,22.114955470282148,22.76915208223158
isotropic_COM_N1000,isotropic_COM,1000,1000,4000,1,Cmax_peratom,0.1755381461157281,0.0003923731108076021,0.1747690948185452,0.176307197412911,0.024815854455153042,0.0002683735353683862,0.024289842325831004,0.02534186658447508,0.14137015232456962,0.001590874100625116,0.1382520390873444,0.14448826556179484,0.13366668250082064,0.13179826413959575,0.13518490336226047,0.17629372742271576,0.17537828348830325,0.17708375873312643,0.21425801353997884,0.212755120540025,0.21609327197906913
isotropic_COM_N1000,isotropic_COM,1000,1000,4000,1,Crms,1000.0,1.2865626903746082e-14,1000.0,1000.0,8.136936908355502e-13,8.96071159671864e-15,7.961306961059817e-13,8.312566855651188e-13,8.136936908355503e-16,8.960711596718641e-18,7.961306961059818e-16,8.312566855651188e-16,999.9999999999986,999.9999999999986,999.9999999999987,1000.0,1000.0,1000.0,1000.0000000000014,1000.0000000000014,1000.0000000000014
isotropic_COM_N1000,isotropic_COM,1000,1000,4000,1,Crms_peratom,1.0,1.2577880615552712e-17,1.0,1.0,7.954950176565448e-16,0.0,7.954950176565448e-16,7.954950176565448e-16,7.954950176565448e-16,1.0004877927176724e-32,7.954950176565448e-16,7.954950176565448e-16,0.9999999999999987,0.9999999999999987,0.9999999999999988,1.0,1.0,1.0,1.0000000000000013,1.0000000000000013,1.0000000000000013
isotropic_COM_N1000,isotropic_COM,1000,1000,4000,1,max_to_rms,0.17553814611572807,0.00039237311080760203,0.17476909481854516,0.17630719741291098,0.02481585445515304,0.00026837353536838615,0.024289842325831,0.025341866584475077,0.14137015232456962,0.001590874100625116,0.1382520390873444,0.14448826556179484,0.1336666825008206,0.13179826413959564,0.13518490336226058,0.1762937274227157,0.1753782834883032,0.17708375873312648,0.2142580135399787,0.2127551205400251,0.21609327197906925
isotropic_COM_N1000,isotropic_COM,1000,1000,4000,1,PR_fraction,0.6007155506539066,0.00021886368883773994,0.6002865778237846,0.6011445234840286,0.01384215507667257,0.00016127285159907529,0.013526060287538381,0.014158249865806757,0.023042778003007823,0.0002694152021090059,0.02251472420687417,0.023570831799141476,0.5779550944023966,0.5770391878264184,0.5788791273779303,0.6008369362130124,0.6002783088225535,0.6014564107295661,0.6230341982501716,0.622107609440672,0.6243493174472182
isotropic_iid_control_N1728,isotropic_iid_control,1728,1728,4000,3,Cmax,283.04585592949076,0.5748230672624471,281.91920271765633,284.1725091413252,36.35500288307004,0.4013303147090329,35.56839546624034,37.141610299899746,0.12844209558795447,0.0014705262678991933,0.12555986410287204,0.1313243270730369,222.6722007795617,220.16860604324697,225.21582210678307,284.2247437065297,282.73654132879324,285.45827843108987,341.15820452682726,338.9053334085453,343.38032304244393
isotropic_iid_control_N1728,isotropic_iid_control,1728,1728,4000,3,chi,1.0,1.6293306608796978e-17,1.0,1.0,1.03047918998545e-15,0.0,1.03047918998545e-15,1.03047918998545e-15,1.03047918998545e-15,1.678725957760996e-32,1.03047918998545e-15,1.03047918998545e-15,0.9999999999999983,0.9999999999999982,0.9999999999999984,1.0,1.0,1.0,1.0000000000000018,1.0000000000000018,1.0000000000000018
isotropic_iid_control_N1728,isotropic_iid_control,1728,1728,4000,3,n_inf,283.0458559294908,0.5748230672624473,281.9192027176564,284.17250914132524,36.35500288307005,0.4013303147090334,35.56839546624035,37.14161029989975,0.12844209558795447,0.0014705262678991952,0.12555986410287204,0.1313243270730369,222.67220077956122,220.16860604324697,225.21582210678255,284.2247437065296,282.73654132879295,285.4582784310892,341.15820452682726,338.90533340854574,343.38032304244405
isotropic_iid_control_N1728,isotropic_iid_control,1728,1728,4000,3,PR,1037.461590603817,0.28586553998419123,1036.901294145448,1038.0218870621861,18.07972421807957,0.19908987326612848,17.689508066477956,18.469940369681183,0.017426885372746108,0.00019200468387722627,0.017050556192346744,0.01780321455314547,1007.4881679128724,1006.2282318257243,1008.9560099647219,1037.5841430859014,1036.938485166589,1038.2232405232116,1066.7098748453107,1065.6102395108012,1067.7810166569573
isotropic_iid_control_N1728,isotropic_iid_control,1728,1728,4000,3,inverse_PR,0.0009641840892419538,2.6596810935085456e-07,0.0009636627917476261,0.0009647053867362814,1.6821300210348558e-05,1.859092797948609e-07,1.645691802195063e-05,1.7185682398746487e-05,0.0174461499604018,0.0001924821551459783,0.017068884936315684,0.017823414984487918,0.0009374620256140852,0.0009365216129528429,0.0009384294209288741,0.0009637772576506032,0.0009631839868042744,0.0009643773611501604,0.0009925674887134252,0.0009911234881637356,0.0009938103189428271
isotropic_iid_control_N1728,isotropic_iid_control,1728,1728,4000,3,Q_gaussian,5184.737784148687,1.5872848816972374,5181.62670578056,5187.848862516814,100.38871043428365,1.106800419641712,98.21938161178589,102.55803925678141,0.019362350539925535,0.00021347671806746474,0.018943936172513304,0.019780764907337767,5019.0102665423055,5011.155179154013,5026.896582945999,5184.0250795401535,5180.422538481367,5187.538520848266,5352.235726709358,5345.300139100125,5361.370423645125
isotropic_iid_control_N1728,isotropic_iid_control,1728,1728,4000,3,R_gaussian,5184.737784148688,1.5872848816972362,5181.626705780561,5187.848862516815,100.38871043428358,1.106800419641713,98.21938161178582,102.55803925678134,0.019362350539925518,0.00021347671806746493,0.018943936172513286,0.01978076490733775,5019.0102665422955,5011.155179154019,5026.896582946012,5184.02507954015,5180.422538481356,5187.538520848257,5352.235726709352,5345.300139100129,5361.370423645125
isotropic_iid_control_N1728,isotropic_iid_control,1728,1728,4000,3,max_r2_gaussian,18.643348917608474,0.041300470710592896,18.562399995015713,18.724297840201235,2.6120711176509275,0.04250544933419718,2.528760436955901,2.695381798345954,0.1401073985792247,0.002137745447083434,0.13591741750294117,0.1442973796555082,15.146947639750387,15.029235509936967,15.233516245813266,18.214525069250364,18.125331493688698,18.3274716298109,23.405645384725815,23.06782881670949,23.734457949588112
isotropic_iid_control_N1728,isotropic_iid_control,1728,1728,4000,3,Cmax_peratom,0.1637996851443812,0.0003326522379991014,0.16314768675790298,0.16445168353085943,0.021038774816591464,0.00023225133953069026,0.02058356219111131,0.021493987442071618,0.12844209558795452,0.0014705262678991928,0.1255598641028721,0.13132432707303696,0.1288612273029871,0.12741238775650865,0.13033323038586983,0.16448191186720468,0.16362068363934792,0.16519576298095479,0.1974295165085806,0.1961257716484637,0.19871546472363655
isotropic_iid_control_N1728,isotropic_iid_control,1728,1728,4000,3,Crms,1728.0,2.8194651221354682e-14,1728.0,1728.0,1.7831863138705804e-12,1.9780335512153666e-14,1.7444168562667592e-12,1.8219557714744016e-12,1.03193652423066e-15,1.1446953421385222e-17,1.009500495524745e-15,1.054372552936575e-15,1727.999999999997,1727.9999999999968,1727.9999999999973,1728.0,1728.0,1728.0,1728.0000000000032,1728.0000000000032,1728.0000000000032
isotropic_iid_control_N1728,isotropic_iid_control,1728,1728,4000,3,Crms_peratom,1.0,1.6293306608796978e-17,1.0,1.0,1.03047918998545e-15,0.0,1.03047918998545e-15,1.03047918998545e-15,1.03047918998545e-15,1.678725957760996e-32,1.03047918998545e-15,1.03047918998545e-15,0.9999999999999983,0.9999999999999982,0.9999999999999984,1.0,1.0,1.0,1.0000000000000018,1.0000000000000018,1.0000000000000018
isotropic_iid_control_N1728,isotropic_iid_control,1728,1728,4000,3,max_to_rms,0.16379968514438123,0.0003326522379991014,0.163147686757903,0.16445168353085945,0.021038774816591464,0.00023225133953069056,0.02058356219111131,0.021493987442071618,0.1284420955879545,0.0014705262678991946,0.12555986410287207,0.13132432707303693,0.12886122730298682,0.12741238775650865,0.13033323038586953,0.16448191186720462,0.16362068363934779,0.1651957629809544,0.1974295165085806,0.19612577164846398,0.1987154647236366
isotropic_iid_control_N1728,isotropic_iid_control,1728,1728,4000,3,PR_fraction,0.6003828649327646,0.00016543144675011063,0.6000586192971343,0.6007071105683949,0.010462803366944193,0.00011521404702900959,0.010236983834767335,0.010688622899121052,0.0174268853727461,0.0001920046838772264,0.017050556192346737,0.017803214553145465,0.5830371342088382,0.5823080045287756,0.5838865798406956,0.6004537865080447,0.6000801418788131,0.6008236345620438,0.6173089553502955,0.6166725923094915,0.6179288290838874
isotropic_COM_N1728,isotropic_COM,1728,1728,4000,3,Cmax,282.96089522337184,0.5752981494641809,281.83331085042204,284.08847959632163,36.38504971973577,0.40008873840099374,35.60087579246982,37.169223647001715,0.12858684833822387,0.001468149465225421,0.12570927538638205,0.1314644212900657,222.72215989869872,219.6597288485206,224.6231817391973,284.174433258769,282.7908250091444,285.66048521896613,341.6268326336434,339.28686315265406,344.0634180726552
isotropic_COM_N1728,isotropic_COM,1728,1728,4000,3,chi,1.0,1.6359430378544726e-17,1.0,1.0,1.0346612243830383e-15,0.0,1.0346612243830383e-15,1.0346612243830383e-15,1.0346612243830383e-15,1.692469178951611e-32,1.0346612243830383e-15,1.0346612243830383e-15,0.9999999999999982,0.9999999999999982,0.9999999999999983,1.0,1.0,1.0,1.0000000000000018,1.0000000000000016,1.0000000000000018
isotropic_COM_N1728,isotropic_COM,1728,1728,4000,3,n_inf,282.96089522337184,0.5752981494641809,281.83331085042204,284.08847959632163,36.38504971973577,0.4000887384009939,35.60087579246982,37.169223647001715,0.12858684833822387,0.0014681494652254215,0.12570927538638205,0.1314644212900657,222.72215989869883,219.65972884852087,224.6231817391973,284.1744332587691,282.7908250091436,285.66048521896596,341.62683263364374,339.28686315265435,344.06341807265454
isotropic_COM_N1728,isotropic_COM,1728,1728,4000,3,PR,1037.4510468628396,0.2856071286159316,1036.8912568907524,1038.0108368349267,18.063380848139953,0.19857008455013492,17.67418348242169,18.452578213858217,0.017411309095269625,0.00019151584021791774,0.017035938048442507,0.017786680142096743,1007.4302057218713,1006.2421470065342,1008.6763906881646,1037.6220507028943,1036.887752728634,1038.0741427314954,1066.4404569882186,1065.697328284485,1067.9878577565264
isotropic_COM_N1728,isotropic_COM,1728,1728,4000,3,inverse_PR,0.0009641933789929684,2.657455557274195e-07,0.0009636725177037427,0.0009647142402821942,1.6807224683316996e-05,1.855221830578158e-07,1.6443601204523677e-05,1.7170848162110315e-05,0.017431383630606288,0.0001920700221463997,0.017054926387199344,0.01780784087401323,0.0009376988592802607,0.0009363402333998951,0.0009383527324871485,0.0009637420478142445,0.0009633223281804223,0.0009644245458280689,0.0009926245952527272,0.0009913982415289356,0.000993796575680015
isotropic_COM_N1728,isotropic_COM,1728,1728,4000,3,Q_gaussian,5181.720070673106,1.587211238252558,5178.609136646131,5184.831004700081,100.3840528138851,1.1059931530833698,98.2163062338417,102.5517993939285,0.019372727867340237,0.00021345701524412618,0.01895435211746175,0.019791103617218725,5015.774450456586,5007.030032336734,5023.077153160262,5181.094943989561,5177.293583216509,5184.800710699339,5348.912869093735,5341.720271727296,5358.365352953646
isotropic_COM_N1728,isotropic_COM,1728,1728,4000,3,R_gaussian,5181.720070673106,1.5872112382525574,5178.609136646131,5184.831004700081,100.38405281388506,1.105993153083369,98.21630623384166,102.55179939392846,0.019372727867340227,0.00021345701524412604,0.01895435211746174,0.019791103617218714,5015.774450456588,5007.030032336739,5023.077153160267,5181.094943989559,5177.293583216516,5184.800710699339,5348.912869093732,5341.720271727293,5358.365352953643
isotropic_COM_N1728,isotropic_COM,1728,1728,4000,3,max_r2_gaussian,18.639150792331336,0.041375254270606066,18.558055293960948,18.720246290701724,2.616800845274478,0.042902011084931906,2.5327129035480116,2.7008887870009444,0.14039270750205543,0.0021588615703126636,0.1361613388242426,0.14462407617986825,15.134170393364936,14.997557185494411,15.23123243663647,18.21560990417328,18.104170859496246,18.306079605257448,23.45611105196283,23.0482237293874,23.798879376425354
isotropic_COM_N1728,isotropic_COM,1728,1728,4000,3,Cmax_peratom,0.16375051806908092,0.00033292716982880847,0.16309798081621646,0.16440305532194538,0.0210561630322545,0.0002315328347227972,0.020602358676197818,0.021509967388311183,0.1285868483382239,0.0014681494652254207,0.12570927538638207,0.13146442129006572,0.12889013883026545,0.12711789863919015,0.1299902672101836,0.1644527970247506,0.1636520978062178,0.16531278079801281,0.19770071332965475,0.19634656432445258,0.1991107743476014
isotropic_COM_N1728,isotropic_COM,1728,1728,4000,3,Crms,1728.0,2.8331532309995157e-14,1728.0,1728.0,1.7918434340447266e-12,2.048242478912569e-14,1.7516978814580403e-12,1.831988986631413e-12,1.0369464317388463e-15,1.1853255086299588e-17,1.0137140517696991e-15,1.0601788117079935e-15,1727.9999999999968,1727.9999999999968,1727.999999999997,1728.0,1728.0,1728.0,1728.0000000000032,1728.0000000000027,1728.0000000000032
isotropic_COM_N1728,isotropic_COM,1728,1728,4000,3,Crms_peratom,1.0,1.6359430378544726e-17,1.0,1.0,1.0346612243830383e-15,0.0,1.0346612243830383e-15,1.0346612243830383e-15,1.0346612243830383e-15,1.692469178951611e-32,1.0346612243830383e-15,1.0346612243830383e-15,0.9999999999999982,0.9999999999999982,0.9999999999999983,1.0,1.0,1.0,1.0000000000000018,1.0000000000000016,1.0000000000000018
isotropic_COM_N1728,isotropic_COM,1728,1728,4000,3,max_to_rms,0.16375051806908095,0.00033292716982880836,0.1630979808162165,0.1644030553219454,0.021056163032254493,0.00023153283472279743,0.02060235867619781,0.021509967388311176,0.12858684833822384,0.001468149465225422,0.12570927538638202,0.13146442129006566,0.12889013883026554,0.12711789863919032,0.1299902672101836,0.16445279702475063,0.16365209780621737,0.1653127807980127,0.19770071332965494,0.19634656432445274,0.19911077434760102
isotropic_COM_N1728,isotropic_COM,1728,1728,4000,3,PR_fraction,0.6003767632308098,0.0001652819031342197,0.6000528107006667,0.6007007157609529,0.01045334539822914,0.00011491324337392063,0.010228115441216256,0.010678575355242024,0.01741130909526963,0.0001915158402179176,0.01703593804844251,0.017786680142096747,0.5830035912742312,0.582316057295448,0.5837247631297249,0.6004757237863971,0.6000507828290707,0.6007373511177635,0.6171530422385525,0.6167229909053732,0.6180485287942861
isotropic_iid_control_N4096,isotropic_iid_control,4096,4096,4000,7,Cmax,611.1367308634187,1.171729535811577,608.840140973228,613.4333207536095,74.10668269712829,0.8317748231408231,72.47640404377228,75.73696135048431,0.12126039714947225,0.0014212159062484784,0.11847481397322523,0.12404598032571926,482.843142751225,477.3674794322696,487.14121198041926,615.7072070231088,612.6492164360393,618.532139219908,725.9366952462387,721.4995508820999,731.8355254939187
isotropic_iid_control_N4096,isotropic_iid_control,4096,4096,4000,7,chi,1.0,2.4189137504381607e-17,1.0,1.0,1.5298553829769412e-15,0.0,1.5298553829769412e-15,1.5298553829769412e-15,1.5298553829769412e-15,3.699335309104813e-32,1.5298553829769412e-15,1.5298553829769412e-15,0.9999999999999974,0.9999999999999973,0.9999999999999976,1.0,0.9999999999999999,1.0,1.0000000000000024,1.0000000000000024,1.0000000000000027
isotropic_iid_control_N4096,isotropic_iid_control,4096,4096,4000,7,n_inf,611.1367308634187,1.1717295358115771,608.840140973228,613.4333207536095,74.1066826971283,0.8317748231408234,72.47640404377229,75.73696135048432,0.12126039714947227,0.0014212159062484786,0.11847481397322526,0.12404598032571929,482.8431427512246,477.36747943227004,487.14121198041914,615.7072070231085,612.6492164360385,618.5321392199061,725.9366952462398,721.4995508820991,731.8355254939208
isotropic_iid_control_N4096,isotropic_iid_control,4096,4096,4000,7,PR,2458.7794233719137,0.44011490734287334,2457.9167981535215,2459.642048590306,27.83531078794889,0.3125584917923135,27.222696144035957,28.447925431861826,0.011320784013141034,0.00012731005619045363,0.011071256303007745,0.011570311723274322,2412.313794921517,2410.5078447610517,2413.8349063664336,2459.3668346680897,2458.522859834818,2460.502680558098,2503.388804403603,2501.4078954791594,2505.7145573862063
isotropic_iid_control_N4096,isotropic_iid_control,4096,4096,4000,7,inverse_PR,0.00040675806295979424,7.293786251064135e-08,0.00040661510474927336,0.0004069010211703151,4.612995463956677e-06,5.230248092675051e-08,4.510482601340246e-06,4.715508326573108e-06,0.01134088266226365,0.00012832907065805254,0.011089357683773867,0.011592407640753434,0.00039945852529265854,0.0003990877560463763,0.00039977486351079264,0.0004066087197586632,0.0004064210162832163,0.0004067483025426037,0.00041453976764913806,0.0004142785396642178,0.00041485034042655346
isotropic_iid_control_N4096,isotropic_iid_control,4096,4096,4000,7,Q_gaussian,12288.134746991185,2.490963615761423,12283.252458304292,12293.017035678078,157.54237188829197,1.7913442482912756,154.03133716164106,161.05340661494287,0.012820690457261388,0.00014577270072959863,0.012534975963831374,0.013106404950691401,12028.517859501186,12020.624587793547,12038.237906124075,12289.056639433154,12282.560475607424,12294.973572596835,12550.3380127805,12538.863765590864,12559.456998633017
isotropic_iid_control_N4096,isotropic_iid_control,4096,4096,4000,7,R_gaussian,12288.134746991185,2.490963615761414,12283.252458304292,12293.017035678078,157.5423718882914,1.7913442482912694,154.03133716164052,161.05340661494228,0.01282069045726134,0.00014577270072959803,0.01253497596383133,0.013106404950691352,12028.517859501182,12020.624587793533,12038.23790612411,12289.056639433129,12282.560475607437,12294.973572596797,12550.33801278048,12538.863765590835,12559.456998633017
isotropic_iid_control_N4096,isotropic_iid_control,4096,4096,4000,7,max_r2_gaussian,20.427140117186397,0.042712787739003756,20.34342305321795,20.510857181154844,2.7013938894113085,0.04235176000117609,2.6183844398090033,2.784403339013614,0.13224533017906348,0.0019339763547924068,0.12845473652367037,0.1360359238344566,16.86606842779552,16.744828906795426,17.002777849089433,19.97536602117339,19.874959245801872,20.06586223893381,25.459956420971867,25.1716829123484,25.838800675105936
isotropic_iid_control_N4096,isotropic_iid_control,4096,4096,4000,7,Cmax_peratom,0.14920330343345184,0.00028606678120399827,0.148642612542292,0.14976399432461168,0.018092451830353587,0.000203070025180865,0.01769443458099909,0.018490469079708083,0.12126039714947225,0.0014212159062484784,0.11847481397322523,0.12404598032571926,0.11788162664824829,0.11654479478326894,0.11893095995615705,0.15031914233962618,0.1495725626064549,0.15100882305173535,0.17723063848785126,0.17614735128957518,0.17867078259128874
isotropic_iid_control_N4096,isotropic_iid_control,4096,4096,4000,7,Crms,4096.0,9.907870721794706e-14,4096.0,4096.0,6.266287648673551e-12,6.750717134620466e-14,6.13397359283499e-12,6.398601704512112e-12,1.5298553829769412e-15,1.64812430044445e-17,1.49755214668823e-15,1.5621586192656523e-15,4095.9999999999895,4095.999999999989,4095.99999999999,4096.0,4095.9999999999995,4096.0,4096.00000000001,4096.00000000001,4096.000000000011
isotropic_iid_control_N4096,isotropic_iid_control,4096,4096,4000,7,Crms_peratom,1.0,2.4189137504381607e-17,1.0,1.0,1.5298553829769412e-15,0.0,1.5298553829769412e-15,1.5298553829769412e-15,1.5298553829769412e-15,3.699335309104813e-32,1.5298553829769412e-15,1.5298553829769412e-15,0.9999999999999974,0.9999999999999973,0.9999999999999976,1.0,0.9999999999999999,1.0,1.0000000000000024,1.0000000000000024,1.0000000000000027
isotropic_iid_control_N4096,isotropic_iid_control,4096,4096,4000,7,max_to_rms,0.14920330343345184,0.0002860667812039983,0.148642612542292,0.14976399432461168,0.01809245183035359,0.0002030700251808651,0.017694434580999095,0.018490469079708086,0.12126039714947227,0.0014212159062484786,0.11847481397322526,0.12404598032571929,0.1178816266482482,0.11654479478326905,0.11893095995615702,0.1503191423396261,0.1495725626064547,0.15100882305173488,0.1772306384878515,0.17614735128957498,0.17867078259128927
isotropic_iid_control_N4096,isotropic_iid_control,4096,4096,4000,7,PR_fraction,0.6002879451591586,0.00010744992855050619,0.6000773432991996,0.6004985470191176,0.006795730172839085,7.630822553523278e-05,0.006646166050790029,0.006945294294888141,0.011320784013141034,0.00012731005619045363,0.011071256303007745,0.011570311723274322,0.588943797588261,0.5885028917873661,0.5893151626871176,0.6004313561201391,0.6002253075768599,0.6007086622456294,0.6111789073250984,0.6106952869822166,0.6117467181118668
isotropic_COM_N4096,isotropic_COM,4096,4096,4000,7,Cmax,611.2037672720977,1.1720553557652071,608.9065387747979,613.5009957693975,74.12728936034033,0.8327080563492858,72.49518156989572,75.75939715078493,0.12128081227506586,0.001423145415838394,0.11849144726002261,0.12407017729010911,482.6095700497834,477.22689368744767,487.8613426517176,616.4337711204494,613.0194257651335,619.0679683708668,726.3351674537053,721.3402490323206,730.7845610193497
isotropic_COM_N4096,isotropic_COM,4096,4096,4000,7,chi,1.0,2.4761302175156075e-17,1.0,1.0,1.566042254103495e-15,0.0,1.566042254103495e-15,1.566042254103495e-15,1.566042254103495e-15,3.877518904802097e-32,1.566042254103495e-15,1.566042254103495e-15,0.9999999999999973,0.9999999999999973,0.9999999999999976,1.0,1.0,1.0,1.0000000000000024,1.0000000000000024,1.0000000000000027
isotropic_COM_N4096,isotropic_COM,4096,4096,4000,7,n_inf,611.2037672720977,1.172055355765207,608.9065387747979,613.5009957693975,74.12728936034031,0.8327080563492852,72.49518156989572,75.7593971507849,0.12128081227506585,0.0014231454158383932,0.1184914472600226,0.1240701772901091,482.60957004978275,477.226893687449,487.8613426517183,616.4337711204497,613.0194257651345,619.0679683708664,726.3351674537034,721.340249032321,730.7845610193485
isotropic_COM_N4096,isotropic_COM,4096,4096,4000,7,PR,2458.7818567943095,0.44033461227022286,2457.91880095426,2459.644912634359,27.849206147620617,0.3125598384499524,27.23658886425871,28.461823430982523,0.011326424127730318,0.00012731057710833492,0.011076895396597982,0.011575952858862653,2412.1962606755383,2410.0412227731936,2413.5023184307333,2459.516335518805,2458.3836871424896,2460.6384415935054,2503.656510973406,2501.2412676775434,2505.982807979118
isotropic_COM_N4096,isotropic_COM,4096,4096,4000,7,inverse_PR,0.000406757712387845,7.297407482489519e-08,0.0004066146832011882,0.0004069007415745018,4.615285731804436e-06,5.229770026676998e-08,4.512782239281567e-06,4.717789224327305e-06,0.01134652298222128,0.0001283172816454988,0.011095021110196102,0.011598024854246457,0.00039941581267961807,0.00039904503606967,0.00039980149573036656,0.0004065840041643942,0.00040639859277838544,0.0004067713291582866,0.0004145599660788053,0.00041433562850281543,0.000414930661994784
isotropic_COM_N4096,isotropic_COM,4096,4096,4000,7,Q_gaussian,12285.120665736826,2.489202572480472,12280.241828694763,12289.999502778888,157.43099373177316,1.7908429010677445,153.9209416456804,160.94104581786593,0.012814769835419513,0.00014576811472986743,0.012529064330548973,0.013100475340290053,12027.151904728464,12016.597016076314,12035.300194998916,12286.175724079214,12280.489030791636,12291.70158594349,12546.711244173908,12535.98628989383,12556.061553135783
isotropic_COM_N4096,isotropic_COM,4096,4096,4000,7,R_gaussian,12285.120665736826,2.489202572480466,12280.241828694763,12289.999502778888,157.43099373177276,1.7908429010677385,153.92094164568,160.94104581786553,0.01281476983541948,0.00014576811472986691,0.012529064330548942,0.013100475340290019,12027.151904728466,12016.5970160763,12035.30019499892,12286.175724079207,12280.489030791647,12291.70158594349,12546.711244173926,12535.986289893804,12556.061553135763
isotropic_COM_N4096,isotropic_COM,4096,4096,4000,7,max_r2_gaussian,20.420209217285418,0.042731106520736035,20.336456248504774,20.50396218606606,2.7025524708959785,0.042376072227609037,2.6194953693298646,2.7856095724620924,0.1323469530668817,0.001935312773943517,0.12855374002995243,0.136140166103811,16.88144808676064,16.752570595710132,16.994153989170417,19.965919860028894,19.864597289161782,20.05114653764797,25.466462171160583,25.189701169105675,25.813665015637227
isotropic_COM_N4096,isotropic_COM,4096,4096,4000,7,Cmax_peratom,0.14921966974416448,0.000286146327091115,0.1486588229430659,0.14978051654526306,0.018097482753989338,0.00020329786531964985,0.017699018937962822,0.018495946570015853,0.12128081227506586,0.001423145415838394,0.11849144726002261,0.12407017729010911,0.1178246020629354,0.11651047209166203,0.1191067731083295,0.15049652615245346,0.1496629457434408,0.15113964071554364,0.17732792174162726,0.1761084592364064,0.17841419946761466
isotropic_COM_N4096,isotropic_COM,4096,4096,4000,7,Crms,4096.0,1.0142229370943928e-13,4096.0,4096.0,6.4145090728079154e-12,7.095286295440022e-14,6.275441461417291e-12,6.55357668419854e-12,1.566042254103495e-15,1.7322476307226618e-17,1.5320902005413307e-15,1.5999943076656592e-15,4095.999999999989,4095.999999999989,4095.99999999999,4096.0,4096.0,4096.0,4096.00000000001,4096.00000000001,4096.000000000011
isotropic_COM_N4096,isotropic_COM,4096,4096,4000,7,Crms_peratom,1.0,2.4761302175156075e-17,1.0,1.0,1.566042254103495e-15,0.0,1.566042254103495e-15,1.566042254103495e-15,1.566042254103495e-15,3.877518904802097e-32,1.566042254103495e-15,1.566042254103495e-15,0.9999999999999973,0.9999999999999973,0.9999999999999976,1.0,1.0,1.0,1.0000000000000024,1.0000000000000024,1.0000000000000027
isotropic_COM_N4096,isotropic_COM,4096,4096,4000,7,max_to_rms,0.14921966974416448,0.00028614632709111497,0.1486588229430659,0.14978051654526306,0.018097482753989334,0.00020329786531964972,0.017699018937962822,0.018495946570015846,0.12128081227506585,0.0014231454158383932,0.1184914472600226,0.1240701772901091,0.11782460206293524,0.11651047209166235,0.11910677310832966,0.15049652615245354,0.14966294574344105,0.15113964071554356,0.17732792174162681,0.1761084592364065,0.1784141994676144
isotropic_COM_N4096,isotropic_COM,4096,4096,4000,7,PR_fraction,0.6002885392564232,0.00010750356744878488,0.6000778322642236,0.6004992462486228,0.00679912259463394,7.630855430907041e-05,0.006649557828188162,0.006948687361079718,0.011326424127730318,0.00012731057710833492,0.011076895396597982,0.011575952858862653,0.5889151027039888,0.5883889704036117,0.5892339644606283,0.6004678553512708,0.6001913298687719,0.6007418070296644,0.6112442653743667,0.6106546063665877,0.6118122089792769
periodic_L1d_N16,periodic_L1d,16,16,4000,12,Cmax,2.0865650497227253,0.007257446388670692,2.0723404548009308,2.10078964464452,0.4590012116952602,0.005146528822502068,0.44891401520315616,0.46908840818736425,0.2199793444044579,0.0023888625166124753,0.21529717387189745,0.22466151493701836,1.376478217907745,1.3544403830136107,1.4098488734427088,2.058814529590543,2.036828630863058,2.0764045935729967,2.8932680684762997,2.8707197547097074,2.9266529199746993
periodic_L1d_N16,periodic_L1d,16,16,4000,12,chi,0.3373099272158006,0.0003776039009956242,0.33656982356984916,0.33805003086175206,0.023881767610217895,0.0003152533326386939,0.023263871078246054,0.024499664142189737,0.07080066634071837,0.0009036726520591898,0.06902946794268236,0.07257186473875438,0.3029407780168734,0.3020098728655418,0.30432885834352796,0.3347365660602287,0.3338248584634158,0.33575251375823184,0.38031525266596394,0.37834993029878133,0.38330760905085687
periodic_L1d_N16,periodic_L1d,16,16,4000,12,n_inf,6.1923213992084385,0.020827320059782474,6.1514998518912645,6.2331429465256125,1.3172353789245375,0.014079674973455247,1.2896392159765653,1.3448315418725096,0.21272077045175966,0.0022408750811275546,0.20832865529274966,0.21711288561076966,4.140613705527674,4.094320855933954,4.219822215218481,6.117510662403735,6.057307427018424,6.169158526297023,8.495357804243724,8.403534966193384,8.599180212270598
periodic_L1d_N16,periodic_L1d,16,16,4000,12,PR,10.55388779969667,0.02373953587765402,10.507358309376468,10.600417290016871,1.501420079373421,0.016866475787206226,1.4683617868304968,1.534478371916345,0.14226227413717374,0.001700001465442579,0.13893027126490629,0.1455942770094412,7.954634309930748,7.850462539672236,8.098920775116198,10.659931626738883,10.597401833647462,10.71862264504941,12.907210112253285,12.841542009470412,13.008237558999198
periodic_L1d_N16,periodic_L1d,16,16,4000,12,inverse_PR,0.0969097461662575,0.00024663346335761574,0.09642634457807657,0.09739314775443843,0.015598469828514896,0.0003009131354222893,0.015008680083087209,0.016188259573942584,0.1609587316610478,0.0028785560710775744,0.15531676176173576,0.16660070156035983,0.07747608064926498,0.07687436483724057,0.07787226793032469,0.09380923215786935,0.09329556913377002,0.09436275189876568,0.1257128831026436,0.12347324140674194,0.12738102945482635
periodic_L1d_N16,periodic_L1d,16,16,4000,12,Q_gaussian,96.37532839871994,0.37761338742054446,95.63520615937567,97.11545063806422,23.8823675844099,0.29677038238793874,23.300697634929538,24.46403753389026,0.24780582314183952,0.0028686198114587637,0.24218332831138034,0.2534283179722987,61.35215577634956,60.11639082096825,62.450114554352496,93.93903962711073,92.9546110073907,94.5452230637905,139.13653677630495,137.65169085465797,140.68552716283702
periodic_L1d_N16,periodic_L1d,16,16,4000,12,R_gaussian,289.07343489962847,1.2923272881717711,286.5404734148118,291.60639638444513,81.7339542602315,1.035355175552364,79.70465811614886,83.76325040431414,0.2827446053235954,0.0032807470816564226,0.2763143410435488,0.289174869603642,171.60814280197837,167.08223828131278,174.814115144232,280.093425619081,276.6920638214956,282.99719885662626,436.43093500566283,430.0278461998049,444.53997415483013
periodic_L1d_N16,periodic_L1d,16,16,4000,12,max_r2_gaussian,48.86040727801014,0.2804578518895982,48.31070988830653,49.41010466771375,17.73771199298577,0.2781325027317887,17.192572287631464,18.282851698340075,0.36302832868461804,0.004876337653689158,0.3534707068833873,0.3725859504858488,25.292020718917417,24.524909745525317,25.917451185668604,45.47954831094455,44.94397788932963,46.2470345839696,82.60638793557148,79.76393519665486,84.67173922248833
periodic_L1d_N16,periodic_L1d,16,16,4000,12,Cmax_peratom,0.13041031560767033,0.00045359039929191824,0.12952127842505817,0.1312993527902825,0.028687575730953763,0.00032165805140637926,0.02805712595019726,0.029318025511710265,0.2199793444044579,0.0023888625166124753,0.21529717387189745,0.22466151493701836,0.08602988861923407,0.08465252393835067,0.0881155545901693,0.12867590809940893,0.12730178942894113,0.1297752870983123,0.18082925427976873,0.1794199846693567,0.1829158074984187
periodic_L1d_N16,periodic_L1d,16,16,4000,12,Crms,5.39695883545281,0.006041662415929987,5.3851171771175865,5.408800493788033,0.3821082817634863,0.005044053322219103,0.37222193725193686,0.3919946262750358,0.07080066634071837,0.0009036726520591898,0.06902946794268236,0.07257186473875438,4.847052448269975,4.832157965848669,4.869261733496447,5.35578505696366,5.341197735414653,5.3720402201317095,6.085044042655423,6.053598884780501,6.13292174481371
periodic_L1d_N16,periodic_L1d,16,16,4000,12,Crms_peratom,0.3373099272158006,0.0003776039009956242,0.33656982356984916,0.33805003086175206,0.023881767610217895,0.0003152533326386939,0.023263871078246054,0.024499664142189737,0.07080066634071837,0.0009036726520591898,0.06902946794268236,0.07257186473875438,0.3029407780168734,0.3020098728655418,0.30432885834352796,0.3347365660602287,0.3338248584634158,0.33575251375823184,0.38031525266596394,0.37834993029878133,0.38330760905085687
periodic_L1d_N16,periodic_L1d,16,16,4000,12,max_to_rms,0.3870200874505274,0.0013017075037364046,0.38446874074320403,0.3895714341578508,0.08232721118278359,0.000879979685840953,0.08060245099853533,0.08405197136703185,0.21272077045175966,0.0022408750811275546,0.20832865529274966,0.21711288561076966,0.2587883565954796,0.2558950534958721,0.26373888845115506,0.3823444164002334,0.3785817141886515,0.38557240789356395,0.5309598627652328,0.5252209353870865,0.5374487632669124
periodic_L1d_N16,periodic_L1d,16,16,4000,12,PR_fraction,0.6596179874810418,0.0014837209923533763,0.6567098943360292,0.6625260806260544,0.09383875496083881,0.0010541547367003891,0.09177261167690605,0.09590489824477157,0.14226227413717374,0.001700001465442579,0.13893027126490629,0.1455942770094412,0.49716464437067176,0.49065390872951475,0.5061825484447624,0.6662457266711802,0.6623376146029664,0.6699139153155881,0.8067006320158303,0.8025963755919008,0.8130148474374499
periodic_L1d_N64,periodic_L1d,64,64,4000,16,Cmax,5.991235706476471,0.0184039086297533,5.955164045562154,6.0273073673907875,1.1639653823929783,0.012032348130725769,1.1403819800567558,1.1875487847292008,0.19427801532407454,0.0020583387443291186,0.19024367138518947,0.19831235926295962,4.134646374451171,4.046887835551418,4.195195835988195,5.966590102215693,5.918035651387273,6.0123692196540235,7.943143895501931,7.863422613960176,7.99759164823064
periodic_L1d_N64,periodic_L1d,64,64,4000,16,chi,0.3343317045349315,0.00018306244258045729,0.33397290214747377,0.3346905069223892,0.011577885451760734,0.00013451045557677787,0.011314244958830249,0.01184152594469122,0.03462993576354365,0.00039774551253832376,0.03385035455896854,0.03540951696811877,0.3168326657801626,0.31593327654228137,0.3173869396237442,0.33355301443032914,0.3331693130305836,0.33406953945200174,0.3546380429312894,0.3538853283613396,0.3553818819910401
periodic_L1d_N64,periodic_L1d,64,64,4000,16,n_inf,17.92333841764002,0.054522715110372266,17.81647389602369,18.030202939256352,3.4483192793051027,0.03580873063719822,3.3781341672561944,3.518504391354011,0.19239268929449502,0.002043474473274424,0.18838747932687713,0.1963978992621129,12.363007177422185,12.112019499209982,12.58692298529258,17.850161043033882,17.693496245335762,17.974402094618082,23.722352248653237,23.524059121632494,23.898321158546487
periodic_L1d_N64,periodic_L1d,64,64,4000,16,PR,39.66723628275568,0.05687261423013004,39.555765958864626,39.778706606646736,3.59693994910629,0.041692785277533256,3.5152220899623248,3.678657808250255,0.09067785624051575,0.0010861264545897191,0.0885490483895199,0.0928066640915116,33.32956543556163,33.08936180713862,33.7049742746868,39.78986217733582,39.66481216052504,39.96030510628375,45.25299081219089,45.06619867813845,45.503851246132896
periodic_L1d_N64,periodic_L1d,64,64,4000,16,inverse_PR,0.025428969616232575,3.8630319322650415e-05,0.02535325419036018,0.025504685042104968,0.002443195915983766,3.787332498761141e-05,0.0023689641990080473,0.0025174276329594843,0.09607923375802661,0.0014226189649673845,0.09329090058669054,0.09886756692936269,0.022097986941898722,0.02197616185476134,0.022189579537026684,0.02513202978003958,0.02502483395310088,0.025211262717013787,0.03000339149740741,0.029669211192693973,0.03022119331972919
periodic_L1d_N64,periodic_L1d,64,64,4000,16,Q_gaussian,382.93639929502376,0.7553764739345451,381.45586140611204,384.4169371839355,47.77420297079948,0.5487894167024961,46.698575714062585,48.84983022753637,0.12475753952549452,0.0014182952340775449,0.12197768086670253,0.1275373981842865,308.2880261531731,304.85643562707776,310.4507082616631,381.94616620408283,380.23967053359326,383.7326257275565,463.18510159075925,460.35330413553453,467.59541490010514
periodic_L1d_N64,periodic_L1d,64,64,4000,16,R_gaussian,1148.789743847842,2.5868288203330083,1143.7195593599893,1153.8599283356946,163.6054197843759,1.8525979818529794,159.97432773994404,167.23651182880775,0.14241545997475893,0.0015890009379926227,0.1393010181362934,0.14552990181322448,890.6417971267588,883.5051958963252,902.3539449966182,1142.119917255055,1135.3049658829902,1148.9446417359704,1427.0622020926114,1416.8392143732822,1443.6492431040438
periodic_L1d_N64,periodic_L1d,64,64,4000,16,max_r2_gaussian,66.65629666661543,0.26800055980536824,66.13101556939691,67.18157776383396,16.949843663702712,0.26884176507707686,16.42291380415164,17.476773523253783,0.25428720933114757,0.003600189212817689,0.2472308384740249,0.26134358018827025,43.927831577698925,43.26598018537618,44.557875200262316,63.86357216676193,63.38201008571248,64.54597596768814,97.92098927577179,96.58242298185519,99.69077292142691
periodic_L1d_N64,periodic_L1d,64,64,4000,16,Cmax_peratom,0.09361305791369486,0.00028756107233989534,0.09304943821190866,0.09417667761548106,0.018186959099890286,0.00018800543954259014,0.01781846843838681,0.018555449761393762,0.19427801532407454,0.0020583387443291186,0.19024367138518947,0.19831235926295962,0.06460384960079954,0.06323262243049091,0.06554993493731555,0.0932279703471202,0.09246930705292614,0.09394326905709412,0.12411162336721768,0.12286597834312775,0.12496236950360375
periodic_L1d_N64,periodic_L1d,64,64,4000,16,Crms,21.397229090235616,0.011715996325149266,21.37426573743832,21.42019244303291,0.740984668912687,0.008608669156913783,0.7241116773651359,0.7578576604602381,0.03462993576354365,0.00039774551253832376,0.03385035455896854,0.03540951696811877,20.277290609930407,20.219729698706008,20.31276413591963,21.347392923541065,21.32283603395735,21.38045052492811,22.696834747602523,22.648661015125736,22.744440447426566
periodic_L1d_N64,periodic_L1d,64,64,4000,16,Crms_peratom,0.3343317045349315,0.00018306244258045729,0.33397290214747377,0.3346905069223892,0.011577885451760734,0.00013451045557677787,0.011314244958830249,0.01184152594469122,0.03462993576354365,0.00039774551253832376,0.03385035455896854,0.03540951696811877,0.3168326657801626,0.31593327654228137,0.3173869396237442,0.33355301443032914,0.3331693130305836,0.33406953945200174,0.3546380429312894,0.3538853283613396,0.3553818819910401
periodic_L1d_N64,periodic_L1d,64,64,4000,16,max_to_rms,0.28005216277562534,0.0008519174235995667,0.2783824046253702,0.2817219209258805,0.05387998873914223,0.0005595114162062222,0.05278334636337804,0.05497663111490642,0.19239268929449502,0.002043474473274424,0.18838747932687713,0.1963978992621129,0.19317198714722164,0.18925030467515597,0.19667067164519655,0.2789087662974044,0.2764608788333713,0.28085003272840753,0.37066175388520683,0.3675634237755077,0.37341126810228886
periodic_L1d_N64,periodic_L1d,64,64,4000,16,PR_fraction,0.6198005669180575,0.0008886345973457819,0.6180588431072598,0.6215422907288553,0.05620218670478578,0.0006514497699614571,0.054925345155661325,0.057479028253910235,0.09067785624051575,0.0010861264545897191,0.0885490483895199,0.0928066640915116,0.5207744599306505,0.517021278236541,0.5266402230419812,0.6217165965208722,0.6197626900082037,0.6243797672856836,0.7070779814404826,0.7041593543459133,0.7109976757208265
periodic_L1d_N216,periodic_L1d,216,216,4000,13,Cmax,15.984481914426922,0.04263393010064051,15.900919411429667,16.06804441742418,2.696406494448714,0.029532442743409812,2.6385229066716307,2.7542900822257974,0.16868901406276113,0.0018866052908070134,0.1649912676927794,0.17238676043274287,11.489267990517932,11.354328122514532,11.67309274547615,15.95458468413322,15.84227963991962,16.052208498704445,20.440331631352198,20.295536183008057,20.64985359421488
periodic_L1d_N216,periodic_L1d,216,216,4000,13,chi,0.33356320054755245,9.575630528289232e-05,0.333375518189198,0.33375088290590693,0.006056160500327075,6.913885646656813e-05,0.005920648341652601,0.006191672659001548,0.018155961120368595,0.0002066712549442903,0.017750885460677785,0.018561036780059405,0.3240219821253719,0.32365315458835603,0.3242842404893154,0.3334030351059865,0.33316047733658005,0.33362171910423705,0.3437000414322618,0.34339874390933744,0.34412719341866876
periodic_L1d_N216,periodic_L1d,216,216,4000,13,n_inf,47.925949845950704,0.1276068574739782,47.675840405301706,48.1760592865997,8.070566293485033,0.08875748422333511,7.896601624407296,8.24453096256277,0.1683965851365786,0.0018910090524076244,0.16469020739385964,0.17210296287929755,34.55207757299491,34.09147658991443,35.113031260875516,47.79968640931314,47.510997974134156,48.14319302043695,61.13936840602177,60.589011129835995,61.73536039073116
periodic_L1d_N216,periodic_L1d,216,216,4000,13,PR,130.9013909552546,0.11588691726773542,130.67425259740986,131.12852931309936,7.329332191630819,0.08926614608077527,7.154370545312499,7.504293837949138,0.05599124759595694,0.0006936671821553618,0.05463165991893243,0.057350835272981446,118.68838055810158,118.00072405351384,119.13285881322506,131.13342908273012,130.89188613578946,131.42660112363703,142.48259647395463,142.0937750010846,143.02021874044576
periodic_L1d_N216,periodic_L1d,216,216,4000,13,inverse_PR,0.00766397506658931,6.987044921957832e-06,0.007650280458542273,0.0076776696746363475,0.00044189952134600336,6.43338573059745e-06,0.00042929008531403235,0.0004545089573779744,0.05765931093283963,0.000819738079315865,0.05605262429738053,0.05926599756829873,0.00701840107986064,0.006992018392971473,0.007037605975296012,0.007625820563245787,0.007608809719268851,0.007639892964507998,0.008425424601066179,0.008393989785536725,0.008474524271109521
periodic_L1d_N216,periodic_L1d,216,216,4000,13,Q_gaussian,1297.7725522163664,1.365863221078135,1295.0954603030532,1300.4496441296797,86.3847750172202,0.9765175927567271,84.47080053541703,88.29874949902339,0.06656387890905094,0.0007495425003063917,0.06509477560845041,0.06803298220965147,1157.6938182010042,1152.70899410145,1163.1613321706761,1295.9185113980263,1293.2449040434444,1299.363803142231,1442.4466217830975,1436.643832337476,1447.3766714542526
periodic_L1d_N216,periodic_L1d,216,216,4000,13,R_gaussian,3893.6697335544704,4.632642933565767,3884.5897534046817,3902.749713704259,292.9940651270386,3.3025827996571278,286.5210028397106,299.4671274143666,0.07524882313517867,0.0008432089273154056,0.07359613363764048,0.07690151263271686,3421.989017917946,3407.6223860814907,3435.7809028169027,3888.3027211812205,3878.655472555417,3898.8565030078844,4385.710858937841,4365.502555419393,4410.422451732549
periodic_L1d_N216,periodic_L1d,216,216,4000,13,max_r2_gaussian,83.74083335181926,0.26329926848715696,83.22476678558444,84.25689991805409,16.65250789351225,0.27702518972128054,16.109538521658543,17.19547726536596,0.19885768061980336,0.003027370744975003,0.19292403395965235,0.20479132727995436,61.47913419899983,60.93574467929626,62.08032624172379,81.30334280709596,80.75763223595905,81.79121941058429,114.14542843188953,112.7039295489609,116.2095614080471
periodic_L1d_N216,periodic_L1d,216,216,4000,13,Cmax_peratom,0.07400223108530983,0.00019737930602148384,0.07361536764550772,0.07438909452511194,0.012483363400225529,0.0001367242719602306,0.012215383827183478,0.01275134297326758,0.16868901406276113,0.0018866052908070134,0.1649912676927794,0.17238676043274287,0.0531910555116571,0.05256633390053024,0.054042096043871064,0.07386381798209825,0.07334388722185009,0.07431578008659466,0.09463116495996388,0.09396081566207434,0.0956011740472911
periodic_L1d_N216,periodic_L1d,216,216,4000,13,Crms,72.04965131827133,0.020683361941104744,72.00911192886676,72.0901907076759,1.3081306680706484,0.014933992996778713,1.278860041796962,1.3374012943443347,0.0181559611203686,0.00020667125494429025,0.01775088546067779,0.01856103678005941,69.98874813908034,69.9090813910849,70.04539594569214,72.01505558289308,71.96266310470129,72.06229132651521,74.23920894936853,74.17412868441689,74.33147377843245
periodic_L1d_N216,periodic_L1d,216,216,4000,13,Crms_peratom,0.33356320054755245,9.575630528289232e-05,0.333375518189198,0.33375088290590693,0.006056160500327075,6.913885646656813e-05,0.005920648341652601,0.006191672659001548,0.018155961120368595,0.0002066712549442903,0.017750885460677785,0.018561036780059405,0.3240219821253719,0.32365315458835603,0.3242842404893154,0.3334030351059865,0.33316047733658005,0.33362171910423705,0.3437000414322618,0.34339874390933744,0.34412719341866876
periodic_L1d_N216,periodic_L1d,216,216,4000,13,max_to_rms,0.22187939743495697,0.0005907724883054546,0.22072148335787828,0.22303731151203565,0.03736373284020848,0.00041091427881173663,0.03655834085373748,0.03816912482667949,0.16839658513657857,0.0018910090524076244,0.16469020739385962,0.17210296287929752,0.15996332209719868,0.15783091013849274,0.16256032991146072,0.22129484448756084,0.2199583239543248,0.22288515287239327,0.28305263150936,0.2805046811566481,0.2858118536607924
periodic_L1d_N216,periodic_L1d,216,216,4000,13,PR_fraction,0.6060249581261787,0.0005365135058691455,0.6049733916546752,0.6070765245976822,0.03393209347977231,0.000413269194818404,0.03312208585792824,0.03474210110161638,0.05599124759595694,0.0006936671821553617,0.05463165991893243,0.057350835272981446,0.5494832433245443,0.5462996483958974,0.5515410130241901,0.6070992087163432,0.6059809543323587,0.6084564866835047,0.6596416503423825,0.6578415509309472,0.6621306423168785
periodic_L1d_N474,periodic_L1d,474,474,4000,15,Cmax,30.98272475084074,0.07462058769961198,30.836468398949503,31.12898110273198,4.719420349422366,0.0492272409085872,4.622934957241535,4.815905741603197,0.15232425125212076,0.0016473258560741391,0.14909549257421545,0.15555300993002608,23.11151348536918,22.84624866088172,23.314262721678475,31.008016007845974,30.841024728670043,31.230909405897247,38.66061885699009,38.41778358842905,38.84080059626015
periodic_L1d_N474,periodic_L1d,474,474,4000,15,chi,0.33336140053717156,6.474661884421953e-05,0.33323449716423686,0.33348830391010625,0.0040949357268502485,4.444849920699844e-05,0.004007816668404531,0.0041820547852959656,0.012283772867079858,0.00013325004021924982,0.012022602788250129,0.012544942945909587,0.3267739894286024,0.3265541514352934,0.3269742665438803,0.33326554636960937,0.3331343762866426,0.3334256889741241,0.34010297433803205,0.33989429008433886,0.3404606326986605
periodic_L1d_N474,periodic_L1d,474,474,4000,15,n_inf,92.94036615867493,0.22313492517580488,92.50302170533035,93.37771061201951,14.112291781735813,0.14707666677214265,13.824021514862414,14.400562048609212,0.15184243795254931,0.0016414669498835703,0.14862516273077753,0.1550597131743211,69.46249228688082,68.515257209673,70.10282190601677,93.14973334187849,92.411941797219,93.72281074642358,115.75983958969549,115.12453550357719,116.73749099357214
periodic_L1d_N474,periodic_L1d,474,474,4000,15,PR,285.53604293473234,0.17473066973891252,285.1935708220441,285.8785150474206,11.050937869232442,0.13179228690492908,10.792624986898781,11.309250751566102,0.03870242704091287,0.00046582347040118114,0.03778941303892655,0.039615441042899185,266.54444257977786,265.5947984476327,267.6443613244215,286.05319161116466,285.64678345771483,286.4482837015979,303.00031011762024,302.56608677821384,303.6327002360043
periodic_L1d_N474,periodic_L1d,474,474,4000,15,inverse_PR,0.0035075037705310447,2.177395547762094e-06,0.003503236075257431,0.003511771465804658,0.0001377105859607632,1.813740193866167e-06,0.00013415565518078553,0.0001412655167407409,0.039261707176985725,0.0005101927189835618,0.03826172944777794,0.04026168490619351,0.003300326656146295,0.003293452909461764,0.0033050630711730002,0.003495853321432327,0.00349103156450304,0.0035008270980514404,0.003751719565513602,0.00373630139283175,0.0037651339779426066
periodic_L1d_N474,periodic_L1d,474,474,4000,15,Q_gaussian,2845.111028376667,2.0791752578860296,2841.0358448712104,2849.1862118821236,131.4985893917564,1.506960425491362,128.54494695779334,134.45223182571948,0.046219141566079924,0.0005271954507873271,0.045185838482536766,0.04725244464962308,2631.7320441304178,2622.2204483009673,2639.8682952343743,2842.404247891311,2836.516854459105,2846.9761682395538,3071.882915723029,3061.852808440794,3078.356511113381
periodic_L1d_N474,periodic_L1d,474,474,4000,15,R_gaussian,8537.854126420216,7.07662142665674,8523.98394842397,8551.724304416462,447.5648369397099,5.133706771854439,437.5027716668752,457.62690221254456,0.05242123258521478,0.0005972494770447764,0.05125062361020702,0.053591841560222536,7817.9602273993705,7795.34064606517,7840.827115135323,8524.035658290893,8506.918789388657,8541.47298551759,9295.249633217818,9262.635199050408,9327.984932789004
periodic_L1d_N474,periodic_L1d,474,474,4000,15,max_r2_gaussian,94.14324310178583,0.25601297929090133,93.64145766237566,94.645028541196,16.191682502495343,0.24375730808157417,15.713918178655458,16.66944682633523,0.171989852580171,0.002380913560309541,0.1673232620019643,0.1766564431583777,72.58285473055358,72.04624885199465,73.24641503528203,91.71554809948928,91.21258591380169,92.37798097885077,124.3482032580771,122.6025678069752,126.28991809131826
periodic_L1d_N474,periodic_L1d,474,474,4000,15,Cmax_peratom,0.06536439820852476,0.00015742740021015185,0.06505584050411287,0.06567295591293665,0.009956583015659,0.00010385493862571139,0.009753027335952605,0.010160138695365395,0.1523242512521208,0.0016473258560741387,0.14909549257421548,0.1555530099300261,0.04875846726871136,0.04819883683730321,0.04918620827358328,0.06541775529081428,0.06506545301407182,0.06588799452720938,0.08156248704006348,0.08105017634689674,0.08194261729168809
periodic_L1d_N474,periodic_L1d,474,474,4000,15,Crms,158.01330385461932,0.030689897332160054,157.9531516558483,158.07345605339034,1.9409995345270177,0.021068588624117264,1.8997051008237478,1.9822939682302876,0.012283772867079856,0.00013325004021924982,0.012022602788250127,0.012544942945909585,154.89087098915755,154.78666778032908,154.98580234179926,157.96786897919483,157.9056943598686,158.04377657373482,161.2088098362272,161.1098934999766,161.37833989916507
periodic_L1d_N474,periodic_L1d,474,474,4000,15,Crms_peratom,0.33336140053717156,6.474661884421953e-05,0.33323449716423686,0.33348830391010625,0.0040949357268502485,4.444849920699844e-05,0.004007816668404531,0.0041820547852959656,0.012283772867079858,0.00013325004021924982,0.012022602788250129,0.012544942945909587,0.3267739894286024,0.3265541514352934,0.3269742665438803,0.33326554636960937,0.3331343762866426,0.3334256889741241,0.34010297433803205,0.33989429008433886,0.3404606326986605
periodic_L1d_N474,periodic_L1d,474,474,4000,15,max_to_rms,0.19607672185374458,0.0004707487872907276,0.19515405423065477,0.1969993894768344,0.029772767472016484,0.0003102883265235077,0.02916460235203041,0.030380932592002557,0.15184243795254931,0.0016414669498835703,0.14862516273077753,0.1550597131743211,0.1465453423773857,0.14454695613855062,0.14789624874687082,0.19651842477189557,0.19496190252577847,0.19772744883211724,0.24421907086433647,0.24287876688518395,0.24628162656871758
periodic_L1d_N474,periodic_L1d,474,474,4000,15,PR_fraction,0.6023967150521781,0.0003686301049344145,0.6016742000465066,0.6031192300578495,0.02331421491399249,0.0002780427993774879,0.02276925102721261,0.023859178800772367,0.03870242704091285,0.00046582347040118185,0.03778941303892653,0.039615441042899165,0.5623300476366622,0.5603265790034445,0.5646505513173449,0.6034877460151153,0.6026303448474997,0.6043212736320631,0.6392411605856968,0.6383250775911684,0.6405753169535956
periodic_L1d_N1000,periodic_L1d,1000,1000,4000,11,Cmax,59.28408848208915,0.1307000281756019,59.02791642686498,59.54026053731333,8.266195585661672,0.0922981560289423,8.085291199844946,8.447099971478398,0.13943362877476048,0.0016030890553256655,0.13629157422632218,0.14257568332319878,45.14889674113796,44.56700851421241,45.69715802751746,59.3692181087476,59.01295190522692,59.71581948757488,72.8283318177685,72.26113600902137,73.4282859222093
periodic_L1d_N1000,periodic_L1d,1000,1000,4000,11,chi,0.3334411899751716,4.511432602610405e-05,0.3333527658961604,0.33352961405418274,0.0028532805069180346,3.152902950559779e-05,0.002791483609087063,0.0029150774047490063,0.008557072709374907,9.4466042152851e-05,0.00837191926675532,0.008742226151994494,0.32880903550742424,0.32865736947645713,0.32896292474279165,0.33337892504543476,0.3332677319703495,0.33349675770222265,0.338226610924873,0.33802238610421814,0.33842329141580296
periodic_L1d_N1000,periodic_L1d,1000,1000,4000,11,n_inf,177.79303060404646,0.391072437939023,177.02652862568598,178.55953258240694,24.73359268004315,0.27656148093585214,24.191532177408877,25.27565318267742,0.1391145231959403,0.0016016799203890145,0.13597523055197785,0.14225381583990276,135.65276329449676,133.20017655252852,137.2504983937482,178.31227544023938,177.19336878143707,179.09622637716916,217.8266913297997,216.61001474003024,219.83978792464666
periodic_L1d_N1000,periodic_L1d,1000,1000,4000,11,PR,601.8651618897102,0.2515447763156174,601.3721341281316,602.3581896512887,15.909088533498577,0.17979878373157018,15.5566829173847,16.261494149612457,0.02643297791742574,0.00029940021802216576,0.025846153490102296,0.027019802344749183,575.6421533005378,574.2216880393374,576.8117752993095,602.0352303347555,601.3138594473611,602.741054321152,627.7663900054333,627.0111810669933,628.9038947291325
periodic_L1d_N1000,periodic_L1d,1000,1000,4000,11,inverse_PR,0.0016626666444901459,6.97502831278753e-07,0.0016612995389408394,0.0016640337500394523,4.41139524251399e-05,5.119837852894377e-07,4.31104642059726e-05,4.51174406443072e-05,0.026532048725057194,0.0003064294698131856,0.02593144696422335,0.027132650485891037,0.001592949249915686,0.001590068066649035,0.0015948678910291305,0.0016610323609539178,0.0016590872528606303,0.0016630250314187875,0.001737190360933863,0.0017336677974042689,0.0017414876881687799
periodic_L1d_N1000,periodic_L1d,1000,1000,4000,11,Q_gaussian,5996.862723391174,2.961592063494884,5991.058002946724,6002.667443835624,187.30752841843687,2.04076781489446,183.30762350124374,191.30743333563,0.031234253151707313,0.0003396258278161488,0.03056858652918766,0.031899919774226966,5698.335551595267,5683.111022834345,5707.9846743456,5991.343709737093,5983.263497536853,5998.249739620833,6315.532350797351,6300.770751151168,6327.924123583795
periodic_L1d_N1000,periodic_L1d,1000,1000,4000,11,R_gaussian,17988.040196639293,10.12106076200677,17968.20291754576,18007.877475732825,640.1120868980153,6.969167676547466,626.4525182519823,653.7716555440483,0.035585426755806754,0.0003865547935363834,0.034827779360475444,0.03634307415113806,16957.32415953074,16899.254592981724,16985.908991790093,17971.53931129304,17944.27027132075,17995.951814494147,19066.334695844525,19018.155593052685,19108.583736409913
periodic_L1d_N1000,periodic_L1d,1000,1000,4000,11,max_r2_gaussian,103.28934300240441,0.25306122691418353,102.7933429976526,103.78534300715621,16.00499729051047,0.24513778827612848,15.524527225489258,16.485467355531682,0.1549530360565649,0.0021984130042056356,0.15064414656832187,0.15926192554480795,81.68877153653764,81.00328388247907,82.40245019544565,101.19022387971795,100.6313678807932,101.634295841459,133.08437711395766,131.84632692336746,134.9120512317162
periodic_L1d_N1000,periodic_L1d,1000,1000,4000,11,Cmax_peratom,0.05928408848208915,0.00013070002817560189,0.059027916426864974,0.05954026053731333,0.00826619558566167,9.22981560289423e-05,0.008085291199844944,0.008447099971478397,0.13943362877476045,0.0016030890553256655,0.13629157422632215,0.14257568332319875,0.04514889674113796,0.044567008514212414,0.04569715802751746,0.0593692181087476,0.05901295190522692,0.05971581948757489,0.0728283318177685,0.07226113600902137,0.0734282859222093
periodic_L1d_N1000,periodic_L1d,1000,1000,4000,11,Crms,333.44118997517154,0.04511432602610404,333.35276589616035,333.52961405418273,2.853280506918034,0.03152902950559784,2.791483609087062,2.915077404749006,0.008557072709374907,9.446604215285116e-05,0.008371919266755318,0.008742226151994496,328.80903550742426,328.6573694764571,328.96292474279164,333.37892504543476,333.2677319703495,333.4967577022226,338.226610924873,338.0223861042181,338.42329141580296
periodic_L1d_N1000,periodic_L1d,1000,1000,4000,11,Crms_peratom,0.3334411899751716,4.511432602610405e-05,0.3333527658961604,0.33352961405418274,0.0028532805069180346,3.152902950559779e-05,0.002791483609087063,0.0029150774047490063,0.008557072709374907,9.4466042152851e-05,0.00837191926675532,0.008742226151994494,0.32880903550742424,0.32865736947645713,0.32896292474279165,0.33337892504543476,0.3332677319703495,0.33349675770222265,0.338226610924873,0.33802238610421814,0.33842329141580296
periodic_L1d_N1000,periodic_L1d,1000,1000,4000,11,max_to_rms,0.17779303060404647,0.00039107243793902295,0.177026528625686,0.17855953258240695,0.024733592680043145,0.0002765614809358522,0.024191532177408874,0.025275653182677417,0.13911452319594028,0.0016016799203890147,0.1359752305519778,0.14225381583990276,0.13565276329449677,0.13320017655252853,0.1372504983937482,0.1783122754402394,0.17719336878143707,0.17909622637716915,0.2178266913297997,0.21661001474003025,0.21983978792464665
periodic_L1d_N1000,periodic_L1d,1000,1000,4000,11,PR_fraction,0.6018651618897104,0.00025154477631561745,0.6013721341281318,0.602358189651289,0.01590908853349858,0.00017979878373157034,0.015556682917384702,0.01626149414961246,0.026432977917425736,0.00029940021802216604,0.02584615349010229,0.027019802344749183,0.5756421533005378,0.5742216880393375,0.5768117752993095,0.6020352303347556,0.601313859447361,0.602741054321152,0.6277663900054333,0.6270111810669934,0.6289038947291326
periodic_L1d_N4096,periodic_L1d,4096,4096,4000,14,Cmax,203.8770194696263,0.3926466698342754,203.10743199675113,204.64660694250148,24.83315584712877,0.2799000698733756,24.284551710176952,25.381759984080585,0.12180458548850046,0.001430887391589157,0.11900004620098571,0.1246091247760152,160.06683071801922,158.41954929844047,162.64416472145504,204.81613235261727,203.8699067659705,205.8587212183774,243.09900559995992,241.61049928178582,244.35516771737372
periodic_L1d_N4096,periodic_L1d,4096,4096,4000,14,chi,0.3333065554011616,2.224478844313835e-05,0.33326295561581304,0.3333501551865102,0.0014068839509781628,1.5831367477325104e-05,0.0013758544707226056,0.00143791343123372,0.004220990941161848,4.7492412226513746e-05,0.004127905813197881,0.004314076069125815,0.33099371504972763,0.33088990921768763,0.33107071518344705,0.3332946233529558,0.33324765336576473,0.3333481268228714,0.33562382327967133,0.33556070146465716,0.33570010559936964
periodic_L1d_N4096,periodic_L1d,4096,4096,4000,14,n_inf,611.6803106793957,1.1772432186735466,609.3729139707956,613.9877073879958,74.4553986199215,0.8394091801699808,72.81015662678833,76.10064061305467,0.1217227321527214,0.0014307103237403054,0.1189185399181904,0.12452692438725241,480.7057526849346,474.73547964266055,488.497939266581,614.5214508443983,611.6668985128889,617.7689121739488,729.3089591937465,724.5861032225756,733.8477006611112
periodic_L1d_N4096,periodic_L1d,4096,4096,4000,14,PR,2458.80114234437,0.5219420679011181,2457.778135891284,2459.824148797456,33.01051482451586,0.37768172984755094,32.27025863401466,33.75077101501706,0.013425451231506113,0.00015381991049250615,0.0131239642069408,0.013726938256071426,2402.5291495165825,2399.853401324916,2405.2319048224062,2458.8497401302066,2457.5213146550373,2460.273774512962,2511.6875613386783,2509.9620622230996,2514.2102601645583
periodic_L1d_N4096,periodic_L1d,4096,4096,4000,14,inverse_PR,0.0004067756901369812,8.650904276797955e-08,0.00040660613241315596,0.00040694524786080645,5.4713122669546526e-06,6.318125166697252e-08,5.347477013687386e-06,5.595147520221919e-06,0.013450440622723043,0.00015499438000660261,0.013146651637910102,0.013754229607535983,0.00039813869187915345,0.0003977392089452967,0.000398412396366776,0.00040669422928915774,0.0004064588300535622,0.00040691406989500317,0.00041622804044541756,0.0004157603256447059,0.000416692119380258
periodic_L1d_N4096,periodic_L1d,4096,4096,4000,14,Q_gaussian,24577.95274405031,6.032086297535226,24566.129854907143,24589.77563319348,381.50263485806875,4.3366960177539156,373.00271066327105,390.00255905286645,0.015522148603301415,0.00017641325640896553,0.015176378620739842,0.01586791858586299,23939.405658162428,23914.41201258442,23966.287588910625,24581.426408778258,24565.69239777984,24593.930329277566,25200.491569403213,25179.658314405962,25228.256667636415
periodic_L1d_N4096,periodic_L1d,4096,4096,4000,14,R_gaussian,73743.09430343892,20.62634195365376,73702.66667320977,73783.52193366807,1304.5244074206619,14.84185603118808,1275.4343695995333,1333.6144452417905,0.0176901229836219,0.0002012385421005447,0.01729569544110483,0.018084550526138967,71553.4399021869,71482.0885161667,71660.63778117881,73745.19422019541,73696.03237856523,73792.35361450276,75874.45897428428,75794.73557401885,75988.28730820266
periodic_L1d_N4096,periodic_L1d,4096,4096,4000,14,max_r2_gaussian,122.49274871796533,0.25851984517795085,121.98604982141654,122.99944761451411,16.350230622328443,0.29239657596336294,15.77713333344025,16.923327911216635,0.13347917157099803,0.0022547111720613556,0.12905993767375779,0.13789840546823828,101.02921151108212,100.33829322814802,101.66522560901738,119.9582080169543,119.47644763886123,120.67329854309658,153.21850489216973,151.26573387423494,155.1115826683243
periodic_L1d_N4096,periodic_L1d,4096,4096,4000,14,Cmax_peratom,0.049774662956451735,9.586100337750864e-05,0.04958677538983182,0.04996255052307165,0.006062782189240422,6.83349779964296e-05,0.00592884563236742,0.006196718746113424,0.12180458548850046,0.001430887391589157,0.11900004620098571,0.1246091247760152,0.03907881609326641,0.03867664777793957,0.039708048027698985,0.0500039385626507,0.04977292645653577,0.05025847685995542,0.059350343164052716,0.05898693830121724,0.05965702336849944
periodic_L1d_N4096,periodic_L1d,4096,4096,4000,14,Crms,1365.223650923158,0.09111465346309468,1365.0450662023702,1365.4022356439457,5.762596663206555,0.06484528118712363,5.635499912079792,5.889693414333317,0.004220990941161848,4.7492412226513746e-05,0.004127905813197881,0.004314076069125815,1355.7502568436844,1355.3250681556485,1356.0656493913991,1365.174777253707,1364.9823881861723,1365.3939274664813,1374.7151801535338,1374.4566331992357,1375.027632535018
periodic_L1d_N4096,periodic_L1d,4096,4096,4000,14,Crms_peratom,0.3333065554011616,2.224478844313835e-05,0.33326295561581304,0.3333501551865102,0.0014068839509781628,1.5831367477325104e-05,0.0013758544707226056,0.00143791343123372,0.004220990941161848,4.7492412226513746e-05,0.004127905813197881,0.004314076069125815,0.33099371504972763,0.33088990921768763,0.33107071518344705,0.3332946233529558,0.33324765336576473,0.3333481268228714,0.33562382327967133,0.33556070146465716,0.33570010559936964
periodic_L1d_N4096,periodic_L1d,4096,4096,4000,14,max_to_rms,0.14933601334946184,0.00028741289518397135,0.14877268407490127,0.1498993426240224,0.01817758755369177,0.00020493388187743671,0.017775917145211994,0.01857925796217155,0.1217227321527214,0.0014307103237403054,0.1189185399181904,0.12452692438725241,0.11735980290159537,0.11590221670963392,0.11926219220375513,0.15002965108505817,0.14933273889474827,0.15082248832371797,0.17805394511566078,0.17690090410707413,0.1791620362942166
periodic_L1d_N4096,periodic_L1d,4096,4096,4000,14,PR_fraction,0.6002932476426684,0.0001274272626711714,0.600043490207833,0.6005430050775039,0.008059207720829067,9.220745357606224e-05,0.007878481111819985,0.008239934329838149,0.013425451231506113,0.00015381991049250615,0.0131239642069408,0.013726938256071426,0.5865549681436969,0.5859017093078408,0.5872148205132828,0.6003051123364762,0.5999807897107025,0.6006527769807036,0.6132049710299508,0.6127837065974364,0.6138208642979879
periodic_L3d_N64,periodic_L3d,64,64,4000,23,Cmax,2.4788523666308375,0.007669381920261329,2.4638203780671253,2.4938843551945498,0.48505430227483337,0.0052461470878299886,0.4747718539826866,0.4953367505669801,0.19567696277697283,0.0021718138508338464,0.19142020762933848,0.19993371792460718,1.687421015211209,1.6639296849370906,1.7115503511719463,2.4767401841243144,2.460510310694473,2.4949363475773487,3.25852005247256,3.2300916081258597,3.2959575024534358
periodic_L3d_N64,periodic_L3d,64,64,4000,23,chi,0.14315073753045565,7.814024691612097e-05,0.14299758264650006,0.14330389241441124,0.004942023143657808,5.4729238047613465e-05,0.004834753837084486,0.0050492924502311305,0.034523211189228985,0.00038154426832404554,0.033775384423313855,0.035271037955144115,0.1351877905092138,0.13496473910236173,0.13551120152802434,0.14311021350406095,0.1429293898679818,0.1433034064067861,0.15147364186709528,0.151107595595346,0.15174761860184302
periodic_L3d_N64,periodic_L3d,64,64,4000,23,n_inf,17.317280594808143,0.05278445640298547,17.213823060258292,17.420738129357993,3.3383821457458542,0.03565835847433002,3.268491763136167,3.4082725283555413,0.19277750495922136,0.0021264016975863754,0.18860975763195206,0.19694525228649065,11.818668337497728,11.631314331139228,11.993453395008057,17.33665679861563,17.209434992641707,17.47206865519936,22.712517668662652,22.513026276411974,23.038788187703403
periodic_L3d_N64,periodic_L3d,64,64,4000,23,PR,39.24110199616586,0.05205959814891026,39.139065183793996,39.343138808537724,3.2925380844728402,0.039351935490303594,3.2154082909118453,3.369667878033835,0.08390534202618838,0.0010314136752506762,0.08188377122269705,0.08592691282967971,33.55659254663041,33.22048181277111,33.802720382439595,39.38118186201572,39.25514104916154,39.51336363961794,44.32787140364787,44.15759545436038,44.54364743906686
periodic_L3d_N64,periodic_L3d,64,64,4000,23,inverse_PR,0.02567227398711757,3.5924459390942886e-05,0.025601862046711322,0.02574268592752382,0.0022720623077120967,3.719113934915686e-05,0.0021991676745877495,0.002344956940836444,0.088502573198316,0.0013943052139732623,0.08576973497892841,0.0912354114177036,0.022559170299573307,0.022449890332127433,0.022646160636929657,0.025392839024815726,0.02530789352990828,0.02547437031872184,0.02980040366430856,0.029583417804429045,0.030101911394179875
periodic_L3d_N64,periodic_L3d,64,64,4000,23,Q_gaussian,1152.3148731210588,2.0081847212644117,1148.3788310673806,1156.250915174737,127.00875363091826,1.4481236930977097,124.17043119244676,129.84707606938977,0.11022052790737094,0.0012414366784742454,0.10778731201756142,0.11265374379718046,956.7990059828995,948.5775082609921,961.8392995453975,1149.1201503379496,1143.6260352520221,1153.5451919838483,1375.6584028518444,1363.584614763507,1383.4598936203738
periodic_L3d_N64,periodic_L3d,64,64,4000,23,R_gaussian,8069.061305892263,16.01493763566233,8037.672028126364,8100.450583658161,1012.8735902848958,11.643141847472146,990.0530322638505,1035.6941483059413,0.12552557873680625,0.001420412044714034,0.12274157112916674,0.12830958634444575,6464.387634812846,6409.164920500925,6518.882561107614,8033.212179257189,7997.675206362213,8074.882689301487,9790.583985946227,9735.006493198365,9877.97160980739
periodic_L3d_N64,periodic_L3d,64,64,4000,23,max_r2_gaussian,485.39337024342234,1.9338676204136207,481.60298970741167,489.183750779433,122.30852747513951,1.9924305462560652,118.40336360447762,126.21369134580141,0.25197815827975234,0.003646751379824479,0.24483052557529636,0.2591257909842083,324.5134958558771,321.8305812751879,328.52050189722746,466.3246268730345,461.5519309709676,470.9372446522502,715.1275970722404,703.3077628051797,728.0959951271642
periodic_L3d_N64,periodic_L3d,64,64,4000,23,Cmax_peratom,0.038732068228606836,0.00011983409250408327,0.03849719340729883,0.03896694304991484,0.007578973473044271,8.197104824734357e-05,0.0074183102184794784,0.007739636727609064,0.19567696277697283,0.0021718138508338464,0.19142020762933848,0.19993371792460718,0.02636595336267514,0.02599890132714204,0.02674297423706166,0.03869906537694241,0.03844547360460114,0.038983380430896074,0.05091437581988375,0.05047018137696656,0.051499335975834934
periodic_L3d_N64,periodic_L3d,64,64,4000,23,Crms,9.161647201949162,0.005000975802631742,9.151845289376004,9.17144911452232,0.3162894811940997,0.0035026712350472618,0.3094242455734071,0.32315471681479235,0.034523211189228985,0.00038154426832404554,0.033775384423313855,0.035271037955144115,8.652018592589684,8.63774330255115,8.672716897793558,9.1590536642599,9.147480951550834,9.17141801003431,9.694313079494098,9.670886118102144,9.711847590517953
periodic_L3d_N64,periodic_L3d,64,64,4000,23,Crms_peratom,0.14315073753045565,7.814024691612097e-05,0.14299758264650006,0.14330389241441124,0.004942023143657808,5.4729238047613465e-05,0.004834753837084486,0.0050492924502311305,0.034523211189228985,0.00038154426832404554,0.033775384423313855,0.035271037955144115,0.1351877905092138,0.13496473910236173,0.13551120152802434,0.14311021350406095,0.1429293898679818,0.1433034064067861,0.15147364186709528,0.151107595595346,0.15174761860184302
periodic_L3d_N64,periodic_L3d,64,64,4000,23,max_to_rms,0.2705825092938772,0.000824757131296648,0.2689659853165358,0.27219903327121864,0.05216222102727897,0.0005571618511614066,0.05107018379900261,0.05325425825555533,0.19277750495922136,0.0021264016975863754,0.18860975763195206,0.19694525228649065,0.184666692773402,0.18173928642405043,0.1873977092970009,0.2708852624783692,0.2688974217600267,0.27300107273749,0.35488308857285394,0.3517660355689371,0.3599810654328657
periodic_L3d_N64,periodic_L3d,64,64,4000,23,PR_fraction,0.6131422186900916,0.0008134312210767228,0.6115478934967812,0.6147365438834019,0.05144590756988813,0.0006148739920359937,0.05024075454549758,0.052651060594278674,0.08390534202618838,0.0010314136752506762,0.08188377122269705,0.08592691282967971,0.5243217585411002,0.5190700283245486,0.5281675059756187,0.6153309665939957,0.613361578893149,0.6173963068690304,0.692622990681998,0.689962428974381,0.6959944912354197
periodic_L3d_N125,periodic_L3d,125,125,4000,18,Cmax,4.278576168319181,0.012096527958287357,4.2548669735209375,4.3022853631174245,0.7650516025618865,0.008184937899257075,0.7490091242793426,0.7810940808444304,0.17880985927672138,0.0019578710257472888,0.1749724320662567,0.18264728648718606,3.054716466278114,2.998973324703713,3.0916916183742913,4.268542240938763,4.241701599042299,4.296082332005732,5.544580024062225,5.495099956676275,5.584663601415422
periodic_L3d_N125,periodic_L3d,125,125,4000,18,chi,0.14307652803760357,5.5444957215721325e-05,0.14296785592146075,0.1431852001537464,0.0035066469914453425,3.8214529729404646e-05,0.0034317465131757092,0.0035815474697149757,0.024508890728210296,0.0002664842135055679,0.023986581669739382,0.02503119978668121,0.13747481962655242,0.13725501472264023,0.1376501783750688,0.14297392160719385,0.1428198923746439,0.14309286073438468,0.1490285362719622,0.1488186944688077,0.1493282240179429
periodic_L3d_N125,periodic_L3d,125,125,4000,18,n_inf,29.90214124270963,0.08354405998880916,29.738394885131562,30.065887600287695,5.283790290847563,0.056434160213468844,5.173179336829164,5.3944012448659615,0.1767027400466109,0.001937595222946993,0.1729050534096348,0.180500426683587,21.329084733242123,21.048866917660238,21.63325324445359,29.857435397984368,29.603608443159164,30.08800287412694,38.390761961588424,38.14255114077443,38.84848598414848
periodic_L3d_N125,periodic_L3d,125,125,4000,18,PR,75.88814534821505,0.07469587631314749,75.74174143064128,76.03454926578881,4.724182019435334,0.054315426342078886,4.61772378380486,4.830640255065808,0.062251910331426366,0.0007289206610138821,0.060823225835839156,0.06368059482701358,67.77844419790232,67.42042422686367,68.09464168185829,76.10747898876873,75.94593884680205,76.2717723494468,83.22653470367797,82.94986911044917,83.55929512974441
periodic_L3d_N125,periodic_L3d,125,125,4000,18,inverse_PR,0.01322981055299526,1.3401900413865215e-05,0.013203542828184084,0.013256078277806437,0.0008476106056513465,1.1434677941672104e-05,0.0008251986368856692,0.0008700225744170238,0.06406823455680138,0.0008408835033735671,0.06242010289018919,0.06571636622341358,0.012015398737461245,0.011967549492217202,0.012055474116161447,0.01313931315834611,0.013111010393444108,0.01316726101730334,0.014753953293906948,0.01468544330803666,0.014832300619098595
periodic_L3d_N125,periodic_L3d,125,125,4000,18,Q_gaussian,2249.0903840683945,2.728451757230277,2243.7426186242233,2254.438149512566,172.56244077472925,1.958523045340138,168.72373560586257,176.40114594359594,0.07672543620171454,0.0008637536226920475,0.07503247910123813,0.07841839330219096,1971.2152615660068,1958.8225712407016,1979.8306965483716,2245.711532904945,2239.4785555912176,2252.33691563332,2538.8823583633593,2527.631700760318,2553.915979843175
periodic_L3d_N125,periodic_L3d,125,125,4000,18,R_gaussian,15737.682155194818,21.71232338726004,15695.126001355788,15780.238309033848,1373.207903957677,15.697114750357864,1342.4415590469755,1403.9742488683785,0.0872560451034651,0.0009850780104958686,0.0853252922028932,0.089186798004037,13563.402251722162,13470.010856174375,13639.901242302094,15704.688524322763,15638.861467605591,15758.496212995304,18079.95539543198,17970.76336135594,18215.607857849383
periodic_L3d_N125,periodic_L3d,125,125,4000,18,max_r2_gaussian,544.0077479908235,1.8065904847070904,540.4668306407976,547.5486653408494,114.25881461723992,1.7606050351111597,110.80802874842205,117.7096004860578,0.21003159429112997,0.0029328854214712083,0.2042831388650464,0.21578004971721354,390.0448752127644,386.40657484492357,394.08091730385587,526.9319030871613,523.2216948510877,530.9448770473018,754.4352380540995,745.0263413061123,767.3588393930511
periodic_L3d_N125,periodic_L3d,125,125,4000,18,Cmax_peratom,0.034228609346553446,9.677222366629886e-05,0.0340389357881675,0.03441828290493939,0.006120412820495092,6.54795031940566e-05,0.005992072994234742,0.006248752646755443,0.1788098592767214,0.0019578710257472888,0.17497243206625673,0.1826472864871861,0.02443773173022491,0.023991786597629704,0.02473353294699433,0.034148337927510104,0.03393361279233839,0.03436865865604586,0.0443566401924978,0.043960799653410196,0.044677308811323375
periodic_L3d_N125,periodic_L3d,125,125,4000,18,Crms,17.884566004700442,0.006930619651965166,17.87098199018259,17.898150019218296,0.43833087393066783,0.004776816216175586,0.4289683141469637,0.447693433714372,0.024508890728210303,0.0002664842135055681,0.02398658166973939,0.025031199786681217,17.18435245331905,17.15687684033003,17.2062722968836,17.871740200899232,17.852486546830487,17.886607591798086,18.628567033995278,18.60233680860096,18.666028002242864
periodic_L3d_N125,periodic_L3d,125,125,4000,18,Crms_peratom,0.14307652803760357,5.5444957215721325e-05,0.14296785592146075,0.1431852001537464,0.0035066469914453425,3.8214529729404646e-05,0.0034317465131757092,0.0035815474697149757,0.024508890728210296,0.0002664842135055679,0.023986581669739382,0.02503119978668121,0.13747481962655242,0.13725501472264023,0.1376501783750688,0.14297392160719385,0.1428198923746439,0.14309286073438468,0.1490285362719622,0.1488186944688077,0.1493282240179429
periodic_L3d_N125,periodic_L3d,125,125,4000,18,max_to_rms,0.23921712994167704,0.0006683524799104732,0.2379071590810525,0.24052710080230158,0.0422703223267805,0.0004514732817077508,0.04138543469463331,0.04315520995892769,0.17670274004661088,0.001937595222946993,0.17290505340963477,0.18050042668358698,0.17063267786593697,0.1683909353412819,0.17306602595562873,0.23885948318387495,0.23682886754527332,0.24070402299301552,0.30712609569270743,0.30514040912619544,0.31078788787318784
periodic_L3d_N125,periodic_L3d,125,125,4000,18,PR_fraction,0.6071051627857205,0.0005975670105051799,0.6059339314451303,0.6082763941263106,0.03779345615548267,0.00043452341073663137,0.036941790270438875,0.03864512204052647,0.06225191033142636,0.0007289206610138827,0.06082322583583915,0.06368059482701358,0.5422275535832185,0.5393633938149094,0.5447571334548663,0.6088598319101499,0.6075675107744164,0.6101741787955745,0.6658122776294237,0.6635989528835934,0.6684743610379553
periodic_L3d_N216,periodic_L3d,216,216,4000,20,Cmax,6.7206166156555485,0.017406846536342748,6.686499196444316,6.754734034866781,1.10090563871712,0.01192019385851426,1.0775420587544322,1.124269218679808,0.16381021291299094,0.0018246002202297832,0.16023399648134057,0.16738642934464132,4.913188405816084,4.8280244358685644,4.9887488712984185,6.72073196985057,6.675506239815314,6.754451174620621,8.565409018694082,8.47453560553446,8.639866614979962
periodic_L3d_N216,periodic_L3d,216,216,4000,20,chi,0.14300296284716754,4.2905686708516795e-05,0.14291886770121884,0.14308705799311625,0.0027135938914505204,2.9956230191544526e-05,0.002654879680275093,0.002772308102625948,0.01897578789574197,0.00020938293617370565,0.01856539734084151,0.019386178450642434,0.13857801591284039,0.13836580475780583,0.13870560479761032,0.14298615723187297,0.14286473236817532,0.14307408960374624,0.14748010398215727,0.14735662926460752,0.14768874793315645
periodic_L3d_N216,periodic_L3d,216,216,4000,20,n_inf,46.99499273725673,0.12073693872823854,46.75834833734938,47.23163713716408,7.636074481948543,0.08314999821680562,7.473100485443604,7.799048478453482,0.16248698078624896,0.0018229037911319617,0.1589140893556303,0.1660598722168676,34.36727964614522,33.7918171720655,34.86582097953014,46.981798116212154,46.719199837794235,47.30815201086737,59.54012984435302,58.92173852690918,60.22779777093993
periodic_L3d_N216,periodic_L3d,216,216,4000,20,PR,130.37738701397024,0.1005601454005224,130.1802891289852,130.57448489895526,6.35998202606712,0.07937325778750756,6.2044104408036045,6.515553611330635,0.048781327588545954,0.0006156386289222856,0.04757467587585827,0.04998797930123364,119.7619677368144,119.28781106101819,120.27933712769419,130.50760300031936,130.29853586744204,130.71568078943355,140.3506212677975,139.92852617483587,140.69325583651744
periodic_L3d_N216,periodic_L3d,216,216,4000,20,inverse_PR,0.007688665055208407,6.057567046985623e-06,0.007676792223796316,0.007700537886620499,0.0003831141789530955,5.674501418331718e-06,0.00037199215617316535,0.00039423620173302564,0.04982843916364502,0.0007255817822878581,0.04840629887036082,0.05125057945692923,0.007125012992389537,0.007107661231196318,0.007146505629241993,0.007662388835128471,0.0076501915757978085,0.007674683321210458,0.008349896214053175,0.008313979972622837,0.008383086177082076
periodic_L3d_N216,periodic_L3d,216,216,4000,20,Q_gaussian,3884.981732434053,3.727805588125283,3877.6752334813273,3892.2882313867785,235.76712665558858,2.643989905828892,230.58490644016396,240.9493468710132,0.060686804441645,0.0006766803909427592,0.0593605108753972,0.06201309800789281,3510.0258303717364,3495.277208713138,3522.758665246328,3877.9791537973806,3870.099446360671,3887.7079830286593,4283.1150550936445,4269.310720627163,4301.221376254536
periodic_L3d_N216,periodic_L3d,216,216,4000,20,R_gaussian,27186.721633085624,29.700643163383102,27128.508372485394,27244.934893685855,1878.4336073639818,21.445937364919555,1836.3995701287395,1920.467644599224,0.06909378897225955,0.0007812095726029049,0.06756261820995786,0.07062495973456125,24221.30969451638,24102.651334384995,24311.041602493082,27119.283294006935,27053.54688852498,27190.881549309852,30368.731863211517,30234.82860452118,30552.672816008788
periodic_L3d_N216,periodic_L3d,216,216,4000,20,max_r2_gaussian,595.2976928255886,1.8091569324428773,591.7517452380006,598.8436404131766,114.42113102405729,1.8749149295217922,110.74629776219457,118.09596428592,0.19220825547123463,0.0028925221314926464,0.18653891209350904,0.19787759884896022,441.9697280131012,437.95230985517367,445.4448080935721,579.7335478119295,575.1833758500093,583.785468080112,804.12564933885,792.8300559166707,818.374451581507
periodic_L3d_N216,periodic_L3d,216,216,4000,20,Cmax_peratom,0.031113965813220134,8.058725248306829e-05,0.03095601479835332,0.03127191682808695,0.0050967853644311115,5.5186082678306756e-05,0.0049886206423816306,0.0052049500864805925,0.16381021291299094,0.0018246002202297834,0.16023399648134057,0.16738642934464132,0.022746242619518905,0.022351964980872982,0.02309605958934453,0.031114499860419306,0.030905121480626453,0.03127060728991028,0.03965467138284296,0.03923396113673361,0.039999382476759084
periodic_L3d_N216,periodic_L3d,216,216,4000,20,Crms,30.88863997498819,0.009267628329039627,30.870475423463272,30.90680452651311,0.5861362805533123,0.006470545721373618,0.5734540109394201,0.5988185501672046,0.018975787895741968,0.00020938293617370565,0.018565397340841505,0.01938617845064243,29.93285143717352,29.887013827686058,29.96041063628383,30.88500996208456,30.85878219152587,30.904003354409188,31.855702460145974,31.829031921155224,31.900769553561794
periodic_L3d_N216,periodic_L3d,216,216,4000,20,Crms_peratom,0.14300296284716754,4.2905686708516795e-05,0.14291886770121884,0.14308705799311625,0.0027135938914505204,2.9956230191544526e-05,0.002654879680275093,0.002772308102625948,0.01897578789574197,0.00020938293617370565,0.01856539734084151,0.019386178450642434,0.13857801591284039,0.13836580475780583,0.13870560479761032,0.14298615723187297,0.14286473236817532,0.14307408960374624,0.14748010398215727,0.14735662926460752,0.14768874793315645
periodic_L3d_N216,periodic_L3d,216,216,4000,20,max_to_rms,0.21756941082063302,0.0005589673089270304,0.21647383489513605,0.21866498674613,0.0353521966756877,0.0003849536954481741,0.034597687432609284,0.03610670591876612,0.16248698078624896,0.0018229037911319617,0.1589140893556303,0.1660598722168676,0.1591077761395612,0.15644359801882177,0.1614158378681951,0.2175083246120933,0.21629259184164,0.21901922227253412,0.2756487492794121,0.27278582651346844,0.27883239708768487
periodic_L3d_N216,periodic_L3d,216,216,4000,20,PR_fraction,0.603599013953566,0.0004655562287061222,0.602686523745302,0.60451150416183,0.02944436123179222,0.0003674687860532759,0.0287241224111278,0.03016460005245664,0.04878132758854595,0.0006156386289222859,0.047574675875858265,0.04998797930123363,0.5544535543371036,0.5522583845417509,0.5568487829985842,0.6042018657422192,0.6032339623492687,0.6051651888399702,0.6497713947583217,0.6478172508094253,0.6513576659098029
periodic_L3d_N512,periodic_L3d,512,512,4000,22,Cmax,13.983664406774825,0.033182813268902524,13.918626092767775,14.048702720781874,2.0986653820357866,0.022632217348986978,2.054306236031772,2.1430245280398013,0.15007978745678582,0.0016736955703201416,0.14679934413895834,0.1533602307746133,10.44452573848373,10.338727641973279,10.581305426918313,14.01062009294058,13.928861051180494,14.080843234648903,17.430773975124588,17.310845142498604,17.55384122517559
periodic_L3d_N512,periodic_L3d,512,512,4000,22,chi,0.14294667804958255,2.8300445243123332e-05,0.14289120917690604,0.14300214692225907,0.0017898773153029479,1.976398812234643e-05,0.001751139898583149,0.0018286147320227468,0.012521293532138678,0.00013822892532391773,0.012250364838503799,0.012792222225773557,0.14005348989658775,0.13990301540481226,0.14014838267508,0.1429122988571605,0.14285337464193754,0.14297996992795425,0.14588141394272358,0.14577692880863918,0.14599552774349986
periodic_L3d_N512,periodic_L3d,512,512,4000,22,n_inf,97.82391818006073,0.23127726532499673,97.37061474002374,98.27722162009772,14.627258588841443,0.15752061179155696,14.318518189729991,14.935998987952894,0.14952640275477014,0.0016664747391089872,0.14626011226611652,0.15279269324342376,73.21238480143312,72.33470510821141,74.02755779450497,97.86055605921068,97.32577859927231,98.57890812231452,122.0036816160911,121.10704479689417,122.92101269038508
periodic_L3d_N512,periodic_L3d,512,512,4000,22,PR,307.78114015344335,0.15691166178244131,307.47359329634975,308.08868701053694,9.923964853490212,0.11378848123599782,9.700939430267656,10.146990276712767,0.03224357687590165,0.00037149196851504616,0.03151545261761216,0.03297170113419114,291.03602791844344,290.3512108884464,291.7064151549041,307.9424353915153,307.5549612995259,308.40220274196173,323.6164636045479,323.10176232801666,324.303668857227
periodic_L3d_N512,periodic_L3d,512,512,4000,22,inverse_PR,0.0032524637964620306,1.6704289777242097e-06,0.003249189755665691,0.00325573783725837,0.00010564720478310342,1.2600151590159645e-06,0.00010317757507143213,0.00010811683449477472,0.03248220776447212,0.0003840827386035609,0.03172940559680914,0.033235009932135094,0.003090077646739587,0.0030835297162186736,0.003095000141115877,0.003247360172308377,0.003242518993409052,0.0032514513691297795,0.003436000716064728,0.0034281042447042945,0.003444104803076582
periodic_L3d_N512,periodic_L3d,512,512,4000,22,Q_gaussian,9210.077169853434,5.81583438537807,9198.678134458092,9221.476205248775,367.82566304240333,4.174560062368125,359.6435253201618,376.00780076464486,0.039937305221108894,0.0004525081646927891,0.03905038921831103,0.04082422122390676,8615.659462505455,8588.87440468228,8636.40005201726,9201.690673808143,9189.038241847084,9218.019625556364,9821.653901429907,9790.107363385356,9844.099756198933
periodic_L3d_N512,periodic_L3d,512,512,4000,22,R_gaussian,64450.982347158206,46.54358613923168,64359.756918325314,64542.2077759911,2943.674853444299,33.43612108453616,2878.1400561186083,3009.20965076999,0.04567307969936772,0.0005170793329680974,0.04465960420675025,0.046686555191985196,59684.60719021967,59517.70948818723,59876.48351058971,64402.51356594889,64290.28549611702,64513.20090842837,69202.92388325938,69038.80411192149,69437.28051372005
periodic_L3d_N512,periodic_L3d,512,512,4000,22,max_r2_gaussian,674.8327487695951,1.803377271674816,671.2981293171125,678.3673682220777,114.05559318145346,1.8289028052398977,110.47094368318326,117.64024267972366,0.16901312716285335,0.0025074315031352805,0.1640985614167082,0.1739276929089985,522.0517363147699,518.3353223890765,526.9870491614174,658.1029950458486,653.4733841980454,663.0585232129313,884.1261879239838,872.5019615959741,898.9787575445157
periodic_L3d_N512,periodic_L3d,512,512,4000,22,Cmax_peratom,0.02731184454448208,6.481018216582524e-05,0.02718481658743706,0.027438872501527097,0.004098955824288646,4.420354950974019e-05,0.0040123168672495544,0.004185594781327737,0.15007978745678582,0.0016736955703201416,0.14679934413895834,0.1533602307746133,0.020399464332976035,0.02019282742572906,0.02066661216194983,0.027364492369024572,0.027204806740586902,0.027501646942673638,0.03404448042016521,0.033810244418942585,0.03428484614292107
periodic_L3d_N512,periodic_L3d,512,512,4000,22,Crms,73.18869916138627,0.014489827964479146,73.16029909857589,73.21709922419664,0.9164171854351093,0.010119161918641373,0.8965836280745723,0.9362507427956464,0.012521293532138678,0.00013822892532391773,0.012250364838503799,0.012792222225773557,71.70738682705293,71.63034388726388,71.75597192964096,73.17109701486618,73.14092781667202,73.20574460311258,74.69128393867447,74.63778755002326,74.74971020467193
periodic_L3d_N512,periodic_L3d,512,512,4000,22,Crms_peratom,0.14294667804958255,2.8300445243123332e-05,0.14289120917690604,0.14300214692225907,0.0017898773153029479,1.976398812234643e-05,0.001751139898583149,0.0018286147320227468,0.012521293532138678,0.00013822892532391773,0.012250364838503799,0.012792222225773557,0.14005348989658775,0.13990301540481226,0.14014838267508,0.1429122988571605,0.14285337464193754,0.14297996992795425,0.14588141394272358,0.14577692880863918,0.14599552774349986
periodic_L3d_N512,periodic_L3d,512,512,4000,22,max_to_rms,0.1910623401954311,0.00045171340883788425,0.19017698191410887,0.19194769847675336,0.028568864431330943,0.0003076574449053847,0.02796585583931639,0.029171873023345497,0.14952640275477014,0.0016664747391089872,0.14626011226611652,0.15279269324342376,0.14299293906529906,0.1412787209144754,0.14458507381739252,0.19113389855314586,0.19008941132670373,0.19253692992639554,0.23828844065642793,0.23653719686893393,0.24008010291090837
periodic_L3d_N512,periodic_L3d,512,512,4000,22,PR_fraction,0.601135039362194,0.0003064680894188307,0.6005343619069331,0.601735716817455,0.01938274385447307,0.00022224312741405823,0.018947147324741516,0.019818340384204623,0.03224357687590165,0.00037149196851504616,0.03151545261761216,0.03297170113419114,0.5684297420282098,0.5670922087664969,0.5697390920994221,0.6014500691240533,0.6006932837881366,0.602348052230394,0.6320634054776326,0.6310581295469075,0.6334056032367715
periodic_L3d_N1000,periodic_L3d,1000,1000,4000,17,Cmax,25.131547458575735,0.05566884539506503,25.022436521601406,25.240658395550064,3.52080692320363,0.03771310985655312,3.446889227884786,3.594724618522474,0.14009511069730055,0.0015574660570096249,0.13704247722556168,0.14314774416903941,19.125603590668376,18.836330000246214,19.324935415730486,25.306229905832268,25.13571835425203,25.446420094838142,30.77304171542131,30.542679613783033,30.946749886565694
periodic_L3d_N1000,periodic_L3d,1000,1000,4000,17,chi,0.14287637896749308,1.981810584621737e-05,0.1428375354800345,0.14291522245495167,0.0012534070676869108,1.3643446568692987e-05,0.0012266659124122725,0.001280148222961549,0.008772668209712139,9.54503506868546e-05,0.008585585522365904,0.008959750897058374,0.1408119903537377,0.14072334795476416,0.14086802197237194,0.1428926158945164,0.142833106632685,0.14294430799974736,0.14495240850800625,0.14488100457964284,0.1450364480856716
periodic_L3d_N1000,periodic_L3d,1000,1000,4000,17,n_inf,175.90223106089425,0.3893801890294655,175.1390458903965,176.66541623139202,24.626565461600386,0.26327200773890197,24.11055232643214,25.142578596768633,0.14000143894181252,0.0015547728586387726,0.13695408413888052,0.14304879374474452,133.69784052315106,132.00326499124083,135.1472749292728,177.02679619394263,175.94783282922472,177.9935602896359,215.41604710403004,213.58942204922494,217.06080653943292
periodic_L3d_N1000,periodic_L3d,1000,1000,4000,17,PR,601.0083831384405,0.22442215262188775,600.5685157193017,601.4482505575794,14.193703193661882,0.16024492254425027,13.879623145475152,14.507783241848612,0.023616481220349973,0.00026758715755632027,0.023092010391539585,0.02414095204916036,577.1713885847001,576.0528900176392,578.288547767356,601.4458909746287,600.8114932892605,602.0164944088108,623.6682387979093,622.8339877120384,624.3566407605156
periodic_L3d_N1000,periodic_L3d,1000,1000,4000,17,inverse_PR,0.0016648025628854038,6.246683405841808e-07,0.0016635782129378587,0.001666026912832949,3.950749476887615e-05,4.5834332230946893e-07,3.860914185714959e-05,4.040584768060271e-05,0.023731039133194583,0.0002737704575497841,0.023194449036397006,0.02426762922999216,0.0016034165888157402,0.0016016486967799705,0.0016055642751184299,0.0016626599582882026,0.001661084055482591,0.0016644155632331594,0.001732587615703941,0.0017292405389329921,0.0017359517109086617
periodic_L3d_N1000,periodic_L3d,1000,1000,4000,17,Q_gaussian,18003.468063389988,7.9639187787273364,17987.858782583684,18019.077344196292,503.68244882729795,5.649392798462714,492.60963894231105,514.7552587122849,0.027976967940501148,0.00031449301841927045,0.027360561624399378,0.028593374256602917,17159.618470528276,17132.544893687904,17192.088031873238,18004.727349235258,17982.947471713407,18025.924478532696,18829.12169807026,18797.44628853474,18858.563286156696
periodic_L3d_N1000,periodic_L3d,1000,1000,4000,17,R_gaussian,126027.2511633417,63.68751012121355,125902.42364350412,126152.07868317928,4027.951809761223,45.738759822908214,3938.303840508323,4117.599779014123,0.03196095901941609,0.0003637604586978891,0.03124798852036823,0.03267392951846396,119294.69535889332,118936.28022170052,119547.22432514487,125977.11550546165,125814.10668651645,126155.91771237078,132517.55846021065,132252.77202617488,132862.6253496643
periodic_L3d_N1000,periodic_L3d,1000,1000,4000,17,max_r2_gaussian,731.5601260799881,1.783381158853571,728.0646990086351,735.0555531513411,112.79092796415686,1.8106751159172831,109.24200473695899,116.33985119135474,0.15417861627934654,0.0023076806489113815,0.14965556220748022,0.15870167035121285,581.1829280970635,576.2229680931416,584.4509582875287,711.8568161388747,708.4682337372124,715.8080660088433,941.2531591797568,933.1801207318484,957.5800453201945
periodic_L3d_N1000,periodic_L3d,1000,1000,4000,17,Cmax_peratom,0.025131547458575737,5.566884539506503e-05,0.02502243652160141,0.025240658395550064,0.00352080692320363,3.7713109856553124e-05,0.0034468892278847856,0.0035947246185224742,0.14009511069730055,0.0015574660570096249,0.13704247722556168,0.14314774416903941,0.019125603590668377,0.018836330000246215,0.019324935415730486,0.02530622990583227,0.025135718354252032,0.02544642009483814,0.03077304171542131,0.030542679613783034,0.030946749886565695
periodic_L3d_N1000,periodic_L3d,1000,1000,4000,17,Crms,142.87637896749308,0.01981810584621737,142.8375354800345,142.91522245495167,1.253407067686911,0.013643446568692997,1.2266659124122725,1.2801482229615493,0.00877266820971214,9.545035068685465e-05,0.008585585522365905,0.008959750897058376,140.8119903537377,140.72334795476417,140.86802197237193,142.89261589451638,142.833106632685,142.94430799974737,144.95240850800627,144.88100457964285,145.0364480856716
periodic_L3d_N1000,periodic_L3d,1000,1000,4000,17,Crms_peratom,0.14287637896749308,1.981810584621737e-05,0.1428375354800345,0.14291522245495167,0.0012534070676869108,1.3643446568692987e-05,0.0012266659124122725,0.001280148222961549,0.008772668209712139,9.54503506868546e-05,0.008585585522365904,0.008959750897058374,0.1408119903537377,0.14072334795476416,0.14086802197237194,0.1428926158945164,0.142833106632685,0.14294430799974736,0.14495240850800625,0.14488100457964284,0.1450364480856716
periodic_L3d_N1000,periodic_L3d,1000,1000,4000,17,max_to_rms,0.17590223106089428,0.0003893801890294654,0.17513904589039653,0.17666541623139204,0.024626565461600382,0.000263272007738902,0.024110552326432135,0.02514257859676863,0.1400014389418125,0.0015547728586387732,0.1369540841388805,0.1430487937447445,0.13369784052315106,0.13200326499124082,0.1351472749292728,0.17702679619394265,0.17594783282922472,0.1779935602896359,0.21541604710403003,0.21358942204922493,0.2170608065394329
periodic_L3d_N1000,periodic_L3d,1000,1000,4000,17,PR_fraction,0.6010083831384405,0.00022442215262188773,0.6005685157193016,0.6014482505575794,0.01419370319366188,0.00016024492254425028,0.01387962314547515,0.01450778324184861,0.02361648122034997,0.0002675871575563202,0.02309201039153958,0.024140952049160357,0.5771713885847001,0.5760528900176393,0.578288547767356,0.6014458909746287,0.6008114932892605,0.6020164944088108,0.6236682387979093,0.6228339877120384,0.6243566407605156
periodic_L3d_N1728,periodic_L3d,1728,1728,4000,19,Cmax,40.45553247675067,0.08523403545362539,40.288473767261564,40.622591186239774,5.390673724019983,0.058603342687982125,5.275811172351538,5.505536275688428,0.1332493578503247,0.0015124228845271042,0.13028500899665157,0.13621370670399785,31.27391958524969,30.941887678530748,31.521755162284478,40.753000756969456,40.56014123407817,40.955874880254456,48.933467533578636,48.59159499129044,49.2727889505801
periodic_L3d_N1728,periodic_L3d,1728,1728,4000,19,chi,0.1428734093227189,1.4864596343844855e-05,0.14284427471388494,0.14290254393155283,0.0009401196189112231,1.0464511395664136e-05,0.0009196091765757213,0.0009606300612467248,0.006580088088943859,7.3274616882353e-05,0.006436469839854447,0.006723706338033271,0.14133596722854028,0.14126454123058715,0.14140083287398186,0.142873727438374,0.14283425475527292,0.14292064567449037,0.14437905681486546,0.14432528642625492,0.14445606361446475
periodic_L3d_N1728,periodic_L3d,1728,1728,4000,19,n_inf,283.1537140220937,0.5955085089040544,281.98651734464175,284.32091069954566,37.66326508294947,0.4095243545059085,36.86059734811789,38.46593281778105,0.1330134948539319,0.0015103709413726743,0.13005316780884146,0.13597382189902235,219.12306710634553,217.09354698735046,220.6919657200036,285.4674690206707,283.958786161777,286.64763397617463,342.0001907209372,340.18360121887036,344.7551926838446
periodic_L3d_N1728,periodic_L3d,1728,1728,4000,19,PR,1037.3248909620565,0.29240698478689775,1036.7517732718743,1037.8980086522388,18.493441513376037,0.207458189705792,18.086823461552687,18.90005956519939,0.017828012876683678,0.00020018058336591628,0.017435658933286483,0.018220366820080873,1006.422547381606,1005.1493025825622,1007.7733980123314,1037.5663557097043,1036.8987880753982,1038.3265120412802,1067.1449567435566,1066.0921059937791,1068.7342885947448
periodic_L3d_N1728,periodic_L3d,1728,1728,4000,19,inverse_PR,0.0009643249393538757,2.7226142515963046e-07,0.0009637913069605628,0.0009648585717471886,1.721932445015809e-05,1.9520010745192555e-07,1.6836732239552317e-05,1.7601916660763865e-05,0.017856350849637378,0.0002019802044230838,0.017460469648968132,0.018252232050306624,0.0009370798164315238,0.0009356862698911607,0.0009380052571234734,0.0009637937800496729,0.0009630881889301537,0.000964414281799011,0.000993618438713192,0.0009922865616142844,0.0009948770768985942
periodic_L3d_N1728,periodic_L3d,1728,1728,4000,19,Q_gaussian,31090.32525036845,10.508578499570815,31069.72843650929,31110.92206422761,664.6208605863707,7.602815530991043,649.7193421456283,679.5223790271131,0.021377095776072472,0.0002441725100328598,0.02089851765640807,0.021855673895736876,30028.102639768647,29986.67982244733,30066.391520347734,31080.812559588543,31049.614573012113,31104.14947589817,32182.956907165742,32142.287975901825,32236.35715724312
periodic_L3d_N1728,periodic_L3d,1728,1728,4000,19,R_gaussian,217626.47760663103,83.45957293918353,217462.89684367023,217790.05836959183,5278.446860655469,61.03568913341638,5158.816909953973,5398.076811356966,0.024254616987352443,0.0002799549256695281,0.023705905333040168,0.024803328641664717,209128.0690601973,208893.71248608036,209466.29852372856,217529.80313128215,217331.68357812508,217712.31875776508,226574.14205772133,226196.4795355955,226880.76524076212
periodic_L3d_N1728,periodic_L3d,1728,1728,4000,19,max_r2_gaussian,783.3656261804763,1.8183845123395739,779.8015925362907,786.9296598246618,115.00473441935215,1.7978228347060037,111.48100166332839,118.52846717537591,0.1468085024104143,0.002133420022804366,0.14262699916571775,0.15099000565511084,631.7123317505997,627.381816344809,636.383568776483,763.0861161741761,759.7794298870532,768.0416928326665,998.6641506922401,988.3933004892414,1009.1117721336134
periodic_L3d_N1728,periodic_L3d,1728,1728,4000,19,Cmax_peratom,0.023411766479601078,4.9325251998625796e-05,0.023315088985683772,0.023508443973518384,0.003119602849548601,3.3913971462952615e-05,0.003053131465481214,0.003186074233615988,0.1332493578503247,0.0015124228845271037,0.1302850089966516,0.13621370670399782,0.01809833309331579,0.017906184999149737,0.01824175645965537,0.023583912475098067,0.023472303954906352,0.023701316481628737,0.0283179788967469,0.028120135990330117,0.028514345457511633
periodic_L3d_N1728,periodic_L3d,1728,1728,4000,19,Crms,246.88525130965823,0.025686022482163916,246.8349067055932,246.93559591372326,1.6245267014785938,0.018082675691707635,1.5890846571228467,1.6599687458343408,0.0065800880889438605,7.327461688235304e-05,0.006436469839854448,0.006723706338033273,244.2285513709176,244.1051272464546,244.34063920624067,246.88580101351027,246.8175922171116,246.96687572551934,249.48701017608752,249.3940949445685,249.6200779257951
periodic_L3d_N1728,periodic_L3d,1728,1728,4000,19,Crms_peratom,0.1428734093227189,1.4864596343844855e-05,0.14284427471388494,0.14290254393155283,0.0009401196189112231,1.0464511395664136e-05,0.0009196091765757213,0.0009606300612467248,0.006580088088943859,7.3274616882353e-05,0.006436469839854447,0.006723706338033271,0.14133596722854028,0.14126454123058715,0.14140083287398186,0.142873727438374,0.14283425475527292,0.14292064567449037,0.14437905681486546,0.14432528642625492,0.14445606361446475
periodic_L3d_N1728,periodic_L3d,1728,1728,4000,19,max_to_rms,0.16386210302204499,0.00034462297968984633,0.1631866419818529,0.16453756406223707,0.021795870997077242,0.00023699326070943783,0.021331364206086743,0.02226037778806774,0.1330134948539319,0.0015103709413726747,0.13005316780884146,0.13597382189902235,0.12680733050135737,0.12563283969175373,0.1277152579398169,0.16520108160918442,0.16432800125102837,0.1658840474399159,0.1979167770375794,0.19686550996462404,0.19951110687722487
periodic_L3d_N1728,periodic_L3d,1728,1728,4000,19,PR_fraction,0.6003037563437826,0.00016921700508501026,0.599972091013816,0.6006354216737493,0.01070222309801854,0.00012005682274640736,0.010466911725435582,0.010937534470601497,0.01782801287668368,0.0002001805833659162,0.017435658933286486,0.018220366820080876,0.5824204556606517,0.5816836241797235,0.5832021979238029,0.6004434928875604,0.6000571690251147,0.6008833981720372,0.6175607388562249,0.6169514502278814,0.6184804910849218
periodic_L3d_N4096,periodic_L3d,4096,4096,4000,21,Cmax,87.30621426253784,0.16622384715684074,86.98041552211043,87.63201300296524,10.512919169026413,0.11769642630599021,10.282234173466671,10.743604164586154,0.12041432855412898,0.0014081813310672128,0.11765429314523725,0.12317436396302071,69.2317757376357,68.45873493578944,70.14968876265014,87.7867073917565,87.36918019693641,88.26098701794417,103.74759062828419,103.23243342757034,104.52328368872183
periodic_L3d_N4096,periodic_L3d,4096,4096,4000,21,chi,0.1428698119578741,9.799177189990987e-06,0.1428506055705817,0.14288901834516649,0.0006197543823188011,6.96851414371395e-06,0.0006060960945971218,0.0006334126700404804,0.004337895975544077,4.876933675865127e-05,0.004242308075497121,0.004433483875591034,0.14188056508141186,0.14182997238286302,0.14191752207685296,0.14286590881874217,0.14284123022952092,0.14288858250461536,0.1438851804460344,0.1438470871473821,0.14394302489577823
periodic_L3d_N4096,periodic_L3d,4096,4096,4000,21,n_inf,611.1016701618855,1.1642107665378099,608.8198170594715,613.3835232642996,73.63115397500042,0.8241874015990776,72.01574666786622,75.2465612821346,0.12048920428493504,0.0014091636931565052,0.11772724344634829,0.12325116512352179,484.6343064746717,480.1089433445814,490.07185366359823,614.3833852303255,611.6052392556002,617.7295118688434,727.0201562908858,722.2926517806375,732.2283670948979
periodic_L3d_N4096,periodic_L3d,4096,4096,4000,21,PR,2458.5336950547176,0.4412573410178417,2457.6688306663227,2459.3985594431124,27.90756463772042,0.3057166269071039,27.308360048982497,28.506769226458342,0.011351304516938623,0.00012444150603304824,0.011107399165113848,0.011595209868763398,2413.143267440564,2411.1544540290447,2414.3804516162877,2458.783473691397,2457.5670401568823,2459.833034519726,2504.7334332950863,2502.6906935533875,2506.322416904991
periodic_L3d_N4096,periodic_L3d,4096,4096,4000,21,inverse_PR,0.0004067989573630437,7.308210066972223e-08,0.00040665571644573104,0.00040694219828035636,4.622117886120783e-06,5.102507600169301e-08,4.522108737157464e-06,4.722127035084101e-06,0.011362167484603013,0.0001252760392939056,0.011116626447586958,0.011607708521619069,0.0003992440819133064,0.0003989909651108977,0.00039956995188253694,0.0004067051900668335,0.00040653165721682677,0.00040690649885024644,0.00041439727752350233,0.0004141849306850368,0.00041473908829399035
periodic_L3d_N4096,periodic_L3d,4096,4096,4000,21,Q_gaussian,73697.8775677546,15.742881698715548,73667.02151962511,73728.73361588408,995.6672620504361,10.878217796362375,974.3459551695659,1016.9885689313063,0.013510121253289327,0.00014755698876581623,0.013220909555308327,0.013799332951270327,72091.97025082698,72025.93500965626,72155.64710858298,73692.59630026639,73646.61484292617,73730.83213676224,75358.58130493399,75301.76450334596,75428.46701099159
periodic_L3d_N4096,periodic_L3d,4096,4096,4000,21,R_gaussian,515858.69357527635,125.97802285694733,515611.77665047674,516105.61050007597,7967.54974705412,86.19913220226137,7798.599447937688,8136.500046170553,0.015445217549467276,0.00016702259772470818,0.015117853257926849,0.015772581841007705,503015.1344087046,502445.3502670767,503461.9008340826,515809.5659841944,515496.22363700357,516169.5150548394,529132.936372068,528695.9464599626,529560.1910886088
periodic_L3d_N4096,periodic_L3d,4096,4096,4000,21,max_r2_gaussian,857.3929207888608,1.7836540908279732,853.896958770838,860.8888828068837,112.80818969786482,1.9073389240209369,109.06980540678379,116.54657398894585,0.13157116995329687,0.0020906543207110705,0.12747348748470316,0.13566885242189058,708.1615131234862,704.8967800065967,712.3017854135213,839.6051474782714,835.0188488747935,843.6612314166429,1060.4035063886952,1051.2882749998769,1073.868910380057
periodic_L3d_N4096,periodic_L3d,4096,4096,4000,21,Cmax_peratom,0.0213149937164399,4.058199393477557e-05,0.021235453008327743,0.02139453442455206,0.002566630656500589,2.873447907861089e-05,0.0025103110775065115,0.0026229502354946665,0.12041432855412898,0.0014081813310672128,0.11765429314523725,0.12317436396302071,0.016902288998446216,0.016713558333932968,0.017126388858068883,0.02143230160931555,0.02133036625901768,0.021548092533677777,0.025329001618233444,0.025203230817277916,0.025518379806816854
periodic_L3d_N4096,periodic_L3d,4096,4096,4000,21,Crms,585.1947497794523,0.040137429770203084,585.1160804171027,585.2734191418019,2.5385139499778093,0.02854303393265234,2.482569603469811,2.594458296485808,0.004337895975544077,4.876933675865127e-05,0.004242308075497121,0.004433483875591034,581.142794573463,580.9355668802069,581.2941704267897,585.1787625215679,585.0776790201177,585.2716339389045,589.3536991069569,589.197668955677,589.5906299731076
periodic_L3d_N4096,periodic_L3d,4096,4096,4000,21,Crms_peratom,0.1428698119578741,9.799177189990987e-06,0.1428506055705817,0.14288901834516649,0.0006197543823188011,6.96851414371395e-06,0.0006060960945971218,0.0006334126700404804,0.004337895975544077,4.876933675865127e-05,0.004242308075497121,0.004433483875591034,0.14188056508141186,0.14182997238286302,0.14191752207685296,0.14286590881874217,0.14284123022952092,0.14288858250461536,0.1438851804460344,0.1438470871473821,0.14394302489577823
periodic_L3d_N4096,periodic_L3d,4096,4096,4000,21,max_to_rms,0.14919474369186658,0.00028423114417427,0.14863765064928502,0.14975183673444814,0.017976355950927836,0.0002012176273435248,0.017581969401334527,0.018370742500521144,0.12048920428493504,0.0014091636931565052,0.11772724344634829,0.12325116512352179,0.11831892247916789,0.1172140974962357,0.11964644864833941,0.14999594365974744,0.14931768536513676,0.15081286910860434,0.17749515534445454,0.1763409794386322,0.1787666911852778
periodic_L3d_N4096,periodic_L3d,4096,4096,4000,21,PR_fraction,0.6002279528942182,0.00010772884302193401,0.6000168043618952,0.6004391014265411,0.006813370272880962,7.463784836599216e-05,0.006667080090083617,0.006959660455678306,0.011351304516938623,0.00012444150603304824,0.011107399165113848,0.011595209868763398,0.5891463055274815,0.5886607553781847,0.5894483524453827,0.6002889340066887,0.5999919531633013,0.6005451744432925,0.6115071858630582,0.6110084701058075,0.611895121314695
local_projector27_N27,local_projector27,27,27,4000,24,Cmax,8.668075583943532,0.029462865213824185,8.610328368124437,8.725822799762627,1.8633952094045656,0.0204874035869717,1.8232398983741012,1.90355052043503,0.21497219208104967,0.0023693842860945556,0.21032819888030435,0.219616185281795,5.689658194871684,5.582008685679535,5.822930852224318,8.619625739560936,8.54927065770234,8.703824325016045,11.802518631248436,11.708215042892096,11.914475434745018
local_projector27_N27,local_projector27,27,27,4000,24,chi,1.0,3.0581600317357624e-18,1.0,1.0,1.9341502299155647e-16,0.0,1.9341502299155647e-16,1.9341502299155647e-16,1.9341502299155647e-16,5.903613804632493e-34,1.9341502299155647e-16,1.9341502299155647e-16,0.9999999999999997,0.9999999999999997,0.9999999999999998,1.0,1.0,1.0,1.0000000000000002,1.0000000000000002,1.0000000000000002
local_projector27_N27,local_projector27,27,27,4000,24,n_inf,8.668075583943532,0.029462865213824185,8.610328368124437,8.725822799762627,1.8633952094045656,0.0204874035869717,1.8232398983741012,1.90355052043503,0.21497219208104967,0.002369384286094555,0.21032819888030435,0.219616185281795,5.689658194871684,5.5820086856795355,5.822930852224318,8.619625739560938,8.54927065770234,8.703824325016045,11.802518631248436,11.7082150428921,11.914475434745018
local_projector27_N27,local_projector27,27,27,4000,24,PR,16.8420105540479,0.031921327802164196,16.77944475155566,16.90457635654014,2.0188820358339123,0.02420841823311981,1.9714335360969975,2.066330535570827,0.11987179495910501,0.0015055917593304047,0.11692083511081741,0.1228227548073926,13.419247435046374,13.21110386364561,13.53277534982792,16.935570409133497,16.862804006700046,17.01482669403575,19.933878420900054,19.816725456021633,20.056850906192995
local_projector27_N27,local_projector27,27,27,4000,24,inverse_PR,0.06031573312080522,0.00012700179670835268,0.06006680959925685,0.060564656642353595,0.008032298890641394,0.00017278740971236165,0.007693635567605165,0.008370962213677623,0.1331708739169871,0.0027197440984870367,0.1278401754839525,0.1385015723500217,0.05016585233429231,0.04985827559256712,0.050462423886290145,0.059047317343409775,0.05877227067793365,0.059302118414154205,0.07451982757355424,0.07389467231588351,0.07569390191169457
local_projector27_N27,local_projector27,27,27,4000,24,Q_gaussian,77.75892753193774,0.19784017616602664,77.37116078665233,78.14669427722316,12.512511387472054,0.14011511165855076,12.237885768621295,12.787137006322814,0.1609141456115482,0.0017687843983560329,0.1574473281907704,0.16438096303232602,57.87970483864638,57.20318393818471,58.7576911359037,77.18086774417766,76.72130459680025,77.68916230657815,98.89620720301527,97.88617410760568,99.82134132425017
local_projector27_N27,local_projector27,27,27,4000,24,R_gaussian,77.75892753193774,0.19784017616602664,77.37116078665233,78.14669427722316,12.512511387472054,0.14011511165855078,12.237885768621295,12.787137006322814,0.1609141456115482,0.0017687843983560329,0.1574473281907704,0.16438096303232602,57.87970483864639,57.20318393818472,58.757691135903684,77.18086774417766,76.72130459680028,77.68916230657815,98.8962072030153,97.88617410760568,99.82134132425017
local_projector27_N27,local_projector27,27,27,4000,24,max_r2_gaussian,9.420420497608623,0.04242928533444196,9.337259098353117,9.503581896864128,2.683463623000313,0.04243252368997527,2.6002958765679614,2.7666313694326643,0.284856034152776,0.003984046834023981,0.277047302358089,0.292664765947463,5.8399140070114886,5.717539753689213,5.928324054979155,9.00265329705048,8.921467055598004,9.07889730139751,14.304694068900284,13.975948983663528,14.667992326962647
local_projector27_N27,local_projector27,27,27,4000,24,Cmax_peratom,0.32103983644235295,0.0010912172301416364,0.31890105067127533,0.3231786222134306,0.06901463738535428,0.0007587927254433965,0.06752740364348522,0.07050187112722334,0.2149721920810497,0.002369384286094555,0.21032819888030438,0.21961618528179502,0.21072808129154386,0.20674106243257537,0.2156641056379377,0.31924539776151617,0.3166396539889756,0.3223638638894832,0.437130319675868,0.43363759418118875,0.44127686795351917
local_projector27_N27,local_projector27,27,27,4000,24,Crms,27.0,9.145499767367882e-17,27.0,27.0,5.784121921084513e-15,0.0,5.784121921084513e-15,5.784121921084513e-15,2.1422673781794492e-16,7.246668535505058e-34,2.1422673781794492e-16,2.1422673781794492e-16,26.99999999999999,26.99999999999999,26.999999999999993,27.0,27.0,27.0,27.000000000000007,27.000000000000007,27.000000000000007
local_projector27_N27,local_projector27,27,27,4000,24,Crms_peratom,1.0,3.0581600317357624e-18,1.0,1.0,1.9341502299155647e-16,0.0,1.9341502299155647e-16,1.9341502299155647e-16,1.9341502299155647e-16,5.903613804632493e-34,1.9341502299155647e-16,1.9341502299155647e-16,0.9999999999999997,0.9999999999999997,0.9999999999999998,1.0,1.0,1.0,1.0000000000000002,1.0000000000000002,1.0000000000000002
local_projector27_N27,local_projector27,27,27,4000,24,max_to_rms,0.321039836442353,0.0010912172301416364,0.3189010506712754,0.32317862221343063,0.06901463738535428,0.0007587927254433963,0.06752740364348522,0.07050187112722334,0.21497219208104967,0.002369384286094555,0.21032819888030435,0.219616185281795,0.21072808129154386,0.2067410624325754,0.2156641056379377,0.31924539776151617,0.3166396539889756,0.3223638638894832,0.437130319675868,0.43363759418118886,0.44127686795351917
local_projector27_N27,local_projector27,27,27,4000,24,PR_fraction,0.6237781686684406,0.0011822714000801553,0.6214609167242835,0.6260954206125977,0.07477340873458935,0.0008966080827081408,0.07301605689248139,0.0765307605766973,0.11987179495910504,0.001505591759330404,0.11692083511081744,0.12282275480739263,0.49700916426097685,0.48930014309798553,0.5012139018454785,0.6272433484864259,0.6245482965444461,0.6301787664457685,0.7382917933666687,0.7339527946674679,0.7428463298589998
local_freecube27_N27,local_freecube27,27,27,4000,24,Cmax,1.5228302571664585,0.006364591014069731,1.5103556587788818,1.5353048555540352,0.4025320795980224,0.004614632481289598,0.3934873999346948,0.41157675926135,0.2643315482495185,0.002931211782773136,0.25858637315528316,0.2700767233437538,0.912986339371743,0.8888873420845486,0.9287409783435763,1.4975242985986936,1.4825329920350174,1.5141689350236758,2.233641529453767,2.2019124173653255,2.261463820404776
local_freecube27_N27,local_freecube27,27,27,4000,24,chi,0.19570573632146054,0.00020617351949318478,0.1953016362232539,0.1961098364196672,0.013039558296231761,0.0001522613269497964,0.01274112609541016,0.013337990497053361,0.06662839087564282,0.0007716585587607294,0.0651159401004718,0.06814084165081384,0.17530615293764296,0.17435207899563912,0.17591379971061677,0.19510610517151192,0.19466408609008523,0.19548423091127295,0.21757672377445242,0.21692222758932428,0.21892521174606572
local_freecube27_N27,local_freecube27,27,27,4000,24,n_inf,7.75606960434117,0.029763642951756722,7.697732864155727,7.814406344526613,1.8824180638313663,0.020399790785542552,1.842434473891703,1.9224016537710298,0.24270257486830096,0.0026079371940811217,0.23759101796790197,0.24781413176869996,4.862922867284066,4.708040890624245,4.953716072927612,7.662665106788183,7.595049977214168,7.725111610415998,11.062549050722787,10.950216552837908,11.176353932273944
local_freecube27_N27,local_freecube27,27,27,4000,24,PR,15.477396743140584,0.037334803756403946,15.404220527778033,15.550572958503135,2.361260317312934,0.027787749658001012,2.306796327983252,2.4157243066426157,0.15256185239028772,0.001912027239634499,0.1488142790006041,0.15630942577997134,11.34795560625881,11.14543923343057,11.649782127839032,15.561902295362877,15.47387870496872,15.644347131679208,19.14077347551838,19.0034450771034,19.262524785853824
local_freecube27_N27,local_freecube27,27,27,4000,24,inverse_PR,0.06635493495034735,0.00018973622919021626,0.06598305194113452,0.06672681795956018,0.011999972777856168,0.00038998447447437446,0.011235603207886394,0.012764342347825941,0.18084521952791624,0.0056025653360963395,0.16986419146916742,0.19182624758666506,0.05224449270831982,0.05191427453655444,0.052622037527546295,0.06425949610976649,0.06392085215080903,0.06462503804420389,0.08812159965218251,0.08583851517792242,0.08972279863143623
local_freecube27_N27,local_freecube27,27,27,4000,24,Q_gaussian,321.93178004766526,0.907579278943574,320.15292466093587,323.71063543439465,57.4003535726998,0.6639540580298015,56.09900361896139,58.70170352643821,0.17829974277221433,0.0019973003022899357,0.17438503417972606,0.1822144513647026,232.90268682771404,230.36760190828653,235.98119904267196,317.8150873982707,315.44680649439886,319.8959784289709,422.6464426026185,418.7351108612806,427.3457659165577
local_freecube27_N27,local_freecube27,27,27,4000,24,R_gaussian,1659.4081728464812,5.565813184538485,1648.4991790047857,1670.3171666881767,352.01293388273353,4.259810535162931,343.6637052338142,360.36216253165287,0.21213161393492772,0.002435586223177024,0.20735786493750075,0.21690536293235468,1125.1254718467994,1107.7369724256157,1142.9335488452057,1627.5487318787032,1618.7076940251839,1640.125423424356,2290.9815224686777,2255.34850155918,2329.185248024743
local_freecube27_N27,local_freecube27,27,27,4000,24,max_r2_gaussian,229.50569627286038,1.3389884506335896,226.88127890961854,232.1301136361022,84.68506529324142,1.4041943899443656,81.93284428895046,87.43728629753238,0.3689889474140065,0.005134724521939914,0.35892488735100425,0.37905300747700876,123.8066062928049,121.0353373189483,126.4974083747455,212.9554622636801,209.6507779111792,216.0122317574757,390.5121686335125,382.90882112974714,403.03339708896146
local_freecube27_N27,local_freecube27,27,27,4000,24,Cmax_peratom,0.05640112063579477,0.00023572559311369376,0.05593909847329193,0.05686314279829761,0.014908595540667499,0.00017091231412183687,0.014573607404988698,0.0152435836763463,0.2643315482495185,0.0029312117827731358,0.25858637315528316,0.2700767233437538,0.03381430886562011,0.03292175341053884,0.03439781401272505,0.05546386291106273,0.054908629334630275,0.056080330926802806,0.08272746405384324,0.08155231175427131,0.08375791927425097
local_freecube27_N27,local_freecube27,27,27,4000,24,Crms,5.284054880679436,0.0055666850263159885,5.273144178027857,5.294965583331016,0.3520680739982575,0.004111055827644499,0.3440104045760743,0.36012574342044074,0.06662839087564279,0.0007716585587607289,0.06511594010047177,0.06814084165081381,4.733266129316361,4.707506132882256,4.749672592186653,5.267864839630821,5.255930324432301,5.27807423460437,5.874571541910215,5.856900144911756,5.910980717143774
local_freecube27_N27,local_freecube27,27,27,4000,24,Crms_peratom,0.19570573632146054,0.00020617351949318478,0.1953016362232539,0.1961098364196672,0.013039558296231761,0.0001522613269497964,0.01274112609541016,0.013337990497053361,0.06662839087564282,0.0007716585587607294,0.0651159401004718,0.06814084165081384,0.17530615293764296,0.17435207899563912,0.17591379971061677,0.19510610517151192,0.19466408609008523,0.19548423091127295,0.21757672377445242,0.21692222758932428,0.21892521174606572
local_freecube27_N27,local_freecube27,27,27,4000,24,max_to_rms,0.287261837197821,0.00110235714636136,0.2851012171909527,0.2894224572046893,0.06971918754930986,0.0007555478068719469,0.06823831384784085,0.07120006125077888,0.24270257486830107,0.0026079371940811217,0.23759101796790208,0.24781413176870007,0.18010825434385433,0.174371884837935,0.18347096566398566,0.2838024113625253,0.2812981473042284,0.28611524483022216,0.4097240389156588,0.40556357603103366,0.4139390345286646
local_freecube27_N27,local_freecube27,27,27,4000,24,PR_fraction,0.5732369164126142,0.0013827705094964428,0.5705266862140012,0.5759471466112273,0.08745408582640497,0.0010291759132592968,0.08543690103641675,0.08947127061639319,0.15256185239028777,0.0019120272396344986,0.14881427900060415,0.1563094257799714,0.4202946520836596,0.41279404568261374,0.4314734121421864,0.5763667516801065,0.5731066187025452,0.5794202641362669,0.7089175361303103,0.7038312991519778,0.713426843920512
local_projector27_N64,local_projector27,64,27,4000,24,Cmax,8.668075583943532,0.029462865213824185,8.610328368124437,8.725822799762627,1.8633952094045656,0.0204874035869717,1.8232398983741012,1.90355052043503,0.21497219208104967,0.0023693842860945556,0.21032819888030435,0.219616185281795,5.689658194871684,5.582008685679535,5.822930852224318,8.619625739560936,8.54927065770234,8.703824325016045,11.802518631248436,11.708215042892096,11.914475434745018
local_projector27_N64,local_projector27,64,27,4000,24,chi,1.0,3.0581600317357624e-18,1.0,1.0,1.9341502299155647e-16,0.0,1.9341502299155647e-16,1.9341502299155647e-16,1.9341502299155647e-16,5.903613804632493e-34,1.9341502299155647e-16,1.9341502299155647e-16,0.9999999999999997,0.9999999999999997,0.9999999999999998,1.0,1.0,1.0,1.0000000000000002,1.0000000000000002,1.0000000000000002
local_projector27_N64,local_projector27,64,27,4000,24,n_inf,8.668075583943532,0.029462865213824185,8.610328368124437,8.725822799762627,1.8633952094045656,0.0204874035869717,1.8232398983741012,1.90355052043503,0.21497219208104967,0.002369384286094555,0.21032819888030435,0.219616185281795,5.689658194871684,5.5820086856795355,5.822930852224318,8.619625739560938,8.54927065770234,8.703824325016045,11.802518631248436,11.7082150428921,11.914475434745018
local_projector27_N64,local_projector27,64,27,4000,24,PR,16.8420105540479,0.031921327802164196,16.77944475155566,16.90457635654014,2.0188820358339123,0.02420841823311981,1.9714335360969975,2.066330535570827,0.11987179495910501,0.0015055917593304047,0.11692083511081741,0.1228227548073926,13.419247435046374,13.21110386364561,13.53277534982792,16.935570409133497,16.862804006700046,17.01482669403575,19.933878420900054,19.816725456021633,20.056850906192995
local_projector27_N64,local_projector27,64,27,4000,24,inverse_PR,0.06031573312080522,0.00012700179670835268,0.06006680959925685,0.060564656642353595,0.008032298890641394,0.00017278740971236165,0.007693635567605165,0.008370962213677623,0.1331708739169871,0.0027197440984870367,0.1278401754839525,0.1385015723500217,0.05016585233429231,0.04985827559256712,0.050462423886290145,0.059047317343409775,0.05877227067793365,0.059302118414154205,0.07451982757355424,0.07389467231588351,0.07569390191169457
local_projector27_N64,local_projector27,64,27,4000,24,Q_gaussian,77.75892753193774,0.19784017616602664,77.37116078665233,78.14669427722316,12.512511387472054,0.14011511165855076,12.237885768621295,12.787137006322814,0.1609141456115482,0.0017687843983560329,0.1574473281907704,0.16438096303232602,57.87970483864638,57.20318393818471,58.7576911359037,77.18086774417766,76.72130459680025,77.68916230657815,98.89620720301527,97.88617410760568,99.82134132425017
local_projector27_N64,local_projector27,64,27,4000,24,R_gaussian,77.75892753193774,0.19784017616602664,77.37116078665233,78.14669427722316,12.512511387472054,0.14011511165855078,12.237885768621295,12.787137006322814,0.1609141456115482,0.0017687843983560329,0.1574473281907704,0.16438096303232602,57.87970483864639,57.20318393818472,58.757691135903684,77.18086774417766,76.72130459680028,77.68916230657815,98.8962072030153,97.88617410760568,99.82134132425017
local_projector27_N64,local_projector27,64,27,4000,24,max_r2_gaussian,9.420420497608623,0.04242928533444196,9.337259098353117,9.503581896864128,2.683463623000313,0.04243252368997527,2.6002958765679614,2.7666313694326643,0.284856034152776,0.003984046834023981,0.277047302358089,0.292664765947463,5.8399140070114886,5.717539753689213,5.928324054979155,9.00265329705048,8.921467055598004,9.07889730139751,14.304694068900284,13.975948983663528,14.667992326962647
local_projector27_N64,local_projector27,64,27,4000,24,Cmax_peratom,0.13543868099911768,0.0004603572689660029,0.13453638075194432,0.13634098124629104,0.029115550146946338,0.00032011568104643284,0.02848812341209533,0.029742976881797344,0.21497219208104967,0.0023693842860945556,0.21032819888030435,0.219616185281795,0.08890090929487006,0.08721888571374273,0.09098329456600497,0.13468165218063963,0.13358235402659907,0.1359972550783757,0.1844143536132568,0.182940860045189,0.1861636786678909
local_projector27_N64,local_projector27,64,27,4000,24,Crms,64.0,1.957222420310888e-16,64.0,64.0,1.2378561471459614e-14,0.0,1.2378561471459614e-14,1.2378561471459614e-14,1.9341502299155647e-16,5.903613804632493e-34,1.9341502299155647e-16,1.9341502299155647e-16,63.99999999999998,63.99999999999998,63.999999999999986,64.0,64.0,64.0,64.00000000000001,64.00000000000001,64.00000000000001
local_projector27_N64,local_projector27,64,27,4000,24,Crms_peratom,1.0,3.0581600317357624e-18,1.0,1.0,1.9341502299155647e-16,0.0,1.9341502299155647e-16,1.9341502299155647e-16,1.9341502299155647e-16,5.903613804632493e-34,1.9341502299155647e-16,1.9341502299155647e-16,0.9999999999999997,0.9999999999999997,0.9999999999999998,1.0,1.0,1.0,1.0000000000000002,1.0000000000000002,1.0000000000000002
local_projector27_N64,local_projector27,64,27,4000,24,max_to_rms,0.13543868099911768,0.0004603572689660029,0.13453638075194432,0.13634098124629104,0.029115550146946338,0.00032011568104643284,0.02848812341209533,0.029742976881797344,0.21497219208104967,0.002369384286094555,0.21032819888030435,0.219616185281795,0.08890090929487006,0.08721888571374274,0.09098329456600497,0.13468165218063965,0.13358235402659907,0.1359972550783757,0.1844143536132568,0.18294086004518906,0.1861636786678909
local_projector27_N64,local_projector27,64,27,4000,24,PR_fraction,0.2631564149069984,0.0004987707469088156,0.26217882424305716,0.2641340055709397,0.03154503180990488,0.00037825653489249704,0.030803649001515585,0.03228641461829417,0.11987179495910501,0.0015055917593304047,0.11692083511081741,0.1228227548073926,0.2096757411725996,0.20642349786946265,0.21144961484106126,0.2646182876427109,0.2634813126046882,0.2658566670943086,0.31146685032656335,0.309636335250338,0.31338829540926555
local_freecube27_N64,local_freecube27,64,27,4000,24,Cmax,1.5228302571664585,0.006364591014069731,1.5103556587788818,1.5353048555540352,0.4025320795980224,0.004614632481289598,0.3934873999346948,0.41157675926135,0.2643315482495185,0.002931211782773136,0.25858637315528316,0.2700767233437538,0.912986339371743,0.8888873420845486,0.9287409783435763,1.4975242985986936,1.4825329920350174,1.5141689350236758,2.233641529453767,2.2019124173653255,2.261463820404776
local_freecube27_N64,local_freecube27,64,27,4000,24,chi,0.19570573632146054,0.00020617351949318478,0.1953016362232539,0.1961098364196672,0.013039558296231761,0.0001522613269497964,0.01274112609541016,0.013337990497053361,0.06662839087564282,0.0007716585587607294,0.0651159401004718,0.06814084165081384,0.17530615293764296,0.17435207899563912,0.17591379971061677,0.19510610517151192,0.19466408609008523,0.19548423091127295,0.21757672377445242,0.21692222758932428,0.21892521174606572
local_freecube27_N64,local_freecube27,64,27,4000,24,n_inf,7.75606960434117,0.029763642951756722,7.697732864155727,7.814406344526613,1.8824180638313663,0.020399790785542552,1.842434473891703,1.9224016537710298,0.24270257486830096,0.0026079371940811217,0.23759101796790197,0.24781413176869996,4.862922867284066,4.708040890624245,4.953716072927612,7.662665106788183,7.595049977214168,7.725111610415998,11.062549050722787,10.950216552837908,11.176353932273944
local_freecube27_N64,local_freecube27,64,27,4000,24,PR,15.477396743140584,0.037334803756403946,15.404220527778033,15.550572958503135,2.361260317312934,0.027787749658001012,2.306796327983252,2.4157243066426157,0.15256185239028772,0.001912027239634499,0.1488142790006041,0.15630942577997134,11.34795560625881,11.14543923343057,11.649782127839032,15.561902295362877,15.47387870496872,15.644347131679208,19.14077347551838,19.0034450771034,19.262524785853824
local_freecube27_N64,local_freecube27,64,27,4000,24,inverse_PR,0.06635493495034735,0.00018973622919021626,0.06598305194113452,0.06672681795956018,0.011999972777856168,0.00038998447447437446,0.011235603207886394,0.012764342347825941,0.18084521952791624,0.0056025653360963395,0.16986419146916742,0.19182624758666506,0.05224449270831982,0.05191427453655444,0.052622037527546295,0.06425949610976649,0.06392085215080903,0.06462503804420389,0.08812159965218251,0.08583851517792242,0.08972279863143623
local_freecube27_N64,local_freecube27,64,27,4000,24,Q_gaussian,321.93178004766526,0.907579278943574,320.15292466093587,323.71063543439465,57.4003535726998,0.6639540580298015,56.09900361896139,58.70170352643821,0.17829974277221433,0.0019973003022899357,0.17438503417972606,0.1822144513647026,232.90268682771404,230.36760190828653,235.98119904267196,317.8150873982707,315.44680649439886,319.8959784289709,422.6464426026185,418.7351108612806,427.3457659165577
local_freecube27_N64,local_freecube27,64,27,4000,24,R_gaussian,1659.4081728464812,5.565813184538485,1648.4991790047857,1670.3171666881767,352.01293388273353,4.259810535162931,343.6637052338142,360.36216253165287,0.21213161393492772,0.002435586223177024,0.20735786493750075,0.21690536293235468,1125.1254718467994,1107.7369724256157,1142.9335488452057,1627.5487318787032,1618.7076940251839,1640.125423424356,2290.9815224686777,2255.34850155918,2329.185248024743
local_freecube27_N64,local_freecube27,64,27,4000,24,max_r2_gaussian,229.50569627286038,1.3389884506335896,226.88127890961854,232.1301136361022,84.68506529324142,1.4041943899443656,81.93284428895046,87.43728629753238,0.3689889474140065,0.005134724521939914,0.35892488735100425,0.37905300747700876,123.8066062928049,121.0353373189483,126.4974083747455,212.9554622636801,209.6507779111792,216.0122317574757,390.5121686335125,382.90882112974714,403.03339708896146
local_freecube27_N64,local_freecube27,64,27,4000,24,Cmax_peratom,0.023794222768225914,9.944673459483954e-05,0.023599307168420028,0.0239891383680318,0.0062895637437191,7.210363252014997e-05,0.006148240623979606,0.006430886863458594,0.2643315482495185,0.002931211782773136,0.25858637315528316,0.2700767233437538,0.014265411552683484,0.013888864720071071,0.01451157778661838,0.023398817165604588,0.023164578000547147,0.023658889609744934,0.03490064889771511,0.03440488152133321,0.03533537219382463
local_freecube27_N64,local_freecube27,64,27,4000,24,Crms,12.525167124573475,0.013195105247563826,12.499304718288249,12.5510295308587,0.8345317309588327,0.009744724924786969,0.8154320701062503,0.8536313918114151,0.06662839087564282,0.0007716585587607294,0.0651159401004718,0.06814084165081384,11.21959378800915,11.158533055720904,11.258483181479473,12.486790730976763,12.458501509765455,12.510990778321469,13.924910321564955,13.883022565716754,14.011213551748206
local_freecube27_N64,local_freecube27,64,27,4000,24,Crms_peratom,0.19570573632146054,0.00020617351949318478,0.1953016362232539,0.1961098364196672,0.013039558296231761,0.0001522613269497964,0.01274112609541016,0.013337990497053361,0.06662839087564282,0.0007716585587607294,0.0651159401004718,0.06814084165081384,0.17530615293764296,0.17435207899563912,0.17591379971061677,0.19510610517151192,0.19466408609008523,0.19548423091127295,0.21757672377445242,0.21692222758932428,0.21892521174606572
local_freecube27_N64,local_freecube27,64,27,4000,24,max_to_rms,0.12118858756783078,0.0004650569211211988,0.12027707600243323,0.12210009913322833,0.0294127822473651,0.0003187467310241024,0.028788038654557858,0.03003752584017234,0.24270257486830096,0.0026079371940811217,0.23759101796790197,0.24781413176869996,0.07598316980131353,0.07356313891600383,0.07740181363949394,0.11972914229356536,0.11867265589397137,0.12070486891274997,0.17285232891754354,0.1710971336380923,0.17463053019178038
local_freecube27_N64,local_freecube27,64,27,4000,24,PR_fraction,0.24183432411157163,0.0005833563086938117,0.24069094574653177,0.2429777024766115,0.03689469245801459,0.0004341835884062658,0.03604369262473831,0.03774569229129087,0.15256185239028772,0.001912027239634499,0.1488142790006041,0.15630942577997134,0.1773118063477939,0.17414748802235266,0.18202784574748487,0.24315472336504496,0.24177935476513626,0.24444292393248762,0.2990745855549747,0.29692882932974063,0.300976949778966
local_projector27_N216,local_projector27,216,27,4000,24,Cmax,8.668075583943532,0.029462865213824185,8.610328368124437,8.725822799762627,1.8633952094045656,0.0204874035869717,1.8232398983741012,1.90355052043503,0.21497219208104967,0.0023693842860945556,0.21032819888030435,0.219616185281795,5.689658194871684,5.582008685679535,5.822930852224318,8.619625739560936,8.54927065770234,8.703824325016045,11.802518631248436,11.708215042892096,11.914475434745018
local_projector27_N216,local_projector27,216,27,4000,24,chi,1.0,3.0581600317357624e-18,1.0,1.0,1.9341502299155647e-16,0.0,1.9341502299155647e-16,1.9341502299155647e-16,1.9341502299155647e-16,5.903613804632493e-34,1.9341502299155647e-16,1.9341502299155647e-16,0.9999999999999997,0.9999999999999997,0.9999999999999998,1.0,1.0,1.0,1.0000000000000002,1.0000000000000002,1.0000000000000002
local_projector27_N216,local_projector27,216,27,4000,24,n_inf,8.668075583943532,0.029462865213824185,8.610328368124437,8.725822799762627,1.8633952094045656,0.0204874035869717,1.8232398983741012,1.90355052043503,0.21497219208104967,0.002369384286094555,0.21032819888030435,0.219616185281795,5.689658194871684,5.5820086856795355,5.822930852224318,8.619625739560938,8.54927065770234,8.703824325016045,11.802518631248436,11.7082150428921,11.914475434745018
local_projector27_N216,local_projector27,216,27,4000,24,PR,16.8420105540479,0.031921327802164196,16.77944475155566,16.90457635654014,2.0188820358339123,0.02420841823311981,1.9714335360969975,2.066330535570827,0.11987179495910501,0.0015055917593304047,0.11692083511081741,0.1228227548073926,13.419247435046374,13.21110386364561,13.53277534982792,16.935570409133497,16.862804006700046,17.01482669403575,19.933878420900054,19.816725456021633,20.056850906192995
local_projector27_N216,local_projector27,216,27,4000,24,inverse_PR,0.06031573312080522,0.00012700179670835268,0.06006680959925685,0.060564656642353595,0.008032298890641394,0.00017278740971236165,0.007693635567605165,0.008370962213677623,0.1331708739169871,0.0027197440984870367,0.1278401754839525,0.1385015723500217,0.05016585233429231,0.04985827559256712,0.050462423886290145,0.059047317343409775,0.05877227067793365,0.059302118414154205,0.07451982757355424,0.07389467231588351,0.07569390191169457
local_projector27_N216,local_projector27,216,27,4000,24,Q_gaussian,77.75892753193774,0.19784017616602664,77.37116078665233,78.14669427722316,12.512511387472054,0.14011511165855076,12.237885768621295,12.787137006322814,0.1609141456115482,0.0017687843983560329,0.1574473281907704,0.16438096303232602,57.87970483864638,57.20318393818471,58.7576911359037,77.18086774417766,76.72130459680025,77.68916230657815,98.89620720301527,97.88617410760568,99.82134132425017
local_projector27_N216,local_projector27,216,27,4000,24,R_gaussian,77.75892753193774,0.19784017616602664,77.37116078665233,78.14669427722316,12.512511387472054,0.14011511165855078,12.237885768621295,12.787137006322814,0.1609141456115482,0.0017687843983560329,0.1574473281907704,0.16438096303232602,57.87970483864639,57.20318393818472,58.757691135903684,77.18086774417766,76.72130459680028,77.68916230657815,98.8962072030153,97.88617410760568,99.82134132425017
local_projector27_N216,local_projector27,216,27,4000,24,max_r2_gaussian,9.420420497608623,0.04242928533444196,9.337259098353117,9.503581896864128,2.683463623000313,0.04243252368997527,2.6002958765679614,2.7666313694326643,0.284856034152776,0.003984046834023981,0.277047302358089,0.292664765947463,5.8399140070114886,5.717539753689213,5.928324054979155,9.00265329705048,8.921467055598004,9.07889730139751,14.304694068900284,13.975948983663528,14.667992326962647
local_projector27_N216,local_projector27,216,27,4000,24,Cmax_peratom,0.04012997955529412,0.00013640215376770456,0.03986263133390942,0.04039732777667882,0.008626829673169285,9.484909068042457e-05,0.008440925455435653,0.008812733890902917,0.2149721920810497,0.002369384286094555,0.21032819888030438,0.21961618528179502,0.026341010161442982,0.02584263280407192,0.026958013204742212,0.03990567472018952,0.03957995674862195,0.0402954829861854,0.0546412899594835,0.05420469927264859,0.055159608494189896
local_projector27_N216,local_projector27,216,27,4000,24,Crms,216.0,7.316399813894306e-16,216.0,216.0,4.62729753686761e-14,0.0,4.62729753686761e-14,4.62729753686761e-14,2.1422673781794492e-16,7.246668535505058e-34,2.1422673781794492e-16,2.1422673781794492e-16,215.99999999999991,215.99999999999991,215.99999999999994,216.0,216.0,216.0,216.00000000000006,216.00000000000006,216.00000000000006
local_projector27_N216,local_projector27,216,27,4000,24,Crms_peratom,1.0,3.0581600317357624e-18,1.0,1.0,1.9341502299155647e-16,0.0,1.9341502299155647e-16,1.9341502299155647e-16,1.9341502299155647e-16,5.903613804632493e-34,1.9341502299155647e-16,1.9341502299155647e-16,0.9999999999999997,0.9999999999999997,0.9999999999999998,1.0,1.0,1.0,1.0000000000000002,1.0000000000000002,1.0000000000000002
local_projector27_N216,local_projector27,216,27,4000,24,max_to_rms,0.040129979555294126,0.00013640215376770456,0.039862631333909423,0.04039732777667883,0.008626829673169285,9.484909068042454e-05,0.008440925455435653,0.008812733890902917,0.21497219208104967,0.002369384286094555,0.21032819888030435,0.219616185281795,0.026341010161442982,0.025842632804071924,0.026958013204742212,0.03990567472018952,0.03957995674862195,0.0402954829861854,0.0546412899594835,0.05420469927264861,0.055159608494189896
local_projector27_N216,local_projector27,216,27,4000,24,PR_fraction,0.07797227108355508,0.00014778392501001942,0.07768261459053544,0.07826192757657471,0.009346676091823668,0.0001120760103385176,0.009127007111560174,0.009566345072087163,0.11987179495910504,0.001505591759330404,0.11692083511081744,0.12282275480739263,0.06212614553262211,0.06116251788724819,0.06265173773068482,0.07840541856080324,0.07806853706805576,0.07877234580572107,0.09228647417083359,0.09174409933343348,0.09285579123237497
local_freecube27_N216,local_freecube27,216,27,4000,24,Cmax,1.5228302571664585,0.006364591014069731,1.5103556587788818,1.5353048555540352,0.4025320795980224,0.004614632481289598,0.3934873999346948,0.41157675926135,0.2643315482495185,0.002931211782773136,0.25858637315528316,0.2700767233437538,0.912986339371743,0.8888873420845486,0.9287409783435763,1.4975242985986936,1.4825329920350174,1.5141689350236758,2.233641529453767,2.2019124173653255,2.261463820404776
local_freecube27_N216,local_freecube27,216,27,4000,24,chi,0.19570573632146054,0.00020617351949318478,0.1953016362232539,0.1961098364196672,0.013039558296231761,0.0001522613269497964,0.01274112609541016,0.013337990497053361,0.06662839087564282,0.0007716585587607294,0.0651159401004718,0.06814084165081384,0.17530615293764296,0.17435207899563912,0.17591379971061677,0.19510610517151192,0.19466408609008523,0.19548423091127295,0.21757672377445242,0.21692222758932428,0.21892521174606572
local_freecube27_N216,local_freecube27,216,27,4000,24,n_inf,7.75606960434117,0.029763642951756722,7.697732864155727,7.814406344526613,1.8824180638313663,0.020399790785542552,1.842434473891703,1.9224016537710298,0.24270257486830096,0.0026079371940811217,0.23759101796790197,0.24781413176869996,4.862922867284066,4.708040890624245,4.953716072927612,7.662665106788183,7.595049977214168,7.725111610415998,11.062549050722787,10.950216552837908,11.176353932273944
local_freecube27_N216,local_freecube27,216,27,4000,24,PR,15.477396743140584,0.037334803756403946,15.404220527778033,15.550572958503135,2.361260317312934,0.027787749658001012,2.306796327983252,2.4157243066426157,0.15256185239028772,0.001912027239634499,0.1488142790006041,0.15630942577997134,11.34795560625881,11.14543923343057,11.649782127839032,15.561902295362877,15.47387870496872,15.644347131679208,19.14077347551838,19.0034450771034,19.262524785853824
local_freecube27_N216,local_freecube27,216,27,4000,24,inverse_PR,0.06635493495034735,0.00018973622919021626,0.06598305194113452,0.06672681795956018,0.011999972777856168,0.00038998447447437446,0.011235603207886394,0.012764342347825941,0.18084521952791624,0.0056025653360963395,0.16986419146916742,0.19182624758666506,0.05224449270831982,0.05191427453655444,0.052622037527546295,0.06425949610976649,0.06392085215080903,0.06462503804420389,0.08812159965218251,0.08583851517792242,0.08972279863143623
local_freecube27_N216,local_freecube27,216,27,4000,24,Q_gaussian,321.93178004766526,0.907579278943574,320.15292466093587,323.71063543439465,57.4003535726998,0.6639540580298015,56.09900361896139,58.70170352643821,0.17829974277221433,0.0019973003022899357,0.17438503417972606,0.1822144513647026,232.90268682771404,230.36760190828653,235.98119904267196,317.8150873982707,315.44680649439886,319.8959784289709,422.6464426026185,418.7351108612806,427.3457659165577
local_freecube27_N216,local_freecube27,216,27,4000,24,R_gaussian,1659.4081728464812,5.565813184538485,1648.4991790047857,1670.3171666881767,352.01293388273353,4.259810535162931,343.6637052338142,360.36216253165287,0.21213161393492772,0.002435586223177024,0.20735786493750075,0.21690536293235468,1125.1254718467994,1107.7369724256157,1142.9335488452057,1627.5487318787032,1618.7076940251839,1640.125423424356,2290.9815224686777,2255.34850155918,2329.185248024743
local_freecube27_N216,local_freecube27,216,27,4000,24,max_r2_gaussian,229.50569627286038,1.3389884506335896,226.88127890961854,232.1301136361022,84.68506529324142,1.4041943899443656,81.93284428895046,87.43728629753238,0.3689889474140065,0.005134724521939914,0.35892488735100425,0.37905300747700876,123.8066062928049,121.0353373189483,126.4974083747455,212.9554622636801,209.6507779111792,216.0122317574757,390.5121686335125,382.90882112974714,403.03339708896146
local_freecube27_N216,local_freecube27,216,27,4000,24,Cmax_peratom,0.007050140079474346,2.946569913921172e-05,0.006992387309161492,0.007107892849787201,0.0018635744425834373,2.1364039265229608e-05,0.0018217009256235872,0.0019054479595432875,0.2643315482495185,0.0029312117827731358,0.25858637315528316,0.2700767233437538,0.004226788608202514,0.004115219176317355,0.004299726751590631,0.006932982863882841,0.006863578666828784,0.007010041365850351,0.010340933006730404,0.010194038969283914,0.010469739909281371
local_freecube27_N216,local_freecube27,216,27,4000,24,Crms,42.27243904543549,0.04453348021052791,42.185153424222854,42.35972466664813,2.81654459198606,0.03288844662115599,2.7520832366085943,2.881005947363526,0.06662839087564279,0.0007716585587607289,0.06511594010047177,0.06814084165081381,37.866129034530886,37.66004906305805,37.99738073749322,42.14291871704657,42.047442595458406,42.22459387683496,46.99657233528172,46.85520115929405,47.28784573715019
local_freecube27_N216,local_freecube27,216,27,4000,24,Crms_peratom,0.19570573632146054,0.00020617351949318478,0.1953016362232539,0.1961098364196672,0.013039558296231761,0.0001522613269497964,0.01274112609541016,0.013337990497053361,0.06662839087564282,0.0007716585587607294,0.0651159401004718,0.06814084165081384,0.17530615293764296,0.17435207899563912,0.17591379971061677,0.19510610517151192,0.19466408609008523,0.19548423091127295,0.21757672377445242,0.21692222758932428,0.21892521174606572
local_freecube27_N216,local_freecube27,216,27,4000,24,max_to_rms,0.035907729649727625,0.00013779464329517,0.03563765214886909,0.03617780715058616,0.008714898443663733,9.444347585899337e-05,0.008529789230980106,0.00890000765634736,0.24270257486830107,0.0026079371940811217,0.23759101796790208,0.24781413176870007,0.02251353179298179,0.021796485604741875,0.022933870707998207,0.035475301420315665,0.03516226841302855,0.03576440560377777,0.05121550486445735,0.05069544700387921,0.051742379316083074
local_freecube27_N216,local_freecube27,216,27,4000,24,PR_fraction,0.07165461455157678,0.00017284631368705535,0.07131583577675014,0.07199339332640341,0.010931760728300622,0.0001286469891574121,0.010679612629552094,0.011183908827049149,0.15256185239028777,0.0019120272396344986,0.14881427900060415,0.1563094257799714,0.05253683151045745,0.05159925571032672,0.0539341765177733,0.07204584396001332,0.07163832733781815,0.07242753301703336,0.08861469201628878,0.08797891239399723,0.089178355490064
local_projector27_N474,local_projector27,474,27,4000,24,Cmax,8.668075583943532,0.029462865213824185,8.610328368124437,8.725822799762627,1.8633952094045656,0.0204874035869717,1.8232398983741012,1.90355052043503,0.21497219208104967,0.0023693842860945556,0.21032819888030435,0.219616185281795,5.689658194871684,5.582008685679535,5.822930852224318,8.619625739560936,8.54927065770234,8.703824325016045,11.802518631248436,11.708215042892096,11.914475434745018
local_projector27_N474,local_projector27,474,27,4000,24,chi,1.0,3.0581600317357624e-18,1.0,1.0,1.9341502299155647e-16,0.0,1.9341502299155647e-16,1.9341502299155647e-16,1.9341502299155647e-16,5.903613804632493e-34,1.9341502299155647e-16,1.9341502299155647e-16,0.9999999999999997,0.9999999999999997,0.9999999999999998,1.0,1.0,1.0,1.0000000000000002,1.0000000000000002,1.0000000000000002
local_projector27_N474,local_projector27,474,27,4000,24,n_inf,8.668075583943532,0.029462865213824185,8.610328368124437,8.725822799762627,1.8633952094045656,0.0204874035869717,1.8232398983741012,1.90355052043503,0.21497219208104967,0.002369384286094555,0.21032819888030435,0.219616185281795,5.689658194871684,5.5820086856795355,5.822930852224318,8.619625739560938,8.54927065770234,8.703824325016045,11.802518631248436,11.7082150428921,11.914475434745018
local_projector27_N474,local_projector27,474,27,4000,24,PR,16.8420105540479,0.031921327802164196,16.77944475155566,16.90457635654014,2.0188820358339123,0.02420841823311981,1.9714335360969975,2.066330535570827,0.11987179495910501,0.0015055917593304047,0.11692083511081741,0.1228227548073926,13.419247435046374,13.21110386364561,13.53277534982792,16.935570409133497,16.862804006700046,17.01482669403575,19.933878420900054,19.816725456021633,20.056850906192995
local_projector27_N474,local_projector27,474,27,4000,24,inverse_PR,0.06031573312080522,0.00012700179670835268,0.06006680959925685,0.060564656642353595,0.008032298890641394,0.00017278740971236165,0.007693635567605165,0.008370962213677623,0.1331708739169871,0.0027197440984870367,0.1278401754839525,0.1385015723500217,0.05016585233429231,0.04985827559256712,0.050462423886290145,0.059047317343409775,0.05877227067793365,0.059302118414154205,0.07451982757355424,0.07389467231588351,0.07569390191169457
local_projector27_N474,local_projector27,474,27,4000,24,Q_gaussian,77.75892753193774,0.19784017616602664,77.37116078665233,78.14669427722316,12.512511387472054,0.14011511165855076,12.237885768621295,12.787137006322814,0.1609141456115482,0.0017687843983560329,0.1574473281907704,0.16438096303232602,57.87970483864638,57.20318393818471,58.7576911359037,77.18086774417766,76.72130459680025,77.68916230657815,98.89620720301527,97.88617410760568,99.82134132425017
local_projector27_N474,local_projector27,474,27,4000,24,R_gaussian,77.75892753193774,0.19784017616602664,77.37116078665233,78.14669427722316,12.512511387472054,0.14011511165855078,12.237885768621295,12.787137006322814,0.1609141456115482,0.0017687843983560329,0.1574473281907704,0.16438096303232602,57.87970483864639,57.20318393818472,58.757691135903684,77.18086774417766,76.72130459680028,77.68916230657815,98.8962072030153,97.88617410760568,99.82134132425017
local_projector27_N474,local_projector27,474,27,4000,24,max_r2_gaussian,9.420420497608623,0.04242928533444196,9.337259098353117,9.503581896864128,2.683463623000313,0.04243252368997527,2.6002958765679614,2.7666313694326643,0.284856034152776,0.003984046834023981,0.277047302358089,0.292664765947463,5.8399140070114886,5.717539753689213,5.928324054979155,9.00265329705048,8.921467055598004,9.07889730139751,14.304694068900284,13.975948983663528,14.667992326962647
local_projector27_N474,local_projector27,474,27,4000,24,Cmax_peratom,0.018287079291020105,6.215794348908056e-05,0.018165249721781507,0.018408908860258703,0.00393121352195056,4.322237043664917e-05,0.0038464976758947277,0.004015929368006392,0.2149721920810497,0.0023693842860945556,0.21032819888030438,0.21961618528179502,0.012003498301417056,0.011776389632235306,0.012284664245198983,0.01818486442945345,0.018036435986713797,0.018362498575983217,0.024899828335967163,0.024700875617915816,0.025136024123934637
local_projector27_N474,local_projector27,474,27,4000,24,Crms,474.0,1.5657779362487104e-15,474.0,474.0,9.902849177167691e-14,0.0,9.902849177167691e-14,9.902849177167691e-14,2.0892086871661796e-16,6.888127513404103e-34,2.0892086871661796e-16,2.0892086871661796e-16,473.99999999999983,473.99999999999983,473.9999999999999,474.0,474.0,474.0,474.0000000000001,474.0000000000001,474.0000000000001
local_projector27_N474,local_projector27,474,27,4000,24,Crms_peratom,1.0,3.0581600317357624e-18,1.0,1.0,1.9341502299155647e-16,0.0,1.9341502299155647e-16,1.9341502299155647e-16,1.9341502299155647e-16,5.903613804632493e-34,1.9341502299155647e-16,1.9341502299155647e-16,0.9999999999999997,0.9999999999999997,0.9999999999999998,1.0,1.0,1.0,1.0000000000000002,1.0000000000000002,1.0000000000000002
local_projector27_N474,local_projector27,474,27,4000,24,max_to_rms,0.018287079291020105,6.215794348908056e-05,0.018165249721781507,0.018408908860258703,0.00393121352195056,4.322237043664916e-05,0.0038464976758947277,0.004015929368006392,0.2149721920810497,0.002369384286094555,0.21032819888030438,0.21961618528179502,0.012003498301417056,0.011776389632235307,0.012284664245198983,0.018184864429453454,0.018036435986713797,0.018362498575983217,0.024899828335967163,0.024700875617915823,0.025136024123934637
local_projector27_N474,local_projector27,474,27,4000,24,PR_fraction,0.03553166783554408,6.734457342228734e-05,0.0353996724716364,0.035663663199451766,0.0042592448013373686,5.1072612306159885e-05,0.004159142481217295,0.004359347121457442,0.11987179495910506,0.0015055917593304036,0.11692083511081747,0.12282275480739266,0.02831064859714425,0.02787152713849285,0.02855015896588169,0.03572905149606223,0.03557553587911402,0.03589625884817669,0.04205459582468366,0.041807437670931716,0.042314031447664546
local_freecube27_N474,local_freecube27,474,27,4000,24,Cmax,1.5228302571664585,0.006364591014069731,1.5103556587788818,1.5353048555540352,0.4025320795980224,0.004614632481289598,0.3934873999346948,0.41157675926135,0.2643315482495185,0.002931211782773136,0.25858637315528316,0.2700767233437538,0.912986339371743,0.8888873420845486,0.9287409783435763,1.4975242985986936,1.4825329920350174,1.5141689350236758,2.233641529453767,2.2019124173653255,2.261463820404776
local_freecube27_N474,local_freecube27,474,27,4000,24,chi,0.19570573632146054,0.00020617351949318478,0.1953016362232539,0.1961098364196672,0.013039558296231761,0.0001522613269497964,0.01274112609541016,0.013337990497053361,0.06662839087564282,0.0007716585587607294,0.0651159401004718,0.06814084165081384,0.17530615293764296,0.17435207899563912,0.17591379971061677,0.19510610517151192,0.19466408609008523,0.19548423091127295,0.21757672377445242,0.21692222758932428,0.21892521174606572
local_freecube27_N474,local_freecube27,474,27,4000,24,n_inf,7.75606960434117,0.029763642951756722,7.697732864155727,7.814406344526613,1.8824180638313663,0.020399790785542552,1.842434473891703,1.9224016537710298,0.24270257486830096,0.0026079371940811217,0.23759101796790197,0.24781413176869996,4.862922867284066,4.708040890624245,4.953716072927612,7.662665106788183,7.595049977214168,7.725111610415998,11.062549050722787,10.950216552837908,11.176353932273944
local_freecube27_N474,local_freecube27,474,27,4000,24,PR,15.477396743140584,0.037334803756403946,15.404220527778033,15.550572958503135,2.361260317312934,0.027787749658001012,2.306796327983252,2.4157243066426157,0.15256185239028772,0.001912027239634499,0.1488142790006041,0.15630942577997134,11.34795560625881,11.14543923343057,11.649782127839032,15.561902295362877,15.47387870496872,15.644347131679208,19.14077347551838,19.0034450771034,19.262524785853824
local_freecube27_N474,local_freecube27,474,27,4000,24,inverse_PR,0.06635493495034735,0.00018973622919021626,0.06598305194113452,0.06672681795956018,0.011999972777856168,0.00038998447447437446,0.011235603207886394,0.012764342347825941,0.18084521952791624,0.0056025653360963395,0.16986419146916742,0.19182624758666506,0.05224449270831982,0.05191427453655444,0.052622037527546295,0.06425949610976649,0.06392085215080903,0.06462503804420389,0.08812159965218251,0.08583851517792242,0.08972279863143623
local_freecube27_N474,local_freecube27,474,27,4000,24,Q_gaussian,321.93178004766526,0.907579278943574,320.15292466093587,323.71063543439465,57.4003535726998,0.6639540580298015,56.09900361896139,58.70170352643821,0.17829974277221433,0.0019973003022899357,0.17438503417972606,0.1822144513647026,232.90268682771404,230.36760190828653,235.98119904267196,317.8150873982707,315.44680649439886,319.8959784289709,422.6464426026185,418.7351108612806,427.3457659165577
local_freecube27_N474,local_freecube27,474,27,4000,24,R_gaussian,1659.4081728464812,5.565813184538485,1648.4991790047857,1670.3171666881767,352.01293388273353,4.259810535162931,343.6637052338142,360.36216253165287,0.21213161393492772,0.002435586223177024,0.20735786493750075,0.21690536293235468,1125.1254718467994,1107.7369724256157,1142.9335488452057,1627.5487318787032,1618.7076940251839,1640.125423424356,2290.9815224686777,2255.34850155918,2329.185248024743
local_freecube27_N474,local_freecube27,474,27,4000,24,max_r2_gaussian,229.50569627286038,1.3389884506335896,226.88127890961854,232.1301136361022,84.68506529324142,1.4041943899443656,81.93284428895046,87.43728629753238,0.3689889474140065,0.005134724521939914,0.35892488735100425,0.37905300747700876,123.8066062928049,121.0353373189483,126.4974083747455,212.9554622636801,209.6507779111792,216.0122317574757,390.5121686335125,382.90882112974714,403.03339708896146
local_freecube27_N474,local_freecube27,474,27,4000,24,Cmax_peratom,0.003212722061532613,1.3427407202678757e-05,0.003186404343415363,0.0032390397796498633,0.0008492237966203005,9.735511563902102e-06,0.0008301421939550524,0.0008683053992855486,0.2643315482495185,0.002931211782773136,0.25858637315528316,0.2700767233437538,0.0019261315176619053,0.0018752897512332248,0.0019593691526235786,0.0031593339632883834,0.0031277067342510914,0.003194449230007755,0.004712323901801196,0.00464538484676229,0.004771020718153536
local_freecube27_N474,local_freecube27,474,27,4000,24,Crms,92.7645190163723,0.09772624823976957,92.57297556982236,92.95606246292225,6.180750632413854,0.07217186897420347,6.0392937692244155,6.322207495603293,0.0666283908756428,0.0007716585587607292,0.06511594010047178,0.06814084165081383,83.09511649244277,82.64288544393294,83.38314106283235,92.48029385129665,92.2707768067004,92.65952545194338,103.13136706909043,102.82113587733971,103.77055036763515
local_freecube27_N474,local_freecube27,474,27,4000,24,Crms_peratom,0.19570573632146054,0.00020617351949318478,0.1953016362232539,0.1961098364196672,0.013039558296231761,0.0001522613269497964,0.01274112609541016,0.013337990497053361,0.06662839087564282,0.0007716585587607294,0.0651159401004718,0.06814084165081384,0.17530615293764296,0.17435207899563912,0.17591379971061677,0.19510610517151192,0.19466408609008523,0.19548423091127295,0.21757672377445242,0.21692222758932428,0.21892521174606572
local_freecube27_N474,local_freecube27,474,27,4000,24,max_to_rms,0.016363016042913858,6.279249567881165e-05,0.016239942751383386,0.01648608933444433,0.003971346126226512,4.3037533302832405e-05,0.00388699256095296,0.004055699691500063,0.24270257486830105,0.0026079371940811217,0.23759101796790205,0.24781413176870004,0.010259330943637271,0.00993257571861655,0.010450877790986524,0.016165960140903338,0.016023312188215545,0.016297703819443034,0.023338711077474233,0.02310172268531204,0.02357880576429102
local_freecube27_N474,local_freecube27,474,27,4000,24,PR_fraction,0.03265273574502233,7.876540876878471e-05,0.03249835554383551,0.03280711594620915,0.004981561850871169,5.862394442616247e-05,0.004866658919795891,0.005096464781946448,0.15256185239028774,0.0019120272396344988,0.14881427900060412,0.15630942577997137,0.023940834612360358,0.023513584880655213,0.024577599425820742,0.03283101750076556,0.032645313723562705,0.033004951754597486,0.040381378640334135,0.04009165628080886,0.04063823794483929
local_projector27_N1000,local_projector27,1000,27,4000,24,Cmax,8.668075583943532,0.029462865213824185,8.610328368124437,8.725822799762627,1.8633952094045656,0.0204874035869717,1.8232398983741012,1.90355052043503,0.21497219208104967,0.0023693842860945556,0.21032819888030435,0.219616185281795,5.689658194871684,5.582008685679535,5.822930852224318,8.619625739560936,8.54927065770234,8.703824325016045,11.802518631248436,11.708215042892096,11.914475434745018
local_projector27_N1000,local_projector27,1000,27,4000,24,chi,1.0,3.0581600317357624e-18,1.0,1.0,1.9341502299155647e-16,0.0,1.9341502299155647e-16,1.9341502299155647e-16,1.9341502299155647e-16,5.903613804632493e-34,1.9341502299155647e-16,1.9341502299155647e-16,0.9999999999999997,0.9999999999999997,0.9999999999999998,1.0,1.0,1.0,1.0000000000000002,1.0000000000000002,1.0000000000000002
local_projector27_N1000,local_projector27,1000,27,4000,24,n_inf,8.668075583943532,0.029462865213824185,8.610328368124437,8.725822799762627,1.8633952094045656,0.0204874035869717,1.8232398983741012,1.90355052043503,0.21497219208104967,0.002369384286094555,0.21032819888030435,0.219616185281795,5.689658194871684,5.5820086856795355,5.822930852224318,8.619625739560938,8.54927065770234,8.703824325016045,11.802518631248436,11.7082150428921,11.914475434745018
local_projector27_N1000,local_projector27,1000,27,4000,24,PR,16.8420105540479,0.031921327802164196,16.77944475155566,16.90457635654014,2.0188820358339123,0.02420841823311981,1.9714335360969975,2.066330535570827,0.11987179495910501,0.0015055917593304047,0.11692083511081741,0.1228227548073926,13.419247435046374,13.21110386364561,13.53277534982792,16.935570409133497,16.862804006700046,17.01482669403575,19.933878420900054,19.816725456021633,20.056850906192995
local_projector27_N1000,local_projector27,1000,27,4000,24,inverse_PR,0.06031573312080522,0.00012700179670835268,0.06006680959925685,0.060564656642353595,0.008032298890641394,0.00017278740971236165,0.007693635567605165,0.008370962213677623,0.1331708739169871,0.0027197440984870367,0.1278401754839525,0.1385015723500217,0.05016585233429231,0.04985827559256712,0.050462423886290145,0.059047317343409775,0.05877227067793365,0.059302118414154205,0.07451982757355424,0.07389467231588351,0.07569390191169457
local_projector27_N1000,local_projector27,1000,27,4000,24,Q_gaussian,77.75892753193774,0.19784017616602664,77.37116078665233,78.14669427722316,12.512511387472054,0.14011511165855076,12.237885768621295,12.787137006322814,0.1609141456115482,0.0017687843983560329,0.1574473281907704,0.16438096303232602,57.87970483864638,57.20318393818471,58.7576911359037,77.18086774417766,76.72130459680025,77.68916230657815,98.89620720301527,97.88617410760568,99.82134132425017
local_projector27_N1000,local_projector27,1000,27,4000,24,R_gaussian,77.75892753193774,0.19784017616602664,77.37116078665233,78.14669427722316,12.512511387472054,0.14011511165855078,12.237885768621295,12.787137006322814,0.1609141456115482,0.0017687843983560329,0.1574473281907704,0.16438096303232602,57.87970483864639,57.20318393818472,58.757691135903684,77.18086774417766,76.72130459680028,77.68916230657815,98.8962072030153,97.88617410760568,99.82134132425017
local_projector27_N1000,local_projector27,1000,27,4000,24,max_r2_gaussian,9.420420497608623,0.04242928533444196,9.337259098353117,9.503581896864128,2.683463623000313,0.04243252368997527,2.6002958765679614,2.7666313694326643,0.284856034152776,0.003984046834023981,0.277047302358089,0.292664765947463,5.8399140070114886,5.717539753689213,5.928324054979155,9.00265329705048,8.921467055598004,9.07889730139751,14.304694068900284,13.975948983663528,14.667992326962647
local_projector27_N1000,local_projector27,1000,27,4000,24,Cmax_peratom,0.00866807558394353,2.9462865213824187e-05,0.008610328368124434,0.008725822799762625,0.0018633952094045656,2.0487403586971702e-05,0.0018232398983741012,0.00190355052043503,0.2149721920810497,0.0023693842860945556,0.21032819888030438,0.21961618528179502,0.005689658194871684,0.005582008685679534,0.0058229308522243185,0.008619625739560936,0.00854927065770234,0.008703824325016046,0.011802518631248435,0.011708215042892095,0.011914475434745019
local_projector27_N1000,local_projector27,1000,27,4000,24,Crms,1000.0,3.1315558724974207e-15,1000.0,1000.0,1.9805698354335382e-13,2.0854752784906608e-15,1.9396945199751213e-13,2.0214451508919552e-13,1.9805698354335383e-16,2.0854752784906606e-18,1.9396945199751214e-16,2.021445150891955e-16,999.9999999999997,999.9999999999997,999.9999999999998,1000.0,1000.0,1000.0,1000.0000000000002,1000.0000000000002,1000.0000000000002
local_projector27_N1000,local_projector27,1000,27,4000,24,Crms_peratom,1.0,3.0581600317357624e-18,1.0,1.0,1.9341502299155647e-16,0.0,1.9341502299155647e-16,1.9341502299155647e-16,1.9341502299155647e-16,5.903613804632493e-34,1.9341502299155647e-16,1.9341502299155647e-16,0.9999999999999997,0.9999999999999997,0.9999999999999998,1.0,1.0,1.0,1.0000000000000002,1.0000000000000002,1.0000000000000002
local_projector27_N1000,local_projector27,1000,27,4000,24,max_to_rms,0.00866807558394353,2.9462865213824187e-05,0.008610328368124434,0.008725822799762625,0.0018633952094045656,2.0487403586971702e-05,0.0018232398983741012,0.00190355052043503,0.2149721920810497,0.002369384286094555,0.21032819888030438,0.21961618528179502,0.005689658194871684,0.005582008685679535,0.0058229308522243185,0.008619625739560937,0.00854927065770234,0.008703824325016046,0.011802518631248435,0.011708215042892099,0.011914475434745019
local_projector27_N1000,local_projector27,1000,27,4000,24,PR_fraction,0.016842010554047895,3.192132780216419e-05,0.016779444751555652,0.01690457635654014,0.0020188820358339123,2.4208418233119797e-05,0.0019714335360969974,0.002066330535570827,0.11987179495910504,0.001505591759330404,0.11692083511081744,0.12282275480739263,0.013419247435046374,0.01321110386364561,0.01353277534982792,0.016935570409133502,0.016862804006700045,0.01701482669403575,0.019933878420900053,0.019816725456021634,0.020056850906192997
local_freecube27_N1000,local_freecube27,1000,27,4000,24,Cmax,1.5228302571664585,0.006364591014069731,1.5103556587788818,1.5353048555540352,0.4025320795980224,0.004614632481289598,0.3934873999346948,0.41157675926135,0.2643315482495185,0.002931211782773136,0.25858637315528316,0.2700767233437538,0.912986339371743,0.8888873420845486,0.9287409783435763,1.4975242985986936,1.4825329920350174,1.5141689350236758,2.233641529453767,2.2019124173653255,2.261463820404776
local_freecube27_N1000,local_freecube27,1000,27,4000,24,chi,0.19570573632146054,0.00020617351949318478,0.1953016362232539,0.1961098364196672,0.013039558296231761,0.0001522613269497964,0.01274112609541016,0.013337990497053361,0.06662839087564282,0.0007716585587607294,0.0651159401004718,0.06814084165081384,0.17530615293764296,0.17435207899563912,0.17591379971061677,0.19510610517151192,0.19466408609008523,0.19548423091127295,0.21757672377445242,0.21692222758932428,0.21892521174606572
local_freecube27_N1000,local_freecube27,1000,27,4000,24,n_inf,7.75606960434117,0.029763642951756722,7.697732864155727,7.814406344526613,1.8824180638313663,0.020399790785542552,1.842434473891703,1.9224016537710298,0.24270257486830096,0.0026079371940811217,0.23759101796790197,0.24781413176869996,4.862922867284066,4.708040890624245,4.953716072927612,7.662665106788183,7.595049977214168,7.725111610415998,11.062549050722787,10.950216552837908,11.176353932273944
local_freecube27_N1000,local_freecube27,1000,27,4000,24,PR,15.477396743140584,0.037334803756403946,15.404220527778033,15.550572958503135,2.361260317312934,0.027787749658001012,2.306796327983252,2.4157243066426157,0.15256185239028772,0.001912027239634499,0.1488142790006041,0.15630942577997134,11.34795560625881,11.14543923343057,11.649782127839032,15.561902295362877,15.47387870496872,15.644347131679208,19.14077347551838,19.0034450771034,19.262524785853824
local_freecube27_N1000,local_freecube27,1000,27,4000,24,inverse_PR,0.06635493495034735,0.00018973622919021626,0.06598305194113452,0.06672681795956018,0.011999972777856168,0.00038998447447437446,0.011235603207886394,0.012764342347825941,0.18084521952791624,0.0056025653360963395,0.16986419146916742,0.19182624758666506,0.05224449270831982,0.05191427453655444,0.052622037527546295,0.06425949610976649,0.06392085215080903,0.06462503804420389,0.08812159965218251,0.08583851517792242,0.08972279863143623
local_freecube27_N1000,local_freecube27,1000,27,4000,24,Q_gaussian,321.93178004766526,0.907579278943574,320.15292466093587,323.71063543439465,57.4003535726998,0.6639540580298015,56.09900361896139,58.70170352643821,0.17829974277221433,0.0019973003022899357,0.17438503417972606,0.1822144513647026,232.90268682771404,230.36760190828653,235.98119904267196,317.8150873982707,315.44680649439886,319.8959784289709,422.6464426026185,418.7351108612806,427.3457659165577
local_freecube27_N1000,local_freecube27,1000,27,4000,24,R_gaussian,1659.4081728464812,5.565813184538485,1648.4991790047857,1670.3171666881767,352.01293388273353,4.259810535162931,343.6637052338142,360.36216253165287,0.21213161393492772,0.002435586223177024,0.20735786493750075,0.21690536293235468,1125.1254718467994,1107.7369724256157,1142.9335488452057,1627.5487318787032,1618.7076940251839,1640.125423424356,2290.9815224686777,2255.34850155918,2329.185248024743
local_freecube27_N1000,local_freecube27,1000,27,4000,24,max_r2_gaussian,229.50569627286038,1.3389884506335896,226.88127890961854,232.1301136361022,84.68506529324142,1.4041943899443656,81.93284428895046,87.43728629753238,0.3689889474140065,0.005134724521939914,0.35892488735100425,0.37905300747700876,123.8066062928049,121.0353373189483,126.4974083747455,212.9554622636801,209.6507779111792,216.0122317574757,390.5121686335125,382.90882112974714,403.03339708896146
local_freecube27_N1000,local_freecube27,1000,27,4000,24,Cmax_peratom,0.0015228302571664585,6.364591014069731e-06,0.0015103556587788818,0.001535304855554035,0.00040253207959802244,4.614632481289597e-06,0.0003934873999346948,0.00041157675926135006,0.26433154824951854,0.002931211782773136,0.2585863731552832,0.2700767233437539,0.0009129863393717431,0.0008888873420845486,0.0009287409783435762,0.0014975242985986936,0.0014825329920350174,0.0015141689350236759,0.0022336415294537675,0.0022019124173653253,0.0022614638204047762
local_freecube27_N1000,local_freecube27,1000,27,4000,24,Crms,195.70573632146056,0.20617351949318477,195.30163622325392,196.1098364196672,13.03955829623176,0.15226132694979633,12.74112609541016,13.337990497053362,0.0666283908756428,0.0007716585587607294,0.06511594010047178,0.06814084165081383,175.30615293764296,174.35207899563912,175.91379971061676,195.1061051715119,194.66408609008522,195.48423091127296,217.5767237744524,216.92222758932428,218.9252117460657
local_freecube27_N1000,local_freecube27,1000,27,4000,24,Crms_peratom,0.19570573632146054,0.00020617351949318478,0.1953016362232539,0.1961098364196672,0.013039558296231761,0.0001522613269497964,0.01274112609541016,0.013337990497053361,0.06662839087564282,0.0007716585587607294,0.0651159401004718,0.06814084165081384,0.17530615293764296,0.17435207899563912,0.17591379971061677,0.19510610517151192,0.19466408609008523,0.19548423091127295,0.21757672377445242,0.21692222758932428,0.21892521174606572
local_freecube27_N1000,local_freecube27,1000,27,4000,24,max_to_rms,0.007756069604341169,2.9763642951756722e-05,0.007697732864155726,0.007814406344526612,0.0018824180638313665,2.0399790785542557e-05,0.001842434473891703,0.00192240165377103,0.24270257486830102,0.0026079371940811217,0.23759101796790202,0.2478141317687,0.004862922867284067,0.004708040890624245,0.004953716072927612,0.007662665106788183,0.007595049977214168,0.007725111610415998,0.011062549050722787,0.010950216552837908,0.011176353932273944
local_freecube27_N1000,local_freecube27,1000,27,4000,24,PR_fraction,0.015477396743140585,3.7334803756403954e-05,0.015404220527778033,0.015550572958503137,0.002361260317312934,2.778774965800101e-05,0.0023067963279832524,0.002415724306642616,0.15256185239028774,0.001912027239634499,0.14881427900060412,0.15630942577997137,0.011347955606258809,0.01114543923343057,0.011649782127839032,0.015561902295362876,0.01547387870496872,0.01564434713167921,0.019140773475518378,0.0190034450771034,0.019262524785853823
local_projector27_N4096,local_projector27,4096,27,4000,24,Cmax,8.668075583943532,0.029462865213824185,8.610328368124437,8.725822799762627,1.8633952094045656,0.0204874035869717,1.8232398983741012,1.90355052043503,0.21497219208104967,0.0023693842860945556,0.21032819888030435,0.219616185281795,5.689658194871684,5.582008685679535,5.822930852224318,8.619625739560936,8.54927065770234,8.703824325016045,11.802518631248436,11.708215042892096,11.914475434745018
local_projector27_N4096,local_projector27,4096,27,4000,24,chi,1.0,3.0581600317357624e-18,1.0,1.0,1.9341502299155647e-16,0.0,1.9341502299155647e-16,1.9341502299155647e-16,1.9341502299155647e-16,5.903613804632493e-34,1.9341502299155647e-16,1.9341502299155647e-16,0.9999999999999997,0.9999999999999997,0.9999999999999998,1.0,1.0,1.0,1.0000000000000002,1.0000000000000002,1.0000000000000002
local_projector27_N4096,local_projector27,4096,27,4000,24,n_inf,8.668075583943532,0.029462865213824185,8.610328368124437,8.725822799762627,1.8633952094045656,0.0204874035869717,1.8232398983741012,1.90355052043503,0.21497219208104967,0.002369384286094555,0.21032819888030435,0.219616185281795,5.689658194871684,5.5820086856795355,5.822930852224318,8.619625739560938,8.54927065770234,8.703824325016045,11.802518631248436,11.7082150428921,11.914475434745018
local_projector27_N4096,local_projector27,4096,27,4000,24,PR,16.8420105540479,0.031921327802164196,16.77944475155566,16.90457635654014,2.0188820358339123,0.02420841823311981,1.9714335360969975,2.066330535570827,0.11987179495910501,0.0015055917593304047,0.11692083511081741,0.1228227548073926,13.419247435046374,13.21110386364561,13.53277534982792,16.935570409133497,16.862804006700046,17.01482669403575,19.933878420900054,19.816725456021633,20.056850906192995
local_projector27_N4096,local_projector27,4096,27,4000,24,inverse_PR,0.06031573312080522,0.00012700179670835268,0.06006680959925685,0.060564656642353595,0.008032298890641394,0.00017278740971236165,0.007693635567605165,0.008370962213677623,0.1331708739169871,0.0027197440984870367,0.1278401754839525,0.1385015723500217,0.05016585233429231,0.04985827559256712,0.050462423886290145,0.059047317343409775,0.05877227067793365,0.059302118414154205,0.07451982757355424,0.07389467231588351,0.07569390191169457
local_projector27_N4096,local_projector27,4096,27,4000,24,Q_gaussian,77.75892753193774,0.19784017616602664,77.37116078665233,78.14669427722316,12.512511387472054,0.14011511165855076,12.237885768621295,12.787137006322814,0.1609141456115482,0.0017687843983560329,0.1574473281907704,0.16438096303232602,57.87970483864638,57.20318393818471,58.7576911359037,77.18086774417766,76.72130459680025,77.68916230657815,98.89620720301527,97.88617410760568,99.82134132425017
local_projector27_N4096,local_projector27,4096,27,4000,24,R_gaussian,77.75892753193774,0.19784017616602664,77.37116078665233,78.14669427722316,12.512511387472054,0.14011511165855078,12.237885768621295,12.787137006322814,0.1609141456115482,0.0017687843983560329,0.1574473281907704,0.16438096303232602,57.87970483864639,57.20318393818472,58.757691135903684,77.18086774417766,76.72130459680028,77.68916230657815,98.8962072030153,97.88617410760568,99.82134132425017
local_projector27_N4096,local_projector27,4096,27,4000,24,max_r2_gaussian,9.420420497608623,0.04242928533444196,9.337259098353117,9.503581896864128,2.683463623000313,0.04243252368997527,2.6002958765679614,2.7666313694326643,0.284856034152776,0.003984046834023981,0.277047302358089,0.292664765947463,5.8399140070114886,5.717539753689213,5.928324054979155,9.00265329705048,8.921467055598004,9.07889730139751,14.304694068900284,13.975948983663528,14.667992326962647
local_projector27_N4096,local_projector27,4096,27,4000,24,Cmax_peratom,0.002116229390611214,7.193082327593795e-06,0.00210213094924913,0.0021303278319732975,0.0004549304710460365,5.001807516350513e-06,0.00044512692831398954,0.0004647340137780835,0.21497219208104967,0.0023693842860945556,0.21032819888030435,0.219616185281795,0.0013890767077323447,0.0013627950892772301,0.0014216139775938277,0.002104400815322494,0.0020872242816656105,0.0021249571105996204,0.0028814742752071376,0.002858450938206078,0.0029088074791857954
local_projector27_N4096,local_projector27,4096,27,4000,24,Crms,4096.0,1.2526223489989683e-14,4096.0,4096.0,7.922279341734153e-13,8.341901113962643e-15,7.758778079900485e-13,8.085780603567821e-13,1.9341502299155647e-16,2.036596951651036e-18,1.8942329296632043e-16,1.974067530167925e-16,4095.9999999999986,4095.9999999999986,4095.999999999999,4096.0,4096.0,4096.0,4096.000000000001,4096.000000000001,4096.000000000001
local_projector27_N4096,local_projector27,4096,27,4000,24,Crms_peratom,1.0,3.0581600317357624e-18,1.0,1.0,1.9341502299155647e-16,0.0,1.9341502299155647e-16,1.9341502299155647e-16,1.9341502299155647e-16,5.903613804632493e-34,1.9341502299155647e-16,1.9341502299155647e-16,0.9999999999999997,0.9999999999999997,0.9999999999999998,1.0,1.0,1.0,1.0000000000000002,1.0000000000000002,1.0000000000000002
local_projector27_N4096,local_projector27,4096,27,4000,24,max_to_rms,0.002116229390611214,7.193082327593795e-06,0.00210213094924913,0.0021303278319732975,0.0004549304710460365,5.001807516350513e-06,0.00044512692831398954,0.0004647340137780835,0.21497219208104967,0.002369384286094555,0.21032819888030435,0.219616185281795,0.0013890767077323447,0.0013627950892772303,0.0014216139775938277,0.0021044008153224946,0.0020872242816656105,0.0021249571105996204,0.0028814742752071376,0.002858450938206079,0.0029088074791857954
local_projector27_N4096,local_projector27,4096,27,4000,24,PR_fraction,0.00411181898292185,7.793292920450243e-06,0.004096544128797768,0.004127093837045933,0.0004928911220297638,5.910258357695266e-06,0.000481307015648681,0.0005044752284108464,0.11987179495910501,0.0015055917593304047,0.11692083511081741,0.1228227548073926,0.0032761834558218688,0.003225367154210354,0.003303900231891582,0.004134660744417358,0.004116895509448253,0.004154010423348572,0.004866669536352552,0.0048380677382865315,0.004896692115769774
local_freecube27_N4096,local_freecube27,4096,27,4000,24,Cmax,1.5228302571664585,0.006364591014069731,1.5103556587788818,1.5353048555540352,0.4025320795980224,0.004614632481289598,0.3934873999346948,0.41157675926135,0.2643315482495185,0.002931211782773136,0.25858637315528316,0.2700767233437538,0.912986339371743,0.8888873420845486,0.9287409783435763,1.4975242985986936,1.4825329920350174,1.5141689350236758,2.233641529453767,2.2019124173653255,2.261463820404776
local_freecube27_N4096,local_freecube27,4096,27,4000,24,chi,0.19570573632146054,0.00020617351949318478,0.1953016362232539,0.1961098364196672,0.013039558296231761,0.0001522613269497964,0.01274112609541016,0.013337990497053361,0.06662839087564282,0.0007716585587607294,0.0651159401004718,0.06814084165081384,0.17530615293764296,0.17435207899563912,0.17591379971061677,0.19510610517151192,0.19466408609008523,0.19548423091127295,0.21757672377445242,0.21692222758932428,0.21892521174606572
local_freecube27_N4096,local_freecube27,4096,27,4000,24,n_inf,7.75606960434117,0.029763642951756722,7.697732864155727,7.814406344526613,1.8824180638313663,0.020399790785542552,1.842434473891703,1.9224016537710298,0.24270257486830096,0.0026079371940811217,0.23759101796790197,0.24781413176869996,4.862922867284066,4.708040890624245,4.953716072927612,7.662665106788183,7.595049977214168,7.725111610415998,11.062549050722787,10.950216552837908,11.176353932273944
local_freecube27_N4096,local_freecube27,4096,27,4000,24,PR,15.477396743140584,0.037334803756403946,15.404220527778033,15.550572958503135,2.361260317312934,0.027787749658001012,2.306796327983252,2.4157243066426157,0.15256185239028772,0.001912027239634499,0.1488142790006041,0.15630942577997134,11.34795560625881,11.14543923343057,11.649782127839032,15.561902295362877,15.47387870496872,15.644347131679208,19.14077347551838,19.0034450771034,19.262524785853824
local_freecube27_N4096,local_freecube27,4096,27,4000,24,inverse_PR,0.06635493495034735,0.00018973622919021626,0.06598305194113452,0.06672681795956018,0.011999972777856168,0.00038998447447437446,0.011235603207886394,0.012764342347825941,0.18084521952791624,0.0056025653360963395,0.16986419146916742,0.19182624758666506,0.05224449270831982,0.05191427453655444,0.052622037527546295,0.06425949610976649,0.06392085215080903,0.06462503804420389,0.08812159965218251,0.08583851517792242,0.08972279863143623
local_freecube27_N4096,local_freecube27,4096,27,4000,24,Q_gaussian,321.93178004766526,0.907579278943574,320.15292466093587,323.71063543439465,57.4003535726998,0.6639540580298015,56.09900361896139,58.70170352643821,0.17829974277221433,0.0019973003022899357,0.17438503417972606,0.1822144513647026,232.90268682771404,230.36760190828653,235.98119904267196,317.8150873982707,315.44680649439886,319.8959784289709,422.6464426026185,418.7351108612806,427.3457659165577
local_freecube27_N4096,local_freecube27,4096,27,4000,24,R_gaussian,1659.4081728464812,5.565813184538485,1648.4991790047857,1670.3171666881767,352.01293388273353,4.259810535162931,343.6637052338142,360.36216253165287,0.21213161393492772,0.002435586223177024,0.20735786493750075,0.21690536293235468,1125.1254718467994,1107.7369724256157,1142.9335488452057,1627.5487318787032,1618.7076940251839,1640.125423424356,2290.9815224686777,2255.34850155918,2329.185248024743
local_freecube27_N4096,local_freecube27,4096,27,4000,24,max_r2_gaussian,229.50569627286038,1.3389884506335896,226.88127890961854,232.1301136361022,84.68506529324142,1.4041943899443656,81.93284428895046,87.43728629753238,0.3689889474140065,0.005134724521939914,0.35892488735100425,0.37905300747700876,123.8066062928049,121.0353373189483,126.4974083747455,212.9554622636801,209.6507779111792,216.0122317574757,390.5121686335125,382.90882112974714,403.03339708896146
local_freecube27_N4096,local_freecube27,4096,27,4000,24,Cmax_peratom,0.0003717847307535299,1.5538552280443679e-06,0.00036873917450656294,0.00037483028700049687,9.827443349561094e-05,1.1266192581273433e-06,9.606625974968134e-05,0.00010048260724154053,0.2643315482495185,0.002931211782773136,0.25858637315528316,0.2700767233437538,0.00022289705551067944,0.0002170135112511105,0.00022674340291591218,0.0003656065182125717,0.0003619465312585492,0.0003696701501522646,0.0005453226390267986,0.0005375762737708314,0.0005521151905285098
local_freecube27_N4096,local_freecube27,4096,27,4000,24,Crms,801.6106959727024,0.8444867358440848,799.9555019704479,803.2658899749568,53.41003078136529,0.623662395186366,52.18765248680002,54.63240907593057,0.06662839087564282,0.0007716585587607294,0.0651159401004718,0.06814084165081384,718.0540024325855,714.1461155661378,720.5429236146863,799.1546067825128,797.3440966249891,800.703409812574,891.1942605801571,888.5134442058722,896.7176673118852
local_freecube27_N4096,local_freecube27,4096,27,4000,24,Crms_peratom,0.19570573632146054,0.00020617351949318478,0.1953016362232539,0.1961098364196672,0.013039558296231761,0.0001522613269497964,0.01274112609541016,0.013337990497053361,0.06662839087564282,0.0007716585587607294,0.0651159401004718,0.06814084165081384,0.17530615293764296,0.17435207899563912,0.17591379971061677,0.19510610517151192,0.19466408609008523,0.19548423091127295,0.21757672377445242,0.21692222758932428,0.21892521174606572
local_freecube27_N4096,local_freecube27,4096,27,4000,24,max_to_rms,0.001893571680747356,7.266514392518731e-06,0.0018793293125380192,0.0019078140489566927,0.00045957472261507967,4.9804176722516e-06,0.00044981310397746653,0.0004693363412526928,0.24270257486830096,0.0026079371940811217,0.23759101796790197,0.24781413176869996,0.001187237028145524,0.0011494240455625598,0.0012094033381170929,0.0018707678483369588,0.0018542602483433027,0.0018860135767617182,0.002700817639336618,0.0026733927130951924,0.0027286020342465684
local_freecube27_N4096,local_freecube27,4096,27,4000,24,PR_fraction,0.0037786613142433067,9.114942323340807e-06,0.003760796027289559,0.0037965266011970545,0.000576479569656478,6.784118568847903e-06,0.0005631826972615361,0.0005897764420514199,0.15256185239028772,0.001912027239634499,0.1488142790006041,0.15630942577997134,0.0027704969741842796,0.0027210545003492604,0.002844185089804451,0.0037992925525788274,0.003777802418205254,0.003819420686445119,0.004673040399296479,0.004639512958277197,0.004702764840296344
indefinite_COM_balanced_N2,indefinite_COM_balanced,2,2,4000,26,Cmax,-0.422521659708405,0.015701956348821083,-0.4532974941520943,-0.3917458252647157,0.9930789156563192,0.006087493387802897,0.9811474286162255,1.0050104026964128,2.350362147923193,0.08504658599321965,2.1836708393764823,2.5170534564699034,-1.962704912171124,-1.9709773198088114,-1.9531989453864556,-0.3033271605989497,-0.36099955303711834,-0.23168387517714928,0.9163369581096552,0.9031404887793905,0.9310972304940994
indefinite_COM_balanced_N2,indefinite_COM_balanced,2,2,4000,26,chi,-0.2112608298542025,0.007850978174410543,-0.22664874707604715,-0.19587291263235784,0.49653945782815967,0.0030437466939014484,0.4905737143081128,0.5025052013482065,2.3503621479231933,0.08504658599321967,2.1836708393764828,2.517053456469904,-0.981352456085562,-0.985488659904406,-0.9765994726932278,-0.15166358029947485,-0.1804997765185592,-0.11584193758857467,0.45816847905482766,0.4515702443896953,0.4655486152470497
indefinite_COM_balanced_N2,indefinite_COM_balanced,2,2,4000,26,n_inf,2.0,3.97371490807984e-18,2.0,2.0,2.5131979763397846e-16,0.0,2.5131979763397846e-16,2.5131979763397846e-16,1.2565989881698923e-16,2.1699063701075454e-34,1.2565989881698923e-16,1.2565989881698923e-16,1.9999999999999996,1.9999999999999996,1.9999999999999996,2.0,2.0,2.0,2.0,2.0,2.0
indefinite_COM_balanced_N2,indefinite_COM_balanced,2,2,4000,26,PR,2.0,4.093306374261621e-18,2.0,2.0,2.58883426071047e-16,0.0,2.58883426071047e-16,2.58883426071047e-16,1.294417130355235e-16,2.6485890735992038e-34,1.294417130355235e-16,1.294417130355235e-16,1.9999999999999996,1.9999999999999996,1.9999999999999996,2.0,2.0,2.0,2.0000000000000004,2.0000000000000004,2.0000000000000004
indefinite_COM_balanced_N2,indefinite_COM_balanced,2,2,4000,26,inverse_PR,0.5,9.087643425643345e-19,0.5,0.5,5.747530357697599e-17,0.0,5.747530357697599e-17,5.747530357697599e-17,1.1495060715395198e-16,2.085479831689492e-34,1.1495060715395198e-16,1.1495060715395198e-16,0.4999999999999999,0.4999999999999999,0.4999999999999999,0.5,0.5,0.5,0.5000000000000001,0.5000000000000001,0.5000000000000001
indefinite_COM_balanced_N2,indefinite_COM_balanced,2,2,4000,26,Q_gaussian,0.01812749815404743,0.05650137989086844,-0.0926152064320547,0.12887020274014957,3.5734610279516033,0.08552346498496775,3.4058350365810663,3.74108701932214,,,,,-4.932915742949934,-5.22212120188164,-4.726015080213475,-0.3056542489795392,-0.3686691194497915,-0.2334942345016557,6.2274527511889675,5.796190016601476,6.611523615223329
indefinite_COM_balanced_N2,indefinite_COM_balanced,2,2,4000,26,R_gaussian,6.095623008515394,0.09833477374184582,5.902886851981377,6.288359165049412,6.219237164431024,0.18271199485090064,5.8611216545232585,6.57735267433879,1.0202791668288778,0.021184109596628496,0.9787583120194859,1.0618000216382697,0.5855073559604403,0.5244919023426267,0.6348918422872363,4.2841769171011945,4.147260433886749,4.407455988334981,17.726986844231057,16.879120137715717,19.243788811573726
indefinite_COM_balanced_N2,indefinite_COM_balanced,2,2,4000,26,max_r2_gaussian,3.047811504257697,0.04916738687092291,2.9514434259906883,3.144179582524706,3.109618582215512,0.09135599742545032,2.9305608272616293,3.288676337169395,1.0202791668288778,0.021184109596628496,0.9787583120194859,1.0618000216382697,0.2927536779802203,0.26224595117131333,0.3174459211436182,2.1420884585505977,2.073630216943375,2.2037279941674908,8.863493422115528,8.43956006885786,9.621894405786863
indefinite_COM_balanced_N2,indefinite_COM_balanced,2,2,4000,26,Cmax_peratom,-0.2112608298542025,0.007850978174410541,-0.22664874707604715,-0.19587291263235784,0.4965394578281596,0.0030437466939014484,0.49057371430811275,0.5025052013482064,2.350362147923193,0.08504658599321965,2.1836708393764823,2.5170534564699034,-0.981352456085562,-0.9854886599044057,-0.9765994726932278,-0.15166358029947485,-0.18049977651855917,-0.11584193758857464,0.4581684790548276,0.45157024438969523,0.4655486152470497
indefinite_COM_balanced_N2,indefinite_COM_balanced,2,2,4000,26,Crms,-0.422521659708405,0.015701956348821086,-0.4532974941520943,-0.3917458252647157,0.9930789156563193,0.006087493387802897,0.9811474286162256,1.005010402696413,2.3503621479231933,0.08504658599321967,2.1836708393764828,2.517053456469904,-1.962704912171124,-1.970977319808812,-1.9531989453864556,-0.3033271605989497,-0.3609995530371184,-0.23168387517714933,0.9163369581096553,0.9031404887793906,0.9310972304940994
indefinite_COM_balanced_N2,indefinite_COM_balanced,2,2,4000,26,Crms_peratom,-0.2112608298542025,0.007850978174410543,-0.22664874707604715,-0.19587291263235784,0.49653945782815967,0.0030437466939014484,0.4905737143081128,0.5025052013482065,2.3503621479231933,0.08504658599321967,2.1836708393764828,2.517053456469904,-0.981352456085562,-0.985488659904406,-0.9765994726932278,-0.15166358029947485,-0.1804997765185592,-0.11584193758857467,0.45816847905482766,0.4515702443896953,0.4655486152470497
indefinite_COM_balanced_N2,indefinite_COM_balanced,2,2,4000,26,max_to_rms,1.0,1.98685745403992e-18,1.0,1.0,1.2565989881698923e-16,0.0,1.2565989881698923e-16,1.2565989881698923e-16,1.2565989881698923e-16,2.1699063701075454e-34,1.2565989881698923e-16,1.2565989881698923e-16,0.9999999999999998,0.9999999999999998,0.9999999999999998,1.0,1.0,1.0,1.0,1.0,1.0
indefinite_COM_balanced_N2,indefinite_COM_balanced,2,2,4000,26,PR_fraction,1.0,2.0466531871308105e-18,1.0,1.0,1.294417130355235e-16,0.0,1.294417130355235e-16,1.294417130355235e-16,1.294417130355235e-16,2.6485890735992038e-34,1.294417130355235e-16,1.294417130355235e-16,0.9999999999999998,0.9999999999999998,0.9999999999999998,1.0,1.0,1.0,1.0000000000000002,1.0000000000000002,1.0000000000000002
indefinite_COM_positive_trace_N2,indefinite_COM_positive_trace,2,2,4000,26,Cmax,-0.4074309668210742,0.015460905343655637,-0.4377343412946393,-0.37712759234750914,0.9778335114844028,0.006103677037690043,0.9658703044905304,0.9897967184782752,2.3999980146669224,0.08767145763312631,2.228161957705995,2.57183407162785,-1.959586333379862,-1.9685415864146845,-1.9493019237949412,-0.25997846345051034,-0.31598781952531246,-0.19069087971688442,0.8775064948557187,0.8656607277283848,0.8907445098355593
indefinite_COM_positive_trace_N2,indefinite_COM_positive_trace,2,2,4000,26,chi,-0.2037154834105371,0.007730452671827819,-0.21886717064731964,-0.18856379617375457,0.4889167557422014,0.0030518385188450215,0.4829351522452652,0.4948983592391376,2.3999980146669224,0.08767145763312631,2.228161957705995,2.57183407162785,-0.979793166689931,-0.9842707932073426,-0.9746509618974706,-0.12998923172525517,-0.15799390976265626,-0.09534543985844222,0.43875324742785937,0.43283036386419244,0.44537225491777965
indefinite_COM_positive_trace_N2,indefinite_COM_positive_trace,2,2,4000,26,n_inf,2.0,4.116208794580854e-18,2.0,2.0,2.6033190231383295e-16,0.0,2.6033190231383295e-16,2.6033190231383295e-16,1.3016595115691648e-16,2.322530735538189e-34,1.3016595115691648e-16,1.3016595115691648e-16,1.9999999999999996,1.9999999999999993,1.9999999999999996,2.0,2.0,2.0,2.0,2.0,2.0
indefinite_COM_positive_trace_N2,indefinite_COM_positive_trace,2,2,4000,26,PR,2.0,4.0203685709457315e-18,2.0,2.0,2.542704343508952e-16,0.0,2.542704343508952e-16,2.542704343508952e-16,1.271352171754476e-16,2.555318545580613e-34,1.271352171754476e-16,1.271352171754476e-16,1.9999999999999996,1.9999999999999996,1.9999999999999996,2.0,2.0,2.0,2.0000000000000004,2.0000000000000004,2.0000000000000004
indefinite_COM_positive_trace_N2,indefinite_COM_positive_trace,2,2,4000,26,inverse_PR,0.5,8.922924926773546e-19,0.5,0.5,5.643353231859111e-17,0.0,5.643353231859111e-17,5.643353231859111e-17,1.1286706463718222e-16,2.0102435618023265e-34,1.1286706463718222e-16,1.1286706463718222e-16,0.4999999999999999,0.4999999999999999,0.4999999999999999,0.5,0.5,0.5,0.5000000000000001,0.5000000000000001,0.5000000000000001
indefinite_COM_positive_trace_N2,indefinite_COM_positive_trace,2,2,4000,26,Q_gaussian,0.12002333993187153,0.0584384096523637,0.0054840570132386746,0.2345626228505044,3.695969546788758,0.08985977857082122,3.5198443807899484,3.872094712787568,,,,,-4.89113515009222,-5.158876464884755,-4.691467222525042,-0.279710166093851,-0.343710177723364,-0.21045002187699974,6.566376235579893,6.127759599188694,7.012022457311165
indefinite_COM_positive_trace_N2,indefinite_COM_positive_trace,2,2,4000,26,R_gaussian,6.513395959804474,0.10740892187305244,6.302874472933292,6.723917446675657,6.79313668283849,0.20233814811814538,6.396553912526925,7.1897194531500555,1.0429485209805076,0.02180969140370353,1.0002015258292487,1.0856955161317665,0.59599894362529,0.5387722667055783,0.6533210666601589,4.461773670694316,4.324755034870031,4.624154959272621,19.231858930560744,18.151334143599325,20.94060301756721
indefinite_COM_positive_trace_N2,indefinite_COM_positive_trace,2,2,4000,26,max_r2_gaussian,3.256697979902237,0.05370446093652622,3.151437236466646,3.3619587233378283,3.396568341419245,0.10116907405907269,3.1982769562634625,3.5948597265750277,1.0429485209805076,0.02180969140370353,1.0002015258292487,1.0856955161317665,0.2979994718126451,0.2693861333527892,0.3266605333300795,2.2308868353471585,2.1623775174350155,2.3120774796363106,9.615929465280372,9.075667071799662,10.470301508783605
indefinite_COM_positive_trace_N2,indefinite_COM_positive_trace,2,2,4000,26,Cmax_peratom,-0.2037154834105371,0.007730452671827819,-0.21886717064731964,-0.18856379617375457,0.4889167557422014,0.0030518385188450215,0.4829351522452652,0.4948983592391376,2.3999980146669224,0.08767145763312631,2.228161957705995,2.57183407162785,-0.979793166689931,-0.9842707932073422,-0.9746509618974706,-0.12998923172525517,-0.15799390976265623,-0.09534543985844221,0.43875324742785937,0.4328303638641924,0.44537225491777965
indefinite_COM_positive_trace_N2,indefinite_COM_positive_trace,2,2,4000,26,Crms,-0.4074309668210742,0.015460905343655637,-0.4377343412946393,-0.37712759234750914,0.9778335114844028,0.006103677037690043,0.9658703044905304,0.9897967184782752,2.3999980146669224,0.08767145763312631,2.228161957705995,2.57183407162785,-1.959586333379862,-1.9685415864146851,-1.9493019237949412,-0.25997846345051034,-0.3159878195253125,-0.19069087971688445,0.8775064948557187,0.8656607277283849,0.8907445098355593
indefinite_COM_positive_trace_N2,indefinite_COM_positive_trace,2,2,4000,26,Crms_peratom,-0.2037154834105371,0.007730452671827819,-0.21886717064731964,-0.18856379617375457,0.4889167557422014,0.0030518385188450215,0.4829351522452652,0.4948983592391376,2.3999980146669224,0.08767145763312631,2.228161957705995,2.57183407162785,-0.979793166689931,-0.9842707932073426,-0.9746509618974706,-0.12998923172525517,-0.15799390976265626,-0.09534543985844222,0.43875324742785937,0.43283036386419244,0.44537225491777965
indefinite_COM_positive_trace_N2,indefinite_COM_positive_trace,2,2,4000,26,max_to_rms,1.0,2.058104397290427e-18,1.0,1.0,1.3016595115691648e-16,0.0,1.3016595115691648e-16,1.3016595115691648e-16,1.3016595115691648e-16,2.322530735538189e-34,1.3016595115691648e-16,1.3016595115691648e-16,0.9999999999999998,0.9999999999999997,0.9999999999999998,1.0,1.0,1.0,1.0,1.0,1.0
indefinite_COM_positive_trace_N2,indefinite_COM_positive_trace,2,2,4000,26,PR_fraction,1.0,2.0101842854728658e-18,1.0,1.0,1.271352171754476e-16,0.0,1.271352171754476e-16,1.271352171754476e-16,1.271352171754476e-16,2.555318545580613e-34,1.271352171754476e-16,1.271352171754476e-16,0.9999999999999998,0.9999999999999998,0.9999999999999998,1.0,1.0,1.0,1.0000000000000002,1.0000000000000002,1.0000000000000002
indefinite_COM_balanced_N64,indefinite_COM_balanced,64,64,4000,29,Cmax,-0.12260637790313379,0.016270325618202703,-0.1544962161148111,-0.09071653969145649,1.0290257445221536,0.014503393445901515,1.0005990933681865,1.0574523956761206,8.392921821205288,1.0797666790175573,6.276579130330876,10.5092645120797,-1.9681276561043142,-2.0944458369222505,-1.868738020588857,-0.035888619934260256,-0.06773399695675524,0.007051777517901739,1.3493588531794816,1.2952394173296282,1.4166746572228819
indefinite_COM_balanced_N64,indefinite_COM_balanced,64,64,4000,29,chi,-0.005600187179734242,0.001143604981733359,-0.007841652943931625,-0.0033587214155368582,0.07232792971585338,0.0008424727697860331,0.07067668308707276,0.073979176344634,,,,,-0.1293558133438727,-0.13384589820940115,-0.1250194498279251,-0.0029561618093421633,-0.005103926425127833,0.0005460500566806714,0.10398480550043629,0.09999321827565692,0.10919633023422003
indefinite_COM_balanced_N64,indefinite_COM_balanced,64,64,4000,29,n_inf,13.579527238891785,0.05064677800367545,13.480259554004581,13.67879492377899,3.203183492810603,0.03318707666462366,3.1381368225479407,3.2682301630732655,0.2358832849229597,0.002483932028894083,0.23101477814632732,0.2407517916995921,8.389714998407406,8.217447389293453,8.532684417528124,13.479909687411173,13.34768605247172,13.581061036443536,18.971272055796224,18.74689305025653,19.20454499102885
indefinite_COM_balanced_N64,indefinite_COM_balanced,64,64,4000,29,PR,33.27510999322791,0.0658777282291436,33.14598964589879,33.40423034055703,4.166473365633292,0.046703464863932474,4.074934574499984,4.2580121567666005,0.12521291038500687,0.0014744183934112694,0.12232305033392078,0.12810277043609297,25.766017257162336,25.46363950670399,26.158333455459715,33.459378556427964,33.31197045516182,33.59968281625206,39.76769068461626,39.59117770948767,40.0142599165203
indefinite_COM_balanced_N64,indefinite_COM_balanced,64,64,4000,29,inverse_PR,0.0305675518563779,6.63110544006416e-05,0.030437582189752642,0.03069752152300316,0.00419387931906718,6.929414486597484e-05,0.004058062795129869,0.004329695843004491,0.1372003665446348,0.002112793668367713,0.1330592909546341,0.1413414421346355,0.02514604162897943,0.024991090728311575,0.02525815239288421,0.029886986649638306,0.029762185716714656,0.03001923892031569,0.038810810003591587,0.038228735087528366,0.03927168383516908
indefinite_COM_balanced_N64,indefinite_COM_balanced,64,64,4000,29,Q_gaussian,-0.08618677163426168,0.4325589732811007,-0.9340023592652191,0.7616288159966957,27.357431558243913,0.3344669157208933,26.701876403430962,28.012986713056865,,,,,-44.14041981126205,-45.90494424567257,-42.169598814467655,-1.0787457530097568,-1.897569382064317,0.21074938487039319,44.749883670003626,42.858617042174295,47.10449421694142
indefinite_COM_balanced_N64,indefinite_COM_balanced,64,64,4000,29,R_gaussian,377.8742938648336,0.7790671632243978,376.3473222249138,379.4012655047534,49.27253372070531,0.5879662991536272,48.120119774364206,50.42494766704642,0.13039398159836244,0.0015067609061223083,0.1274407302223627,0.13334723297436216,305.1877808194278,302.40047111808974,306.88685231012596,373.9285296431482,372.41051376914766,376.7533947284977,466.07740779587135,460.3505951894471,469.4576027146127
indefinite_COM_balanced_N64,indefinite_COM_balanced,64,64,4000,29,max_r2_gaussian,29.692453332873693,0.14727137697249637,29.4038014340076,29.981105231739786,9.314259707647222,0.15543989823429913,9.009597507107996,9.618921908186449,0.313691145801517,0.004464065102397006,0.3049415782008189,0.32244071340221514,18.26051607126533,17.98780282698207,18.520032370925662,27.80906923877364,27.46816712989266,28.11784196854614,47.703511458956534,46.17077423979611,49.146444602252345
indefinite_COM_balanced_N64,indefinite_COM_balanced,64,64,4000,29,Cmax_peratom,-0.0019157246547364655,0.00025422383778441723,-0.0024140033767939234,-0.0014174459326790076,0.01607852725815865,0.00022661552259221118,0.015634360833877915,0.016522693682439384,8.392921821205288,1.0797666790175573,6.276579130330876,10.5092645120797,-0.03075199462662991,-0.032725716201910164,-0.029199031571700892,-0.0005607596864728165,-0.0010583437024493006,0.00011018402371721468,0.0210837320809294,0.02023811589577544,0.02213554151910753
indefinite_COM_balanced_N64,indefinite_COM_balanced,64,64,4000,29,Crms,-0.3584119795029915,0.07319071883093498,-0.501865788411624,-0.21495817059435893,4.628987501814616,0.05391825726630612,4.523307717572656,4.734667286056576,,,,,-8.278772054007852,-8.566137485401674,-8.001244788987206,-0.18919435579789845,-0.3266512912081813,0.03494720362756297,6.6550275520279225,6.399565969642043,6.988565134990082
indefinite_COM_balanced_N64,indefinite_COM_balanced,64,64,4000,29,Crms_peratom,-0.005600187179734242,0.001143604981733359,-0.007841652943931625,-0.0033587214155368582,0.07232792971585338,0.0008424727697860331,0.07067668308707276,0.073979176344634,,,,,-0.1293558133438727,-0.13384589820940115,-0.1250194498279251,-0.0029561618093421633,-0.005103926425127833,0.0005460500566806714,0.10398480550043629,0.09999321827565692,0.10919633023422003
indefinite_COM_balanced_N64,indefinite_COM_balanced,64,64,4000,29,max_to_rms,0.21218011310768414,0.0007913559063074289,0.21062905553132158,0.2137311706840467,0.050049742075165674,0.0005185480728847446,0.04903338785231157,0.051066096298019774,0.2358832849229597,0.002483932028894083,0.23101477814632732,0.2407517916995921,0.13108929685011572,0.1283976154577102,0.13332319402387693,0.21062358886579957,0.20855759456987064,0.21220407869443025,0.296426125871816,0.2929202039102583,0.3000710154848258
indefinite_COM_balanced_N64,indefinite_COM_balanced,64,64,4000,29,PR_fraction,0.519923593644186,0.0010293395035803688,0.5179060882171685,0.5219410990712036,0.0651011463380202,0.0007297416384989449,0.06367085272656225,0.06653143994947813,0.12521291038500687,0.0014744183934112694,0.12232305033392078,0.12810277043609297,0.4025940196431615,0.39786936729224986,0.40872396024155805,0.5228027899441869,0.5204995383619034,0.5249950440039385,0.6213701669471291,0.6186121517107448,0.6252228111956297
indefinite_COM_positive_trace_N64,indefinite_COM_positive_trace,64,64,4000,29,Cmax,0.09042407762399964,0.015057002216874392,0.06091235327892583,0.11993580196907344,0.952288434790553,0.013669492836297047,0.9254962288314108,0.9790806407496953,10.531359122626032,1.8068780407396998,6.98987816277622,14.072840082475844,-1.6145940624148292,-1.7077358829069438,-1.5056122413438595,0.16338083982314217,0.1393817023834774,0.19158065532798307,1.477025561725409,1.4105999128046542,1.53802792554915
indefinite_COM_positive_trace_N64,indefinite_COM_positive_trace,64,64,4000,29,chi,0.009956133410722393,0.0010895475325362798,0.007820620246951284,0.0120916465744935,0.06890903643662116,0.0008081324422373585,0.06732509684983594,0.07049297602340639,6.921264872004291,0.7794822356846169,5.393479690062442,8.44905005394614,-0.10839615427660017,-0.11273738660748406,-0.1042059327593005,0.012789846265642566,0.010747041836529993,0.016119703035600928,0.11379962626185366,0.11005409044918221,0.11868704161908986
indefinite_COM_positive_trace_N64,indefinite_COM_positive_trace,64,64,4000,29,n_inf,13.283086359072787,0.04988020983621946,13.185321147793797,13.380851570351776,3.154701464991757,0.03287505875749968,3.0902663498270573,3.2191365801564564,0.23749762515373482,0.0025089144142680497,0.23258015290176945,0.2424150974057002,8.192682575092764,8.012174783426026,8.334751051101051,13.151761084720274,13.035356208219028,13.28122721304035,18.59721646367742,18.38333288183145,18.778797124467545
indefinite_COM_positive_trace_N64,indefinite_COM_positive_trace,64,64,4000,29,PR,32.62403800237812,0.0663082641346566,32.494073804674194,32.75400220008205,4.193702847151375,0.04685696930247121,4.101863187318531,4.285542506984219,0.1285464063904559,0.001509621819188213,0.125587547624847,0.13150526515606478,25.1030815649278,24.824012576289874,25.482946420821886,32.78858957178565,32.63020285746844,32.94051530839033,39.1297040097933,38.8991391973692,39.39532209909109
indefinite_COM_positive_trace_N64,indefinite_COM_positive_trace,64,64,4000,29,inverse_PR,0.031207116015742813,6.965316208292607e-05,0.03107059581806028,0.03134363621342535,0.004405252768298487,7.300571210304418e-05,0.00426216157257652,0.004548343964020454,0.1411618031629774,0.0021756642156367774,0.13689750130032932,0.1454261050256255,0.02555603410447214,0.025383724430141707,0.025707509745296144,0.030498414636170562,0.03035775216744373,0.030646453666502992,0.03983574679934382,0.039241930014141106,0.04028357611110497
indefinite_COM_positive_trace_N64,indefinite_COM_positive_trace,64,64,4000,29,Q_gaussian,6.210281679919066,0.4474528416958291,5.333274110195241,7.087289249642891,28.299402505471573,0.34629541541142017,27.62066349126519,28.978141519677955,4.556862951478938,0.32645347550102727,3.9170141394969247,5.196711763460952,-38.837103469656036,-40.63993609128233,-37.16917467754193,5.228533228486665,4.2154357660365385,6.2812594809093065,52.653423974606945,50.93739879381961,55.520231513819546
indefinite_COM_positive_trace_N64,indefinite_COM_positive_trace,64,64,4000,29,R_gaussian,403.6898145162022,0.849853079090051,402.0241024811857,405.3555265512187,53.749428128635586,0.6430316372063456,52.489086119711146,55.009770137560025,0.1331453660604517,0.0015402743817483182,0.13012642827222498,0.1361643038486784,324.1468794720669,321.44932913992636,326.59983144973324,399.6825871610491,397.62961314305556,402.26108216630314,499.94466043147395,494.8286650903259,504.64292811733185
indefinite_COM_positive_trace_N64,indefinite_COM_positive_trace,64,64,4000,29,max_r2_gaussian,32.45619679818856,0.1624375355753652,32.13781922846084,32.77457436791627,10.273451798455675,0.17146296234026137,9.937384392268763,10.609519204642586,0.31653282922628373,0.004500154149606123,0.30771252709305574,0.3253531313595117,19.853396896192404,19.563278202605066,20.11925143793379,30.38897642654357,30.039305369679234,30.771650521630036,52.20378707394148,50.719521337066865,53.788875702890685
indefinite_COM_positive_trace_N64,indefinite_COM_positive_trace,64,64,4000,29,Cmax_peratom,0.0014128762128749943,0.00023526565963866237,0.0009517555199832161,0.0018739969057667725,0.014879506793602391,0.00021358582556714136,0.014460878575490794,0.015298135011713988,10.531359122626032,1.8068780407396998,6.98987816277622,14.072840082475844,-0.025228032225231706,-0.026683373170420997,-0.023525191270997805,0.0025528256222365963,0.0021778390997418346,0.0029934477394997355,0.023078524401959517,0.022040623637572723,0.02403168633670547
indefinite_COM_positive_trace_N64,indefinite_COM_positive_trace,64,64,4000,29,Crms,0.6371925382862331,0.0697310420823219,0.5005196958048822,0.773865380767584,4.410178331943754,0.051720476303190946,4.3088061983895,4.511550465498009,6.921264872004291,0.7794822356846169,5.393479690062442,8.44905005394614,-6.937353873702411,-7.21519274287898,-6.669179696595232,0.8185501610011242,0.6878106775379196,1.0316609942784594,7.2831760807586345,7.043461788747662,7.595970663621751
indefinite_COM_positive_trace_N64,indefinite_COM_positive_trace,64,64,4000,29,Crms_peratom,0.009956133410722393,0.0010895475325362798,0.007820620246951284,0.0120916465744935,0.06890903643662116,0.0008081324422373585,0.06732509684983594,0.07049297602340639,6.921264872004291,0.7794822356846169,5.393479690062442,8.44905005394614,-0.10839615427660017,-0.11273738660748406,-0.1042059327593005,0.012789846265642566,0.010747041836529993,0.016119703035600928,0.11379962626185366,0.11005409044918221,0.11868704161908986
indefinite_COM_positive_trace_N64,indefinite_COM_positive_trace,64,64,4000,29,max_to_rms,0.2075482243605123,0.000779378278690929,0.20602064293427808,0.2090758057867465,0.0492922103904962,0.0005136727930859325,0.04828541171604777,0.05029900906494463,0.23749762515373482,0.0025089144142680497,0.23258015290176945,0.2424150974057002,0.12801066523582444,0.12519023099103166,0.13023048517345392,0.20549626694875428,0.2036774407534223,0.20751917520375546,0.2905815072449597,0.2872395762786164,0.2934187050698054
indefinite_COM_positive_trace_N64,indefinite_COM_positive_trace,64,64,4000,29,PR_fraction,0.5097505937871581,0.0010360666271040093,0.5077199031980343,0.511781284376282,0.06552660698674023,0.0007321401453511127,0.06409161230185205,0.06696160167162842,0.1285464063904559,0.001509621819188213,0.125587547624847,0.13150526515606478,0.39223564945199685,0.3878751965045293,0.39817103782534197,0.5123217120591508,0.5098469196479444,0.5146955516935989,0.6114016251530203,0.6077990499588938,0.6155519077982983
indefinite_COM_balanced_N474,indefinite_COM_balanced,474,474,4000,28,Cmax,-0.06641223812140981,0.028872021859253978,-0.1230014009655476,-0.009823075277272018,1.8260269945882395,0.022455033661197905,1.7820151286122916,1.8700388605641873,,,,,-3.2330652092297716,-3.3704976498327714,-3.0755700858729176,-0.016673806907887327,-0.08121121686036203,0.03295350274863758,2.8773593067030405,2.7747187745095228,3.0308489222212343
indefinite_COM_balanced_N474,indefinite_COM_balanced,474,474,4000,28,chi,-0.0004647904007905468,0.0004270351651490107,-0.0013017793244826078,0.0003721985229015142,0.02700807525714062,0.0003031257371340614,0.02641394881235786,0.02760220170192338,,,,,-0.046302351323303015,-0.0486403009548938,-0.04500283326456291,-0.00030509539253743845,-0.0012851175755526929,0.0005050488776019895,0.04422860217064899,0.042462612083221475,0.04578357507503313
indefinite_COM_balanced_N474,indefinite_COM_balanced,474,474,4000,28,n_inf,66.24614489278645,0.1963645072282583,65.86127045861906,66.63101932695383,12.41918188915787,0.13111774316826838,12.162191112548063,12.676172665767675,0.18747025822041752,0.0020244705923413288,0.1835022958594285,0.19143822058140653,46.073024975133556,45.097421534060224,46.67934689428199,66.01437061183732,65.5175513704759,66.52850824096016,87.36153436951408,86.5400093882672,88.50132749786037
indefinite_COM_balanced_N474,indefinite_COM_balanced,474,474,4000,28,PR,238.17904219996754,0.20502186667542563,237.7771993412837,238.58088505865138,12.966721376674368,0.14907015182609532,12.674543879095221,13.258898874253514,0.0544410677652651,0.0006336557171540836,0.053199102559643094,0.0556830329708871,216.60137022007078,215.63267939314142,217.4536656323233,238.52393186784042,237.9763256114762,239.10721059176475,258.79063952866085,258.1331805705322,259.6228704524199
indefinite_COM_balanced_N474,indefinite_COM_balanced,474,474,4000,28,inverse_PR,0.004211211026180049,3.698252045826304e-06,0.0042039624521702295,0.004218459600189868,0.00023389799652377054,2.9940879769534e-06,0.00022802958408894188,0.0002397664089585992,0.05554174204752149,0.0006960086723290999,0.05417756504975645,0.05690591904528653,0.003864127395902155,0.0038517407894666437,0.0038739692347561664,0.00419245143696388,0.0041822243567021964,0.004202098664354602,0.004616775965618958,0.004598680813644355,0.004637515996250273
indefinite_COM_balanced_N474,indefinite_COM_balanced,474,474,4000,28,Q_gaussian,0.7536927567613743,1.2155099258985305,-1.6287066979997455,3.1360922115224943,76.8755976876369,0.8838437313691582,75.14326397415334,78.60793140112045,,,,,-125.14580018359742,-130.91538878758132,-121.57101996088022,-0.8690340328989077,-3.6040086823311217,1.3910165670743986,131.02649943447165,125.13457214632905,136.37085741123866
indefinite_COM_balanced_N474,indefinite_COM_balanced,474,474,4000,28,R_gaussian,2841.7453634805042,2.0659983912344644,2837.6960066336846,2845.794720327324,130.66521117089115,1.4691696420972855,127.78563867238047,133.54478366940182,0.0459806191117896,0.0005155614749260736,0.044970118620934495,0.0469911196026447,2630.8679803064365,2621.230730942621,2638.563993942717,2838.2916316255405,2833.6988242286197,2843.9278929026336,3059.536552028564,3052.3701770671532,3070.1316238743266
indefinite_COM_balanced_N474,indefinite_COM_balanced,474,474,4000,28,max_r2_gaussian,44.572814887186894,0.1506504536783381,44.27753999797735,44.86808977639644,9.527971283224796,0.1576017613791743,9.219071830921614,9.836870735527977,0.21376193779414523,0.003201369957886128,0.2074872526766884,0.22003662291160206,32.078685815934065,31.656037356182914,32.34919363278168,43.023291207054314,42.620361771188534,43.36941520334073,62.42100894830747,61.45149913365286,63.56832797593151
indefinite_COM_balanced_N474,indefinite_COM_balanced,474,474,4000,28,Cmax_peratom,-0.00014011020700719368,6.091143852163286e-05,-0.0002594966265095941,-2.072378750479328e-05,0.003852377625713585,4.7373488736704436e-05,0.0037595255877896443,0.003945229663637526,,,,,-0.0068208126776999395,-0.007110754535512176,-0.006488544484963961,-3.51768078225471e-05,-0.00017133168114000428,6.952215769754764e-05,0.006070378284183629,0.005853837077024309,0.006394196038441422
indefinite_COM_balanced_N474,indefinite_COM_balanced,474,474,4000,28,Crms,-0.2203106499747192,0.20241466828063107,-0.6170433998047561,0.17642209985531768,12.801827671884654,0.14368159940154512,12.520211737057625,13.083443606711683,,,,,-21.947314527245627,-23.055502652619662,-21.331342967402822,-0.14461521606274583,-0.6091457308119764,0.239393167983343,20.96435742888762,20.127278127446978,21.701414585565704
indefinite_COM_balanced_N474,indefinite_COM_balanced,474,474,4000,28,Crms_peratom,-0.0004647904007905468,0.0004270351651490107,-0.0013017793244826078,0.0003721985229015142,0.02700807525714062,0.0003031257371340614,0.02641394881235786,0.02760220170192338,,,,,-0.046302351323303015,-0.0486403009548938,-0.04500283326456291,-0.00030509539253743845,-0.0012851175755526929,0.0005050488776019895,0.04422860217064899,0.042462612083221475,0.04578357507503313
indefinite_COM_balanced_N474,indefinite_COM_balanced,474,474,4000,28,max_to_rms,0.13975979935187013,0.0004142711122959036,0.13894782797177016,0.1405717707319701,0.026200805673328838,0.00027661971132546075,0.025658631039130936,0.02674298030752674,0.18747025822041755,0.0020244705923413288,0.18350229585942854,0.19143822058140655,0.09720047463108344,0.09514223952333381,0.09847963479806328,0.13927082407560615,0.13822268221619388,0.14035550261805943,0.18430703453483982,0.18257385946891813,0.18671166138789108
indefinite_COM_balanced_N474,indefinite_COM_balanced,474,474,4000,28,PR_fraction,0.5024874308016193,0.00043253558370342956,0.5016396610575605,0.503335200545678,0.02735595227146491,0.000314493991194294,0.02673954404872409,0.027972360494205727,0.05444106776526509,0.0006336557171540836,0.05319910255964309,0.05568303297088709,0.4569649160760987,0.45492126454249243,0.45876300766312933,0.5032150461346845,0.5020597586740004,0.5044455919657485,0.5459718133516052,0.5445847691361438,0.5477275747941348
indefinite_COM_positive_trace_N474,indefinite_COM_positive_trace,474,474,4000,28,Cmax,0.9445626300373472,0.026616877560817962,0.892393550018144,0.9967317100565504,1.6833991458802333,0.020585893580974856,1.6430507944615227,1.723747497298944,1.7821996047140602,0.055053134932992784,1.6742954602453943,1.8901037491827262,-1.9045388358472715,-2.035006356874704,-1.7863622162005748,0.945344083893888,0.876562180183207,1.006994458201617,3.7390771450656595,3.5963175914436984,3.844851414361048
indefinite_COM_positive_trace_N474,indefinite_COM_positive_trace,474,474,4000,28,chi,0.015114414659585957,0.0004059938529518887,0.014318666707800255,0.01591016261137166,0.025677305827108872,0.0002881292613755565,0.025112572474812783,0.02624203917940496,1.698862073419671,0.04972625093447443,1.6013986215881013,1.796325525251241,-0.028547001312610204,-0.030783109000962122,-0.027304380726373558,0.015310582414963157,0.014378839153460603,0.016080728286478243,0.057527501589276546,0.055857950883400904,0.05899724726193681
indefinite_COM_positive_trace_N474,indefinite_COM_positive_trace,474,474,4000,28,n_inf,64.58639029625516,0.1926358750062779,64.20882398124286,64.96395661126746,12.183362481586817,0.12892773823525636,11.930664114645715,12.43606084852792,0.1886366837611179,0.0020375286167664554,0.18464312767225563,0.19263023984998015,44.77693500350605,43.85454267157198,45.507230873737626,64.29881875084283,63.85802900149534,64.78313769408166,85.28872997006286,84.28653106829981,86.4202314029544
indefinite_COM_positive_trace_N474,indefinite_COM_positive_trace,474,474,4000,28,PR,233.14008546862993,0.20659682129804371,232.73515569888576,233.5450152383741,13.06633025305205,0.1500805979743268,12.77217228102237,13.36048822508173,0.056044974963390344,0.0006518077374877392,0.05476743179791438,0.05732251812886631,211.36232976143214,210.4036220737216,212.2273223124985,233.39686642101435,232.8650501179441,234.05302744842504,254.03977721181187,253.21478784690655,254.72700227372687
indefinite_COM_positive_trace_N474,indefinite_COM_positive_trace,474,474,4000,28,inverse_PR,0.0043030113674340795,3.892124334477453e-06,0.004295382803738504,0.004310639931129655,0.0002461595566703154,3.1575992649633106e-06,0.00023997066211098732,0.0002523484512296435,0.057206345893783296,0.0007178854807339846,0.055799290351544684,0.05861340143602191,0.0039363914329899165,0.003925771477204489,0.003949216428088707,0.004284547684211222,0.00427253606117253,0.004294332702539556,0.004731212043306449,0.004711928648506102,0.004752769891240837
indefinite_COM_positive_trace_N474,indefinite_COM_positive_trace,474,474,4000,28,Q_gaussian,48.12867702738251,1.256334524757639,45.66626135885754,50.59109269590748,79.45757202678679,0.9146335339043394,77.66489030033429,81.25025375323929,1.6509402903715784,0.04510942129758877,1.5625258246283045,1.7393547561148524,-81.86940277546988,-88.2425657791157,-78.653543949064,46.35321400715384,43.6585093600258,49.017095614440336,182.44297625901004,176.65516281952608,188.85456546669172
indefinite_COM_positive_trace_N474,indefinite_COM_positive_trace,474,474,4000,28,R_gaussian,3035.982798990051,2.2570395839548714,3031.559001405499,3040.4065965746026,142.74771708912445,1.6085135331532927,139.595030564144,145.9004036141049,0.0470186185299241,0.0005282383646782184,0.04598327133515479,0.048053965724693413,2804.102851603933,2795.4449329712497,2813.728527461138,3032.2195618216247,3026.6146180139667,3038.908784705648,3272.30075554444,3265.7767817449985,3282.389366528995
indefinite_COM_positive_trace_N474,indefinite_COM_positive_trace,474,474,4000,28,max_r2_gaussian,48.86412610412478,0.1661407401699566,48.538490253391664,49.18976195485789,10.507663021665861,0.17326348099177408,10.168066598921984,10.847259444409739,0.21503839031675379,0.003209111742654169,0.20874853130115162,0.22132824933235595,35.135363991386754,34.5694293978438,35.35779685292053,47.17705361776257,46.7511870760226,47.53117330599373,68.41701713215427,67.5887718555385,69.74316925402262
indefinite_COM_positive_trace_N474,indefinite_COM_positive_trace,474,474,4000,28,Cmax_peratom,0.0019927481646357537,5.615375012830794e-05,0.0018826868143842703,0.002102809514887237,0.0035514749913085094,4.3430155234124176e-05,0.003466351887049626,0.003636598095567393,1.7821996047140602,0.055053134932992784,1.6742954602453943,1.8901037491827262,-0.004018014421618716,-0.004293262356275747,-0.0037686966586510016,0.001994396801463899,0.0018492872999645717,0.0021244608822818924,0.007888348407311518,0.007587167914438182,0.008111500874179426
indefinite_COM_positive_trace_N474,indefinite_COM_positive_trace,474,474,4000,28,Crms,7.164232548643744,0.19244108629919524,6.7870480194973215,7.541417077790166,12.171042962049604,0.1365732698920138,11.903359353061257,12.438726571037952,1.6988620734196709,0.04972625093447442,1.601398621588101,1.7963255252512407,-13.531278622177236,-14.591193666456046,-12.942276464301067,7.257216064692536,6.815569758740326,7.622265207790687,27.268035753317086,26.47666871873203,27.964695202158047
indefinite_COM_positive_trace_N474,indefinite_COM_positive_trace,474,474,4000,28,Crms_peratom,0.015114414659585957,0.0004059938529518887,0.014318666707800255,0.01591016261137166,0.025677305827108872,0.0002881292613755565,0.025112572474812783,0.02624203917940496,1.698862073419671,0.04972625093447443,1.6013986215881013,1.796325525251241,-0.028547001312610204,-0.030783109000962122,-0.027304380726373558,0.015310582414963157,0.014378839153460603,0.016080728286478243,0.057527501589276546,0.055857950883400904,0.05899724726193681
indefinite_COM_positive_trace_N474,indefinite_COM_positive_trace,474,474,4000,28,max_to_rms,0.13625820737606575,0.0004064047995913036,0.1354616539688668,0.1370547607832647,0.025703296374655734,0.00027199944775370535,0.025170177457058473,0.026236415292252995,0.18863668376111786,0.0020375286167664554,0.1846431276722556,0.19263023984998012,0.09446610760233343,0.09252013221850629,0.09600681618931989,0.13565151635198908,0.1347215801719311,0.13667328627443387,0.17993402947270648,0.17781968579810087,0.18232116329737216
indefinite_COM_positive_trace_N474,indefinite_COM_positive_trace,474,474,4000,28,PR_fraction,0.4918567203979535,0.000435858272780683,0.49100243818330336,0.4927110026126036,0.027566097580278587,0.00031662573412305235,0.026945511141397403,0.02818668401915977,0.056044974963390344,0.0006518077374877394,0.05476743179791437,0.057322518128866316,0.4459120881042872,0.44388949804582617,0.4477369669040053,0.4923984523650091,0.49127647704207617,0.4937827583300106,0.535948897071333,0.5342084131791277,0.5373987389741073
indefinite_COM_balanced_N1000,indefinite_COM_balanced,1000,1000,4000,25,Cmax,-0.046237159304054046,0.03577368845679363,-0.11635358867936955,0.023879270071261463,2.2625267165748384,0.027798693732910173,2.2080412768583346,2.317012156291342,,,,,-3.862954897972077,-4.054983657202178,-3.6665616422086607,0.050947826312071585,-0.03393797947745453,0.12377867171326166,3.484830942978867,3.401878959053485,3.644336047533545
indefinite_COM_balanced_N1000,indefinite_COM_balanced,1000,1000,4000,25,chi,-3.5371265100712315e-05,0.0002838244526451276,-0.0005916671922851624,0.0005209246620837379,0.0179506345201841,0.00019965871328753526,0.01755930344214053,0.01834196559822767,,,,,-0.02991359277423608,-0.031327012143191994,-0.028878509880913297,0.00041795310212166886,-0.0002604243810830581,0.0010434244922423854,0.028545661096161128,0.02781959784780222,0.02981195389940406
indefinite_COM_balanced_N1000,indefinite_COM_balanced,1000,1000,4000,25,n_inf,124.31146810954539,0.3356026201267356,123.65368697409698,124.96924924499379,21.225373366415017,0.23328483397921018,20.768135091815765,21.68261164101427,0.17074348561076325,0.0019600545097589964,0.16690177877163562,0.17458519244989087,88.74950773417262,87.8315485789538,90.17780294121711,124.66846318377503,123.89322927168804,125.51571549280291,158.62736920933824,157.71004198739703,160.51358896168443
indefinite_COM_balanced_N1000,indefinite_COM_balanced,1000,1000,4000,25,PR,501.4817522089055,0.2971026216726967,500.899431070427,502.064073347384,18.79041966586053,0.22163077007400422,18.356023356515482,19.224815975205576,0.037469797421527874,0.00044426412238595704,0.0365990397416514,0.03834055510140435,470.76827539075765,469.44733931344354,471.6405805881661,501.6100955015914,501.0086673573624,502.34478100375003,532.2446599836669,530.8531072042447,533.8516275223992
indefinite_COM_balanced_N1000,indefinite_COM_balanced,1000,1000,4000,25,inverse_PR,0.0019969149656493502,1.1941130901445684e-06,0.001994574503992667,0.0019992554273060336,7.552234297357597e-05,9.646088725303951e-07,7.36317095834164e-05,7.741297636373554e-05,0.03781950872856415,0.0004782306526220676,0.0368821766494249,0.0387568408077034,0.0018788351963483969,0.0018731796410193433,0.001883760284020061,0.0019935802906855416,0.001990664654665806,0.0019959734534626605,0.00212418731745934,0.002120258606146519,0.0021301643789535117
indefinite_COM_balanced_N1000,indefinite_COM_balanced,1000,1000,4000,25,Q_gaussian,1.7552558622114214,1.6990469377871371,-1.5748761358513672,5.08538786027421,107.45716349883516,1.1779793034216846,105.14832406412866,109.76600293354166,,,,,-173.98246358667893,-180.36912102641486,-167.73825415686122,2.3857333218098926,-1.6051023407978768,6.329556918661703,178.31668962328877,171.15901009312634,183.93092779631115
indefinite_COM_balanced_N1000,indefinite_COM_balanced,1000,1000,4000,25,R_gaussian,5996.341760669962,3.0079304093660393,5990.446217067605,6002.237304272319,190.23822273758708,2.087221730541926,186.1472681457249,194.32917732944927,0.03172571383195011,0.0003473854288008201,0.0310448383915005,0.03240658927239971,5694.897505511303,5681.499606317944,5701.855187342179,5989.753652072379,5984.093023757199,5998.5326957779,6311.331875939889,6300.1400475501905,6324.587811013404
indefinite_COM_balanced_N1000,indefinite_COM_balanced,1000,1000,4000,25,max_r2_gaussian,49.826720601023766,0.15474883580934298,49.523412882837455,50.130028319210076,9.787175728338996,0.17828592931747847,9.437735306876737,10.136616149801254,0.19642424005199136,0.003265499867643271,0.19002386031141055,0.20282461979257216,37.24302366416813,36.89978097013104,37.62981741530945,48.21549884446486,47.865958381018,48.594948456906465,67.58709246206858,66.80526040135322,68.67525855321323
indefinite_COM_balanced_N1000,indefinite_COM_balanced,1000,1000,4000,25,Cmax_peratom,-4.623715930405403e-05,3.5773688456793627e-05,-0.00011635358867936955,2.3879270071261483e-05,0.002262526716574838,2.779869373291018e-05,0.002208041276858334,0.002317012156291342,,,,,-0.003862954897972077,-0.004054983657202178,-0.003666561642208661,5.094782631207158e-05,-3.393797947745453e-05,0.00012377867171326165,0.003484830942978867,0.003401878959053485,0.003644336047533545
indefinite_COM_balanced_N1000,indefinite_COM_balanced,1000,1000,4000,25,Crms,-0.035371265100712375,0.28382445264512757,-0.5916671922851624,0.5209246620837376,17.9506345201841,0.19965871328753526,17.55930344214053,18.34196559822767,,,,,-29.91359277423608,-31.327012143191993,-28.8785098809133,0.4179531021216689,-0.2604243810830581,1.0434244922423854,28.54566109616113,27.819597847802218,29.81195389940406
indefinite_COM_balanced_N1000,indefinite_COM_balanced,1000,1000,4000,25,Crms_peratom,-3.5371265100712315e-05,0.0002838244526451276,-0.0005916671922851624,0.0005209246620837379,0.0179506345201841,0.00019965871328753526,0.01755930344214053,0.01834196559822767,,,,,-0.02991359277423608,-0.031327012143191994,-0.028878509880913297,0.00041795310212166886,-0.0002604243810830581,0.0010434244922423854,0.028545661096161128,0.02781959784780222,0.02981195389940406
indefinite_COM_balanced_N1000,indefinite_COM_balanced,1000,1000,4000,25,max_to_rms,0.12431146810954542,0.0003356026201267356,0.12365368697409702,0.12496924924499382,0.02122537336641502,0.00023328483397921018,0.020768135091815767,0.02168261164101427,0.17074348561076322,0.001960054509758997,0.1669017787716356,0.17458519244989085,0.08874950773417262,0.0878315485789538,0.0901778029412171,0.12466846318377503,0.12389322927168804,0.1255157154928029,0.15862736920933826,0.15771004198739702,0.16051358896168444
indefinite_COM_balanced_N1000,indefinite_COM_balanced,1000,1000,4000,25,PR_fraction,0.5014817522089055,0.00029710262167269665,0.500899431070427,0.5020640733473839,0.01879041966586053,0.00022163077007400413,0.01835602335651548,0.01922481597520558,0.03746979742152788,0.0004442641223859569,0.03659903974165141,0.038340555101404356,0.47076827539075766,0.4694473393134435,0.47164058058816605,0.5016100955015914,0.5010086673573624,0.50234478100375,0.5322446599836669,0.5308531072042447,0.5338516275223992
indefinite_COM_positive_trace_N1000,indefinite_COM_positive_trace,1000,1000,4000,25,Cmax,1.845710394689534,0.0329659613088632,1.781097110524162,1.9103236788549058,2.084950459859865,0.02508627620491025,2.035781358498241,2.134119561221489,1.1296195036115477,0.025303284243429734,1.0800250664944255,1.17921394072867,-1.5837910101007815,-1.7501749556662274,-1.4196125083162354,1.8824028840415736,1.8011165274740932,1.9569360598529235,5.1829446161750665,5.064893426864066,5.360798684109932
indefinite_COM_positive_trace_N1000,indefinite_COM_positive_trace,1000,1000,4000,25,chi,0.015547407270509097,0.0002698587426334534,0.015018484134947527,0.016076330406070666,0.01706736546461796,0.00019004512388637402,0.016694877021800666,0.017439853907435254,1.0977628081430642,0.023636108563302564,1.051436035358991,1.1440895809271372,-0.012890954444833097,-0.014239886465354257,-0.011903252266885248,0.01599793642811312,0.015353050012776556,0.016592479106560528,0.04268781997726578,0.04200007683623362,0.04388712804380298
indefinite_COM_positive_trace_N1000,indefinite_COM_positive_trace,1000,1000,4000,25,n_inf,121.1079996139169,0.32843268388894487,120.46427155349457,121.75172767433924,20.77190678262307,0.22808281405432707,20.32486446707659,21.21894909816955,0.17151556337188567,0.0019672207041657353,0.16765981079172082,0.17537131595205052,86.28304136892486,85.35214873748932,87.63485856665986,121.51053241434082,120.7081928648286,122.2085548488847,155.08372637563858,153.855181685024,156.14570333950442
indefinite_COM_positive_trace_N1000,indefinite_COM_positive_trace,1000,1000,4000,25,PR,490.7756700583888,0.29977294048772973,490.18811509503286,491.36322502174477,18.959305456546655,0.22265071271781534,18.522910059619736,19.395700853473574,0.03863130675220925,0.0004561092050292697,0.03773733271035188,0.03952528079406662,459.85755149992417,458.4337654162938,460.87889490318946,490.8647668786887,490.2582206019533,491.6188440225747,521.8976947500088,520.5439943011504,523.3662153794075
indefinite_COM_positive_trace_N1000,indefinite_COM_positive_trace,1000,1000,4000,25,inverse_PR,0.0020406594738137424,1.2584615389004396e-06,0.0020381928891974976,0.002043126058429987,7.95920962129196e-05,1.0156535672956917e-06,7.760141522102003e-05,8.158277720481916e-05,0.039003124839918406,0.0004925438250285628,0.03803773894286242,0.03996851073697439,0.00191608435042032,0.0019107079719982746,0.0019210672122776807,0.002037220977371258,0.002034096154284275,0.002039741421922861,0.0021745864492014842,0.0021697673967258934,0.002181340196640886
indefinite_COM_positive_trace_N1000,indefinite_COM_positive_trace,1000,1000,4000,25,Q_gaussian,101.72353947108108,1.7567476982084147,98.28031398259259,105.16676495956958,111.10648001193384,1.21761874928349,108.7199472633382,113.49301276052948,1.0922396191642567,0.02251922983076771,1.048101928695952,1.1363773096325613,-79.69950225457751,-87.63172679613217,-74.39346788617422,102.30883133302066,97.82343816869214,106.1810027949507,284.78438151688823,276.471550561261,290.360900727502
indefinite_COM_positive_trace_N1000,indefinite_COM_positive_trace,1000,1000,4000,25,R_gaussian,6406.211723466328,3.2817866092849206,6399.77942171213,6412.644025220527,207.55840959962876,2.27402449061715,203.10132159801915,212.01549760123837,0.032399555081723284,0.00035429964521740644,0.03170512777709717,0.0330939823863494,6077.2172143031285,6064.234404568773,6084.964592848563,6399.968024576728,6391.9162604664725,6408.227389716536,6750.795770303643,6737.599830815558,6763.8376970312565
indefinite_COM_positive_trace_N1000,indefinite_COM_positive_trace,1000,1000,4000,25,max_r2_gaussian,54.65750602154701,0.17068957059892073,54.322954463173126,54.99205757992089,10.795356318574008,0.19661629582733953,10.409988378752423,11.180724258395593,0.19750912737069046,0.0032810543139778926,0.19107826091529378,0.20393999382608713,40.81134713318547,40.37352461536997,41.17554504082778,52.91431388931555,52.46468844814377,53.30192922330295,74.32863794280519,73.28226149998078,75.45074495874948
indefinite_COM_positive_trace_N1000,indefinite_COM_positive_trace,1000,1000,4000,25,Cmax_peratom,0.0018457103946895338,3.29659613088632e-05,0.001781097110524162,0.0019103236788549057,0.002084950459859865,2.508627620491025e-05,0.002035781358498241,0.002134119561221489,1.1296195036115477,0.025303284243429734,1.0800250664944255,1.17921394072867,-0.0015837910101007815,-0.0017501749556662273,-0.0014196125083162355,0.0018824028840415737,0.0018011165274740932,0.0019569360598529237,0.005182944616175066,0.005064893426864067,0.005360798684109932
indefinite_COM_positive_trace_N1000,indefinite_COM_positive_trace,1000,1000,4000,25,Crms,15.5474072705091,0.26985874263345344,15.018484134947531,16.076330406070667,17.06736546461796,0.19004512388637404,16.694877021800668,17.439853907435253,1.0977628081430642,0.02363610856330256,1.051436035358991,1.1440895809271372,-12.890954444833097,-14.239886465354257,-11.903252266885248,15.997936428113121,15.353050012776556,16.59247910656053,42.687819977265775,42.000076836233625,43.88712804380298
indefinite_COM_positive_trace_N1000,indefinite_COM_positive_trace,1000,1000,4000,25,Crms_peratom,0.015547407270509097,0.0002698587426334534,0.015018484134947527,0.016076330406070666,0.01706736546461796,0.00019004512388637402,0.016694877021800666,0.017439853907435254,1.0977628081430642,0.023636108563302564,1.051436035358991,1.1440895809271372,-0.012890954444833097,-0.014239886465354257,-0.011903252266885248,0.01599793642811312,0.015353050012776556,0.016592479106560528,0.04268781997726578,0.04200007683623362,0.04388712804380298
indefinite_COM_positive_trace_N1000,indefinite_COM_positive_trace,1000,1000,4000,25,max_to_rms,0.12110799961391691,0.00032843268388894485,0.12046427155349458,0.12175172767433924,0.02077190678262307,0.00022808281405432707,0.02032486446707659,0.02121894909816955,0.17151556337188567,0.0019672207041657353,0.16765981079172082,0.17537131595205052,0.08628304136892485,0.08535214873748932,0.08763485856665985,0.12151053241434082,0.1207081928648286,0.1222085548488847,0.15508372637563858,0.15385518168502402,0.15614570333950442
indefinite_COM_positive_trace_N1000,indefinite_COM_positive_trace,1000,1000,4000,25,PR_fraction,0.49077567005838885,0.0002997729404877297,0.4901881150950329,0.4913632250217448,0.018959305456546654,0.00022265071271781537,0.018522910059619736,0.01939570085347357,0.038631306752209243,0.0004561092050292699,0.03773733271035187,0.039525280794066614,0.45985755149992413,0.45843376541629377,0.46087889490318945,0.49086476687868874,0.49025822060195334,0.4916188440225747,0.5218976947500087,0.5205439943011504,0.5233662153794075
indefinite_COM_balanced_N4096,indefinite_COM_balanced,4096,4096,4000,27,Cmax,-0.1926053123412791,0.06003886084466031,-0.3102814795968133,-0.07492914508574487,3.797190967820547,0.046757727053788216,3.705545822795122,3.8888361128459716,,,,,-6.468647453386905,-6.810131623382327,-6.236630141999907,-0.1342785925036965,-0.24603161746922475,-0.003525247355773702,5.921560526146439,5.6746684360008075,6.1820727468274255
indefinite_COM_balanced_N4096,indefinite_COM_balanced,4096,4096,4000,27,chi,-0.00037548196526488315,0.0001418529230774376,-0.0006535136944966608,-9.745023603310545e-05,0.00897156659354729,0.0001022797907940167,0.008771098203591017,0.009172034983503562,,,,,-0.015205292329585752,-0.016013962123641055,-0.014676522333424856,-0.00033193465191150805,-0.0006171051350833154,-1.0564488027438915e-05,0.014146782596443499,0.013603773027406613,0.014957274736037834
indefinite_COM_balanced_N4096,indefinite_COM_balanced,4096,4096,4000,27,n_inf,416.1145852375162,0.9551021709875746,414.24258498238055,417.9865854926519,60.40596516984653,0.6411464550772122,59.1493181178952,61.662612221797865,0.1451666615707957,0.0016169997964439924,0.14199734196976546,0.14833598117182592,313.28892781621636,308.99883856719924,317.2197111664776,417.8979838733534,415.37144223419995,420.4877831859828,510.4414648949384,507.9309834163665,512.918092687404
indefinite_COM_balanced_N4096,indefinite_COM_balanced,4096,4096,4000,27,PR,2050.375976697708,0.6085734457864576,2049.1831727439667,2051.5687806514497,38.48956424364414,0.43915390188100006,37.62882259595738,39.3503058913309,0.018771954354261704,0.0002147798534827511,0.018350985841435512,0.019192922867087896,1984.6157374192085,1981.896330485569,1987.7582180055697,2051.024148504487,2049.5569976929623,2052.7925848687573,2111.2885322185216,2109.3389330871855,2114.1100474501663
indefinite_COM_balanced_N4096,indefinite_COM_balanced,4096,4096,4000,27,inverse_PR,0.0004878878789536446,1.4534211541362538e-07,0.0004876030084074339,0.00048817274949985534,9.192242493082436e-06,1.0742155126143479e-07,8.981696252610024e-06,9.402788733554847e-06,0.018840891298215284,0.00021928140231062578,0.01841109974968646,0.01927068284674411,0.0004736444047802284,0.0004730122735124894,0.0004740821801152745,0.00048756129991614413,0.0004871412764109988,0.000487910314826876,0.0005038758798944485,0.0005030792935185833,0.0005045672594565014
indefinite_COM_balanced_N4096,indefinite_COM_balanced,4096,4096,4000,27,Q_gaussian,-7.1943339538018725,3.481335377075764,-14.01775129287037,-0.37091661473337467,220.17898180961097,2.501541838502055,215.27595980614694,225.082003813075,,,,,-368.00193942438597,-388.89015723720865,-354.1415180571958,-8.33065915682226,-15.299418076552051,-0.262697242052468,352.35620516749555,340.743005230789,370.62473315362877
indefinite_COM_balanced_N4096,indefinite_COM_balanced,4096,4096,4000,27,R_gaussian,24566.175447030844,6.110513872772643,24554.19883984021,24578.15205422148,386.4628302403579,4.441843966816565,377.75681606539746,395.16884441531835,0.015731501676915165,0.00018072428910538275,0.015377282070268615,0.016085721283561717,23938.537434970276,23912.638191622835,23956.33522121277,24566.799800731114,24550.231749023405,24579.71369779743,25205.456782055433,25181.433932096093,25229.461205659107
indefinite_COM_balanced_N4096,indefinite_COM_balanced,4096,4096,4000,27,max_r2_gaussian,60.40609830290968,0.1534148992403251,60.10540510039865,60.70679150542072,9.702810172093258,0.14990146796655188,9.409003294878817,9.9966170493077,0.16062633483523445,0.0022778305129861932,0.1561617870297815,0.1650908826406874,48.02100623918831,47.70534123098266,48.31720153593613,58.85624818384606,58.44883443611882,59.17501109412967,78.78305122150137,77.72657767510091,79.80228923385805
indefinite_COM_balanced_N4096,indefinite_COM_balanced,4096,4096,4000,27,Cmax_peratom,-4.702278133332009e-05,1.4657925010903397e-05,-7.575231435469075e-05,-1.829324831194943e-05,0.0009270485761280632,1.1415460706491264e-05,0.0009046742731433404,0.000949422879112786,,,,,-0.0015792596321745373,-0.001662629790864826,-0.001522614780761696,-3.278285949797278e-05,-6.006631285869745e-05,-8.60656092718189e-07,0.0014456934878287204,0.0013854170986330096,0.0015092951042059144
indefinite_COM_balanced_N4096,indefinite_COM_balanced,4096,4096,4000,27,Crms,-1.5379741297249614,0.5810295729251844,-2.6767920926583226,-0.39915616679159993,36.7475367671697,0.4189380230922924,35.926418241908806,37.56865529243059,,,,,-62.28087738198324,-65.59318885843376,-60.11503547770821,-1.359604334229537,-2.5276626333012597,-0.043272142960389795,57.94522151503257,55.72105432025749,61.26499731881097
indefinite_COM_balanced_N4096,indefinite_COM_balanced,4096,4096,4000,27,Crms_peratom,-0.00037548196526488315,0.0001418529230774376,-0.0006535136944966608,-9.745023603310545e-05,0.00897156659354729,0.0001022797907940167,0.008771098203591017,0.009172034983503562,,,,,-0.015205292329585752,-0.016013962123641055,-0.014676522333424856,-0.00033193465191150805,-0.0006171051350833154,-1.0564488027438915e-05,0.014146782596443499,0.013603773027406613,0.014957274736037834
indefinite_COM_balanced_N4096,indefinite_COM_balanced,4096,4096,4000,27,max_to_rms,0.10159047491150298,0.00023317924096376332,0.101133443599214,0.10204750622379197,0.014747550090294563,0.00015652989625908502,0.014440751493626757,0.01505434868696237,0.1451666615707957,0.0016169997964439924,0.14199734196976546,0.14833598117182592,0.07648655464263095,0.07543916957207013,0.07744621854650333,0.10202587496908042,0.10140904351420897,0.10265815019189033,0.12461949826536582,0.12400658774813635,0.12522414372251076
indefinite_COM_balanced_N4096,indefinite_COM_balanced,4096,4096,4000,27,PR_fraction,0.5005800724359639,0.00014857750141270936,0.500288860533195,0.5008712843387328,0.009396866270420932,0.00010721530807641603,0.009186724266591157,0.009607008274250707,0.018771954354261704,0.0002147798534827511,0.018350985841435512,0.019192922867087896,0.48452532651836144,0.4838614088099534,0.48529253369276604,0.5007383175059783,0.5003801263898834,0.501170064665224,0.5154513018111625,0.5149753254607387,0.5161401483032633
indefinite_COM_positive_trace_N4096,indefinite_COM_positive_trace,4096,4096,4000,27,Cmax,6.139201605833576,0.05644420370574258,6.028570966570321,6.249832245096831,3.56984488849326,0.043552280418524596,3.4844824188729517,3.6552073581135684,0.5814835735482495,0.00856828629601121,0.5646897324080675,0.5982774146884315,0.4513846910675289,0.1361288512005432,0.7047118247434963,6.084452091559192,5.966336759743049,6.2098300788734155,12.17092126592298,11.91547101962016,12.5012176802409
indefinite_COM_positive_trace_N4096,indefinite_COM_positive_trace,4096,4096,4000,27,chi,0.015238773710463392,0.00013486295355101243,0.014974442321503408,0.015503105099423375,0.008529482103973848,9.726463896648627e-05,0.008338843411599536,0.00872012079634816,0.5597223415764258,0.008269163192666388,0.5435147817187996,0.5759299014340519,0.0011317897905775355,0.00036149836887307567,0.0016354219519341031,0.015285066898026611,0.0150139559131984,0.0155905809910609,0.02903696632825078,0.0285216746471129,0.029806020434772918
indefinite_COM_positive_trace_N4096,indefinite_COM_positive_trace,4096,4096,4000,27,n_inf,404.98745165963646,0.9336454880940954,403.157506502972,406.8173968163009,59.04892539033921,0.6260971764677096,57.821774924462495,60.27607585621592,0.1458043333154077,0.0016219821130412692,0.14262524837384682,0.1489834182569686,304.1041476494398,300.7844853381216,307.8951194751802,406.9555701714525,404.37139114673914,409.2703365608242,496.9330089503027,495.0705690369334,499.88237107984196
indefinite_COM_positive_trace_N4096,indefinite_COM_positive_trace,4096,4096,4000,27,PR,2006.3606318514778,0.6135199520556783,2005.1581327454487,2007.563130957507,38.80240876906493,0.44345880956320705,37.93322950232105,39.67158803580882,0.019339698034873176,0.00022167048516186306,0.018905223883955925,0.019774172185790428,1940.4013999551448,1936.7872533930492,1943.4103391935098,2007.1125299179719,2005.4511678731576,2008.797433200707,2067.730293373511,2065.730327012197,2070.806798514067
indefinite_COM_positive_trace_N4096,indefinite_COM_positive_trace,4096,4096,4000,27,inverse_PR,0.0004986019721422334,1.5305515295878607e-07,0.0004983019840424342,0.0004989019602420325,9.680057819504468e-06,1.1347171460876682e-07,9.457653258871284e-06,9.902462380137651e-06,0.01941439938136284,0.0002266096918006869,0.018970244385433495,0.019858554377292184,0.00048362206782246337,0.00048290357203654267,0.00048409029335710365,0.0004982281686227025,0.0004978102736853139,0.0004986409123392073,0.0005153572865904156,0.0005145593701096533,0.0005163189701130593
indefinite_COM_positive_trace_N4096,indefinite_COM_positive_trace,4096,4096,4000,27,Q_gaussian,402.1220179308159,3.59990882730858,395.0661966292911,409.1778392323407,227.6782252648174,2.5888539217212525,222.60407157824375,232.75237895139105,0.5661918898059167,0.008217008550314818,0.5500865530472997,0.5822972265645338,28.804778704728136,9.286645431708209,41.828188179488656,401.7017009940135,393.65032472029844,408.4818704896578,773.3282586206078,763.1475328305135,792.8047673142726
indefinite_COM_positive_trace_N4096,indefinite_COM_positive_trace,4096,4096,4000,27,R_gaussian,26244.372489757778,6.670083515071729,26231.299126068236,26257.44585344732,421.8531218233741,4.8581402831598455,412.3311668683808,431.37507677836743,0.016074041091590514,0.0001850290403645726,0.015711384172475952,0.016436698010705075,25557.299943259368,25534.234292746085,25582.271836989778,26243.459525169244,26227.60652465929,26260.948650268983,26945.504367661062,26910.24011611839,26975.63247023961
indefinite_COM_positive_trace_N4096,indefinite_COM_positive_trace,4096,4096,4000,27,max_r2_gaussian,66.31884877823626,0.16918964401478898,65.98723707596727,66.65046048050525,10.700492631996159,0.16526033924599146,10.376582367074016,11.024402896918302,0.16134919150628743,0.00228671668682372,0.15686722680011295,0.16583115621246192,52.69719947532933,52.287269949948,53.0023611556604,64.59973079666506,64.10629123766861,64.96086972078676,86.61464297960792,85.46560790700426,87.72794166644363
indefinite_COM_positive_trace_N4096,indefinite_COM_positive_trace,4096,4096,4000,27,Cmax_peratom,0.001498828517049213,1.378032317034731e-05,0.0014718190836353322,0.0015258379504630936,0.0008715441622297998,1.0632880961553856e-05,0.0008507037155451542,0.0008923846089144454,0.5814835735482495,0.00856828629601121,0.5646897324080675,0.5982774146884315,0.00011020134059265842,3.3234582812632614e-05,0.00017204878533776764,0.0014854619364158184,0.0014566251854841428,0.001516071796599955,0.0029714163246882274,0.002909050541899453,0.0030520550977150636
indefinite_COM_positive_trace_N4096,indefinite_COM_positive_trace,4096,4096,4000,27,Crms,62.41801711805805,0.5523986577449469,61.33531574887796,63.500718487238146,34.93675869787688,0.39839596120672777,34.1559026139117,35.717614781842066,0.5597223415764258,0.008269163192666388,0.5435147817187996,0.5759299014340519,4.6358109822055855,1.480697318904118,6.698688315122086,62.607634014317,61.497163420460645,63.859019739385445,118.9354140805152,116.82477935457443,122.08545970082987
indefinite_COM_positive_trace_N4096,indefinite_COM_positive_trace,4096,4096,4000,27,Crms_peratom,0.015238773710463392,0.00013486295355101243,0.014974442321503408,0.015503105099423375,0.008529482103973848,9.726463896648627e-05,0.008338843411599536,0.00872012079634816,0.5597223415764258,0.008269163192666388,0.5435147817187996,0.5759299014340519,0.0011317897905775355,0.00036149836887307567,0.0016354219519341031,0.015285066898026611,0.0150139559131984,0.0155905809910609,0.02903696632825078,0.0285216746471129,0.029806020434772918
indefinite_COM_positive_trace_N4096,indefinite_COM_positive_trace,4096,4096,4000,27,max_to_rms,0.09887388956534093,0.00022794079299172252,0.09842712561107715,0.09932065351960472,0.014416241550375783,0.0001528557559735619,0.014116644268667601,0.014715838832083964,0.1458043333154077,0.0016219821130412692,0.14262524837384682,0.1489834182569686,0.07424417667222652,0.07343371224075235,0.07516970690312016,0.09935438724888977,0.09872348416668436,0.09991951576191997,0.12132153538825749,0.12086683814378257,0.12204159450191454
indefinite_COM_positive_trace_N4096,indefinite_COM_positive_trace,4096,4096,4000,27,PR_fraction,0.4898341386356147,0.00014978514454484334,0.4895405597523068,0.4901277175189226,0.009473244328384993,0.00010826631092851735,0.0092610423589651,0.009685446297804887,0.019339698034873176,0.00022167048516186306,0.018905223883955925,0.019774172185790428,0.47373081053592403,0.4728484505354124,0.4744654148421655,0.49001770749950485,0.4896121015315326,0.49042906084001636,0.5048169661556423,0.5043286931182122,0.5055680660434734
