replicate,step,q_before,trust_before,cooldown_before,risk_probability,acceptance_probability,A,Y,Z,used_surrogate,detected_failure,N,V,D,log_M,capped_bound
0,1,0.35,0.8,0,0.35,0.8,1,0,0,1,0,1,0,0,0.0,1.0
1,1,0.35,0.8,0,0.35,0.8,0,0,0,0,0,0,0,0,0.0,0.0
2,1,0.35,0.8,0,0.35,0.8,1,1,0,1,0,1,1,0,0.051293294387550536,1.0
3,1,0.35,0.8,0,0.35,0.8,1,1,0,1,0,1,1,0,0.051293294387550536,1.0
0,2,0.36,0.802,0,0.36,0.802,1,0,1,1,0,2,0,0,0.0,2.0
1,2,0.354,0.802,0,0.354,0.802,1,0,0,1,0,1,0,0,0.0,1.0
2,2,0.36,0.802,0,0.36,0.802,1,0,1,1,0,2,1,0,0.051293294387550536,2.0
3,2,0.36,0.802,0,0.36,0.802,1,0,0,1,0,2,1,0,0.051293294387550536,2.0
0,3,0.38,0.8290000000000001,0,0.38,0.8290000000000001,1,1,0,1,0,3,1,0,0.051293294387550536,3.0
1,3,0.364,0.804,0,0.364,0.804,1,1,0,1,0,2,1,0,0.051293294387550536,2.0
2,3,0.38,0.8290000000000001,0,0.38,0.8290000000000001,1,0,0,1,0,3,1,0,0.051293294387550536,3.0
3,3,0.37,0.804,0,0.37,0.804,1,0,0,1,0,3,1,0,0.051293294387550536,3.0
0,4,0.39,0.8310000000000001,0,0.39,0.8310000000000001,1,0,0,1,0,4,1,0,0.051293294387550536,4.0
1,4,0.374,0.806,0,0.374,0.806,0,1,0,0,0,2,1,0,0.051293294387550536,2.0
2,4,0.39,0.8310000000000001,0,0.39,0.8310000000000001,1,0,1,1,0,4,1,0,0.051293294387550536,4.0
3,4,0.38,0.806,0,0.38,0.806,1,0,0,1,0,4,1,0,0.051293294387550536,4.0
0,5,0.4,0.8330000000000001,0,0.4,0.8330000000000001,1,1,0,1,0,5,2,0,0.10258658877510107,5.0
1,5,0.378,0.808,0,0.378,0.808,1,1,0,1,0,3,2,0,0.10258658877510107,3.0
2,5,0.41000000000000003,0.8580000000000001,0,0.41000000000000003,0.8580000000000001,0,0,0,0,0,4,1,0,0.051293294387550536,4.0
3,5,0.39,0.808,0,0.39,0.808,1,0,0,1,0,5,1,0,0.051293294387550536,5.0
0,6,0.41000000000000003,0.8350000000000001,0,0.41000000000000003,0.8350000000000001,0,1,0,0,0,5,2,0,0.10258658877510107,5.0
1,6,0.388,0.81,0,0.388,0.81,1,0,0,1,0,4,2,0,0.10258658877510107,4.0
2,6,0.41400000000000003,0.8600000000000001,0,0.41400000000000003,0.8600000000000001,1,0,0,1,0,5,1,0,0.051293294387550536,5.0
3,6,0.4,0.81,0,0.4,0.81,1,0,0,1,0,6,1,0,0.051293294387550536,6.0
0,7,0.41400000000000003,0.8370000000000001,0,0.41400000000000003,0.8370000000000001,1,0,0,1,0,6,2,0,0.10258658877510107,6.0
1,7,0.398,0.812,0,0.398,0.812,0,0,0,0,0,4,2,0,0.10258658877510107,4.0
2,7,0.42400000000000004,0.8620000000000001,0,0.42400000000000004,0.8620000000000001,1,1,1,1,1,6,2,1,-0.5905605917848442,6.0
3,7,0.41000000000000003,0.812,0,0.41000000000000003,0.812,1,0,0,1,0,7,1,0,0.051293294387550536,7.0
0,8,0.42400000000000004,0.8390000000000001,0,0.42400000000000004,0.8390000000000001,1,0,0,1,0,7,2,0,0.10258658877510107,7.0
1,8,0.402,0.8140000000000001,0,0.402,0.8140000000000001,1,1,0,1,0,5,3,0,0.1538798831626516,5.0
2,8,0.23400000000000004,0.5640000000000001,8,0.23400000000000004,0.21400000000000008,0,0,0,0,0,6,2,1,-0.5905605917848442,6.0
3,8,0.42000000000000004,0.8140000000000001,0,0.42000000000000004,0.8140000000000001,1,1,0,1,0,8,2,0,0.10258658877510107,8.0
0,9,0.43400000000000005,0.8410000000000001,0,0.43400000000000005,0.8410000000000001,1,0,0,1,0,8,2,0,0.10258658877510107,8.0
1,9,0.41200000000000003,0.8160000000000001,0,0.41200000000000003,0.8160000000000001,1,1,0,1,0,6,4,0,0.20517317755020215,6.0
2,9,0.23800000000000004,0.5660000000000001,7,0.23800000000000004,0.21600000000000008,0,1,0,0,0,6,2,1,-0.5905605917848442,6.0
3,9,0.43000000000000005,0.8160000000000001,0,0.43000000000000005,0.8160000000000001,1,0,0,1,0,9,2,0,0.10258658877510107,9.0
0,10,0.44400000000000006,0.8430000000000001,0,0.44400000000000006,0.8430000000000001,1,1,0,1,0,9,3,0,0.1538798831626516,9.0
1,10,0.42200000000000004,0.8180000000000001,0,0.42200000000000004,0.8180000000000001,1,0,1,1,0,7,4,0,0.20517317755020215,7.0
2,10,0.24200000000000005,0.5680000000000001,6,0.24200000000000005,0.21800000000000008,1,1,0,1,0,7,3,1,-0.5392672973972936,7.0
3,10,0.44000000000000006,0.8180000000000001,0,0.44000000000000006,0.8180000000000001,1,1,0,1,0,10,3,0,0.1538798831626516,10.0
0,11,0.45400000000000007,0.8450000000000001,0,0.45400000000000007,0.8450000000000001,0,1,0,0,0,9,3,0,0.1538798831626516,9.0
1,11,0.44200000000000006,0.8450000000000001,0,0.44200000000000006,0.8450000000000001,1,0,0,1,0,8,4,0,0.20517317755020215,8.0
2,11,0.25200000000000006,0.5700000000000001,5,0.25200000000000006,0.22000000000000008,0,1,0,0,0,7,3,1,-0.5392672973972936,7.0
3,11,0.45000000000000007,0.8200000000000001,0,0.45000000000000007,0.8200000000000001,1,0,0,1,0,11,3,0,0.1538798831626516,11.0
0,12,0.4580000000000001,0.8470000000000001,0,0.4580000000000001,0.8470000000000001,1,1,0,1,0,10,4,0,0.20517317755020215,10.0
1,12,0.45200000000000007,0.8470000000000001,0,0.45200000000000007,0.8470000000000001,1,1,0,1,0,9,5,0,0.2564664719377527,9.0
2,12,0.25600000000000006,0.5720000000000001,4,0.25600000000000006,0.2220000000000001,0,0,0,0,0,7,3,1,-0.5392672973972936,7.0
3,12,0.4600000000000001,0.8220000000000001,0,0.4600000000000001,0.8220000000000001,0,1,0,0,0,11,3,0,0.1538798831626516,11.0
0,13,0.4680000000000001,0.8490000000000001,0,0.4680000000000001,0.8490000000000001,1,1,0,1,0,11,5,0,0.2564664719377527,11.0
1,13,0.4620000000000001,0.8490000000000001,0,0.4620000000000001,0.8490000000000001,1,1,0,1,0,10,6,0,0.3077597663253032,10.0
2,13,0.26000000000000006,0.5740000000000001,3,0.26000000000000006,0.2240000000000001,0,0,0,0,0,7,3,1,-0.5392672973972936,7.0
3,13,0.4640000000000001,0.8240000000000001,0,0.4640000000000001,0.8240000000000001,1,0,0,1,0,12,3,0,0.1538798831626516,12.0
0,14,0.4780000000000001,0.8510000000000001,0,0.4780000000000001,0.8510000000000001,1,1,0,1,0,12,6,0,0.3077597663253032,12.0
1,14,0.4720000000000001,0.8510000000000001,0,0.4720000000000001,0.8510000000000001,1,0,0,1,0,11,6,0,0.3077597663253032,11.0
2,14,0.26400000000000007,0.5760000000000001,2,0.26400000000000007,0.2260000000000001,0,0,0,0,0,7,3,1,-0.5392672973972936,7.0
3,14,0.4740000000000001,0.8260000000000001,0,0.4740000000000001,0.8260000000000001,0,0,0,0,0,12,3,0,0.1538798831626516,12.0
0,15,0.4880000000000001,0.8530000000000001,0,0.4880000000000001,0.8530000000000001,1,1,0,1,0,13,7,0,0.35905306071285376,13.0
1,15,0.4820000000000001,0.8530000000000001,0,0.4820000000000001,0.8530000000000001,0,0,0,0,0,11,6,0,0.3077597663253032,11.0
2,15,0.26800000000000007,0.5780000000000001,1,0.26800000000000007,0.2280000000000001,1,1,0,1,0,8,4,1,-0.48797400300974314,8.0
3,15,0.4780000000000001,0.8280000000000001,0,0.4780000000000001,0.8280000000000001,0,1,0,0,0,12,3,0,0.1538798831626516,12.0
0,16,0.4980000000000001,0.8550000000000001,0,0.4980000000000001,0.8550000000000001,1,0,1,1,0,14,7,0,0.35905306071285376,14.0
1,16,0.4860000000000001,0.8550000000000001,0,0.4860000000000001,0.8550000000000001,1,0,0,1,0,12,6,0,0.3077597663253032,12.0
2,16,0.2780000000000001,0.5800000000000001,0,0.2780000000000001,0.5800000000000001,0,0,0,0,0,8,4,1,-0.48797400300974314,8.0
3,16,0.4820000000000001,0.8300000000000001,0,0.4820000000000001,0.8300000000000001,1,0,0,1,0,13,3,0,0.1538798831626516,13.0
0,17,0.5180000000000001,0.8820000000000001,0,0.5180000000000001,0.8820000000000001,0,0,0,0,0,14,7,0,0.35905306071285376,14.0
1,17,0.4960000000000001,0.8570000000000001,0,0.4960000000000001,0.8570000000000001,1,0,0,1,0,13,6,0,0.3077597663253032,13.0
2,17,0.2820000000000001,0.5820000000000001,0,0.2820000000000001,0.5820000000000001,0,0,0,0,0,8,4,1,-0.48797400300974314,8.0
3,17,0.4920000000000001,0.8320000000000001,0,0.4920000000000001,0.8320000000000001,1,1,0,1,0,14,4,0,0.20517317755020215,14.0
0,18,0.5220000000000001,0.8840000000000001,0,0.5220000000000001,0.8840000000000001,1,1,0,1,0,15,8,0,0.4103463551004043,15.0
1,18,0.5060000000000001,0.8590000000000001,0,0.5060000000000001,0.8590000000000001,0,1,0,0,0,13,6,0,0.3077597663253032,13.0
2,18,0.2860000000000001,0.5840000000000001,0,0.2860000000000001,0.5840000000000001,1,0,0,1,0,9,4,1,-0.48797400300974314,9.0
3,18,0.5020000000000001,0.8340000000000001,0,0.5020000000000001,0.8340000000000001,1,0,0,1,0,15,4,0,0.20517317755020215,15.0
0,19,0.5320000000000001,0.8860000000000001,0,0.5320000000000001,0.8860000000000001,1,1,0,1,0,16,9,0,0.46163964948795483,16.0
1,19,0.5100000000000001,0.8610000000000001,0,0.5100000000000001,0.8610000000000001,1,1,0,1,0,14,7,0,0.35905306071285376,14.0
2,19,0.2960000000000001,0.5860000000000001,0,0.2960000000000001,0.5860000000000001,1,0,0,1,0,10,4,1,-0.48797400300974314,10.0
3,19,0.5120000000000001,0.8360000000000001,0,0.5120000000000001,0.8360000000000001,1,1,0,1,0,16,5,0,0.2564664719377527,16.0
0,20,0.5420000000000001,0.8880000000000001,0,0.5420000000000001,0.8880000000000001,1,0,0,1,0,17,9,0,0.46163964948795483,17.0
1,20,0.5200000000000001,0.8630000000000001,0,0.5200000000000001,0.8630000000000001,1,1,0,1,0,15,8,0,0.4103463551004043,15.0
2,20,0.3060000000000001,0.5880000000000001,0,0.3060000000000001,0.5880000000000001,0,1,0,0,0,10,4,1,-0.48797400300974314,10.0
3,20,0.5220000000000001,0.8380000000000001,0,0.5220000000000001,0.8380000000000001,1,0,0,1,0,17,5,0,0.2564664719377527,17.0
0,21,0.5520000000000002,0.8900000000000001,0,0.5520000000000002,0.8900000000000001,1,1,1,1,1,18,10,1,-0.18021423668443992,18.0
1,21,0.5300000000000001,0.8650000000000001,0,0.5300000000000001,0.8650000000000001,1,1,0,1,0,16,9,0,0.46163964948795483,16.0
2,21,0.3100000000000001,0.5900000000000001,0,0.3100000000000001,0.5900000000000001,0,0,1,0,0,10,4,1,-0.48797400300974314,10.0
3,21,0.5320000000000001,0.8400000000000001,0,0.5320000000000001,0.8400000000000001,1,0,0,1,0,18,5,0,0.2564664719377527,18.0
0,22,0.36200000000000015,0.5920000000000001,8,0.36200000000000015,0.2420000000000001,1,1,0,1,0,19,11,1,-0.12892094229688944,19.0
1,22,0.5400000000000001,0.8670000000000001,0,0.5400000000000001,0.8670000000000001,0,0,0,0,0,16,9,0,0.46163964948795483,16.0
2,22,0.3140000000000001,0.5920000000000001,0,0.3140000000000001,0.5920000000000001,0,0,0,0,0,10,4,1,-0.48797400300974314,10.0
3,22,0.5420000000000001,0.8420000000000001,0,0.5420000000000001,0.8420000000000001,1,1,0,1,0,19,6,0,0.3077597663253032,19.0
0,23,0.37200000000000016,0.5940000000000001,7,0.37200000000000016,0.2440000000000001,0,1,0,0,0,19,11,1,-0.12892094229688944,19.0
1,23,0.5440000000000002,0.8690000000000001,0,0.5440000000000002,0.8690000000000001,1,0,0,1,0,17,9,0,0.46163964948795483,17.0
2,23,0.3180000000000001,0.5940000000000001,0,0.3180000000000001,0.5940000000000001,0,1,0,0,0,10,4,1,-0.48797400300974314,10.0
3,23,0.5520000000000002,0.8440000000000001,0,0.5520000000000002,0.8440000000000001,1,0,0,1,0,20,6,0,0.3077597663253032,20.0
0,24,0.37600000000000017,0.5960000000000001,6,0.37600000000000017,0.2460000000000001,0,1,1,0,0,19,11,1,-0.12892094229688944,19.0
1,24,0.5540000000000002,0.8710000000000001,0,0.5540000000000002,0.8710000000000001,1,1,0,1,0,18,10,0,0.5129329438755054,18.0
2,24,0.3220000000000001,0.5960000000000001,0,0.3220000000000001,0.5960000000000001,0,0,0,0,0,10,4,1,-0.48797400300974314,10.0
3,24,0.5620000000000002,0.8460000000000001,0,0.5620000000000002,0.8460000000000001,1,1,0,1,0,21,7,0,0.35905306071285376,21.0
0,25,0.38000000000000017,0.5980000000000001,5,0.38000000000000017,0.2480000000000001,0,1,0,0,0,19,11,1,-0.12892094229688944,19.0
1,25,0.5640000000000002,0.8730000000000001,0,0.5640000000000002,0.8730000000000001,1,1,0,1,0,19,11,0,0.5642262382630558,19.0
2,25,0.3260000000000001,0.5980000000000001,0,0.3260000000000001,0.5980000000000001,1,0,0,1,0,11,4,1,-0.48797400300974314,11.0
3,25,0.5720000000000002,0.8480000000000001,0,0.5720000000000002,0.8480000000000001,1,1,0,1,0,22,8,0,0.4103463551004043,22.0
0,26,0.3840000000000002,0.6000000000000001,4,0.3840000000000002,0.2500000000000001,1,0,0,1,0,20,11,1,-0.12892094229688944,20.0
1,26,0.5740000000000002,0.8750000000000001,0,0.5740000000000002,0.8750000000000001,1,0,0,1,0,20,11,0,0.5642262382630558,20.0
2,26,0.33600000000000013,0.6000000000000001,0,0.33600000000000013,0.6000000000000001,1,1,0,1,0,12,5,1,-0.4366807086221926,12.0
3,26,0.5820000000000002,0.8500000000000001,0,0.5820000000000002,0.8500000000000001,1,1,0,1,0,23,9,0,0.46163964948795483,23.0
0,27,0.3940000000000002,0.6020000000000001,3,0.3940000000000002,0.2520000000000001,1,1,0,1,0,21,12,1,-0.07762764790933885,21.0
1,27,0.5840000000000002,0.8770000000000001,0,0.5840000000000002,0.8770000000000001,1,0,0,1,0,21,11,0,0.5642262382630558,21.0
2,27,0.34600000000000014,0.6020000000000001,0,0.34600000000000014,0.6020000000000001,1,1,0,1,0,13,6,1,-0.38538741423464207,13.0
3,27,0.5920000000000002,0.8520000000000001,0,0.5920000000000002,0.8520000000000001,1,1,0,1,0,24,10,0,0.5129329438755054,24.0
0,28,0.4040000000000002,0.6040000000000001,2,0.4040000000000002,0.2540000000000001,0,1,0,0,0,21,12,1,-0.07762764790933885,21.0
1,28,0.5940000000000002,0.8790000000000001,0,0.5940000000000002,0.8790000000000001,1,0,1,1,0,22,11,0,0.5642262382630558,22.0
2,28,0.35600000000000015,0.6040000000000001,0,0.35600000000000015,0.6040000000000001,0,0,1,0,0,13,6,1,-0.38538741423464207,13.0
3,28,0.6020000000000002,0.8540000000000001,0,0.6020000000000002,0.8540000000000001,1,0,0,1,0,25,10,0,0.5129329438755054,25.0
0,29,0.4080000000000002,0.6060000000000001,1,0.4080000000000002,0.2560000000000001,0,0,0,0,0,21,12,1,-0.07762764790933885,21.0
1,29,0.6140000000000002,0.9060000000000001,0,0.6140000000000002,0.9060000000000001,1,0,0,1,0,23,11,0,0.5642262382630558,23.0
2,29,0.36000000000000015,0.6060000000000001,0,0.36000000000000015,0.6060000000000001,0,1,0,0,0,13,6,1,-0.38538741423464207,13.0
3,29,0.6120000000000002,0.8560000000000001,0,0.6120000000000002,0.8560000000000001,1,0,0,1,0,26,10,0,0.5129329438755054,26.0
0,30,0.4120000000000002,0.6080000000000001,0,0.4120000000000002,0.6080000000000001,1,1,0,1,0,22,13,1,-0.026334353521788256,22.0
1,30,0.6240000000000002,0.9080000000000001,0,0.6240000000000002,0.9080000000000001,1,1,0,1,0,24,12,0,0.6155195326506064,24.0
2,30,0.36400000000000016,0.6080000000000001,0,0.36400000000000016,0.6080000000000001,1,1,0,1,0,14,7,1,-0.33409411984709153,14.0
3,30,0.6220000000000002,0.8580000000000001,0,0.6220000000000002,0.8580000000000001,0,1,0,0,0,26,10,0,0.5129329438755054,26.0
0,31,0.4220000000000002,0.6100000000000001,0,0.4220000000000002,0.6100000000000001,1,0,1,1,0,23,13,1,-0.026334353521788256,23.0
1,31,0.6340000000000002,0.9100000000000001,0,0.6340000000000002,0.9100000000000001,1,0,0,1,0,25,12,0,0.6155195326506064,25.0
2,31,0.37400000000000017,0.6100000000000001,0,0.37400000000000017,0.6100000000000001,1,0,0,1,0,15,7,1,-0.33409411984709153,15.0
3,31,0.6260000000000002,0.8600000000000001,0,0.6260000000000002,0.8600000000000001,1,1,0,1,0,27,11,0,0.5642262382630558,27.0
0,32,0.4420000000000002,0.6370000000000001,0,0.4420000000000002,0.6370000000000001,1,1,1,1,1,24,14,2,-0.6681882396941831,24.0
1,32,0.6440000000000002,0.9120000000000001,0,0.6440000000000002,0.9120000000000001,1,1,0,1,0,26,13,0,0.666812827038157,26.0
2,32,0.3840000000000002,0.6120000000000001,0,0.3840000000000002,0.6120000000000001,1,0,0,1,0,16,7,1,-0.33409411984709153,16.0
3,32,0.6360000000000002,0.8620000000000001,0,0.6360000000000002,0.8620000000000001,1,0,0,1,0,28,11,0,0.5642262382630558,28.0
0,33,0.2520000000000002,0.33900000000000013,8,0.2520000000000002,0.05,0,0,1,0,0,24,14,2,-0.6681882396941831,24.0
1,33,0.6540000000000002,0.9140000000000001,0,0.6540000000000002,0.9140000000000001,1,0,0,1,0,27,13,0,0.666812827038157,27.0
2,33,0.3940000000000002,0.6140000000000001,0,0.3940000000000002,0.6140000000000001,1,0,0,1,0,17,7,1,-0.33409411984709153,17.0
3,33,0.6460000000000002,0.8640000000000001,0,0.6460000000000002,0.8640000000000001,1,1,0,1,0,29,12,0,0.6155195326506064,29.0
0,34,0.2560000000000002,0.34100000000000014,7,0.2560000000000002,0.05,0,0,0,0,0,24,14,2,-0.6681882396941831,24.0
1,34,0.6640000000000003,0.9160000000000001,0,0.6640000000000003,0.9160000000000001,1,1,0,1,0,28,14,0,0.7181061214257075,28.0
2,34,0.4040000000000002,0.6160000000000001,0,0.4040000000000002,0.6160000000000001,1,1,0,1,0,18,8,1,-0.282800825459541,18.0
3,34,0.6560000000000002,0.8660000000000001,0,0.6560000000000002,0.8660000000000001,1,1,0,1,0,30,13,0,0.666812827038157,30.0
0,35,0.26000000000000023,0.34300000000000014,6,0.26000000000000023,0.05,0,0,0,0,0,24,14,2,-0.6681882396941831,24.0
1,35,0.6740000000000003,0.9180000000000001,0,0.6740000000000003,0.9180000000000001,1,0,0,1,0,29,14,0,0.7181061214257075,29.0
2,35,0.4140000000000002,0.6180000000000001,0,0.4140000000000002,0.6180000000000001,1,1,0,1,0,19,9,1,-0.23150753107199046,19.0
3,35,0.6660000000000003,0.8680000000000001,0,0.6660000000000003,0.8680000000000001,1,1,0,1,0,31,14,0,0.7181061214257075,31.0
0,36,0.26400000000000023,0.34500000000000014,5,0.26400000000000023,0.05,0,0,1,0,0,24,14,2,-0.6681882396941831,24.0
1,36,0.6840000000000003,0.9200000000000002,0,0.6840000000000003,0.9200000000000002,1,1,0,1,0,30,15,0,0.769399415813258,30.0
2,36,0.4240000000000002,0.6200000000000001,0,0.4240000000000002,0.6200000000000001,1,1,0,1,0,20,10,1,-0.18021423668443992,20.0
3,36,0.6760000000000003,0.8700000000000001,0,0.6760000000000003,0.8700000000000001,1,1,0,1,0,32,15,0,0.769399415813258,32.0
0,37,0.26800000000000024,0.34700000000000014,4,0.26800000000000024,0.05,0,0,0,0,0,24,14,2,-0.6681882396941831,24.0
1,37,0.6940000000000003,0.9220000000000002,0,0.6940000000000003,0.9220000000000002,1,1,0,1,0,31,16,0,0.8206927102008086,31.0
2,37,0.4340000000000002,0.6220000000000001,0,0.4340000000000002,0.6220000000000001,1,1,0,1,0,21,11,1,-0.12892094229688944,21.0
3,37,0.6860000000000003,0.8720000000000001,0,0.6860000000000003,0.8720000000000001,1,1,0,1,0,33,16,0,0.8206927102008086,33.0
0,38,0.27200000000000024,0.34900000000000014,3,0.27200000000000024,0.05,0,0,0,0,0,24,14,2,-0.6681882396941831,24.0
1,38,0.7040000000000003,0.9240000000000002,0,0.7040000000000003,0.9240000000000002,1,0,0,1,0,32,16,0,0.8206927102008086,32.0
2,38,0.44400000000000023,0.6240000000000001,0,0.44400000000000023,0.6240000000000001,0,0,0,0,0,21,11,1,-0.12892094229688944,21.0
3,38,0.6960000000000003,0.8740000000000001,0,0.6960000000000003,0.8740000000000001,1,0,0,1,0,34,16,0,0.8206927102008086,34.0
0,39,0.27600000000000025,0.35100000000000015,2,0.27600000000000025,0.05,0,0,0,0,0,24,14,2,-0.6681882396941831,24.0
1,39,0.7140000000000003,0.9260000000000002,0,0.7140000000000003,0.9260000000000002,1,0,0,1,0,33,16,0,0.8206927102008086,33.0
2,39,0.44800000000000023,0.6260000000000001,0,0.44800000000000023,0.6260000000000001,0,1,0,0,0,21,11,1,-0.12892094229688944,21.0
3,39,0.7060000000000003,0.8760000000000001,0,0.7060000000000003,0.8760000000000001,1,1,0,1,0,35,17,0,0.8719860045883592,35.0
0,40,0.28000000000000025,0.35300000000000015,1,0.28000000000000025,0.05,0,0,0,0,0,24,14,2,-0.6681882396941831,24.0
1,40,0.7240000000000003,0.9280000000000002,0,0.7240000000000003,0.9280000000000002,1,1,0,1,0,34,17,0,0.8719860045883592,34.0
2,40,0.45200000000000023,0.6280000000000001,0,0.45200000000000023,0.6280000000000001,0,0,0,0,0,21,11,1,-0.12892094229688944,21.0
3,40,0.7160000000000003,0.8780000000000001,0,0.7160000000000003,0.8780000000000001,1,0,0,1,0,36,17,0,0.8719860045883592,36.0
0,41,0.28400000000000025,0.35500000000000015,0,0.28400000000000025,0.35500000000000015,1,0,0,1,0,25,14,2,-0.6681882396941831,25.0
1,41,0.7340000000000003,0.9300000000000002,0,0.7340000000000003,0.9300000000000002,1,1,0,1,0,35,18,0,0.9232792989759097,35.0
2,41,0.45600000000000024,0.6300000000000001,0,0.45600000000000024,0.6300000000000001,0,0,0,0,0,21,11,1,-0.12892094229688944,21.0
3,41,0.7260000000000003,0.8800000000000001,0,0.7260000000000003,0.8800000000000001,1,1,0,1,0,37,18,0,0.9232792989759097,37.0
0,42,0.29400000000000026,0.35700000000000015,0,0.29400000000000026,0.35700000000000015,1,0,0,1,0,26,14,2,-0.6681882396941831,26.0
1,42,0.7440000000000003,0.9320000000000002,0,0.7440000000000003,0.9320000000000002,1,1,0,1,0,36,19,0,0.9745725933634601,36.0
2,42,0.46000000000000024,0.6320000000000001,0,0.46000000000000024,0.6320000000000001,1,0,0,1,0,22,11,1,-0.12892094229688944,22.0
3,42,0.7360000000000003,0.8820000000000001,0,0.7360000000000003,0.8820000000000001,1,0,0,1,0,38,18,0,0.9232792989759097,38.0
0,43,0.30400000000000027,0.35900000000000015,0,0.30400000000000027,0.35900000000000015,0,0,0,0,0,26,14,2,-0.6681882396941831,26.0
1,43,0.7540000000000003,0.9340000000000002,0,0.7540000000000003,0.9340000000000002,1,1,0,1,0,37,20,0,1.0258658877510107,37.0
2,43,0.47000000000000025,0.6340000000000001,0,0.47000000000000025,0.6340000000000001,1,1,0,1,0,23,12,1,-0.07762764790933885,23.0
3,43,0.7460000000000003,0.8840000000000001,0,0.7460000000000003,0.8840000000000001,1,0,0,1,0,39,18,0,0.9232792989759097,39.0
0,44,0.3080000000000003,0.36100000000000015,0,0.3080000000000003,0.36100000000000015,0,0,0,0,0,26,14,2,-0.6681882396941831,26.0
1,44,0.7640000000000003,0.9360000000000002,0,0.7640000000000003,0.9360000000000002,1,0,0,1,0,38,20,0,1.0258658877510107,38.0
2,44,0.48000000000000026,0.6360000000000001,0,0.48000000000000026,0.6360000000000001,1,0,0,1,0,24,12,1,-0.07762764790933885,24.0
3,44,0.7560000000000003,0.8860000000000001,0,0.7560000000000003,0.8860000000000001,1,1,0,1,0,40,19,0,0.9745725933634601,40.0
0,45,0.3120000000000003,0.36300000000000016,0,0.3120000000000003,0.36300000000000016,0,0,0,0,0,26,14,2,-0.6681882396941831,26.0
1,45,0.7740000000000004,0.9380000000000002,0,0.7740000000000004,0.9380000000000002,1,0,0,1,0,39,20,0,1.0258658877510107,39.0
2,45,0.49000000000000027,0.6380000000000001,0,0.49000000000000027,0.6380000000000001,1,0,0,1,0,25,12,1,-0.07762764790933885,25.0
3,45,0.7660000000000003,0.8880000000000001,0,0.7660000000000003,0.8880000000000001,1,0,0,1,0,41,19,0,0.9745725933634601,41.0
0,46,0.3160000000000003,0.36500000000000016,0,0.3160000000000003,0.36500000000000016,1,1,0,1,0,27,15,2,-0.6168949453066326,27.0
1,46,0.7840000000000004,0.9400000000000002,0,0.7840000000000004,0.9400000000000002,1,1,0,1,0,40,21,0,1.0771591821385613,40.0
2,46,0.5000000000000002,0.6400000000000001,0,0.5000000000000002,0.6400000000000001,0,0,0,0,0,25,12,1,-0.07762764790933885,25.0
3,46,0.7760000000000004,0.8900000000000001,0,0.7760000000000004,0.8900000000000001,1,1,0,1,0,42,20,0,1.0258658877510107,42.0
0,47,0.3260000000000003,0.36700000000000016,0,0.3260000000000003,0.36700000000000016,1,0,1,1,0,28,15,2,-0.6168949453066326,28.0
1,47,0.7940000000000004,0.9420000000000002,0,0.7940000000000004,0.9420000000000002,1,0,0,1,0,41,21,0,1.0771591821385613,41.0
2,47,0.5040000000000002,0.6420000000000001,0,0.5040000000000002,0.6420000000000001,1,1,0,1,0,26,13,1,-0.026334353521788256,26.0
3,47,0.7860000000000004,0.8920000000000001,0,0.7860000000000004,0.8920000000000001,1,1,0,1,0,43,21,0,1.0771591821385613,43.0
0,48,0.3460000000000003,0.3940000000000002,0,0.3460000000000003,0.3940000000000002,0,0,0,0,0,28,15,2,-0.6168949453066326,28.0
1,48,0.8,0.9440000000000002,0,0.8,0.9440000000000002,1,1,0,1,0,42,22,0,1.1284524765261117,42.0
2,48,0.5140000000000002,0.6440000000000001,0,0.5140000000000002,0.6440000000000001,0,1,0,0,0,26,13,1,-0.026334353521788256,26.0
3,48,0.7960000000000004,0.8940000000000001,0,0.7960000000000004,0.8940000000000001,1,1,0,1,0,44,22,0,1.1284524765261117,44.0
0,49,0.3500000000000003,0.3960000000000002,0,0.3500000000000003,0.3960000000000002,1,1,0,1,0,29,16,2,-0.565601650919082,29.0
1,49,0.8,0.9460000000000002,0,0.8,0.9460000000000002,0,1,0,0,0,42,22,0,1.1284524765261117,42.0
2,49,0.5180000000000002,0.6460000000000001,0,0.5180000000000002,0.6460000000000001,0,0,1,0,0,26,13,1,-0.026334353521788256,26.0
3,49,0.8,0.8960000000000001,0,0.8,0.8960000000000001,1,1,0,1,0,45,23,0,1.1797457709136623,45.0
0,50,0.3600000000000003,0.3980000000000002,0,0.3600000000000003,0.3980000000000002,1,0,0,1,0,30,16,2,-0.565601650919082,30.0
1,50,0.8,0.9480000000000002,0,0.8,0.9480000000000002,1,1,0,1,0,43,23,0,1.1797457709136623,43.0
2,50,0.5220000000000002,0.6480000000000001,0,0.5220000000000002,0.6480000000000001,1,1,0,1,0,27,14,1,0.024958940865762225,27.0
3,50,0.8,0.8980000000000001,0,0.8,0.8980000000000001,1,1,0,1,0,46,24,0,1.2310390653012129,46.0
0,51,0.37000000000000033,0.4000000000000002,0,0.37000000000000033,0.4000000000000002,0,0,0,0,0,30,16,2,-0.565601650919082,30.0
1,51,0.8,0.9500000000000002,0,0.8,0.9500000000000002,0,1,0,0,0,43,23,0,1.1797457709136623,43.0
2,51,0.5320000000000003,0.6500000000000001,0,0.5320000000000003,0.6500000000000001,0,0,0,0,0,27,14,1,0.024958940865762225,27.0
3,51,0.8,0.9000000000000001,0,0.8,0.9000000000000001,1,1,0,1,0,47,25,0,1.2823323596887635,47.0
0,52,0.37400000000000033,0.4020000000000002,0,0.37400000000000033,0.4020000000000002,1,0,0,1,0,31,16,2,-0.565601650919082,31.0
1,52,0.8,0.9520000000000002,0,0.8,0.9520000000000002,1,0,0,1,0,44,23,0,1.1797457709136623,44.0
2,52,0.5360000000000003,0.6520000000000001,0,0.5360000000000003,0.6520000000000001,1,0,0,1,0,28,14,1,0.024958940865762225,28.0
3,52,0.8,0.9020000000000001,0,0.8,0.9020000000000001,1,1,0,1,0,48,26,0,1.333625654076314,48.0
0,53,0.38400000000000034,0.4040000000000002,0,0.38400000000000034,0.4040000000000002,0,0,0,0,0,31,16,2,-0.565601650919082,31.0
1,53,0.8,0.9540000000000002,0,0.8,0.9540000000000002,1,1,0,1,0,45,24,0,1.2310390653012129,45.0
2,53,0.5460000000000003,0.6540000000000001,0,0.5460000000000003,0.6540000000000001,0,0,0,0,0,28,14,1,0.024958940865762225,28.0
3,53,0.8,0.9040000000000001,0,0.8,0.9040000000000001,1,1,1,1,1,49,27,1,0.6917717679039191,49.0
0,54,0.38800000000000034,0.4060000000000002,0,0.38800000000000034,0.4060000000000002,1,0,0,1,0,32,16,2,-0.565601650919082,32.0
1,54,0.8,0.9560000000000002,0,0.8,0.9560000000000002,1,1,0,1,0,46,25,0,1.2823323596887635,46.0
2,54,0.5500000000000003,0.6560000000000001,0,0.5500000000000003,0.6560000000000001,0,0,0,0,0,28,14,1,0.024958940865762225,28.0
3,54,0.6100000000000001,0.6060000000000001,8,0.6100000000000001,0.2560000000000001,1,1,0,1,0,50,28,1,0.7430650622914697,50.0
0,55,0.39800000000000035,0.4080000000000002,0,0.39800000000000035,0.4080000000000002,0,1,0,0,0,32,16,2,-0.565601650919082,32.0
1,55,0.8,0.9580000000000002,0,0.8,0.9580000000000002,1,0,0,1,0,47,25,0,1.2823323596887635,47.0
2,55,0.5540000000000003,0.6580000000000001,0,0.5540000000000003,0.6580000000000001,0,1,0,0,0,28,14,1,0.024958940865762225,28.0
3,55,0.6200000000000001,0.6080000000000001,7,0.6200000000000001,0.2580000000000001,0,0,0,0,0,50,28,1,0.7430650622914697,50.0
0,56,0.40200000000000036,0.4100000000000002,0,0.40200000000000036,0.4100000000000002,0,1,0,0,0,32,16,2,-0.565601650919082,32.0
1,56,0.8,0.9600000000000002,0,0.8,0.9600000000000002,0,1,0,0,0,47,25,0,1.2823323596887635,47.0
2,56,0.5580000000000003,0.6600000000000001,0,0.5580000000000003,0.6600000000000001,1,0,0,1,0,29,14,1,0.024958940865762225,29.0
3,56,0.6240000000000001,0.6100000000000001,6,0.6240000000000001,0.2600000000000001,0,0,0,0,0,50,28,1,0.7430650622914697,50.0
0,57,0.40600000000000036,0.4120000000000002,0,0.40600000000000036,0.4120000000000002,1,1,0,1,0,33,17,2,-0.5143083565315314,33.0
1,57,0.8,0.9620000000000002,0,0.8,0.9620000000000002,1,1,0,1,0,48,26,0,1.333625654076314,48.0
2,57,0.5680000000000003,0.6620000000000001,0,0.5680000000000003,0.6620000000000001,0,1,0,0,0,29,14,1,0.024958940865762225,29.0
3,57,0.6280000000000001,0.6120000000000001,5,0.6280000000000001,0.2620000000000001,0,1,0,0,0,50,28,1,0.7430650622914697,50.0
0,58,0.41600000000000037,0.4140000000000002,0,0.41600000000000037,0.4140000000000002,0,1,0,0,0,33,17,2,-0.5143083565315314,33.0
1,58,0.8,0.9640000000000002,0,0.8,0.9640000000000002,1,1,0,1,0,49,27,0,1.3849189484638644,49.0
2,58,0.5720000000000003,0.6640000000000001,0,0.5720000000000003,0.6640000000000001,1,1,1,1,1,30,15,2,-0.6168949453066326,30.0
3,58,0.6320000000000001,0.6140000000000001,4,0.6320000000000001,0.2640000000000001,0,1,0,0,0,50,28,1,0.7430650622914697,50.0
0,59,0.4200000000000004,0.4160000000000002,0,0.4200000000000004,0.4160000000000002,0,0,0,0,0,33,17,2,-0.5143083565315314,33.0
1,59,0.8,0.9660000000000002,0,0.8,0.9660000000000002,1,1,0,1,0,50,28,0,1.436212242851415,50.0
2,59,0.3820000000000003,0.36600000000000016,8,0.3820000000000003,0.05,1,0,0,1,0,31,15,2,-0.6168949453066326,31.0
3,59,0.6360000000000001,0.6160000000000001,3,0.6360000000000001,0.2660000000000001,1,0,0,1,0,51,28,1,0.7430650622914697,51.0
0,60,0.4240000000000004,0.4180000000000002,0,0.4240000000000004,0.4180000000000002,1,0,0,1,0,34,17,2,-0.5143083565315314,34.0
1,60,0.8,0.9680000000000002,0,0.8,0.9680000000000002,1,1,0,1,0,51,29,0,1.4875055372389656,51.0
2,60,0.3920000000000003,0.36800000000000016,7,0.3920000000000003,0.05,0,0,0,0,0,31,15,2,-0.6168949453066326,31.0
3,60,0.6460000000000001,0.6180000000000001,2,0.6460000000000001,0.2680000000000001,0,1,0,0,0,51,28,1,0.7430650622914697,51.0
0,61,0.4340000000000004,0.4200000000000002,0,0.4340000000000004,0.4200000000000002,0,0,0,0,0,34,17,2,-0.5143083565315314,34.0
1,61,0.8,0.9700000000000002,0,0.8,0.9700000000000002,1,1,0,1,0,52,30,0,1.538798831626516,52.0
2,61,0.3960000000000003,0.37000000000000016,6,0.3960000000000003,0.05,0,1,0,0,0,31,15,2,-0.6168949453066326,31.0
3,61,0.6500000000000001,0.6200000000000001,1,0.6500000000000001,0.27000000000000013,0,1,0,0,0,51,28,1,0.7430650622914697,51.0
0,62,0.4380000000000004,0.4220000000000002,0,0.4380000000000004,0.4220000000000002,1,0,0,1,0,35,17,2,-0.5143083565315314,35.0
1,62,0.8,0.9720000000000002,0,0.8,0.9720000000000002,0,1,0,0,0,52,30,0,1.538798831626516,52.0
2,62,0.4000000000000003,0.37200000000000016,5,0.4000000000000003,0.05,0,1,0,0,0,31,15,2,-0.6168949453066326,31.0
3,62,0.6540000000000001,0.6220000000000001,0,0.6540000000000001,0.6220000000000001,1,0,0,1,0,52,28,1,0.7430650622914697,52.0
0,63,0.4480000000000004,0.4240000000000002,0,0.4480000000000004,0.4240000000000002,0,1,0,0,0,35,17,2,-0.5143083565315314,35.0
1,63,0.8,0.9740000000000002,0,0.8,0.9740000000000002,1,1,0,1,0,53,31,0,1.5900921260140666,53.0
2,63,0.4040000000000003,0.37400000000000017,4,0.4040000000000003,0.05,0,1,0,0,0,31,15,2,-0.6168949453066326,31.0
3,63,0.6640000000000001,0.6240000000000001,0,0.6640000000000001,0.6240000000000001,1,1,0,1,0,53,29,1,0.7943583566790203,53.0
0,64,0.4520000000000004,0.4260000000000002,0,0.4520000000000004,0.4260000000000002,1,0,0,1,0,36,17,2,-0.5143083565315314,36.0
1,64,0.8,0.9760000000000002,0,0.8,0.9760000000000002,1,1,0,1,0,54,32,0,1.6413854204016172,54.0
2,64,0.4080000000000003,0.37600000000000017,3,0.4080000000000003,0.05,0,0,1,0,0,31,15,2,-0.6168949453066326,31.0
3,64,0.6740000000000002,0.6260000000000001,0,0.6740000000000002,0.6260000000000001,0,0,0,0,0,53,29,1,0.7943583566790203,53.0
0,65,0.4620000000000004,0.4280000000000002,0,0.6120000000000004,0.4280000000000002,1,1,0,1,0,37,18,2,-0.4630150621439809,37.0
1,65,0.8,0.9780000000000002,0,0.95,0.9780000000000002,1,1,0,1,0,55,33,0,1.6926787147891678,55.0
2,65,0.4120000000000003,0.37800000000000017,2,0.5620000000000003,0.05,0,0,0,0,0,31,15,2,-0.6168949453066326,31.0
3,65,0.6780000000000002,0.6280000000000001,0,0.8280000000000002,0.6280000000000001,0,0,0,0,0,53,29,1,0.7943583566790203,53.0
0,66,0.4720000000000004,0.4300000000000002,0,0.6220000000000004,0.4300000000000002,0,0,0,0,0,37,18,2,-0.4630150621439809,37.0
1,66,0.8,0.98,0,0.95,0.98,1,1,0,1,0,56,34,0,1.7439720091767184,56.0
2,66,0.4160000000000003,0.38000000000000017,1,0.5660000000000003,0.05,0,1,0,0,0,31,15,2,-0.6168949453066326,31.0
3,66,0.6820000000000002,0.6300000000000001,0,0.8320000000000002,0.6300000000000001,0,1,1,0,0,53,29,1,0.7943583566790203,53.0
0,67,0.4760000000000004,0.4320000000000002,0,0.6260000000000004,0.4320000000000002,1,1,0,1,0,38,19,2,-0.41172176775643043,38.0
1,67,0.8,0.98,0,0.95,0.98,1,1,0,1,0,57,35,0,1.7952653035642687,57.0
2,67,0.4200000000000003,0.3820000000000002,0,0.5700000000000003,0.3820000000000002,0,1,0,0,0,31,15,2,-0.6168949453066326,31.0
3,67,0.6860000000000002,0.6320000000000001,0,0.8360000000000002,0.6320000000000001,0,1,0,0,0,53,29,1,0.7943583566790203,53.0
0,68,0.48600000000000043,0.4340000000000002,0,0.6360000000000005,0.4340000000000002,1,1,0,1,0,39,20,2,-0.36042847336887984,39.0
1,68,0.8,0.98,0,0.95,0.98,1,1,0,1,0,58,36,0,1.8465585979518193,58.0
2,68,0.4240000000000003,0.3840000000000002,0,0.5740000000000003,0.3840000000000002,1,0,0,1,0,32,15,2,-0.6168949453066326,32.0
3,68,0.6900000000000002,0.6340000000000001,0,0.8400000000000002,0.6340000000000001,1,0,0,1,0,54,29,1,0.7943583566790203,54.0
0,69,0.49600000000000044,0.4360000000000002,0,0.6460000000000005,0.4360000000000002,0,1,0,0,0,39,20,2,-0.36042847336887984,39.0
1,69,0.8,0.98,0,0.95,0.98,1,1,0,1,0,59,37,0,1.89785189233937,58.40397481431977
2,69,0.43400000000000033,0.3860000000000002,0,0.5840000000000003,0.3860000000000002,0,0,0,0,0,32,15,2,-0.6168949453066326,32.0
3,69,0.7000000000000002,0.6360000000000001,0,0.8500000000000002,0.6360000000000001,0,1,0,0,0,54,29,1,0.7943583566790203,54.0
0,70,0.5000000000000004,0.4380000000000002,0,0.6500000000000005,0.4380000000000002,1,0,0,1,0,40,20,2,-0.36042847336887984,40.0
1,70,0.8,0.98,0,0.95,0.98,1,1,0,1,0,60,38,0,1.9491451867269203,58.40397481431977
2,70,0.43800000000000033,0.3880000000000002,0,0.5880000000000003,0.3880000000000002,0,0,0,0,0,32,15,2,-0.6168949453066326,32.0
3,70,0.7040000000000002,0.6380000000000001,0,0.8540000000000002,0.6380000000000001,1,1,0,1,0,55,30,1,0.8456516510665707,55.0
0,71,0.5100000000000005,0.4400000000000002,0,0.6600000000000005,0.4400000000000002,0,1,0,0,0,40,20,2,-0.36042847336887984,40.0
1,71,0.8,0.98,0,0.95,0.98,1,1,0,1,0,61,39,0,2.000438481114471,58.40397481431977
2,71,0.44200000000000034,0.3900000000000002,0,0.5920000000000003,0.3900000000000002,0,1,0,0,0,32,15,2,-0.6168949453066326,32.0
3,71,0.7140000000000002,0.6400000000000001,0,0.8640000000000002,0.6400000000000001,1,1,0,1,0,56,31,1,0.8969449454541213,56.0
0,72,0.5140000000000005,0.4420000000000002,0,0.6640000000000005,0.4420000000000002,0,0,0,0,0,40,20,2,-0.36042847336887984,40.0
1,72,0.8,0.98,0,0.95,0.98,1,1,0,1,0,62,40,0,2.0517317755020215,58.40397481431977
2,72,0.44600000000000034,0.3920000000000002,0,0.5960000000000003,0.3920000000000002,1,0,0,1,0,33,15,2,-0.6168949453066326,33.0
3,72,0.7240000000000002,0.6420000000000001,0,0.8740000000000002,0.6420000000000001,1,1,0,1,0,57,32,1,0.9482382398416719,57.0
0,73,0.5180000000000005,0.44400000000000023,0,0.6680000000000005,0.44400000000000023,0,1,0,0,0,40,20,2,-0.36042847336887984,40.0
1,73,0.8,0.98,0,0.95,0.98,1,1,0,1,0,63,41,0,2.103025069889572,58.40397481431977
2,73,0.45600000000000035,0.3940000000000002,0,0.6060000000000003,0.3940000000000002,1,1,0,1,0,34,16,2,-0.565601650919082,34.0
3,73,0.7340000000000002,0.6440000000000001,0,0.8840000000000002,0.6440000000000001,0,1,0,0,0,57,32,1,0.9482382398416719,57.0
0,74,0.5220000000000005,0.44600000000000023,0,0.6720000000000005,0.44600000000000023,0,1,0,0,0,40,20,2,-0.36042847336887984,40.0
1,74,0.8,0.98,0,0.95,0.98,1,1,0,1,0,64,42,0,2.1543183642771226,58.40397481431977
2,74,0.46600000000000036,0.3960000000000002,0,0.6160000000000003,0.3960000000000002,0,0,0,0,0,34,16,2,-0.565601650919082,34.0
3,74,0.7380000000000002,0.6460000000000001,0,0.8880000000000002,0.6460000000000001,1,1,0,1,0,58,33,1,0.9995315342292225,58.0
0,75,0.5260000000000005,0.44800000000000023,0,0.6760000000000005,0.44800000000000023,1,1,0,1,0,41,21,2,-0.30913517898132925,41.0
1,75,0.8,0.98,0,0.95,0.98,1,0,0,1,0,65,42,0,2.1543183642771226,58.40397481431977
2,75,0.47000000000000036,0.3980000000000002,0,0.6200000000000003,0.3980000000000002,0,0,0,0,0,34,16,2,-0.565601650919082,34.0
3,75,0.7480000000000002,0.6480000000000001,0,0.8980000000000002,0.6480000000000001,1,0,0,1,0,59,33,1,0.9995315342292225,59.0
0,76,0.5360000000000005,0.45000000000000023,0,0.6860000000000005,0.45000000000000023,1,1,0,1,0,42,22,2,-0.2578418845937789,42.0
1,76,0.8,0.98,0,0.95,0.98,1,1,0,1,0,66,43,0,2.2056116586646732,58.40397481431977
2,76,0.47400000000000037,0.4000000000000002,0,0.6240000000000003,0.4000000000000002,0,1,0,0,0,34,16,2,-0.565601650919082,34.0
3,76,0.7580000000000002,0.6500000000000001,0,0.9080000000000003,0.6500000000000001,1,1,0,1,0,60,34,1,1.050824828616773,60.0
0,77,0.5460000000000005,0.45200000000000023,0,0.6960000000000005,0.45200000000000023,0,1,0,0,0,42,22,2,-0.2578418845937789,42.0
1,77,0.8,0.98,0,0.95,0.98,1,1,0,1,0,67,44,0,2.2569049530522234,58.40397481431977
2,77,0.47800000000000037,0.4020000000000002,0,0.6280000000000003,0.4020000000000002,1,1,0,1,0,35,17,2,-0.5143083565315314,35.0
3,77,0.7680000000000002,0.6520000000000001,0,0.9180000000000003,0.6520000000000001,1,1,1,1,1,61,35,2,0.40897094244437815,61.0
0,78,0.5500000000000005,0.45400000000000024,0,0.7000000000000005,0.45400000000000024,0,1,0,0,0,42,22,2,-0.2578418845937789,42.0
1,78,0.8,0.98,0,0.95,0.98,1,1,0,1,0,68,45,0,2.308198247439774,58.40397481431977
2,78,0.4880000000000004,0.4040000000000002,0,0.6380000000000003,0.4040000000000002,0,1,0,0,0,35,17,2,-0.5143083565315314,35.0
3,78,0.5780000000000003,0.35400000000000015,8,0.7280000000000003,0.05,0,1,0,0,0,61,35,2,0.40897094244437815,61.0
0,79,0.5540000000000005,0.45600000000000024,0,0.7040000000000005,0.45600000000000024,0,0,0,0,0,42,22,2,-0.2578418845937789,42.0
1,79,0.8,0.98,0,0.95,0.98,1,1,0,1,0,69,46,0,2.3594915418273246,58.40397481431977
2,79,0.4920000000000004,0.4060000000000002,0,0.6420000000000003,0.4060000000000002,1,1,0,1,0,36,18,2,-0.4630150621439809,36.0
3,79,0.5820000000000003,0.35600000000000015,7,0.7320000000000003,0.05,0,1,0,0,0,61,35,2,0.40897094244437815,61.0
0,80,0.5580000000000005,0.45800000000000024,0,0.7080000000000005,0.45800000000000024,0,0,0,0,0,42,22,2,-0.2578418845937789,42.0
1,80,0.8,0.98,0,0.95,0.98,1,1,0,1,0,70,47,0,2.410784836214875,58.40397481431977
2,80,0.5020000000000003,0.4080000000000002,0,0.6520000000000004,0.4080000000000002,0,0,1,0,0,36,18,2,-0.4630150621439809,36.0
3,80,0.5860000000000003,0.35800000000000015,6,0.7360000000000003,0.05,0,1,0,0,0,61,35,2,0.40897094244437815,61.0
0,81,0.5620000000000005,0.46000000000000024,0,0.7120000000000005,0.46000000000000024,0,1,0,0,0,42,22,2,-0.2578418845937789,42.0
1,81,0.8,0.98,0,0.95,0.98,1,1,0,1,0,71,48,0,2.4620781306024258,58.40397481431977
2,81,0.5060000000000003,0.4100000000000002,0,0.6560000000000004,0.4100000000000002,0,1,1,0,0,36,18,2,-0.4630150621439809,36.0
3,81,0.5900000000000003,0.36000000000000015,5,0.7400000000000003,0.05,0,1,0,0,0,61,35,2,0.40897094244437815,61.0
0,82,0.5660000000000005,0.46200000000000024,0,0.7160000000000005,0.46200000000000024,1,1,0,1,0,43,23,2,-0.2065485902062283,43.0
1,82,0.8,0.98,0,0.95,0.98,1,1,0,1,0,72,49,0,2.5133714249899763,58.40397481431977
2,82,0.5100000000000003,0.4120000000000002,0,0.6600000000000004,0.4120000000000002,1,0,0,1,0,37,18,2,-0.4630150621439809,37.0
3,82,0.5940000000000003,0.36200000000000015,4,0.7440000000000003,0.05,1,1,0,1,0,62,36,2,0.46026423683192874,62.0
0,83,0.5760000000000005,0.46400000000000025,0,0.7260000000000005,0.46400000000000025,1,1,0,1,0,44,24,2,-0.1552552958186777,44.0
1,83,0.8,0.98,0,0.95,0.98,1,1,0,1,0,73,50,0,2.564664719377527,58.40397481431977
2,83,0.5200000000000004,0.4140000000000002,0,0.6700000000000004,0.4140000000000002,0,0,0,0,0,37,18,2,-0.4630150621439809,37.0
3,83,0.6040000000000003,0.36400000000000016,3,0.7540000000000003,0.05,0,0,1,0,0,62,36,2,0.46026423683192874,62.0
0,84,0.5860000000000005,0.46600000000000025,0,0.7360000000000005,0.46600000000000025,0,1,0,0,0,44,24,2,-0.1552552958186777,44.0
1,84,0.8,0.98,0,0.95,0.98,1,1,0,1,0,74,51,0,2.6159580137650775,58.40397481431977
2,84,0.5240000000000004,0.4160000000000002,0,0.6740000000000004,0.4160000000000002,0,1,0,0,0,37,18,2,-0.4630150621439809,37.0
3,84,0.6080000000000003,0.36600000000000016,2,0.7580000000000003,0.05,0,1,0,0,0,62,36,2,0.46026423683192874,62.0
0,85,0.5900000000000005,0.46800000000000025,0,0.7400000000000005,0.46800000000000025,0,1,0,0,0,44,24,2,-0.1552552958186777,44.0
1,85,0.8,0.98,0,0.95,0.98,1,1,0,1,0,75,52,0,2.667251308152628,58.40397481431977
2,85,0.5280000000000004,0.4180000000000002,0,0.6780000000000004,0.4180000000000002,1,1,0,1,0,38,19,2,-0.41172176775643043,38.0
3,85,0.6120000000000003,0.36800000000000016,1,0.7620000000000003,0.05,0,0,0,0,0,62,36,2,0.46026423683192874,62.0
0,86,0.5940000000000005,0.47000000000000025,0,0.7440000000000005,0.47000000000000025,1,1,0,1,0,45,25,2,-0.1039620014311271,45.0
1,86,0.8,0.98,0,0.95,0.98,1,1,0,1,0,76,53,0,2.7185446025401783,58.40397481431977
2,86,0.5380000000000004,0.4200000000000002,0,0.6880000000000004,0.4200000000000002,0,1,0,0,0,38,19,2,-0.41172176775643043,38.0
3,86,0.6160000000000003,0.37000000000000016,0,0.7660000000000003,0.37000000000000016,1,1,0,1,0,63,37,2,0.5115575312194793,63.0
0,87,0.6040000000000005,0.47200000000000025,0,0.7540000000000006,0.47200000000000025,0,1,0,0,0,45,25,2,-0.1039620014311271,45.0
1,87,0.8,0.98,0,0.95,0.98,1,1,0,1,0,77,54,0,2.769837896927729,58.40397481431977
2,87,0.5420000000000004,0.4220000000000002,0,0.6920000000000004,0.4220000000000002,0,0,0,0,0,38,19,2,-0.41172176775643043,38.0
3,87,0.6260000000000003,0.37200000000000016,0,0.7760000000000004,0.37200000000000016,1,1,0,1,0,64,38,2,0.5628508256070297,64.0
0,88,0.6080000000000005,0.47400000000000025,0,0.7580000000000006,0.47400000000000025,0,0,0,0,0,45,25,2,-0.1039620014311271,45.0
1,88,0.8,0.98,0,0.95,0.98,1,1,0,1,0,78,55,0,2.8211311913152795,58.40397481431977
2,88,0.5460000000000004,0.4240000000000002,0,0.6960000000000004,0.4240000000000002,0,1,0,0,0,38,19,2,-0.41172176775643043,38.0
3,88,0.6360000000000003,0.37400000000000017,0,0.7860000000000004,0.37400000000000017,0,1,0,0,0,64,38,2,0.5628508256070297,64.0
0,89,0.6120000000000005,0.47600000000000026,0,0.7620000000000006,0.47600000000000026,1,1,0,1,0,46,26,2,-0.05266870704357651,46.0
1,89,0.8,0.98,0,0.95,0.98,1,1,0,1,0,79,56,0,2.87242448570283,58.40397481431977
2,89,0.5500000000000004,0.4260000000000002,0,0.7000000000000004,0.4260000000000002,0,0,0,0,0,38,19,2,-0.41172176775643043,38.0
3,89,0.6400000000000003,0.37600000000000017,0,0.7900000000000004,0.37600000000000017,0,1,0,0,0,64,38,2,0.5628508256070297,64.0
0,90,0.6220000000000006,0.47800000000000026,0,0.7720000000000006,0.47800000000000026,0,0,1,0,0,46,26,2,-0.05266870704357651,46.0
1,90,0.8,0.98,0,0.95,0.98,1,1,0,1,0,80,57,0,2.9237177800903806,58.40397481431977
2,90,0.5540000000000004,0.4280000000000002,0,0.7040000000000004,0.4280000000000002,0,0,0,0,0,38,19,2,-0.41172176775643043,38.0
3,90,0.6440000000000003,0.37800000000000017,0,0.7940000000000004,0.37800000000000017,0,1,1,0,0,64,38,2,0.5628508256070297,64.0
0,91,0.6260000000000006,0.48000000000000026,0,0.7760000000000006,0.48000000000000026,0,1,1,0,0,46,26,2,-0.05266870704357651,46.0
1,91,0.8,0.98,0,0.95,0.98,1,1,0,1,0,81,58,0,2.9750110744779312,58.40397481431977
2,91,0.5580000000000004,0.4300000000000002,0,0.7080000000000004,0.4300000000000002,0,1,0,0,0,38,19,2,-0.41172176775643043,38.0
3,91,0.6480000000000004,0.38000000000000017,0,0.7980000000000004,0.38000000000000017,0,1,1,0,0,64,38,2,0.5628508256070297,64.0
0,92,0.6300000000000006,0.48200000000000026,0,0.7800000000000006,0.48200000000000026,0,1,0,0,0,46,26,2,-0.05266870704357651,46.0
1,92,0.8,0.98,0,0.95,0.98,1,1,1,1,1,82,59,1,2.3331571883055364,71.91738214828464
2,92,0.5620000000000004,0.4320000000000002,0,0.7120000000000004,0.4320000000000002,0,0,0,0,0,38,19,2,-0.41172176775643043,38.0
3,92,0.6520000000000004,0.3820000000000002,0,0.8020000000000004,0.3820000000000002,0,1,1,0,0,64,38,2,0.5628508256070297,64.0
0,93,0.6340000000000006,0.48400000000000026,0,0.7840000000000006,0.48400000000000026,1,0,0,1,0,47,26,2,-0.05266870704357651,47.0
1,93,0.6100000000000001,0.6819999999999999,8,0.7600000000000001,0.33199999999999996,0,1,0,0,0,82,59,1,2.3331571883055364,71.91738214828464
2,93,0.5660000000000004,0.4340000000000002,0,0.7160000000000004,0.4340000000000002,1,0,0,1,0,39,19,2,-0.41172176775643043,39.0
3,93,0.6560000000000004,0.3840000000000002,0,0.8060000000000004,0.3840000000000002,1,1,0,1,0,65,39,2,0.6141441199945803,65.0
0,94,0.6440000000000006,0.48600000000000027,0,0.7940000000000006,0.48600000000000027,0,1,0,0,0,47,26,2,-0.05266870704357651,47.0
1,94,0.6140000000000001,0.6839999999999999,7,0.7640000000000001,0.33399999999999996,0,1,0,0,0,82,59,1,2.3331571883055364,71.91738214828464
2,94,0.5760000000000004,0.4360000000000002,0,0.7260000000000004,0.4360000000000002,0,0,0,0,0,39,19,2,-0.41172176775643043,39.0
3,94,0.6660000000000004,0.3860000000000002,0,0.8160000000000004,0.3860000000000002,0,1,1,0,0,65,39,2,0.6141441199945803,65.0
0,95,0.6480000000000006,0.48800000000000027,0,0.7980000000000006,0.48800000000000027,0,0,1,0,0,47,26,2,-0.05266870704357651,47.0
1,95,0.6180000000000001,0.6859999999999999,6,0.7680000000000001,0.33599999999999997,1,1,0,1,0,83,60,1,2.3844504826930866,71.91738214828464
2,95,0.5800000000000004,0.4380000000000002,0,0.7300000000000004,0.4380000000000002,1,1,0,1,0,40,20,2,-0.36042847336887984,40.0
3,95,0.6700000000000004,0.3880000000000002,0,0.8200000000000004,0.3880000000000002,1,1,0,1,0,66,40,2,0.6654374143821309,66.0
0,96,0.6520000000000006,0.49000000000000027,0,0.8020000000000006,0.49000000000000027,0,1,0,0,0,47,26,2,-0.05266870704357651,47.0
1,96,0.6280000000000001,0.688,5,0.7780000000000001,0.33799999999999997,0,1,1,0,0,83,60,1,2.3844504826930866,71.91738214828464
2,96,0.5900000000000004,0.4400000000000002,0,0.7400000000000004,0.4400000000000002,1,1,1,1,1,41,21,3,-1.0022823595412744,41.0
3,96,0.6800000000000004,0.3900000000000002,0,0.8300000000000004,0.3900000000000002,0,1,0,0,0,66,40,2,0.6654374143821309,66.0
0,97,0.6560000000000006,0.49200000000000027,0,0.8060000000000006,0.49200000000000027,0,1,0,0,0,47,26,2,-0.05266870704357651,47.0
1,97,0.6320000000000001,0.69,4,0.7820000000000001,0.33999999999999997,0,1,0,0,0,83,60,1,2.3844504826930866,71.91738214828464
2,97,0.4000000000000004,0.14200000000000024,8,0.5500000000000004,0.05,0,1,0,0,0,41,21,3,-1.0022823595412744,41.0
3,97,0.6840000000000004,0.3920000000000002,0,0.8340000000000004,0.3920000000000002,0,0,0,0,0,66,40,2,0.6654374143821309,66.0
0,98,0.6600000000000006,0.49400000000000027,0,0.8100000000000006,0.49400000000000027,1,1,0,1,0,48,27,2,-0.0013754126560261426,48.0
1,98,0.6360000000000001,0.692,3,0.7860000000000001,0.34199999999999997,0,1,0,0,0,83,60,1,2.3844504826930866,71.91738214828464
2,98,0.4040000000000004,0.14400000000000024,7,0.5540000000000004,0.05,0,1,0,0,0,41,21,3,-1.0022823595412744,41.0
3,98,0.6880000000000004,0.3940000000000002,0,0.8380000000000004,0.3940000000000002,0,1,0,0,0,66,40,2,0.6654374143821309,66.0
0,99,0.6700000000000006,0.4960000000000003,0,0.8200000000000006,0.4960000000000003,0,1,0,0,0,48,27,2,-0.0013754126560261426,48.0
1,99,0.6400000000000001,0.694,2,0.7900000000000001,0.344,0,1,0,0,0,83,60,1,2.3844504826930866,71.91738214828464
2,99,0.4080000000000004,0.14600000000000024,6,0.5580000000000004,0.05,0,1,0,0,0,41,21,3,-1.0022823595412744,41.0
3,99,0.6920000000000004,0.3960000000000002,0,0.8420000000000004,0.3960000000000002,0,1,1,0,0,66,40,2,0.6654374143821309,66.0
0,100,0.6740000000000006,0.4980000000000003,0,0.8240000000000006,0.4980000000000003,0,1,0,0,0,48,27,2,-0.0013754126560261426,48.0
1,100,0.6440000000000001,0.696,1,0.7940000000000002,0.346,0,0,0,0,0,83,60,1,2.3844504826930866,71.91738214828464
2,100,0.4120000000000004,0.14800000000000024,5,0.5620000000000004,0.05,0,1,0,0,0,41,21,3,-1.0022823595412744,41.0
3,100,0.6960000000000004,0.3980000000000002,0,0.8460000000000004,0.3980000000000002,1,1,0,1,0,67,41,2,0.7167307087696815,67.0
0,101,0.6780000000000006,0.5000000000000002,0,0.8280000000000006,0.5000000000000002,1,1,1,1,1,49,28,3,-0.6432292988284207,49.0
1,101,0.6480000000000001,0.698,0,0.7980000000000002,0.698,1,1,0,1,0,84,61,1,2.435743777080637,71.91738214828464
2,101,0.4160000000000004,0.15000000000000024,4,0.5660000000000004,0.05,0,1,0,0,0,41,21,3,-1.0022823595412744,41.0
3,101,0.7060000000000004,0.4000000000000002,0,0.8560000000000004,0.4000000000000002,0,0,0,0,0,67,41,2,0.7167307087696815,67.0
0,102,0.4880000000000006,0.20200000000000023,8,0.6380000000000006,0.05,0,0,0,0,0,49,28,3,-0.6432292988284207,49.0
1,102,0.6580000000000001,0.7,0,0.8080000000000002,0.7,1,1,0,1,0,85,62,1,2.4870370714681878,71.91738214828464
2,102,0.42000000000000043,0.15200000000000025,3,0.5700000000000004,0.05,1,1,0,1,0,42,22,3,-0.9509890651537241,42.0
3,102,0.7100000000000004,0.4020000000000002,0,0.8600000000000004,0.4020000000000002,0,0,0,0,0,67,41,2,0.7167307087696815,67.0
0,103,0.4920000000000006,0.20400000000000024,7,0.6420000000000006,0.05,0,0,0,0,0,49,28,3,-0.6432292988284207,49.0
1,103,0.6680000000000001,0.702,0,0.8180000000000002,0.702,1,1,0,1,0,86,63,1,2.5383303658557383,71.91738214828464
2,103,0.43000000000000044,0.15400000000000025,2,0.5800000000000004,0.05,0,1,0,0,0,42,22,3,-0.9509890651537241,42.0
3,103,0.7140000000000004,0.4040000000000002,0,0.8640000000000004,0.4040000000000002,1,1,0,1,0,68,42,2,0.7680240031572321,68.0
0,104,0.4960000000000006,0.20600000000000024,6,0.6460000000000006,0.05,0,0,0,0,0,49,28,3,-0.6432292988284207,49.0
1,104,0.6780000000000002,0.704,0,0.8280000000000002,0.704,1,1,0,1,0,87,64,1,2.589623660243289,71.91738214828464
2,104,0.43400000000000044,0.15600000000000025,1,0.5840000000000004,0.05,0,0,0,0,0,42,22,3,-0.9509890651537241,42.0
3,104,0.7240000000000004,0.4060000000000002,0,0.8740000000000004,0.4060000000000002,0,1,0,0,0,68,42,2,0.7680240031572321,68.0
0,105,0.5000000000000006,0.20800000000000024,5,0.6500000000000006,0.05,0,0,0,0,0,49,28,3,-0.6432292988284207,49.0
1,105,0.6880000000000002,0.706,0,0.8380000000000002,0.706,1,0,0,1,0,88,64,1,2.589623660243289,71.91738214828464
2,105,0.43800000000000044,0.15800000000000025,0,0.5880000000000004,0.15800000000000025,0,0,0,0,0,42,22,3,-0.9509890651537241,42.0
3,105,0.7280000000000004,0.4080000000000002,0,0.8780000000000004,0.4080000000000002,0,1,0,0,0,68,42,2,0.7680240031572321,68.0
0,106,0.5040000000000006,0.21000000000000024,4,0.6540000000000006,0.05,0,1,0,0,0,49,28,3,-0.6432292988284207,49.0
1,106,0.6980000000000002,0.708,0,0.8480000000000002,0.708,0,1,1,0,0,88,64,1,2.589623660243289,71.91738214828464
2,106,0.44200000000000045,0.16000000000000025,0,0.5920000000000004,0.16000000000000025,0,0,0,0,0,42,22,3,-0.9509890651537241,42.0
3,106,0.7320000000000004,0.4100000000000002,0,0.8820000000000005,0.4100000000000002,0,1,0,0,0,68,42,2,0.7680240031572321,68.0
0,107,0.5080000000000006,0.21200000000000024,3,0.6580000000000006,0.05,0,1,0,0,0,49,28,3,-0.6432292988284207,49.0
1,107,0.7020000000000002,0.71,0,0.8520000000000002,0.71,1,1,0,1,0,89,65,1,2.6409169546308395,71.91738214828464
2,107,0.44600000000000045,0.16200000000000025,0,0.5960000000000004,0.16200000000000025,0,1,0,0,0,42,22,3,-0.9509890651537241,42.0
3,107,0.7360000000000004,0.4120000000000002,0,0.8860000000000005,0.4120000000000002,0,1,0,0,0,68,42,2,0.7680240031572321,68.0
0,108,0.5120000000000006,0.21400000000000025,2,0.6620000000000006,0.05,1,0,0,1,0,50,28,3,-0.6432292988284207,50.0
1,108,0.7120000000000002,0.712,0,0.8620000000000002,0.712,1,1,0,1,0,90,66,1,2.69221024901839,71.91738214828464
2,108,0.45000000000000046,0.16400000000000026,0,0.6000000000000004,0.16400000000000026,0,1,0,0,0,42,22,3,-0.9509890651537241,42.0
3,108,0.7400000000000004,0.4140000000000002,0,0.8900000000000005,0.4140000000000002,1,1,0,1,0,69,43,2,0.8193172975447827,69.0
0,109,0.5220000000000006,0.21600000000000025,1,0.6720000000000006,0.05,1,1,0,1,0,51,29,3,-0.5919360044408701,51.0
1,109,0.7220000000000002,0.714,0,0.8720000000000002,0.714,0,1,0,0,0,90,66,1,2.69221024901839,71.91738214828464
2,109,0.45400000000000046,0.16600000000000026,0,0.6040000000000004,0.16600000000000026,1,1,0,1,0,43,23,3,-0.8996957707661735,43.0
3,109,0.7500000000000004,0.4160000000000002,0,0.9000000000000005,0.4160000000000002,1,1,0,1,0,70,44,2,0.8706105919323328,70.0
0,110,0.5320000000000006,0.21800000000000025,0,0.6820000000000006,0.21800000000000025,0,0,0,0,0,51,29,3,-0.5919360044408701,51.0
1,110,0.7260000000000002,0.716,0,0.8760000000000002,0.716,1,1,0,1,0,91,67,1,2.7435035434059407,71.91738214828464
2,110,0.46400000000000047,0.16800000000000026,0,0.6140000000000004,0.16800000000000026,0,1,0,0,0,43,23,3,-0.8996957707661735,43.0
3,110,0.7600000000000005,0.4180000000000002,0,0.9100000000000005,0.4180000000000002,1,1,0,1,0,71,45,2,0.9219038863198834,71.0
0,111,0.5360000000000006,0.22000000000000025,0,0.6860000000000006,0.22000000000000025,0,1,0,0,0,51,29,3,-0.5919360044408701,51.0
1,111,0.7360000000000002,0.718,0,0.8860000000000002,0.718,0,1,0,0,0,91,67,1,2.7435035434059407,71.91738214828464
2,111,0.46800000000000047,0.17000000000000026,0,0.6180000000000004,0.17000000000000026,1,1,0,1,0,44,24,3,-0.8484024763786229,44.0
3,111,0.7700000000000005,0.4200000000000002,0,0.9200000000000005,0.4200000000000002,1,1,0,1,0,72,46,2,0.973197180707434,72.0
0,112,0.5400000000000006,0.22200000000000025,0,0.6900000000000006,0.22200000000000025,0,1,0,0,0,51,29,3,-0.5919360044408701,51.0
1,112,0.7400000000000002,0.72,0,0.8900000000000002,0.72,1,1,0,1,0,92,68,1,2.7947968377934913,71.91738214828464
2,112,0.4780000000000005,0.17200000000000026,0,0.6280000000000004,0.17200000000000026,0,0,0,0,0,44,24,3,-0.8484024763786229,44.0
3,112,0.7800000000000005,0.4220000000000002,0,0.9300000000000005,0.4220000000000002,0,1,0,0,0,72,46,2,0.973197180707434,72.0
0,113,0.5440000000000006,0.22400000000000025,0,0.6940000000000006,0.22400000000000025,0,1,1,0,0,51,29,3,-0.5919360044408701,51.0
1,113,0.7500000000000002,0.722,0,0.9000000000000002,0.722,0,0,0,0,0,92,68,1,2.7947968377934913,71.91738214828464
2,113,0.4820000000000005,0.17400000000000027,0,0.6320000000000005,0.17400000000000027,0,1,0,0,0,44,24,3,-0.8484024763786229,44.0
3,113,0.7840000000000005,0.4240000000000002,0,0.9340000000000005,0.4240000000000002,0,1,0,0,0,72,46,2,0.973197180707434,72.0
0,114,0.5480000000000006,0.22600000000000026,0,0.6980000000000006,0.22600000000000026,0,1,0,0,0,51,29,3,-0.5919360044408701,51.0
1,114,0.7540000000000002,0.724,0,0.9040000000000002,0.724,1,1,0,1,0,93,69,1,2.8460901321810415,71.91738214828464
2,114,0.4860000000000005,0.17600000000000027,0,0.6360000000000005,0.17600000000000027,1,1,0,1,0,45,25,3,-0.7971091819910723,45.0
3,114,0.7880000000000005,0.4260000000000002,0,0.9380000000000005,0.4260000000000002,0,1,0,0,0,72,46,2,0.973197180707434,72.0
0,115,0.5520000000000006,0.22800000000000026,0,0.7020000000000006,0.22800000000000026,0,1,0,0,0,51,29,3,-0.5919360044408701,51.0
1,115,0.7640000000000002,0.726,0,0.9140000000000003,0.726,1,1,1,1,1,94,70,2,2.204236246008647,85.43078948224952
2,115,0.4960000000000005,0.17800000000000027,0,0.6460000000000005,0.17800000000000027,0,1,0,0,0,45,25,3,-0.7971091819910723,45.0
3,115,0.7920000000000005,0.4280000000000002,0,0.9420000000000005,0.4280000000000002,0,1,0,0,0,72,46,2,0.973197180707434,72.0
0,116,0.5560000000000006,0.23000000000000026,0,0.7060000000000006,0.23000000000000026,1,1,0,1,0,52,30,3,-0.5406427100533198,52.0
1,116,0.5740000000000003,0.428,8,0.7240000000000003,0.07800000000000001,0,1,0,0,0,94,70,2,2.204236246008647,85.43078948224952
2,116,0.5000000000000004,0.18000000000000027,0,0.6500000000000005,0.18000000000000027,0,1,0,0,0,45,25,3,-0.7971091819910723,45.0
3,116,0.7960000000000005,0.4300000000000002,0,0.9460000000000005,0.4300000000000002,0,1,0,0,0,72,46,2,0.973197180707434,72.0
0,117,0.5660000000000006,0.23200000000000026,0,0.7160000000000006,0.23200000000000026,1,1,0,1,0,53,31,3,-0.48934941566576917,53.0
1,117,0.5780000000000003,0.43,7,0.7280000000000003,0.08000000000000002,0,1,0,0,0,94,70,2,2.204236246008647,85.43078948224952
2,117,0.5040000000000004,0.18200000000000027,0,0.6540000000000005,0.18200000000000027,1,0,0,1,0,46,25,3,-0.7971091819910723,46.0
3,117,0.8,0.4320000000000002,0,0.95,0.4320000000000002,1,1,0,1,0,73,47,2,1.0244904750949846,73.0
0,118,0.5760000000000006,0.23400000000000026,0,0.7260000000000006,0.23400000000000026,0,1,0,0,0,53,31,3,-0.48934941566576917,53.0
1,118,0.5820000000000003,0.432,6,0.7320000000000003,0.08200000000000002,0,0,0,0,0,94,70,2,2.204236246008647,85.43078948224952
2,118,0.5140000000000005,0.18400000000000027,0,0.6640000000000005,0.18400000000000027,1,0,0,1,0,47,25,3,-0.7971091819910723,47.0
3,118,0.8,0.4340000000000002,0,0.95,0.4340000000000002,0,1,0,0,0,73,47,2,1.0244904750949846,73.0
0,119,0.5800000000000006,0.23600000000000027,0,0.7300000000000006,0.23600000000000027,0,1,0,0,0,53,31,3,-0.48934941566576917,53.0
1,119,0.5860000000000003,0.434,5,0.7360000000000003,0.08400000000000002,0,1,0,0,0,94,70,2,2.204236246008647,85.43078948224952
2,119,0.5240000000000005,0.18600000000000028,0,0.6740000000000005,0.18600000000000028,0,0,0,0,0,47,25,3,-0.7971091819910723,47.0
3,119,0.8,0.4360000000000002,0,0.95,0.4360000000000002,0,1,0,0,0,73,47,2,1.0244904750949846,73.0
0,120,0.5840000000000006,0.23800000000000027,0,0.7340000000000007,0.23800000000000027,0,1,0,0,0,53,31,3,-0.48934941566576917,53.0
1,120,0.5900000000000003,0.436,4,0.7400000000000003,0.08600000000000002,0,1,0,0,0,94,70,2,2.204236246008647,85.43078948224952
2,120,0.5280000000000005,0.18800000000000028,0,0.6780000000000005,0.18800000000000028,0,1,0,0,0,47,25,3,-0.7971091819910723,47.0
3,120,0.8,0.4380000000000002,0,0.95,0.4380000000000002,0,1,0,0,0,73,47,2,1.0244904750949846,73.0
0,121,0.5880000000000006,0.24000000000000027,0,0.7380000000000007,0.24000000000000027,0,1,0,0,0,53,31,3,-0.48934941566576917,53.0
1,121,0.5940000000000003,0.438,3,0.7440000000000003,0.08800000000000002,0,1,0,0,0,94,70,2,2.204236246008647,85.43078948224952
2,121,0.5320000000000005,0.19000000000000028,0,0.6820000000000005,0.19000000000000028,0,0,0,0,0,47,25,3,-0.7971091819910723,47.0
3,121,0.8,0.4400000000000002,0,0.95,0.4400000000000002,0,1,0,0,0,73,47,2,1.0244904750949846,73.0
0,122,0.5920000000000006,0.24200000000000027,0,0.7420000000000007,0.24200000000000027,0,1,0,0,0,53,31,3,-0.48934941566576917,53.0
1,122,0.5980000000000003,0.44,2,0.7480000000000003,0.09000000000000002,0,1,0,0,0,94,70,2,2.204236246008647,85.43078948224952
2,122,0.5360000000000005,0.19200000000000028,0,0.6860000000000005,0.19200000000000028,0,1,0,0,0,47,25,3,-0.7971091819910723,47.0
3,122,0.8,0.4420000000000002,0,0.95,0.4420000000000002,0,1,1,0,0,73,47,2,1.0244904750949846,73.0
0,123,0.5960000000000006,0.24400000000000027,0,0.7460000000000007,0.24400000000000027,0,1,0,0,0,53,31,3,-0.48934941566576917,53.0
1,123,0.6020000000000003,0.442,1,0.7520000000000003,0.09200000000000003,0,0,0,0,0,94,70,2,2.204236246008647,85.43078948224952
2,123,0.5400000000000005,0.19400000000000028,0,0.6900000000000005,0.19400000000000028,1,0,0,1,0,48,25,3,-0.7971091819910723,48.0
3,123,0.8,0.44400000000000023,0,0.95,0.44400000000000023,0,1,0,0,0,73,47,2,1.0244904750949846,73.0
0,124,0.6000000000000006,0.24600000000000027,0,0.7500000000000007,0.24600000000000027,0,0,0,0,0,53,31,3,-0.48934941566576917,53.0
1,124,0.6060000000000003,0.444,0,0.7560000000000003,0.444,1,1,0,1,0,95,71,2,2.2555295403961972,85.43078948224952
2,124,0.5500000000000005,0.19600000000000029,0,0.7000000000000005,0.19600000000000029,0,0,0,0,0,48,25,3,-0.7971091819910723,48.0
3,124,0.8,0.44600000000000023,0,0.95,0.44600000000000023,0,1,0,0,0,73,47,2,1.0244904750949846,73.0
0,125,0.6040000000000006,0.24800000000000028,0,0.7540000000000007,0.24800000000000028,0,1,0,0,0,53,31,3,-0.48934941566576917,53.0
1,125,0.6160000000000003,0.446,0,0.7660000000000003,0.446,1,1,0,1,0,96,72,2,2.3068228347837483,85.43078948224952
2,125,0.5540000000000005,0.1980000000000003,0,0.7040000000000005,0.1980000000000003,0,0,0,0,0,48,25,3,-0.7971091819910723,48.0
3,125,0.8,0.44800000000000023,0,0.95,0.44800000000000023,1,1,0,1,0,74,48,2,1.0757837694825352,74.0
0,126,0.6080000000000007,0.2500000000000003,0,0.7580000000000007,0.2500000000000003,0,1,0,0,0,53,31,3,-0.48934941566576917,53.0
1,126,0.6260000000000003,0.448,0,0.7760000000000004,0.448,1,1,1,1,1,97,73,3,1.6649689486113535,97.0
2,126,0.5580000000000005,0.2000000000000003,0,0.7080000000000005,0.2000000000000003,0,1,0,0,0,48,25,3,-0.7971091819910723,48.0
3,126,0.8,0.45000000000000023,0,0.95,0.45000000000000023,1,1,1,1,1,75,49,3,0.4339298833101406,75.0
0,127,0.6120000000000007,0.2520000000000003,0,0.7620000000000007,0.2520000000000003,0,1,1,0,0,53,31,3,-0.48934941566576917,53.0
1,127,0.43600000000000033,0.15000000000000002,8,0.5860000000000003,0.05,0,0,0,0,0,97,73,3,1.6649689486113535,97.0
2,127,0.5620000000000005,0.2020000000000003,0,0.7120000000000005,0.2020000000000003,0,1,0,0,0,48,25,3,-0.7971091819910723,48.0
3,127,0.6100000000000001,0.15200000000000025,8,0.7600000000000001,0.05,0,0,0,0,0,75,49,3,0.4339298833101406,75.0
0,128,0.6160000000000007,0.2540000000000003,0,0.7660000000000007,0.2540000000000003,0,1,0,0,0,53,31,3,-0.48934941566576917,53.0
1,128,0.44000000000000034,0.15200000000000002,7,0.5900000000000003,0.05,0,0,0,0,0,97,73,3,1.6649689486113535,97.0
2,128,0.5660000000000005,0.2040000000000003,0,0.7160000000000005,0.2040000000000003,0,1,0,0,0,48,25,3,-0.7971091819910723,48.0
3,128,0.6140000000000001,0.15400000000000025,7,0.7640000000000001,0.05,0,1,1,0,0,75,49,3,0.4339298833101406,75.0
0,129,0.6200000000000007,0.2560000000000003,0,0.6200000000000007,0.2560000000000003,1,0,0,1,0,54,31,3,-0.48934941566576917,54.0
1,129,0.44400000000000034,0.15400000000000003,6,0.44400000000000034,0.05,0,1,0,0,0,97,73,3,1.6649689486113535,97.0
2,129,0.5700000000000005,0.2060000000000003,0,0.5700000000000005,0.2060000000000003,0,0,0,0,0,48,25,3,-0.7971091819910723,48.0
3,129,0.6180000000000001,0.15600000000000025,6,0.6180000000000001,0.05,0,1,1,0,0,75,49,3,0.4339298833101406,75.0
0,130,0.6300000000000007,0.2580000000000003,0,0.6300000000000007,0.2580000000000003,1,0,0,1,0,55,31,3,-0.48934941566576917,55.0
1,130,0.44800000000000034,0.15600000000000003,5,0.44800000000000034,0.05,0,0,1,0,0,97,73,3,1.6649689486113535,97.0
2,130,0.5740000000000005,0.2080000000000003,0,0.5740000000000005,0.2080000000000003,0,1,1,0,0,48,25,3,-0.7971091819910723,48.0
3,130,0.6220000000000001,0.15800000000000025,5,0.6220000000000001,0.05,0,1,0,0,0,75,49,3,0.4339298833101406,75.0
0,131,0.6400000000000007,0.2600000000000003,0,0.6400000000000007,0.2600000000000003,0,1,0,0,0,55,31,3,-0.48934941566576917,55.0
1,131,0.45200000000000035,0.15800000000000003,4,0.45200000000000035,0.05,0,1,0,0,0,97,73,3,1.6649689486113535,97.0
2,131,0.5780000000000005,0.2100000000000003,0,0.5780000000000005,0.2100000000000003,1,0,0,1,0,49,25,3,-0.7971091819910723,49.0
3,131,0.6260000000000001,0.16000000000000025,4,0.6260000000000001,0.05,0,0,0,0,0,75,49,3,0.4339298833101406,75.0
0,132,0.6440000000000007,0.2620000000000003,0,0.6440000000000007,0.2620000000000003,1,1,0,1,0,56,32,3,-0.4380561212782186,56.0
1,132,0.45600000000000035,0.16000000000000003,3,0.45600000000000035,0.05,0,0,0,0,0,97,73,3,1.6649689486113535,97.0
2,132,0.5880000000000005,0.2120000000000003,0,0.5880000000000005,0.2120000000000003,0,1,0,0,0,49,25,3,-0.7971091819910723,49.0
3,132,0.6300000000000001,0.16200000000000025,3,0.6300000000000001,0.05,0,1,0,0,0,75,49,3,0.4339298833101406,75.0
0,133,0.6540000000000007,0.2640000000000003,0,0.6540000000000007,0.2640000000000003,0,1,0,0,0,56,32,3,-0.4380561212782186,56.0
1,133,0.46000000000000035,0.16200000000000003,2,0.46000000000000035,0.05,0,1,1,0,0,97,73,3,1.6649689486113535,97.0
2,133,0.5920000000000005,0.2140000000000003,0,0.5920000000000005,0.2140000000000003,0,0,0,0,0,49,25,3,-0.7971091819910723,49.0
3,133,0.6340000000000001,0.16400000000000026,2,0.6340000000000001,0.05,0,1,0,0,0,75,49,3,0.4339298833101406,75.0
0,134,0.6580000000000007,0.2660000000000003,0,0.6580000000000007,0.2660000000000003,0,0,0,0,0,56,32,3,-0.4380561212782186,56.0
1,134,0.46400000000000036,0.16400000000000003,1,0.46400000000000036,0.05,0,0,0,0,0,97,73,3,1.6649689486113535,97.0
2,134,0.5960000000000005,0.2160000000000003,0,0.5960000000000005,0.2160000000000003,1,1,0,1,0,50,26,3,-0.7458158876035217,50.0
3,134,0.6380000000000001,0.16600000000000026,1,0.6380000000000001,0.05,0,1,1,0,0,75,49,3,0.4339298833101406,75.0
0,135,0.6620000000000007,0.2680000000000003,0,0.6620000000000007,0.2680000000000003,1,1,0,1,0,57,33,3,-0.386762826890668,57.0
1,135,0.46800000000000036,0.16600000000000004,0,0.46800000000000036,0.16600000000000004,1,1,0,1,0,98,74,3,1.716262242998904,98.0
2,135,0.6060000000000005,0.2180000000000003,0,0.6060000000000005,0.2180000000000003,0,0,0,0,0,50,26,3,-0.7458158876035217,50.0
3,135,0.6420000000000001,0.16800000000000026,0,0.6420000000000001,0.16800000000000026,1,0,1,1,0,76,49,3,0.4339298833101406,76.0
0,136,0.6720000000000007,0.2700000000000003,0,0.6720000000000007,0.2700000000000003,0,1,0,0,0,57,33,3,-0.386762826890668,57.0
1,136,0.47800000000000037,0.16800000000000004,0,0.47800000000000037,0.16800000000000004,0,1,0,0,0,98,74,3,1.716262242998904,98.0
2,136,0.6100000000000005,0.2200000000000003,0,0.6100000000000005,0.2200000000000003,1,1,0,1,0,51,27,3,-0.6945225932159713,51.0
3,136,0.6620000000000001,0.19500000000000026,0,0.6620000000000001,0.19500000000000026,1,0,0,1,0,77,49,3,0.4339298833101406,77.0
0,137,0.6760000000000007,0.2720000000000003,0,0.6760000000000007,0.2720000000000003,0,1,0,0,0,57,33,3,-0.386762826890668,57.0
1,137,0.4820000000000004,0.17000000000000004,0,0.4820000000000004,0.17000000000000004,1,0,0,1,0,99,74,3,1.716262242998904,98.94419681621441
2,137,0.6200000000000006,0.2220000000000003,0,0.6200000000000006,0.2220000000000003,0,1,0,0,0,51,27,3,-0.6945225932159713,51.0
3,137,0.6720000000000002,0.19700000000000026,0,0.6720000000000002,0.19700000000000026,0,1,0,0,0,77,49,3,0.4339298833101406,77.0
0,138,0.6800000000000007,0.2740000000000003,0,0.6800000000000007,0.2740000000000003,0,1,0,0,0,57,33,3,-0.386762826890668,57.0
1,138,0.4920000000000004,0.17200000000000004,0,0.4920000000000004,0.17200000000000004,0,0,0,0,0,99,74,3,1.716262242998904,98.94419681621441
2,138,0.6240000000000006,0.2240000000000003,0,0.6240000000000006,0.2240000000000003,1,0,0,1,0,52,27,3,-0.6945225932159713,52.0
3,138,0.6760000000000002,0.19900000000000026,0,0.6760000000000002,0.19900000000000026,0,1,0,0,0,77,49,3,0.4339298833101406,77.0
0,139,0.6840000000000007,0.2760000000000003,0,0.6840000000000007,0.2760000000000003,0,1,0,0,0,57,33,3,-0.386762826890668,57.0
1,139,0.4960000000000004,0.17400000000000004,0,0.4960000000000004,0.17400000000000004,0,0,1,0,0,99,74,3,1.716262242998904,98.94419681621441
2,139,0.6340000000000006,0.2260000000000003,0,0.6340000000000006,0.2260000000000003,0,1,0,0,0,52,27,3,-0.6945225932159713,52.0
3,139,0.6800000000000002,0.20100000000000026,0,0.6800000000000002,0.20100000000000026,0,0,0,0,0,77,49,3,0.4339298833101406,77.0
0,140,0.6880000000000007,0.2780000000000003,0,0.6880000000000007,0.2780000000000003,0,0,0,0,0,57,33,3,-0.386762826890668,57.0
1,140,0.5000000000000003,0.17600000000000005,0,0.5000000000000003,0.17600000000000005,0,0,0,0,0,99,74,3,1.716262242998904,98.94419681621441
2,140,0.6380000000000006,0.2280000000000003,0,0.6380000000000006,0.2280000000000003,1,0,0,1,0,53,27,3,-0.6945225932159713,53.0
3,140,0.6840000000000002,0.20300000000000026,0,0.6840000000000002,0.20300000000000026,0,0,0,0,0,77,49,3,0.4339298833101406,77.0
0,141,0.6920000000000007,0.2800000000000003,0,0.6920000000000007,0.2800000000000003,1,0,0,1,0,58,33,3,-0.386762826890668,58.0
1,141,0.5040000000000003,0.17800000000000005,0,0.5040000000000003,0.17800000000000005,0,1,0,0,0,99,74,3,1.716262242998904,98.94419681621441
2,141,0.6480000000000006,0.23000000000000032,0,0.6480000000000006,0.23000000000000032,0,1,0,0,0,53,27,3,-0.6945225932159713,53.0
3,141,0.6880000000000002,0.20500000000000027,0,0.6880000000000002,0.20500000000000027,0,1,0,0,0,77,49,3,0.4339298833101406,77.0
0,142,0.7020000000000007,0.2820000000000003,0,0.7020000000000007,0.2820000000000003,0,1,0,0,0,58,33,3,-0.386762826890668,58.0
1,142,0.5080000000000003,0.18000000000000005,0,0.5080000000000003,0.18000000000000005,1,0,0,1,0,100,74,3,1.716262242998904,98.94419681621441
2,142,0.6520000000000006,0.23200000000000032,0,0.6520000000000006,0.23200000000000032,1,0,0,1,0,54,27,3,-0.6945225932159713,54.0
3,142,0.6920000000000002,0.20700000000000027,0,0.6920000000000002,0.20700000000000027,0,1,0,0,0,77,49,3,0.4339298833101406,77.0
0,143,0.7060000000000007,0.2840000000000003,0,0.7060000000000007,0.2840000000000003,0,0,0,0,0,58,33,3,-0.386762826890668,58.0
1,143,0.5180000000000003,0.18200000000000005,0,0.5180000000000003,0.18200000000000005,0,0,0,0,0,100,74,3,1.716262242998904,98.94419681621441
2,143,0.6620000000000006,0.23400000000000032,0,0.6620000000000006,0.23400000000000032,0,1,0,0,0,54,27,3,-0.6945225932159713,54.0
3,143,0.6960000000000002,0.20900000000000027,0,0.6960000000000002,0.20900000000000027,1,1,0,1,0,78,50,3,0.4852231776976912,78.0
0,144,0.7100000000000007,0.2860000000000003,0,0.7100000000000007,0.2860000000000003,1,1,0,1,0,59,34,3,-0.3354695325031174,59.0
1,144,0.5220000000000004,0.18400000000000005,0,0.5220000000000004,0.18400000000000005,0,1,0,0,0,100,74,3,1.716262242998904,98.94419681621441
2,144,0.6660000000000006,0.23600000000000032,0,0.6660000000000006,0.23600000000000032,1,1,0,1,0,55,28,3,-0.6432292988284207,55.0
3,144,0.7060000000000002,0.21100000000000027,0,0.7060000000000002,0.21100000000000027,0,1,0,0,0,78,50,3,0.4852231776976912,78.0
0,145,0.7200000000000008,0.2880000000000003,0,0.7200000000000008,0.2880000000000003,1,1,0,1,0,60,35,3,-0.284176238115567,60.0
1,145,0.5260000000000004,0.18600000000000005,0,0.5260000000000004,0.18600000000000005,0,0,0,0,0,100,74,3,1.716262242998904,98.94419681621441
2,145,0.6760000000000006,0.23800000000000032,0,0.6760000000000006,0.23800000000000032,0,1,1,0,0,55,28,3,-0.6432292988284207,55.0
3,145,0.7100000000000002,0.21300000000000027,0,0.7100000000000002,0.21300000000000027,0,1,0,0,0,78,50,3,0.4852231776976912,78.0
0,146,0.7300000000000008,0.2900000000000003,0,0.7300000000000008,0.2900000000000003,0,1,1,0,0,60,35,3,-0.284176238115567,60.0
1,146,0.5300000000000004,0.18800000000000006,0,0.5300000000000004,0.18800000000000006,0,1,0,0,0,100,74,3,1.716262242998904,98.94419681621441
2,146,0.6800000000000006,0.24000000000000032,0,0.6800000000000006,0.24000000000000032,0,1,0,0,0,55,28,3,-0.6432292988284207,55.0
3,146,0.7140000000000002,0.21500000000000027,0,0.7140000000000002,0.21500000000000027,0,1,0,0,0,78,50,3,0.4852231776976912,78.0
0,147,0.7340000000000008,0.2920000000000003,0,0.7340000000000008,0.2920000000000003,0,0,0,0,0,60,35,3,-0.284176238115567,60.0
1,147,0.5340000000000004,0.19000000000000006,0,0.5340000000000004,0.19000000000000006,0,0,0,0,0,100,74,3,1.716262242998904,98.94419681621441
2,147,0.6840000000000006,0.24200000000000033,0,0.6840000000000006,0.24200000000000033,1,1,0,1,0,56,29,3,-0.5919360044408701,56.0
3,147,0.7180000000000002,0.21700000000000028,0,0.7180000000000002,0.21700000000000028,1,1,0,1,0,79,51,3,0.5365164720852418,79.0
0,148,0.7380000000000008,0.2940000000000003,0,0.7380000000000008,0.2940000000000003,1,1,1,1,1,61,36,4,-0.9260301242879618,61.0
1,148,0.5380000000000004,0.19200000000000006,0,0.5380000000000004,0.19200000000000006,1,0,0,1,0,101,74,3,1.716262242998904,98.94419681621441
2,148,0.6940000000000006,0.24400000000000033,0,0.6940000000000006,0.24400000000000033,0,0,1,0,0,56,29,3,-0.5919360044408701,56.0
3,148,0.7280000000000002,0.21900000000000028,0,0.7280000000000002,0.21900000000000028,0,1,0,0,0,79,51,3,0.5365164720852418,79.0
0,149,0.5480000000000007,0.1,8,0.5480000000000007,0.05,0,1,0,0,0,61,36,4,-0.9260301242879618,61.0
1,149,0.5480000000000004,0.19400000000000006,0,0.5480000000000004,0.19400000000000006,0,1,1,0,0,101,74,3,1.716262242998904,98.94419681621441
2,149,0.6980000000000006,0.24600000000000033,0,0.6980000000000006,0.24600000000000033,0,1,0,0,0,56,29,3,-0.5919360044408701,56.0
3,149,0.7320000000000002,0.22100000000000028,0,0.7320000000000002,0.22100000000000028,0,1,0,0,0,79,51,3,0.5365164720852418,79.0
0,150,0.5520000000000007,0.10200000000000001,7,0.5520000000000007,0.05,0,1,1,0,0,61,36,4,-0.9260301242879618,61.0
1,150,0.5520000000000004,0.19600000000000006,0,0.5520000000000004,0.19600000000000006,0,1,0,0,0,101,74,3,1.716262242998904,98.94419681621441
2,150,0.7020000000000006,0.24800000000000033,0,0.7020000000000006,0.24800000000000033,1,1,0,1,0,57,30,3,-0.5406427100533198,57.0
3,150,0.7360000000000002,0.22300000000000028,0,0.7360000000000002,0.22300000000000028,1,0,0,1,0,80,51,3,0.5365164720852418,80.0
0,151,0.5560000000000007,0.10400000000000001,6,0.5560000000000007,0.05,0,0,0,0,0,61,36,4,-0.9260301242879618,61.0
1,151,0.5560000000000004,0.19800000000000006,0,0.5560000000000004,0.19800000000000006,0,1,0,0,0,101,74,3,1.716262242998904,98.94419681621441
2,151,0.7120000000000006,0.25000000000000033,0,0.7120000000000006,0.25000000000000033,0,1,0,0,0,57,30,3,-0.5406427100533198,57.0
3,151,0.7460000000000002,0.22500000000000028,0,0.7460000000000002,0.22500000000000028,0,1,1,0,0,80,51,3,0.5365164720852418,80.0
0,152,0.5600000000000007,0.10600000000000001,5,0.5600000000000007,0.05,0,0,0,0,0,61,36,4,-0.9260301242879618,61.0
1,152,0.5600000000000004,0.20000000000000007,0,0.5600000000000004,0.20000000000000007,0,1,0,0,0,101,74,3,1.716262242998904,98.94419681621441
2,152,0.7160000000000006,0.25200000000000033,0,0.7160000000000006,0.25200000000000033,0,0,0,0,0,57,30,3,-0.5406427100533198,57.0
3,152,0.7500000000000002,0.22700000000000028,0,0.7500000000000002,0.22700000000000028,0,1,0,0,0,80,51,3,0.5365164720852418,80.0
0,153,0.5640000000000007,0.10800000000000001,4,0.5640000000000007,0.05,0,1,0,0,0,61,36,4,-0.9260301242879618,61.0
1,153,0.5640000000000004,0.20200000000000007,0,0.5640000000000004,0.20200000000000007,0,1,0,0,0,101,74,3,1.716262242998904,98.94419681621441
2,153,0.7200000000000006,0.25400000000000034,0,0.7200000000000006,0.25400000000000034,1,0,0,1,0,58,30,3,-0.5406427100533198,58.0
3,153,0.7540000000000002,0.2290000000000003,0,0.7540000000000002,0.2290000000000003,1,1,0,1,0,81,52,3,0.5878097664727924,81.0
0,154,0.5680000000000007,0.11000000000000001,3,0.5680000000000007,0.05,0,0,0,0,0,61,36,4,-0.9260301242879618,61.0
1,154,0.5680000000000004,0.20400000000000007,0,0.5680000000000004,0.20400000000000007,0,1,0,0,0,101,74,3,1.716262242998904,98.94419681621441
2,154,0.7300000000000006,0.25600000000000034,0,0.7300000000000006,0.25600000000000034,0,1,1,0,0,58,30,3,-0.5406427100533198,58.0
3,154,0.7640000000000002,0.2310000000000003,0,0.7640000000000002,0.2310000000000003,0,1,0,0,0,81,52,3,0.5878097664727924,81.0
0,155,0.5720000000000007,0.11200000000000002,2,0.5720000000000007,0.05,0,0,0,0,0,61,36,4,-0.9260301242879618,61.0
1,155,0.5720000000000004,0.20600000000000007,0,0.5720000000000004,0.20600000000000007,1,1,0,1,0,102,75,3,1.7675555373864547,98.94419681621441
2,155,0.7340000000000007,0.25800000000000034,0,0.7340000000000007,0.25800000000000034,0,1,0,0,0,58,30,3,-0.5406427100533198,58.0
3,155,0.7680000000000002,0.2330000000000003,0,0.7680000000000002,0.2330000000000003,0,0,0,0,0,81,52,3,0.5878097664727924,81.0
0,156,0.5760000000000007,0.11400000000000002,1,0.5760000000000007,0.05,0,1,0,0,0,61,36,4,-0.9260301242879618,61.0
1,156,0.5820000000000004,0.20800000000000007,0,0.5820000000000004,0.20800000000000007,1,0,0,1,0,103,75,3,1.7675555373864547,98.94419681621441
2,156,0.7380000000000007,0.26000000000000034,0,0.7380000000000007,0.26000000000000034,0,1,0,0,0,58,30,3,-0.5406427100533198,58.0
3,156,0.7720000000000002,0.2350000000000003,0,0.7720000000000002,0.2350000000000003,0,0,0,0,0,81,52,3,0.5878097664727924,81.0
0,157,0.5800000000000007,0.11600000000000002,0,0.5800000000000007,0.11600000000000002,0,0,0,0,0,61,36,4,-0.9260301242879618,61.0
1,157,0.5920000000000004,0.21000000000000008,0,0.5920000000000004,0.21000000000000008,0,1,0,0,0,103,75,3,1.7675555373864547,98.94419681621441
2,157,0.7420000000000007,0.26200000000000034,0,0.7420000000000007,0.26200000000000034,0,1,0,0,0,58,30,3,-0.5406427100533198,58.0
3,157,0.7760000000000002,0.2370000000000003,0,0.7760000000000002,0.2370000000000003,0,1,0,0,0,81,52,3,0.5878097664727924,81.0
0,158,0.5840000000000007,0.11800000000000002,0,0.5840000000000007,0.11800000000000002,0,0,0,0,0,61,36,4,-0.9260301242879618,61.0
1,158,0.5960000000000004,0.21200000000000008,0,0.5960000000000004,0.21200000000000008,0,0,0,0,0,103,75,3,1.7675555373864547,98.94419681621441
2,158,0.7460000000000007,0.26400000000000035,0,0.7460000000000007,0.26400000000000035,1,0,0,1,0,59,30,3,-0.5406427100533198,59.0
3,158,0.7800000000000002,0.2390000000000003,0,0.7800000000000002,0.2390000000000003,0,0,0,0,0,81,52,3,0.5878097664727924,81.0
0,159,0.5880000000000007,0.12000000000000002,0,0.5880000000000007,0.12000000000000002,0,1,0,0,0,61,36,4,-0.9260301242879618,61.0
1,159,0.6000000000000004,0.21400000000000008,0,0.6000000000000004,0.21400000000000008,0,1,0,0,0,103,75,3,1.7675555373864547,98.94419681621441
2,159,0.7560000000000007,0.26600000000000035,0,0.7560000000000007,0.26600000000000035,0,0,0,0,0,59,30,3,-0.5406427100533198,59.0
3,159,0.7840000000000003,0.2410000000000003,0,0.7840000000000003,0.2410000000000003,0,0,0,0,0,81,52,3,0.5878097664727924,81.0
0,160,0.5920000000000007,0.12200000000000003,0,0.5920000000000007,0.12200000000000003,0,1,0,0,0,61,36,4,-0.9260301242879618,61.0
1,160,0.6040000000000004,0.21600000000000008,0,0.6040000000000004,0.21600000000000008,1,1,0,1,0,104,76,3,1.8188488317740048,98.94419681621441
2,160,0.7600000000000007,0.26800000000000035,0,0.7600000000000007,0.26800000000000035,0,1,1,0,0,59,30,3,-0.5406427100533198,59.0
3,160,0.7880000000000003,0.2430000000000003,0,0.7880000000000003,0.2430000000000003,1,0,0,1,0,82,52,3,0.5878097664727924,82.0
0,161,0.5960000000000008,0.12400000000000003,0,0.5960000000000008,0.12400000000000003,0,0,0,0,0,61,36,4,-0.9260301242879618,61.0
1,161,0.6140000000000004,0.21800000000000008,0,0.6140000000000004,0.21800000000000008,1,1,0,1,0,105,77,3,1.8701421261615554,98.94419681621441
2,161,0.7640000000000007,0.27000000000000035,0,0.7640000000000007,0.27000000000000035,0,1,0,0,0,59,30,3,-0.5406427100533198,59.0
3,161,0.7980000000000003,0.2450000000000003,0,0.7980000000000003,0.2450000000000003,0,1,0,0,0,82,52,3,0.5878097664727924,82.0
0,162,0.6000000000000008,0.12600000000000003,0,0.6000000000000008,0.12600000000000003,0,0,0,0,0,61,36,4,-0.9260301242879618,61.0
1,162,0.6240000000000004,0.22000000000000008,0,0.6240000000000004,0.22000000000000008,0,1,0,0,0,105,77,3,1.8701421261615554,98.94419681621441
2,162,0.7680000000000007,0.27200000000000035,0,0.7680000000000007,0.27200000000000035,0,1,0,0,0,59,30,3,-0.5406427100533198,59.0
3,162,0.8,0.2470000000000003,0,0.8,0.2470000000000003,0,1,0,0,0,82,52,3,0.5878097664727924,82.0
0,163,0.6040000000000008,0.12800000000000003,0,0.6040000000000008,0.12800000000000003,0,1,0,0,0,61,36,4,-0.9260301242879618,61.0
1,163,0.6280000000000004,0.2220000000000001,0,0.6280000000000004,0.2220000000000001,0,0,1,0,0,105,77,3,1.8701421261615554,98.94419681621441
2,163,0.7720000000000007,0.27400000000000035,0,0.7720000000000007,0.27400000000000035,0,1,0,0,0,59,30,3,-0.5406427100533198,59.0
3,163,0.8,0.2490000000000003,0,0.8,0.2490000000000003,0,1,0,0,0,82,52,3,0.5878097664727924,82.0
0,164,0.6080000000000008,0.13000000000000003,0,0.6080000000000008,0.13000000000000003,0,0,1,0,0,61,36,4,-0.9260301242879618,61.0
1,164,0.6320000000000005,0.2240000000000001,0,0.6320000000000005,0.2240000000000001,0,1,0,0,0,105,77,3,1.8701421261615554,98.94419681621441
2,164,0.7760000000000007,0.27600000000000036,0,0.7760000000000007,0.27600000000000036,0,1,0,0,0,59,30,3,-0.5406427100533198,59.0
3,164,0.8,0.2510000000000003,0,0.8,0.2510000000000003,0,1,0,0,0,82,52,3,0.5878097664727924,82.0
0,165,0.6120000000000008,0.13200000000000003,0,0.6120000000000008,0.13200000000000003,0,1,0,0,0,61,36,4,-0.9260301242879618,61.0
1,165,0.6360000000000005,0.2260000000000001,0,0.6360000000000005,0.2260000000000001,0,0,0,0,0,105,77,3,1.8701421261615554,98.94419681621441
2,165,0.7800000000000007,0.27800000000000036,0,0.7800000000000007,0.27800000000000036,0,1,0,0,0,59,30,3,-0.5406427100533198,59.0
3,165,0.8,0.2530000000000003,0,0.8,0.2530000000000003,0,1,0,0,0,82,52,3,0.5878097664727924,82.0
0,166,0.6160000000000008,0.13400000000000004,0,0.6160000000000008,0.13400000000000004,0,0,0,0,0,61,36,4,-0.9260301242879618,61.0
1,166,0.6400000000000005,0.2280000000000001,0,0.6400000000000005,0.2280000000000001,0,0,0,0,0,105,77,3,1.8701421261615554,98.94419681621441
2,166,0.7840000000000007,0.28000000000000036,0,0.7840000000000007,0.28000000000000036,0,0,0,0,0,59,30,3,-0.5406427100533198,59.0
3,166,0.8,0.2550000000000003,0,0.8,0.2550000000000003,1,1,0,1,0,83,53,3,0.6391030608603425,83.0
0,167,0.6200000000000008,0.13600000000000004,0,0.6200000000000008,0.13600000000000004,0,1,0,0,0,61,36,4,-0.9260301242879618,61.0
1,167,0.6440000000000005,0.2300000000000001,0,0.6440000000000005,0.2300000000000001,0,0,0,0,0,105,77,3,1.8701421261615554,98.94419681621441
2,167,0.7880000000000007,0.28200000000000036,0,0.7880000000000007,0.28200000000000036,0,1,0,0,0,59,30,3,-0.5406427100533198,59.0
3,167,0.8,0.2570000000000003,0,0.8,0.2570000000000003,0,1,0,0,0,83,53,3,0.6391030608603425,83.0
0,168,0.6240000000000008,0.13800000000000004,0,0.6240000000000008,0.13800000000000004,0,1,0,0,0,61,36,4,-0.9260301242879618,61.0
1,168,0.6480000000000005,0.2320000000000001,0,0.6480000000000005,0.2320000000000001,0,0,0,0,0,105,77,3,1.8701421261615554,98.94419681621441
2,168,0.7920000000000007,0.28400000000000036,0,0.7920000000000007,0.28400000000000036,0,1,0,0,0,59,30,3,-0.5406427100533198,59.0
3,168,0.8,0.2590000000000003,0,0.8,0.2590000000000003,0,0,0,0,0,83,53,3,0.6391030608603425,83.0
0,169,0.6280000000000008,0.14000000000000004,0,0.6280000000000008,0.14000000000000004,0,1,0,0,0,61,36,4,-0.9260301242879618,61.0
1,169,0.6520000000000005,0.2340000000000001,0,0.6520000000000005,0.2340000000000001,0,0,0,0,0,105,77,3,1.8701421261615554,98.94419681621441
2,169,0.7960000000000007,0.28600000000000037,0,0.7960000000000007,0.28600000000000037,0,1,0,0,0,59,30,3,-0.5406427100533198,59.0
3,169,0.8,0.2610000000000003,0,0.8,0.2610000000000003,1,1,0,1,0,84,54,3,0.6903963552478931,84.0
0,170,0.6320000000000008,0.14200000000000004,0,0.6320000000000008,0.14200000000000004,0,0,0,0,0,61,36,4,-0.9260301242879618,61.0
1,170,0.6560000000000005,0.2360000000000001,0,0.6560000000000005,0.2360000000000001,1,1,0,1,0,106,78,3,1.921435420549106,98.94419681621441
2,170,0.8,0.28800000000000037,0,0.8,0.28800000000000037,0,1,1,0,0,59,30,3,-0.5406427100533198,59.0
3,170,0.8,0.2630000000000003,0,0.8,0.2630000000000003,1,1,0,1,0,85,55,3,0.7416896496354437,85.0
0,171,0.6360000000000008,0.14400000000000004,0,0.6360000000000008,0.14400000000000004,1,0,0,1,0,62,36,4,-0.9260301242879618,62.0
1,171,0.6660000000000005,0.2380000000000001,0,0.6660000000000005,0.2380000000000001,1,0,0,1,0,107,78,3,1.921435420549106,98.94419681621441
2,171,0.8,0.29000000000000037,0,0.8,0.29000000000000037,0,1,0,0,0,59,30,3,-0.5406427100533198,59.0
3,171,0.8,0.2650000000000003,0,0.8,0.2650000000000003,0,0,0,0,0,85,55,3,0.7416896496354437,85.0
0,172,0.6460000000000008,0.14600000000000005,0,0.6460000000000008,0.14600000000000005,0,1,0,0,0,62,36,4,-0.9260301242879618,62.0
1,172,0.6760000000000005,0.2400000000000001,0,0.6760000000000005,0.2400000000000001,1,1,0,1,0,108,79,3,1.972728714936657,98.94419681621441
2,172,0.8,0.29200000000000037,0,0.8,0.29200000000000037,0,1,0,0,0,59,30,3,-0.5406427100533198,59.0
3,172,0.8,0.2670000000000003,0,0.8,0.2670000000000003,0,0,0,0,0,85,55,3,0.7416896496354437,85.0
0,173,0.6500000000000008,0.14800000000000005,0,0.6500000000000008,0.14800000000000005,0,0,0,0,0,62,36,4,-0.9260301242879618,62.0
1,173,0.6860000000000005,0.2420000000000001,0,0.6860000000000005,0.2420000000000001,0,1,0,0,0,108,79,3,1.972728714936657,98.94419681621441
2,173,0.8,0.29400000000000037,0,0.8,0.29400000000000037,0,1,1,0,0,59,30,3,-0.5406427100533198,59.0
3,173,0.8,0.2690000000000003,0,0.8,0.2690000000000003,0,0,0,0,0,85,55,3,0.7416896496354437,85.0
0,174,0.6540000000000008,0.15000000000000005,0,0.6540000000000008,0.15000000000000005,0,1,0,0,0,62,36,4,-0.9260301242879618,62.0
1,174,0.6900000000000005,0.2440000000000001,0,0.6900000000000005,0.2440000000000001,1,1,0,1,0,109,80,3,2.024022009324207,98.94419681621441
2,174,0.8,0.2960000000000004,0,0.8,0.2960000000000004,0,1,0,0,0,59,30,3,-0.5406427100533198,59.0
3,174,0.8,0.2710000000000003,0,0.8,0.2710000000000003,0,1,0,0,0,85,55,3,0.7416896496354437,85.0
0,175,0.6580000000000008,0.15200000000000005,0,0.6580000000000008,0.15200000000000005,0,0,0,0,0,62,36,4,-0.9260301242879618,62.0
1,175,0.7000000000000005,0.2460000000000001,0,0.7000000000000005,0.2460000000000001,1,1,0,1,0,110,81,3,2.0753153037117573,98.94419681621441
2,175,0.8,0.2980000000000004,0,0.8,0.2980000000000004,0,0,0,0,0,59,30,3,-0.5406427100533198,59.0
3,175,0.8,0.2730000000000003,0,0.8,0.2730000000000003,0,1,0,0,0,85,55,3,0.7416896496354437,85.0
0,176,0.6620000000000008,0.15400000000000005,0,0.6620000000000008,0.15400000000000005,0,0,0,0,0,62,36,4,-0.9260301242879618,62.0
1,176,0.7100000000000005,0.2480000000000001,0,0.7100000000000005,0.2480000000000001,0,1,1,0,0,110,81,3,2.0753153037117573,98.94419681621441
2,176,0.8,0.3000000000000004,0,0.8,0.3000000000000004,0,1,0,0,0,59,30,3,-0.5406427100533198,59.0
3,176,0.8,0.2750000000000003,0,0.8,0.2750000000000003,1,1,0,1,0,86,56,3,0.7929829440229943,86.0
0,177,0.6660000000000008,0.15600000000000006,0,0.6660000000000008,0.15600000000000006,0,1,0,0,0,62,36,4,-0.9260301242879618,62.0
1,177,0.7140000000000005,0.2500000000000001,0,0.7140000000000005,0.2500000000000001,0,1,0,0,0,110,81,3,2.0753153037117573,98.94419681621441
2,177,0.8,0.3020000000000004,0,0.8,0.3020000000000004,0,1,0,0,0,59,30,3,-0.5406427100533198,59.0
3,177,0.8,0.2770000000000003,0,0.8,0.2770000000000003,1,1,0,1,0,87,57,3,0.8442762384105449,87.0
0,178,0.6700000000000008,0.15800000000000006,0,0.6700000000000008,0.15800000000000006,0,0,0,0,0,62,36,4,-0.9260301242879618,62.0
1,178,0.7180000000000005,0.2520000000000001,0,0.7180000000000005,0.2520000000000001,1,0,0,1,0,111,81,3,2.0753153037117573,98.94419681621441
2,178,0.8,0.3040000000000004,0,0.8,0.3040000000000004,0,1,1,0,0,59,30,3,-0.5406427100533198,59.0
3,178,0.8,0.2790000000000003,0,0.8,0.2790000000000003,0,1,0,0,0,87,57,3,0.8442762384105449,87.0
0,179,0.6740000000000008,0.16000000000000006,0,0.6740000000000008,0.16000000000000006,0,1,0,0,0,62,36,4,-0.9260301242879618,62.0
1,179,0.7280000000000005,0.2540000000000001,0,0.7280000000000005,0.2540000000000001,0,0,0,0,0,111,81,3,2.0753153037117573,98.94419681621441
2,179,0.8,0.3060000000000004,0,0.8,0.3060000000000004,0,1,0,0,0,59,30,3,-0.5406427100533198,59.0
3,179,0.8,0.2810000000000003,0,0.8,0.2810000000000003,0,0,0,0,0,87,57,3,0.8442762384105449,87.0
0,180,0.6780000000000008,0.16200000000000006,0,0.6780000000000008,0.16200000000000006,0,0,0,0,0,62,36,4,-0.9260301242879618,62.0
1,180,0.7320000000000005,0.2560000000000001,0,0.7320000000000005,0.2560000000000001,1,1,0,1,0,112,82,3,2.1266085980993084,98.94419681621441
2,180,0.8,0.3080000000000004,0,0.8,0.3080000000000004,0,1,0,0,0,59,30,3,-0.5406427100533198,59.0
3,180,0.8,0.2830000000000003,0,0.8,0.2830000000000003,0,1,0,0,0,87,57,3,0.8442762384105449,87.0
0,181,0.6820000000000008,0.16400000000000006,0,0.6820000000000008,0.16400000000000006,1,0,0,1,0,63,36,4,-0.9260301242879618,63.0
1,181,0.7420000000000005,0.2580000000000001,0,0.7420000000000005,0.2580000000000001,1,0,1,1,0,113,82,3,2.1266085980993084,98.94419681621441
2,181,0.8,0.3100000000000004,0,0.8,0.3100000000000004,0,1,1,0,0,59,30,3,-0.5406427100533198,59.0
3,181,0.8,0.2850000000000003,0,0.8,0.2850000000000003,0,1,0,0,0,87,57,3,0.8442762384105449,87.0
0,182,0.6920000000000008,0.16600000000000006,0,0.6920000000000008,0.16600000000000006,0,1,0,0,0,63,36,4,-0.9260301242879618,63.0
1,182,0.7620000000000006,0.28500000000000014,0,0.7620000000000006,0.28500000000000014,1,1,0,1,0,114,83,3,2.1779018924868585,98.94419681621441
2,182,0.8,0.3120000000000004,0,0.8,0.3120000000000004,0,1,0,0,0,59,30,3,-0.5406427100533198,59.0
3,182,0.8,0.2870000000000003,0,0.8,0.2870000000000003,1,0,0,1,0,88,57,3,0.8442762384105449,88.0
0,183,0.6960000000000008,0.16800000000000007,0,0.6960000000000008,0.16800000000000007,0,1,0,0,0,63,36,4,-0.9260301242879618,63.0
1,183,0.7720000000000006,0.28700000000000014,0,0.7720000000000006,0.28700000000000014,0,1,0,0,0,114,83,3,2.1779018924868585,98.94419681621441
2,183,0.8,0.3140000000000004,0,0.8,0.3140000000000004,1,0,0,1,0,60,30,3,-0.5406427100533198,60.0
3,183,0.8,0.2890000000000003,0,0.8,0.2890000000000003,0,1,0,0,0,88,57,3,0.8442762384105449,88.0
0,184,0.7000000000000008,0.17000000000000007,0,0.7000000000000008,0.17000000000000007,0,0,0,0,0,63,36,4,-0.9260301242879618,63.0
1,184,0.7760000000000006,0.28900000000000015,0,0.7760000000000006,0.28900000000000015,0,1,0,0,0,114,83,3,2.1779018924868585,98.94419681621441
2,184,0.8,0.3160000000000004,0,0.8,0.3160000000000004,0,0,0,0,0,60,30,3,-0.5406427100533198,60.0
3,184,0.8,0.2910000000000003,0,0.8,0.2910000000000003,0,1,0,0,0,88,57,3,0.8442762384105449,88.0
0,185,0.7040000000000008,0.17200000000000007,0,0.7040000000000008,0.17200000000000007,0,0,1,0,0,63,36,4,-0.9260301242879618,63.0
1,185,0.7800000000000006,0.29100000000000015,0,0.7800000000000006,0.29100000000000015,0,1,0,0,0,114,83,3,2.1779018924868585,98.94419681621441
2,185,0.8,0.3180000000000004,0,0.8,0.3180000000000004,0,0,0,0,0,60,30,3,-0.5406427100533198,60.0
3,185,0.8,0.2930000000000003,0,0.8,0.2930000000000003,0,0,0,0,0,88,57,3,0.8442762384105449,88.0
0,186,0.7080000000000009,0.17400000000000007,0,0.7080000000000009,0.17400000000000007,0,1,0,0,0,63,36,4,-0.9260301242879618,63.0
1,186,0.7840000000000006,0.29300000000000015,0,0.7840000000000006,0.29300000000000015,1,1,0,1,0,115,84,3,2.2291951868744095,98.94419681621441
2,186,0.8,0.3200000000000004,0,0.8,0.3200000000000004,1,1,0,1,0,61,31,3,-0.48934941566576917,61.0
3,186,0.8,0.2950000000000003,0,0.8,0.2950000000000003,1,1,0,1,0,89,58,3,0.8955695327980955,89.0
0,187,0.7120000000000009,0.17600000000000007,0,0.7120000000000009,0.17600000000000007,0,1,1,0,0,63,36,4,-0.9260301242879618,63.0
1,187,0.7940000000000006,0.29500000000000015,0,0.7940000000000006,0.29500000000000015,0,0,0,0,0,115,84,3,2.2291951868744095,98.94419681621441
2,187,0.8,0.3220000000000004,0,0.8,0.3220000000000004,1,1,0,1,0,62,32,3,-0.4380561212782186,62.0
3,187,0.8,0.2970000000000003,0,0.8,0.2970000000000003,1,1,0,1,0,90,59,3,0.9468628271856461,90.0
0,188,0.7160000000000009,0.17800000000000007,0,0.7160000000000009,0.17800000000000007,0,0,0,0,0,63,36,4,-0.9260301242879618,63.0
1,188,0.7980000000000006,0.29700000000000015,0,0.7980000000000006,0.29700000000000015,0,1,0,0,0,115,84,3,2.2291951868744095,98.94419681621441
2,188,0.8,0.3240000000000004,0,0.8,0.3240000000000004,1,1,1,1,1,63,33,4,-1.0799100074506134,63.0
3,188,0.8,0.2990000000000003,0,0.8,0.2990000000000003,1,0,0,1,0,91,59,3,0.9468628271856461,91.0
0,189,0.7200000000000009,0.18000000000000008,0,0.7200000000000009,0.18000000000000008,0,1,0,0,0,63,36,4,-0.9260301242879618,63.0
1,189,0.8,0.29900000000000015,0,0.8,0.29900000000000015,0,1,0,0,0,115,84,3,2.2291951868744095,98.94419681621441
2,189,0.6100000000000001,0.1,8,0.6100000000000001,0.05,0,1,0,0,0,63,33,4,-1.0799100074506134,63.0
3,189,0.8,0.3010000000000003,0,0.8,0.3010000000000003,1,1,0,1,0,92,60,3,0.9981561215731962,92.0
0,190,0.7240000000000009,0.18200000000000008,0,0.7240000000000009,0.18200000000000008,1,1,1,1,1,64,37,5,-1.5678840104603566,64.0
1,190,0.8,0.30100000000000016,0,0.8,0.30100000000000016,0,1,0,0,0,115,84,3,2.2291951868744095,98.94419681621441
2,190,0.6140000000000001,0.10200000000000001,7,0.6140000000000001,0.05,0,1,0,0,0,63,33,4,-1.0799100074506134,63.0
3,190,0.8,0.3030000000000003,0,0.8,0.3030000000000003,1,0,0,1,0,93,60,3,0.9981561215731962,93.0
0,191,0.5340000000000009,0.1,8,0.5340000000000009,0.05,0,1,0,0,0,64,37,5,-1.5678840104603566,64.0
1,191,0.8,0.30300000000000016,0,0.8,0.30300000000000016,0,1,0,0,0,115,84,3,2.2291951868744095,98.94419681621441
2,191,0.6180000000000001,0.10400000000000001,6,0.6180000000000001,0.05,0,0,0,0,0,63,33,4,-1.0799100074506134,63.0
3,191,0.8,0.3050000000000003,0,0.8,0.3050000000000003,0,0,0,0,0,93,60,3,0.9981561215731962,93.0
0,192,0.5380000000000009,0.10200000000000001,7,0.5380000000000009,0.05,0,0,0,0,0,64,37,5,-1.5678840104603566,64.0
1,192,0.8,0.30500000000000016,0,0.8,0.30500000000000016,1,1,0,1,0,116,85,3,2.2804884812619597,98.94419681621441
2,192,0.6220000000000001,0.10600000000000001,5,0.6220000000000001,0.05,0,1,0,0,0,63,33,4,-1.0799100074506134,63.0
3,192,0.8,0.30700000000000033,0,0.8,0.30700000000000033,0,1,0,0,0,93,60,3,0.9981561215731962,93.0
0,193,0.5420000000000009,0.10400000000000001,6,0.692000000000001,0.05,0,0,0,0,0,64,37,5,-1.5678840104603566,64.0
1,193,0.8,0.30700000000000016,0,0.95,0.30700000000000016,0,1,1,0,0,116,85,3,2.2804884812619597,98.94419681621441
2,193,0.6260000000000001,0.10800000000000001,4,0.7760000000000001,0.05,0,1,1,0,0,63,33,4,-1.0799100074506134,63.0
3,193,0.8,0.30900000000000033,0,0.95,0.30900000000000033,0,1,0,0,0,93,60,3,0.9981561215731962,93.0
0,194,0.5460000000000009,0.10600000000000001,5,0.696000000000001,0.05,0,1,0,0,0,64,37,5,-1.5678840104603566,64.0
1,194,0.8,0.30900000000000016,0,0.95,0.30900000000000016,0,1,1,0,0,116,85,3,2.2804884812619597,98.94419681621441
2,194,0.6300000000000001,0.11000000000000001,3,0.7800000000000001,0.05,0,0,0,0,0,63,33,4,-1.0799100074506134,63.0
3,194,0.8,0.31100000000000033,0,0.95,0.31100000000000033,0,1,0,0,0,93,60,3,0.9981561215731962,93.0
0,195,0.5500000000000009,0.10800000000000001,4,0.700000000000001,0.05,0,0,0,0,0,64,37,5,-1.5678840104603566,64.0
1,195,0.8,0.31100000000000017,0,0.95,0.31100000000000017,0,1,0,0,0,116,85,3,2.2804884812619597,98.94419681621441
2,195,0.6340000000000001,0.11200000000000002,2,0.7840000000000001,0.05,0,1,0,0,0,63,33,4,-1.0799100074506134,63.0
3,195,0.8,0.31300000000000033,0,0.95,0.31300000000000033,0,1,0,0,0,93,60,3,0.9981561215731962,93.0
0,196,0.5540000000000009,0.11000000000000001,3,0.704000000000001,0.05,0,0,0,0,0,64,37,5,-1.5678840104603566,64.0
1,196,0.8,0.31300000000000017,0,0.95,0.31300000000000017,0,1,0,0,0,116,85,3,2.2804884812619597,98.94419681621441
2,196,0.6380000000000001,0.11400000000000002,1,0.7880000000000001,0.05,0,1,0,0,0,63,33,4,-1.0799100074506134,63.0
3,196,0.8,0.31500000000000034,0,0.95,0.31500000000000034,0,1,0,0,0,93,60,3,0.9981561215731962,93.0
0,197,0.5580000000000009,0.11200000000000002,2,0.708000000000001,0.05,0,0,0,0,0,64,37,5,-1.5678840104603566,64.0
1,197,0.8,0.31500000000000017,0,0.95,0.31500000000000017,0,1,0,0,0,116,85,3,2.2804884812619597,98.94419681621441
2,197,0.6420000000000001,0.11600000000000002,0,0.7920000000000001,0.11600000000000002,0,1,0,0,0,63,33,4,-1.0799100074506134,63.0
3,197,0.8,0.31700000000000034,0,0.95,0.31700000000000034,1,1,0,1,0,94,61,3,1.0494494159607468,94.0
0,198,0.5620000000000009,0.11400000000000002,1,0.712000000000001,0.05,0,1,0,0,0,64,37,5,-1.5678840104603566,64.0
1,198,0.8,0.31700000000000017,0,0.95,0.31700000000000017,0,1,0,0,0,116,85,3,2.2804884812619597,98.94419681621441
2,198,0.6460000000000001,0.11800000000000002,0,0.7960000000000002,0.11800000000000002,0,1,0,0,0,63,33,4,-1.0799100074506134,63.0
3,198,0.8,0.31900000000000034,0,0.95,0.31900000000000034,1,1,0,1,0,95,62,3,1.1007427103482974,95.0
0,199,0.566000000000001,0.11600000000000002,0,0.716000000000001,0.11600000000000002,0,0,0,0,0,64,37,5,-1.5678840104603566,64.0
1,199,0.8,0.3190000000000002,0,0.95,0.3190000000000002,1,1,0,1,0,117,86,3,2.3317817756495107,98.94419681621441
2,199,0.6500000000000001,0.12000000000000002,0,0.8000000000000002,0.12000000000000002,0,1,0,0,0,63,33,4,-1.0799100074506134,63.0
3,199,0.8,0.32100000000000034,0,0.95,0.32100000000000034,0,1,0,0,0,95,62,3,1.1007427103482974,95.0
0,200,0.570000000000001,0.11800000000000002,0,0.720000000000001,0.11800000000000002,0,1,0,0,0,64,37,5,-1.5678840104603566,64.0
1,200,0.8,0.3210000000000002,0,0.95,0.3210000000000002,1,1,0,1,0,118,87,3,2.383075070037061,98.94419681621441
2,200,0.6540000000000001,0.12200000000000003,0,0.8040000000000002,0.12200000000000003,0,1,0,0,0,63,33,4,-1.0799100074506134,63.0
3,200,0.8,0.32300000000000034,0,0.95,0.32300000000000034,0,1,0,0,0,95,62,3,1.1007427103482974,95.0
0,201,0.574000000000001,0.12000000000000002,0,0.724000000000001,0.12000000000000002,0,0,0,0,0,64,37,5,-1.5678840104603566,64.0
1,201,0.8,0.3230000000000002,0,0.95,0.3230000000000002,0,1,0,0,0,118,87,3,2.383075070037061,98.94419681621441
2,201,0.6580000000000001,0.12400000000000003,0,0.8080000000000002,0.12400000000000003,1,1,0,1,0,64,34,4,-1.0286167130630628,64.0
3,201,0.8,0.32500000000000034,0,0.95,0.32500000000000034,1,0,0,1,0,96,62,3,1.1007427103482974,96.0
0,202,0.578000000000001,0.12200000000000003,0,0.728000000000001,0.12200000000000003,0,1,0,0,0,64,37,5,-1.5678840104603566,64.0
1,202,0.8,0.3250000000000002,0,0.95,0.3250000000000002,0,1,0,0,0,118,87,3,2.383075070037061,98.94419681621441
2,202,0.6680000000000001,0.12600000000000003,0,0.8180000000000002,0.12600000000000003,0,0,0,0,0,64,34,4,-1.0286167130630628,64.0
3,202,0.8,0.32700000000000035,0,0.95,0.32700000000000035,1,1,0,1,0,97,63,3,1.152036004735848,97.0
0,203,0.582000000000001,0.12400000000000003,0,0.732000000000001,0.12400000000000003,0,1,1,0,0,64,37,5,-1.5678840104603566,64.0
1,203,0.8,0.3270000000000002,0,0.95,0.3270000000000002,0,1,0,0,0,118,87,3,2.383075070037061,98.94419681621441
2,203,0.6720000000000002,0.12800000000000003,0,0.8220000000000002,0.12800000000000003,0,1,1,0,0,64,34,4,-1.0286167130630628,64.0
3,203,0.8,0.32900000000000035,0,0.95,0.32900000000000035,1,1,0,1,0,98,64,3,1.2033292991233986,98.0
0,204,0.586000000000001,0.12600000000000003,0,0.736000000000001,0.12600000000000003,0,1,0,0,0,64,37,5,-1.5678840104603566,64.0
1,204,0.8,0.3290000000000002,0,0.95,0.3290000000000002,0,1,0,0,0,118,87,3,2.383075070037061,98.94419681621441
2,204,0.6760000000000002,0.13000000000000003,0,0.8260000000000002,0.13000000000000003,0,0,0,0,0,64,34,4,-1.0286167130630628,64.0
3,204,0.8,0.33100000000000035,0,0.95,0.33100000000000035,1,1,1,1,1,99,65,4,0.5614754129510038,99.0
0,205,0.590000000000001,0.12800000000000003,0,0.740000000000001,0.12800000000000003,1,0,0,1,0,65,37,5,-1.5678840104603566,65.0
1,205,0.8,0.3310000000000002,0,0.95,0.3310000000000002,1,1,0,1,0,119,88,3,2.434368364424611,98.94419681621441
2,205,0.6800000000000002,0.13200000000000003,0,0.8300000000000002,0.13200000000000003,0,1,0,0,0,64,34,4,-1.0286167130630628,64.0
3,205,0.6100000000000001,0.1,8,0.7600000000000001,0.05,0,1,0,0,0,99,65,4,0.5614754129510038,99.0
0,206,0.600000000000001,0.13000000000000003,0,0.750000000000001,0.13000000000000003,1,1,0,1,0,66,38,5,-1.5165907160728063,66.0
1,206,0.8,0.3330000000000002,0,0.95,0.3330000000000002,0,1,0,0,0,119,88,3,2.434368364424611,98.94419681621441
2,206,0.6840000000000002,0.13400000000000004,0,0.8340000000000002,0.13400000000000004,1,1,0,1,0,65,35,4,-0.9773234186755124,65.0
3,206,0.6140000000000001,0.10200000000000001,7,0.7640000000000001,0.05,0,1,0,0,0,99,65,4,0.5614754129510038,99.0
0,207,0.610000000000001,0.13200000000000003,0,0.760000000000001,0.13200000000000003,0,0,1,0,0,66,38,5,-1.5165907160728063,66.0
1,207,0.8,0.3350000000000002,0,0.95,0.3350000000000002,0,1,0,0,0,119,88,3,2.434368364424611,98.94419681621441
2,207,0.6940000000000002,0.13600000000000004,0,0.8440000000000002,0.13600000000000004,0,1,0,0,0,65,35,4,-0.9773234186755124,65.0
3,207,0.6180000000000001,0.10400000000000001,6,0.7680000000000001,0.05,0,0,0,0,0,99,65,4,0.5614754129510038,99.0
0,208,0.614000000000001,0.13400000000000004,0,0.764000000000001,0.13400000000000004,0,1,0,0,0,66,38,5,-1.5165907160728063,66.0
1,208,0.8,0.3370000000000002,0,0.95,0.3370000000000002,1,1,0,1,0,120,89,3,2.485661658812162,98.94419681621441
2,208,0.6980000000000002,0.13800000000000004,0,0.8480000000000002,0.13800000000000004,0,1,0,0,0,65,35,4,-0.9773234186755124,65.0
3,208,0.6220000000000001,0.10600000000000001,5,0.7720000000000001,0.05,0,1,0,0,0,99,65,4,0.5614754129510038,99.0
0,209,0.618000000000001,0.13600000000000004,0,0.768000000000001,0.13600000000000004,1,1,0,1,0,67,39,5,-1.4652974216852557,67.0
1,209,0.8,0.3390000000000002,0,0.95,0.3390000000000002,0,1,0,0,0,120,89,3,2.485661658812162,98.94419681621441
2,209,0.7020000000000002,0.14000000000000004,0,0.8520000000000002,0.14000000000000004,0,1,0,0,0,65,35,4,-0.9773234186755124,65.0
3,209,0.6260000000000001,0.10800000000000001,4,0.7760000000000001,0.05,0,1,0,0,0,99,65,4,0.5614754129510038,99.0
0,210,0.628000000000001,0.13800000000000004,0,0.778000000000001,0.13800000000000004,0,1,0,0,0,67,39,5,-1.4652974216852557,67.0
1,210,0.8,0.3410000000000002,0,0.95,0.3410000000000002,1,1,0,1,0,121,90,3,2.536954953199712,98.94419681621441
2,210,0.7060000000000002,0.14200000000000004,0,0.8560000000000002,0.14200000000000004,0,1,0,0,0,65,35,4,-0.9773234186755124,65.0
3,210,0.6300000000000001,0.11000000000000001,3,0.7800000000000001,0.05,0,1,1,0,0,99,65,4,0.5614754129510038,99.0
0,211,0.632000000000001,0.14000000000000004,0,0.782000000000001,0.14000000000000004,0,0,0,0,0,67,39,5,-1.4652974216852557,67.0
1,211,0.8,0.3430000000000002,0,0.95,0.3430000000000002,0,1,0,0,0,121,90,3,2.536954953199712,98.94419681621441
2,211,0.7100000000000002,0.14400000000000004,0,0.8600000000000002,0.14400000000000004,1,1,0,1,0,66,36,4,-0.9260301242879618,66.0
3,211,0.6340000000000001,0.11200000000000002,2,0.7840000000000001,0.05,0,1,0,0,0,99,65,4,0.5614754129510038,99.0
0,212,0.636000000000001,0.14200000000000004,0,0.786000000000001,0.14200000000000004,0,0,0,0,0,67,39,5,-1.4652974216852557,67.0
1,212,0.8,0.3450000000000002,0,0.95,0.3450000000000002,1,1,0,1,0,122,91,3,2.5882482475872632,98.94419681621441
2,212,0.7200000000000002,0.14600000000000005,0,0.8700000000000002,0.14600000000000005,0,1,0,0,0,66,36,4,-0.9260301242879618,66.0
3,212,0.6380000000000001,0.11400000000000002,1,0.7880000000000001,0.05,0,1,0,0,0,99,65,4,0.5614754129510038,99.0
0,213,0.640000000000001,0.14400000000000004,0,0.790000000000001,0.14400000000000004,0,1,0,0,0,67,39,5,-1.4652974216852557,67.0
1,213,0.8,0.3470000000000002,0,0.95,0.3470000000000002,0,1,0,0,0,122,91,3,2.5882482475872632,98.94419681621441
2,213,0.7240000000000002,0.14800000000000005,0,0.8740000000000002,0.14800000000000005,1,1,0,1,0,67,37,4,-0.8747368299004112,67.0
3,213,0.6420000000000001,0.11600000000000002,0,0.7920000000000001,0.11600000000000002,0,1,0,0,0,99,65,4,0.5614754129510038,99.0
0,214,0.644000000000001,0.14600000000000005,0,0.794000000000001,0.14600000000000005,0,1,0,0,0,67,39,5,-1.4652974216852557,67.0
1,214,0.8,0.3490000000000002,0,0.95,0.3490000000000002,1,0,0,1,0,123,91,3,2.5882482475872632,98.94419681621441
2,214,0.7340000000000002,0.15000000000000005,0,0.8840000000000002,0.15000000000000005,1,1,0,1,0,68,38,4,-0.8234435355128609,68.0
3,214,0.6460000000000001,0.11800000000000002,0,0.7960000000000002,0.11800000000000002,0,1,0,0,0,99,65,4,0.5614754129510038,99.0
0,215,0.648000000000001,0.14800000000000005,0,0.798000000000001,0.14800000000000005,0,1,0,0,0,67,39,5,-1.4652974216852557,67.0
1,215,0.8,0.3510000000000002,0,0.95,0.3510000000000002,0,1,0,0,0,123,91,3,2.5882482475872632,98.94419681621441
2,215,0.7440000000000002,0.15200000000000005,0,0.8940000000000002,0.15200000000000005,0,1,0,0,0,68,38,4,-0.8234435355128609,68.0
3,215,0.6500000000000001,0.12000000000000002,0,0.8000000000000002,0.12000000000000002,0,1,0,0,0,99,65,4,0.5614754129510038,99.0
0,216,0.652000000000001,0.15000000000000005,0,0.802000000000001,0.15000000000000005,0,1,0,0,0,67,39,5,-1.4652974216852557,67.0
1,216,0.8,0.3530000000000002,0,0.95,0.3530000000000002,1,1,0,1,0,124,92,3,2.6395415419748134,98.94419681621441
2,216,0.7480000000000002,0.15400000000000005,0,0.8980000000000002,0.15400000000000005,1,1,0,1,0,69,39,4,-0.7721502411253103,69.0
3,216,0.6540000000000001,0.12200000000000003,0,0.8040000000000002,0.12200000000000003,1,1,0,1,0,100,66,4,0.6127687073385544,100.0
0,217,0.656000000000001,0.15200000000000005,0,0.806000000000001,0.15200000000000005,0,1,0,0,0,67,39,5,-1.4652974216852557,67.0
1,217,0.8,0.3550000000000002,0,0.95,0.3550000000000002,0,1,0,0,0,124,92,3,2.6395415419748134,98.94419681621441
2,217,0.7580000000000002,0.15600000000000006,0,0.9080000000000003,0.15600000000000006,0,1,1,0,0,69,39,4,-0.7721502411253103,69.0
3,217,0.6640000000000001,0.12400000000000003,0,0.8140000000000002,0.12400000000000003,0,1,0,0,0,100,66,4,0.6127687073385544,100.0
0,218,0.660000000000001,0.15400000000000005,0,0.810000000000001,0.15400000000000005,0,0,0,0,0,67,39,5,-1.4652974216852557,67.0
1,218,0.8,0.3570000000000002,0,0.95,0.3570000000000002,0,1,1,0,0,124,92,3,2.6395415419748134,98.94419681621441
2,218,0.7620000000000002,0.15800000000000006,0,0.9120000000000003,0.15800000000000006,1,1,1,1,1,70,40,5,-1.414004127297705,70.0
3,218,0.6680000000000001,0.12600000000000003,0,0.8180000000000002,0.12600000000000003,0,0,0,0,0,100,66,4,0.6127687073385544,100.0
0,219,0.664000000000001,0.15600000000000006,0,0.8140000000000011,0.15600000000000006,0,1,0,0,0,67,39,5,-1.4652974216852557,67.0
1,219,0.8,0.3590000000000002,0,0.95,0.3590000000000002,0,1,0,0,0,124,92,3,2.6395415419748134,98.94419681621441
2,219,0.5720000000000003,0.1,8,0.7220000000000003,0.05,0,0,0,0,0,70,40,5,-1.414004127297705,70.0
3,219,0.6720000000000002,0.12800000000000003,0,0.8220000000000002,0.12800000000000003,0,1,0,0,0,100,66,4,0.6127687073385544,100.0
0,220,0.668000000000001,0.15800000000000006,0,0.8180000000000011,0.15800000000000006,0,1,1,0,0,67,39,5,-1.4652974216852557,67.0
1,220,0.8,0.3610000000000002,0,0.95,0.3610000000000002,1,1,0,1,0,125,93,3,2.6908348363623644,98.94419681621441
2,220,0.5760000000000003,0.10200000000000001,7,0.7260000000000003,0.05,0,1,0,0,0,70,40,5,-1.414004127297705,70.0
3,220,0.6760000000000002,0.13000000000000003,0,0.8260000000000002,0.13000000000000003,0,1,0,0,0,100,66,4,0.6127687073385544,100.0
0,221,0.672000000000001,0.16000000000000006,0,0.8220000000000011,0.16000000000000006,0,1,0,0,0,67,39,5,-1.4652974216852557,67.0
1,221,0.8,0.3630000000000002,0,0.95,0.3630000000000002,0,1,0,0,0,125,93,3,2.6908348363623644,98.94419681621441
2,221,0.5800000000000003,0.10400000000000001,6,0.7300000000000003,0.05,0,0,0,0,0,70,40,5,-1.414004127297705,70.0
3,221,0.6800000000000002,0.13200000000000003,0,0.8300000000000002,0.13200000000000003,0,1,1,0,0,100,66,4,0.6127687073385544,100.0
0,222,0.676000000000001,0.16200000000000006,0,0.8260000000000011,0.16200000000000006,0,1,0,0,0,67,39,5,-1.4652974216852557,67.0
1,222,0.8,0.3650000000000002,0,0.95,0.3650000000000002,1,1,0,1,0,126,94,3,2.7421281307499146,98.94419681621441
2,222,0.5840000000000003,0.10600000000000001,5,0.7340000000000003,0.05,0,1,0,0,0,70,40,5,-1.414004127297705,70.0
3,222,0.6840000000000002,0.13400000000000004,0,0.8340000000000002,0.13400000000000004,0,1,0,0,0,100,66,4,0.6127687073385544,100.0
0,223,0.680000000000001,0.16400000000000006,0,0.8300000000000011,0.16400000000000006,0,1,0,0,0,67,39,5,-1.4652974216852557,67.0
1,223,0.8,0.3670000000000002,0,0.95,0.3670000000000002,1,1,0,1,0,127,95,3,2.7934214251374656,98.94419681621441
2,223,0.5880000000000003,0.10800000000000001,4,0.7380000000000003,0.05,0,1,0,0,0,70,40,5,-1.414004127297705,70.0
3,223,0.6880000000000002,0.13600000000000004,0,0.8380000000000002,0.13600000000000004,1,1,0,1,0,101,67,4,0.664062001726105,101.0
0,224,0.684000000000001,0.16600000000000006,0,0.8340000000000011,0.16600000000000006,0,1,0,0,0,67,39,5,-1.4652974216852557,67.0
1,224,0.8,0.3690000000000002,0,0.95,0.3690000000000002,0,1,0,0,0,127,95,3,2.7934214251374656,98.94419681621441
2,224,0.5920000000000003,0.11000000000000001,3,0.7420000000000003,0.05,0,1,1,0,0,70,40,5,-1.414004127297705,70.0
3,224,0.6980000000000002,0.13800000000000004,0,0.8480000000000002,0.13800000000000004,1,1,1,1,1,102,68,5,0.02220811555371016,102.0
0,225,0.688000000000001,0.16800000000000007,0,0.8380000000000011,0.16800000000000007,0,1,0,0,0,67,39,5,-1.4652974216852557,67.0
1,225,0.8,0.3710000000000002,0,0.95,0.3710000000000002,1,1,0,1,0,128,96,3,2.8447147195250158,98.94419681621441
2,225,0.5960000000000003,0.11200000000000002,2,0.7460000000000003,0.05,0,1,0,0,0,70,40,5,-1.414004127297705,70.0
3,225,0.5080000000000002,0.1,8,0.6580000000000003,0.05,0,1,0,0,0,102,68,5,0.02220811555371016,102.0
0,226,0.6920000000000011,0.17000000000000007,0,0.8420000000000011,0.17000000000000007,0,1,0,0,0,67,39,5,-1.4652974216852557,67.0
1,226,0.8,0.3730000000000002,0,0.95,0.3730000000000002,0,1,0,0,0,128,96,3,2.8447147195250158,98.94419681621441
2,226,0.6000000000000003,0.11400000000000002,1,0.7500000000000003,0.05,0,0,0,0,0,70,40,5,-1.414004127297705,70.0
3,226,0.5120000000000002,0.10200000000000001,7,0.6620000000000003,0.05,0,0,0,0,0,102,68,5,0.02220811555371016,102.0
0,227,0.6960000000000011,0.17200000000000007,0,0.8460000000000011,0.17200000000000007,0,0,0,0,0,67,39,5,-1.4652974216852557,67.0
1,227,0.8,0.3750000000000002,0,0.95,0.3750000000000002,0,1,0,0,0,128,96,3,2.8447147195250158,98.94419681621441
2,227,0.6040000000000003,0.11600000000000002,0,0.7540000000000003,0.11600000000000002,0,1,0,0,0,70,40,5,-1.414004127297705,70.0
3,227,0.5160000000000002,0.10400000000000001,6,0.6660000000000003,0.05,0,0,0,0,0,102,68,5,0.02220811555371016,102.0
0,228,0.7000000000000011,0.17400000000000007,0,0.8500000000000011,0.17400000000000007,0,1,0,0,0,67,39,5,-1.4652974216852557,67.0
1,228,0.8,0.3770000000000002,0,0.95,0.3770000000000002,0,1,0,0,0,128,96,3,2.8447147195250158,98.94419681621441
2,228,0.6080000000000003,0.11800000000000002,0,0.7580000000000003,0.11800000000000002,0,1,0,0,0,70,40,5,-1.414004127297705,70.0
3,228,0.5200000000000002,0.10600000000000001,5,0.6700000000000003,0.05,0,1,0,0,0,102,68,5,0.02220811555371016,102.0
0,229,0.7040000000000011,0.17600000000000007,0,0.8540000000000011,0.17600000000000007,0,1,0,0,0,67,39,5,-1.4652974216852557,67.0
1,229,0.8,0.3790000000000002,0,0.95,0.3790000000000002,0,1,0,0,0,128,96,3,2.8447147195250158,98.94419681621441
2,229,0.6120000000000003,0.12000000000000002,0,0.7620000000000003,0.12000000000000002,0,1,1,0,0,70,40,5,-1.414004127297705,70.0
3,229,0.5240000000000002,0.10800000000000001,4,0.6740000000000003,0.05,0,1,0,0,0,102,68,5,0.02220811555371016,102.0
0,230,0.7080000000000011,0.17800000000000007,0,0.8580000000000011,0.17800000000000007,0,0,0,0,0,67,39,5,-1.4652974216852557,67.0
1,230,0.8,0.3810000000000002,0,0.95,0.3810000000000002,1,1,0,1,0,129,97,3,2.896008013912566,98.94419681621441
2,230,0.6160000000000003,0.12200000000000003,0,0.7660000000000003,0.12200000000000003,0,1,0,0,0,70,40,5,-1.414004127297705,70.0
3,230,0.5280000000000002,0.11000000000000001,3,0.6780000000000003,0.05,0,0,0,0,0,102,68,5,0.02220811555371016,102.0
0,231,0.7120000000000011,0.18000000000000008,0,0.8620000000000011,0.18000000000000008,0,1,0,0,0,67,39,5,-1.4652974216852557,67.0
1,231,0.8,0.38300000000000023,0,0.95,0.38300000000000023,0,1,1,0,0,129,97,3,2.896008013912566,98.94419681621441
2,231,0.6200000000000003,0.12400000000000003,0,0.7700000000000004,0.12400000000000003,1,1,0,1,0,71,41,5,-1.3627108329101545,71.0
3,231,0.5320000000000003,0.11200000000000002,2,0.6820000000000003,0.05,0,0,0,0,0,102,68,5,0.02220811555371016,102.0
0,232,0.7160000000000011,0.18200000000000008,0,0.8660000000000011,0.18200000000000008,0,1,0,0,0,67,39,5,-1.4652974216852557,67.0
1,232,0.8,0.38500000000000023,0,0.95,0.38500000000000023,0,1,1,0,0,129,97,3,2.896008013912566,98.94419681621441
2,232,0.6300000000000003,0.12600000000000003,0,0.7800000000000004,0.12600000000000003,0,1,0,0,0,71,41,5,-1.3627108329101545,71.0
3,232,0.5360000000000003,0.11400000000000002,1,0.6860000000000003,0.05,0,0,0,0,0,102,68,5,0.02220811555371016,102.0
0,233,0.7200000000000011,0.18400000000000008,0,0.8700000000000011,0.18400000000000008,0,1,0,0,0,67,39,5,-1.4652974216852557,67.0
1,233,0.8,0.38700000000000023,0,0.95,0.38700000000000023,1,1,0,1,0,130,98,3,2.947301308300117,98.94419681621441
2,233,0.6340000000000003,0.12800000000000003,0,0.7840000000000004,0.12800000000000003,0,1,0,0,0,71,41,5,-1.3627108329101545,71.0
3,233,0.5400000000000003,0.11600000000000002,0,0.6900000000000003,0.11600000000000002,0,0,0,0,0,102,68,5,0.02220811555371016,102.0
0,234,0.7240000000000011,0.18600000000000008,0,0.8740000000000011,0.18600000000000008,0,1,0,0,0,67,39,5,-1.4652974216852557,67.0
1,234,0.8,0.38900000000000023,0,0.95,0.38900000000000023,0,1,0,0,0,130,98,3,2.947301308300117,98.94419681621441
2,234,0.6380000000000003,0.13000000000000003,0,0.7880000000000004,0.13000000000000003,1,1,1,1,1,72,42,6,-2.004564719082549,72.0
3,234,0.5440000000000003,0.11800000000000002,0,0.6940000000000003,0.11800000000000002,0,1,0,0,0,102,68,5,0.02220811555371016,102.0
0,235,0.7280000000000011,0.18800000000000008,0,0.8780000000000011,0.18800000000000008,1,1,0,1,0,68,40,5,-1.414004127297705,68.0
1,235,0.8,0.39100000000000024,0,0.95,0.39100000000000024,0,1,0,0,0,130,98,3,2.947301308300117,98.94419681621441
2,235,0.44800000000000034,0.1,8,0.5980000000000003,0.05,0,1,0,0,0,72,42,6,-2.004564719082549,72.0
3,235,0.5480000000000003,0.12000000000000002,0,0.6980000000000003,0.12000000000000002,0,0,0,0,0,102,68,5,0.02220811555371016,102.0
0,236,0.7380000000000011,0.19000000000000009,0,0.8880000000000011,0.19000000000000009,0,1,0,0,0,68,40,5,-1.414004127297705,68.0
1,236,0.8,0.39300000000000024,0,0.95,0.39300000000000024,0,1,0,0,0,130,98,3,2.947301308300117,98.94419681621441
2,236,0.45200000000000035,0.10200000000000001,7,0.6020000000000003,0.05,0,1,0,0,0,72,42,6,-2.004564719082549,72.0
3,236,0.5520000000000003,0.12200000000000003,0,0.7020000000000003,0.12200000000000003,0,0,0,0,0,102,68,5,0.02220811555371016,102.0
0,237,0.7420000000000011,0.1920000000000001,0,0.8920000000000011,0.1920000000000001,0,1,0,0,0,68,40,5,-1.414004127297705,68.0
1,237,0.8,0.39500000000000024,0,0.95,0.39500000000000024,0,1,0,0,0,130,98,3,2.947301308300117,98.94419681621441
2,237,0.45600000000000035,0.10400000000000001,6,0.6060000000000003,0.05,0,0,0,0,0,72,42,6,-2.004564719082549,72.0
3,237,0.5560000000000003,0.12400000000000003,0,0.7060000000000003,0.12400000000000003,0,0,0,0,0,102,68,5,0.02220811555371016,102.0
0,238,0.7460000000000011,0.1940000000000001,0,0.8960000000000011,0.1940000000000001,0,1,0,0,0,68,40,5,-1.414004127297705,68.0
1,238,0.8,0.39700000000000024,0,0.95,0.39700000000000024,0,1,0,0,0,130,98,3,2.947301308300117,98.94419681621441
2,238,0.46000000000000035,0.10600000000000001,5,0.6100000000000003,0.05,0,1,0,0,0,72,42,6,-2.004564719082549,72.0
3,238,0.5600000000000003,0.12600000000000003,0,0.7100000000000003,0.12600000000000003,0,1,0,0,0,102,68,5,0.02220811555371016,102.0
0,239,0.7500000000000011,0.1960000000000001,0,0.9000000000000011,0.1960000000000001,0,1,0,0,0,68,40,5,-1.414004127297705,68.0
1,239,0.8,0.39900000000000024,0,0.95,0.39900000000000024,1,1,0,1,0,131,99,3,2.998594602687667,98.94419681621441
2,239,0.46400000000000036,0.10800000000000001,4,0.6140000000000003,0.05,0,1,0,0,0,72,42,6,-2.004564719082549,72.0
3,239,0.5640000000000003,0.12800000000000003,0,0.7140000000000003,0.12800000000000003,1,1,0,1,0,103,69,5,0.07350140994126031,103.0
0,240,0.7540000000000011,0.1980000000000001,0,0.9040000000000011,0.1980000000000001,0,0,0,0,0,68,40,5,-1.414004127297705,68.0
1,240,0.8,0.40100000000000025,0,0.95,0.40100000000000025,0,1,0,0,0,131,99,3,2.998594602687667,98.94419681621441
2,240,0.46800000000000036,0.11000000000000001,3,0.6180000000000003,0.05,0,1,0,0,0,72,42,6,-2.004564719082549,72.0
3,240,0.5740000000000003,0.13000000000000003,0,0.7240000000000003,0.13000000000000003,0,1,0,0,0,103,69,5,0.07350140994126031,103.0
0,241,0.7580000000000011,0.2000000000000001,0,0.9080000000000011,0.2000000000000001,0,1,0,0,0,68,40,5,-1.414004127297705,68.0
1,241,0.8,0.40300000000000025,0,0.95,0.40300000000000025,0,1,1,0,0,131,99,3,2.998594602687667,98.94419681621441
2,241,0.47200000000000036,0.11200000000000002,2,0.6220000000000003,0.05,1,1,0,1,0,73,43,6,-1.9532714246949983,73.0
3,241,0.5780000000000003,0.13200000000000003,0,0.7280000000000003,0.13200000000000003,0,1,0,0,0,103,69,5,0.07350140994126031,103.0
0,242,0.7620000000000011,0.2020000000000001,0,0.9120000000000011,0.2020000000000001,1,1,0,1,0,69,41,5,-1.3627108329101545,69.0
1,242,0.8,0.40500000000000025,0,0.95,0.40500000000000025,0,1,0,0,0,131,99,3,2.998594602687667,98.94419681621441
2,242,0.4820000000000004,0.11400000000000002,1,0.6320000000000003,0.05,0,1,0,0,0,73,43,6,-1.9532714246949983,73.0
3,242,0.5820000000000003,0.13400000000000004,0,0.7320000000000003,0.13400000000000004,0,1,0,0,0,103,69,5,0.07350140994126031,103.0
0,243,0.7720000000000011,0.2040000000000001,0,0.9220000000000012,0.2040000000000001,0,0,1,0,0,69,41,5,-1.3627108329101545,69.0
1,243,0.8,0.40700000000000025,0,0.95,0.40700000000000025,0,1,0,0,0,131,99,3,2.998594602687667,98.94419681621441
2,243,0.4860000000000004,0.11600000000000002,0,0.6360000000000003,0.11600000000000002,0,1,0,0,0,73,43,6,-1.9532714246949983,73.0
3,243,0.5860000000000003,0.13600000000000004,0,0.7360000000000003,0.13600000000000004,0,0,0,0,0,103,69,5,0.07350140994126031,103.0
0,244,0.7760000000000011,0.2060000000000001,0,0.9260000000000012,0.2060000000000001,0,1,0,0,0,69,41,5,-1.3627108329101545,69.0
1,244,0.8,0.40900000000000025,0,0.95,0.40900000000000025,0,1,0,0,0,131,99,3,2.998594602687667,98.94419681621441
2,244,0.4900000000000004,0.11800000000000002,0,0.6400000000000003,0.11800000000000002,0,1,0,0,0,73,43,6,-1.9532714246949983,73.0
3,244,0.5900000000000003,0.13800000000000004,0,0.7400000000000003,0.13800000000000004,0,0,0,0,0,103,69,5,0.07350140994126031,103.0
0,245,0.7800000000000011,0.2080000000000001,0,0.9300000000000012,0.2080000000000001,1,1,0,1,0,70,42,5,-1.311417538522604,70.0
1,245,0.8,0.41100000000000025,0,0.95,0.41100000000000025,1,1,0,1,0,132,100,3,3.049887897075218,98.94419681621441
2,245,0.4940000000000004,0.12000000000000002,0,0.6440000000000003,0.12000000000000002,0,1,1,0,0,73,43,6,-1.9532714246949983,73.0
3,245,0.5940000000000003,0.14000000000000004,0,0.7440000000000003,0.14000000000000004,0,0,0,0,0,103,69,5,0.07350140994126031,103.0
0,246,0.7900000000000011,0.2100000000000001,0,0.9400000000000012,0.2100000000000001,0,0,0,0,0,70,42,5,-1.311417538522604,70.0
1,246,0.8,0.41300000000000026,0,0.95,0.41300000000000026,1,1,0,1,0,133,101,3,3.1011811914627683,98.94419681621441
2,246,0.4980000000000004,0.12200000000000003,0,0.6480000000000004,0.12200000000000003,0,0,0,0,0,73,43,6,-1.9532714246949983,73.0
3,246,0.5980000000000003,0.14200000000000004,0,0.7480000000000003,0.14200000000000004,0,0,0,0,0,103,69,5,0.07350140994126031,103.0
0,247,0.7940000000000011,0.2120000000000001,0,0.9440000000000012,0.2120000000000001,0,1,0,0,0,70,42,5,-1.311417538522604,70.0
1,247,0.8,0.41500000000000026,0,0.95,0.41500000000000026,1,1,0,1,0,134,102,3,3.1524744858503193,98.94419681621441
2,247,0.5020000000000003,0.12400000000000003,0,0.6520000000000004,0.12400000000000003,0,0,0,0,0,73,43,6,-1.9532714246949983,73.0
3,247,0.6020000000000003,0.14400000000000004,0,0.7520000000000003,0.14400000000000004,0,0,0,0,0,103,69,5,0.07350140994126031,103.0
0,248,0.7980000000000012,0.2140000000000001,0,0.9480000000000012,0.2140000000000001,0,1,0,0,0,70,42,5,-1.311417538522604,70.0
1,248,0.8,0.41700000000000026,0,0.95,0.41700000000000026,1,1,1,1,1,135,103,4,2.510620599677924,112.45760415017931
2,248,0.5060000000000003,0.12600000000000003,0,0.6560000000000004,0.12600000000000003,0,1,0,0,0,73,43,6,-1.9532714246949983,73.0
3,248,0.6060000000000003,0.14600000000000005,0,0.7560000000000003,0.14600000000000005,0,1,0,0,0,103,69,5,0.07350140994126031,103.0
0,249,0.8,0.2160000000000001,0,0.95,0.2160000000000001,0,1,1,0,0,70,42,5,-1.311417538522604,70.0
1,249,0.6100000000000001,0.11900000000000027,8,0.7600000000000001,0.05,0,1,0,0,0,135,103,4,2.510620599677924,112.45760415017931
2,249,0.5100000000000003,0.12800000000000003,0,0.6600000000000004,0.12800000000000003,0,1,0,0,0,73,43,6,-1.9532714246949983,73.0
3,249,0.6100000000000003,0.14800000000000005,0,0.7600000000000003,0.14800000000000005,0,1,0,0,0,103,69,5,0.07350140994126031,103.0
0,250,0.8,0.2180000000000001,0,0.95,0.2180000000000001,0,1,0,0,0,70,42,5,-1.311417538522604,70.0
1,250,0.6140000000000001,0.12100000000000027,7,0.7640000000000001,0.05,0,0,0,0,0,135,103,4,2.510620599677924,112.45760415017931
2,250,0.5140000000000003,0.13000000000000003,0,0.6640000000000004,0.13000000000000003,1,1,1,1,1,74,44,7,-2.5951253108673935,74.0
3,250,0.6140000000000003,0.15000000000000005,0,0.7640000000000003,0.15000000000000005,0,0,1,0,0,103,69,5,0.07350140994126031,103.0
0,251,0.8,0.2200000000000001,0,0.95,0.2200000000000001,0,1,1,0,0,70,42,5,-1.311417538522604,70.0
1,251,0.6180000000000001,0.12300000000000028,6,0.7680000000000001,0.05,0,1,0,0,0,135,103,4,2.510620599677924,112.45760415017931
2,251,0.32400000000000034,0.1,8,0.4740000000000003,0.05,0,1,0,0,0,74,44,7,-2.5951253108673935,74.0
3,251,0.6180000000000003,0.15200000000000005,0,0.7680000000000003,0.15200000000000005,0,1,0,0,0,103,69,5,0.07350140994126031,103.0
0,252,0.8,0.22200000000000011,0,0.95,0.22200000000000011,0,1,0,0,0,70,42,5,-1.311417538522604,70.0
1,252,0.6220000000000001,0.12500000000000028,5,0.7720000000000001,0.05,0,1,0,0,0,135,103,4,2.510620599677924,112.45760415017931
2,252,0.32800000000000035,0.10200000000000001,7,0.4780000000000003,0.05,0,1,1,0,0,74,44,7,-2.5951253108673935,74.0
3,252,0.6220000000000003,0.15400000000000005,0,0.7720000000000004,0.15400000000000005,0,1,0,0,0,103,69,5,0.07350140994126031,103.0
0,253,0.8,0.22400000000000012,0,0.95,0.22400000000000012,0,1,0,0,0,70,42,5,-1.311417538522604,70.0
1,253,0.6260000000000001,0.12700000000000028,4,0.7760000000000001,0.05,0,1,0,0,0,135,103,4,2.510620599677924,112.45760415017931
2,253,0.33200000000000035,0.10400000000000001,6,0.4820000000000003,0.05,0,0,0,0,0,74,44,7,-2.5951253108673935,74.0
3,253,0.6260000000000003,0.15600000000000006,0,0.7760000000000004,0.15600000000000006,0,0,0,0,0,103,69,5,0.07350140994126031,103.0
0,254,0.8,0.22600000000000012,0,0.95,0.22600000000000012,0,1,0,0,0,70,42,5,-1.311417538522604,70.0
1,254,0.6300000000000001,0.12900000000000028,3,0.7800000000000001,0.05,0,1,0,0,0,135,103,4,2.510620599677924,112.45760415017931
2,254,0.33600000000000035,0.10600000000000001,5,0.4860000000000003,0.05,0,1,0,0,0,74,44,7,-2.5951253108673935,74.0
3,254,0.6300000000000003,0.15800000000000006,0,0.7800000000000004,0.15800000000000006,0,1,0,0,0,103,69,5,0.07350140994126031,103.0
0,255,0.8,0.22800000000000012,0,0.95,0.22800000000000012,0,0,0,0,0,70,42,5,-1.311417538522604,70.0
1,255,0.6340000000000001,0.13100000000000028,2,0.7840000000000001,0.05,0,1,0,0,0,135,103,4,2.510620599677924,112.45760415017931
2,255,0.34000000000000036,0.10800000000000001,4,0.4900000000000003,0.05,0,0,0,0,0,74,44,7,-2.5951253108673935,74.0
3,255,0.6340000000000003,0.16000000000000006,0,0.7840000000000004,0.16000000000000006,0,1,0,0,0,103,69,5,0.07350140994126031,103.0
0,256,0.8,0.23000000000000012,0,0.95,0.23000000000000012,0,1,0,0,0,70,42,5,-1.311417538522604,70.0
1,256,0.6380000000000001,0.13300000000000028,1,0.7880000000000001,0.05,0,1,0,0,0,135,103,4,2.510620599677924,112.45760415017931
2,256,0.34400000000000036,0.11000000000000001,3,0.4940000000000003,0.05,1,0,0,1,0,75,44,7,-2.5951253108673935,75.0
3,256,0.6380000000000003,0.16200000000000006,0,0.7880000000000004,0.16200000000000006,0,1,0,0,0,103,69,5,0.07350140994126031,103.0
0,257,0.8,0.23200000000000012,0,0.8,0.23200000000000012,0,0,0,0,0,70,42,5,-1.311417538522604,70.0
1,257,0.6420000000000001,0.1350000000000003,0,0.6420000000000001,0.1350000000000003,0,0,0,0,0,135,103,4,2.510620599677924,112.45760415017931
2,257,0.35400000000000037,0.11200000000000002,2,0.35400000000000037,0.05,0,1,0,0,0,75,44,7,-2.5951253108673935,75.0
3,257,0.6420000000000003,0.16400000000000006,0,0.6420000000000003,0.16400000000000006,0,0,0,0,0,103,69,5,0.07350140994126031,103.0
0,258,0.8,0.23400000000000012,0,0.8,0.23400000000000012,0,1,0,0,0,70,42,5,-1.311417538522604,70.0
1,258,0.6460000000000001,0.1370000000000003,0,0.6460000000000001,0.1370000000000003,0,0,0,0,0,135,103,4,2.510620599677924,112.45760415017931
2,258,0.3580000000000004,0.11400000000000002,1,0.3580000000000004,0.05,0,1,1,0,0,75,44,7,-2.5951253108673935,75.0
3,258,0.6460000000000004,0.16600000000000006,0,0.6460000000000004,0.16600000000000006,1,0,0,1,0,104,69,5,0.07350140994126031,104.0
0,259,0.8,0.23600000000000013,0,0.8,0.23600000000000013,0,1,0,0,0,70,42,5,-1.311417538522604,70.0
1,259,0.6500000000000001,0.1390000000000003,0,0.6500000000000001,0.1390000000000003,0,1,1,0,0,135,103,4,2.510620599677924,112.45760415017931
2,259,0.3620000000000004,0.11600000000000002,0,0.3620000000000004,0.11600000000000002,0,0,0,0,0,75,44,7,-2.5951253108673935,75.0
3,259,0.6560000000000004,0.16800000000000007,0,0.6560000000000004,0.16800000000000007,1,1,0,1,0,105,70,5,0.1247947043288109,105.0
0,260,0.8,0.23800000000000013,0,0.8,0.23800000000000013,0,1,0,0,0,70,42,5,-1.311417538522604,70.0
1,260,0.6540000000000001,0.1410000000000003,0,0.6540000000000001,0.1410000000000003,0,0,0,0,0,135,103,4,2.510620599677924,112.45760415017931
2,260,0.3660000000000004,0.11800000000000002,0,0.3660000000000004,0.11800000000000002,0,0,0,0,0,75,44,7,-2.5951253108673935,75.0
3,260,0.6660000000000004,0.17000000000000007,0,0.6660000000000004,0.17000000000000007,0,0,0,0,0,105,70,5,0.1247947043288109,105.0
0,261,0.8,0.24000000000000013,0,0.8,0.24000000000000013,0,0,0,0,0,70,42,5,-1.311417538522604,70.0
1,261,0.6580000000000001,0.1430000000000003,0,0.6580000000000001,0.1430000000000003,0,1,0,0,0,135,103,4,2.510620599677924,112.45760415017931
2,261,0.3700000000000004,0.12000000000000002,0,0.3700000000000004,0.12000000000000002,0,1,0,0,0,75,44,7,-2.5951253108673935,75.0
3,261,0.6700000000000004,0.17200000000000007,0,0.6700000000000004,0.17200000000000007,1,1,0,1,0,106,71,5,0.1760879987163615,106.0
0,262,0.8,0.24200000000000013,0,0.8,0.24200000000000013,0,1,0,0,0,70,42,5,-1.311417538522604,70.0
1,262,0.6620000000000001,0.1450000000000003,0,0.6620000000000001,0.1450000000000003,0,1,0,0,0,135,103,4,2.510620599677924,112.45760415017931
2,262,0.3740000000000004,0.12200000000000003,0,0.3740000000000004,0.12200000000000003,1,0,1,1,0,76,44,7,-2.5951253108673935,76.0
3,262,0.6800000000000004,0.17400000000000007,0,0.6800000000000004,0.17400000000000007,1,1,0,1,0,107,72,5,0.22738129310391209,107.0
0,263,0.8,0.24400000000000013,0,0.8,0.24400000000000013,0,0,0,0,0,70,42,5,-1.311417538522604,70.0
1,263,0.6660000000000001,0.1470000000000003,0,0.6660000000000001,0.1470000000000003,0,1,0,0,0,135,103,4,2.510620599677924,112.45760415017931
2,263,0.3940000000000004,0.14900000000000002,0,0.3940000000000004,0.14900000000000002,0,0,0,0,0,76,44,7,-2.5951253108673935,76.0
3,263,0.6900000000000004,0.17600000000000007,0,0.6900000000000004,0.17600000000000007,0,0,0,0,0,107,72,5,0.22738129310391209,107.0
0,264,0.8,0.24600000000000014,0,0.8,0.24600000000000014,0,1,0,0,0,70,42,5,-1.311417538522604,70.0
1,264,0.6700000000000002,0.1490000000000003,0,0.6700000000000002,0.1490000000000003,0,1,0,0,0,135,103,4,2.510620599677924,112.45760415017931
2,264,0.3980000000000004,0.15100000000000002,0,0.3980000000000004,0.15100000000000002,0,0,0,0,0,76,44,7,-2.5951253108673935,76.0
3,264,0.6940000000000004,0.17800000000000007,0,0.6940000000000004,0.17800000000000007,0,1,0,0,0,107,72,5,0.22738129310391209,107.0
0,265,0.8,0.24800000000000014,0,0.8,0.24800000000000014,0,0,0,0,0,70,42,5,-1.311417538522604,70.0
1,265,0.6740000000000002,0.1510000000000003,0,0.6740000000000002,0.1510000000000003,0,1,0,0,0,135,103,4,2.510620599677924,112.45760415017931
2,265,0.4020000000000004,0.15300000000000002,0,0.4020000000000004,0.15300000000000002,0,0,1,0,0,76,44,7,-2.5951253108673935,76.0
3,265,0.6980000000000004,0.18000000000000008,0,0.6980000000000004,0.18000000000000008,0,1,0,0,0,107,72,5,0.22738129310391209,107.0
0,266,0.8,0.2500000000000001,0,0.8,0.2500000000000001,0,0,0,0,0,70,42,5,-1.311417538522604,70.0
1,266,0.6780000000000002,0.1530000000000003,0,0.6780000000000002,0.1530000000000003,0,1,0,0,0,135,103,4,2.510620599677924,112.45760415017931
2,266,0.4060000000000004,0.15500000000000003,0,0.4060000000000004,0.15500000000000003,0,1,0,0,0,76,44,7,-2.5951253108673935,76.0
3,266,0.7020000000000004,0.18200000000000008,0,0.7020000000000004,0.18200000000000008,1,1,0,1,0,108,73,5,0.2786745874914627,108.0
0,267,0.8,0.2520000000000001,0,0.8,0.2520000000000001,0,0,0,0,0,70,42,5,-1.311417538522604,70.0
1,267,0.6820000000000002,0.1550000000000003,0,0.6820000000000002,0.1550000000000003,0,1,1,0,0,135,103,4,2.510620599677924,112.45760415017931
2,267,0.4100000000000004,0.15700000000000003,0,0.4100000000000004,0.15700000000000003,1,1,0,1,0,77,45,7,-2.543832016479843,77.0
3,267,0.7120000000000004,0.18400000000000008,0,0.7120000000000004,0.18400000000000008,1,1,1,1,1,109,74,6,-0.3631792986809317,109.0
0,268,0.8,0.2540000000000001,0,0.8,0.2540000000000001,1,1,0,1,0,71,43,5,-1.2601242441350533,71.0
1,268,0.6860000000000002,0.1570000000000003,0,0.6860000000000002,0.1570000000000003,1,1,0,1,0,136,104,4,2.561913894065475,112.45760415017931
2,268,0.42000000000000043,0.15900000000000003,0,0.42000000000000043,0.15900000000000003,0,0,0,0,0,77,45,7,-2.543832016479843,77.0
3,268,0.5220000000000005,0.1,8,0.5220000000000005,0.05,0,0,0,0,0,109,74,6,-0.3631792986809317,109.0
0,269,0.8,0.2560000000000001,0,0.8,0.2560000000000001,1,1,0,1,0,72,44,5,-1.2088309497475032,72.0
1,269,0.6960000000000002,0.1590000000000003,0,0.6960000000000002,0.1590000000000003,0,1,0,0,0,136,104,4,2.561913894065475,112.45760415017931
2,269,0.42400000000000043,0.16100000000000003,0,0.42400000000000043,0.16100000000000003,0,0,0,0,0,77,45,7,-2.543832016479843,77.0
3,269,0.5260000000000005,0.10200000000000001,7,0.5260000000000005,0.05,0,1,1,0,0,109,74,6,-0.3631792986809317,109.0
0,270,0.8,0.2580000000000001,0,0.8,0.2580000000000001,0,1,0,0,0,72,44,5,-1.2088309497475032,72.0
1,270,0.7000000000000002,0.1610000000000003,0,0.7000000000000002,0.1610000000000003,1,1,0,1,0,137,105,4,2.6132071884530252,112.45760415017931
2,270,0.42800000000000044,0.16300000000000003,0,0.42800000000000044,0.16300000000000003,0,0,1,0,0,77,45,7,-2.543832016479843,77.0
3,270,0.5300000000000005,0.10400000000000001,6,0.5300000000000005,0.05,0,0,0,0,0,109,74,6,-0.3631792986809317,109.0
0,271,0.8,0.2600000000000001,0,0.8,0.2600000000000001,0,1,0,0,0,72,44,5,-1.2088309497475032,72.0
1,271,0.7100000000000002,0.1630000000000003,0,0.7100000000000002,0.1630000000000003,0,1,0,0,0,137,105,4,2.6132071884530252,112.45760415017931
2,271,0.43200000000000044,0.16500000000000004,0,0.43200000000000044,0.16500000000000004,0,1,0,0,0,77,45,7,-2.543832016479843,77.0
3,271,0.5340000000000005,0.10600000000000001,5,0.5340000000000005,0.05,0,0,0,0,0,109,74,6,-0.3631792986809317,109.0
0,272,0.8,0.2620000000000001,0,0.8,0.2620000000000001,0,1,0,0,0,72,44,5,-1.2088309497475032,72.0
1,272,0.7140000000000002,0.1650000000000003,0,0.7140000000000002,0.1650000000000003,0,1,0,0,0,137,105,4,2.6132071884530252,112.45760415017931
2,272,0.43600000000000044,0.16700000000000004,0,0.43600000000000044,0.16700000000000004,0,0,0,0,0,77,45,7,-2.543832016479843,77.0
3,272,0.5380000000000005,0.10800000000000001,4,0.5380000000000005,0.05,0,1,0,0,0,109,74,6,-0.3631792986809317,109.0
0,273,0.8,0.2640000000000001,0,0.8,0.2640000000000001,0,1,0,0,0,72,44,5,-1.2088309497475032,72.0
1,273,0.7180000000000002,0.16700000000000031,0,0.7180000000000002,0.16700000000000031,0,0,0,0,0,137,105,4,2.6132071884530252,112.45760415017931
2,273,0.44000000000000045,0.16900000000000004,0,0.44000000000000045,0.16900000000000004,1,0,0,1,0,78,45,7,-2.543832016479843,78.0
3,273,0.5420000000000005,0.11000000000000001,3,0.5420000000000005,0.05,0,0,0,0,0,109,74,6,-0.3631792986809317,109.0
0,274,0.8,0.2660000000000001,0,0.8,0.2660000000000001,1,1,0,1,0,73,45,5,-1.1575376553599526,73.0
1,274,0.7220000000000002,0.16900000000000032,0,0.7220000000000002,0.16900000000000032,0,1,0,0,0,137,105,4,2.6132071884530252,112.45760415017931
2,274,0.45000000000000046,0.17100000000000004,0,0.45000000000000046,0.17100000000000004,0,1,0,0,0,78,45,7,-2.543832016479843,78.0
3,274,0.5460000000000005,0.11200000000000002,2,0.5460000000000005,0.05,0,1,0,0,0,109,74,6,-0.3631792986809317,109.0
0,275,0.8,0.2680000000000001,0,0.8,0.2680000000000001,0,1,0,0,0,73,45,5,-1.1575376553599526,73.0
1,275,0.7260000000000002,0.17100000000000032,0,0.7260000000000002,0.17100000000000032,1,1,0,1,0,138,106,4,2.6645004828405754,112.45760415017931
2,275,0.45400000000000046,0.17300000000000004,0,0.45400000000000046,0.17300000000000004,0,1,0,0,0,78,45,7,-2.543832016479843,78.0
3,275,0.5500000000000005,0.11400000000000002,1,0.5500000000000005,0.05,0,1,0,0,0,109,74,6,-0.3631792986809317,109.0
0,276,0.8,0.27000000000000013,0,0.8,0.27000000000000013,1,1,0,1,0,74,46,5,-1.106244360972402,74.0
1,276,0.7360000000000002,0.17300000000000032,0,0.7360000000000002,0.17300000000000032,1,1,1,1,1,139,107,5,2.022646596668181,125.97101148414419
2,276,0.45800000000000046,0.17500000000000004,0,0.45800000000000046,0.17500000000000004,0,0,0,0,0,78,45,7,-2.543832016479843,78.0
3,276,0.5540000000000005,0.11600000000000002,0,0.5540000000000005,0.11600000000000002,0,1,0,0,0,109,74,6,-0.3631792986809317,109.0
0,277,0.8,0.27200000000000013,0,0.8,0.27200000000000013,0,1,0,0,0,74,46,5,-1.106244360972402,74.0
1,277,0.5460000000000003,0.1,8,0.5460000000000003,0.05,0,1,0,0,0,139,107,5,2.022646596668181,125.97101148414419
2,277,0.46200000000000047,0.17700000000000005,0,0.46200000000000047,0.17700000000000005,1,0,0,1,0,79,45,7,-2.543832016479843,79.0
3,277,0.5580000000000005,0.11800000000000002,0,0.5580000000000005,0.11800000000000002,0,0,0,0,0,109,74,6,-0.3631792986809317,109.0
0,278,0.8,0.27400000000000013,0,0.8,0.27400000000000013,1,1,0,1,0,75,47,5,-1.0549510665848514,75.0
1,278,0.5500000000000003,0.10200000000000001,7,0.5500000000000003,0.05,0,0,0,0,0,139,107,5,2.022646596668181,125.97101148414419
2,278,0.4720000000000005,0.17900000000000005,0,0.4720000000000005,0.17900000000000005,0,1,0,0,0,79,45,7,-2.543832016479843,79.0
3,278,0.5620000000000005,0.12000000000000002,0,0.5620000000000005,0.12000000000000002,0,1,0,0,0,109,74,6,-0.3631792986809317,109.0
0,279,0.8,0.27600000000000013,0,0.8,0.27600000000000013,1,0,1,1,0,76,47,5,-1.0549510665848514,76.0
1,279,0.5540000000000003,0.10400000000000001,6,0.5540000000000003,0.05,0,0,0,0,0,139,107,5,2.022646596668181,125.97101148414419
2,279,0.4760000000000005,0.18100000000000005,0,0.4760000000000005,0.18100000000000005,0,0,0,0,0,79,45,7,-2.543832016479843,79.0
3,279,0.5660000000000005,0.12200000000000003,0,0.5660000000000005,0.12200000000000003,0,1,0,0,0,109,74,6,-0.3631792986809317,109.0
0,280,0.8,0.30300000000000016,0,0.8,0.30300000000000016,0,1,0,0,0,76,47,5,-1.0549510665848514,76.0
1,280,0.5580000000000003,0.10600000000000001,5,0.5580000000000003,0.05,0,1,0,0,0,139,107,5,2.022646596668181,125.97101148414419
2,280,0.4800000000000005,0.18300000000000005,0,0.4800000000000005,0.18300000000000005,0,1,0,0,0,79,45,7,-2.543832016479843,79.0
3,280,0.5700000000000005,0.12400000000000003,0,0.5700000000000005,0.12400000000000003,0,1,0,0,0,109,74,6,-0.3631792986809317,109.0
0,281,0.8,0.30500000000000016,0,0.8,0.30500000000000016,1,1,0,1,0,77,48,5,-1.0036577721973008,77.0
1,281,0.5620000000000003,0.10800000000000001,4,0.5620000000000003,0.05,0,1,0,0,0,139,107,5,2.022646596668181,125.97101148414419
2,281,0.4840000000000005,0.18500000000000005,0,0.4840000000000005,0.18500000000000005,0,0,0,0,0,79,45,7,-2.543832016479843,79.0
3,281,0.5740000000000005,0.12600000000000003,0,0.5740000000000005,0.12600000000000003,0,0,0,0,0,109,74,6,-0.3631792986809317,109.0
0,282,0.8,0.30700000000000016,0,0.8,0.30700000000000016,1,1,0,1,0,78,49,5,-0.9523644778097502,78.0
1,282,0.5660000000000003,0.11000000000000001,3,0.5660000000000003,0.05,0,1,0,0,0,139,107,5,2.022646596668181,125.97101148414419
2,282,0.4880000000000005,0.18700000000000006,0,0.4880000000000005,0.18700000000000006,0,1,0,0,0,79,45,7,-2.543832016479843,79.0
3,282,0.5780000000000005,0.12800000000000003,0,0.5780000000000005,0.12800000000000003,0,1,0,0,0,109,74,6,-0.3631792986809317,109.0
0,283,0.8,0.30900000000000016,0,0.8,0.30900000000000016,0,1,0,0,0,78,49,5,-0.9523644778097502,78.0
1,283,0.5700000000000003,0.11200000000000002,2,0.5700000000000003,0.05,0,1,0,0,0,139,107,5,2.022646596668181,125.97101148414419
2,283,0.4920000000000005,0.18900000000000006,0,0.4920000000000005,0.18900000000000006,0,1,0,0,0,79,45,7,-2.543832016479843,79.0
3,283,0.5820000000000005,0.13000000000000003,0,0.5820000000000005,0.13000000000000003,0,0,1,0,0,109,74,6,-0.3631792986809317,109.0
0,284,0.8,0.31100000000000017,0,0.8,0.31100000000000017,0,1,0,0,0,78,49,5,-0.9523644778097502,78.0
1,284,0.5740000000000003,0.11400000000000002,1,0.5740000000000003,0.05,0,1,0,0,0,139,107,5,2.022646596668181,125.97101148414419
2,284,0.4960000000000005,0.19100000000000006,0,0.4960000000000005,0.19100000000000006,0,0,0,0,0,79,45,7,-2.543832016479843,79.0
3,284,0.5860000000000005,0.13200000000000003,0,0.5860000000000005,0.13200000000000003,0,0,0,0,0,109,74,6,-0.3631792986809317,109.0
0,285,0.8,0.31300000000000017,0,0.8,0.31300000000000017,1,0,0,1,0,79,49,5,-0.9523644778097502,79.0
1,285,0.5780000000000003,0.11600000000000002,0,0.5780000000000003,0.11600000000000002,1,0,0,1,0,140,107,5,2.022646596668181,125.97101148414419
2,285,0.5000000000000004,0.19300000000000006,0,0.5000000000000004,0.19300000000000006,1,0,0,1,0,80,45,7,-2.543832016479843,80.0
3,285,0.5900000000000005,0.13400000000000004,0,0.5900000000000005,0.13400000000000004,0,1,0,0,0,109,74,6,-0.3631792986809317,109.0
0,286,0.8,0.31500000000000017,0,0.8,0.31500000000000017,0,1,0,0,0,79,49,5,-0.9523644778097502,79.0
1,286,0.5880000000000003,0.11800000000000002,0,0.5880000000000003,0.11800000000000002,0,0,0,0,0,140,107,5,2.022646596668181,125.97101148414419
2,286,0.5100000000000005,0.19500000000000006,0,0.5100000000000005,0.19500000000000006,1,1,0,1,0,81,46,7,-2.4925387220922923,81.0
3,286,0.5940000000000005,0.13600000000000004,0,0.5940000000000005,0.13600000000000004,0,0,0,0,0,109,74,6,-0.3631792986809317,109.0
0,287,0.8,0.31700000000000017,0,0.8,0.31700000000000017,1,1,0,1,0,80,50,5,-0.9010711834221996,80.0
1,287,0.5920000000000003,0.12000000000000002,0,0.5920000000000003,0.12000000000000002,0,0,0,0,0,140,107,5,2.022646596668181,125.97101148414419
2,287,0.5200000000000005,0.19700000000000006,0,0.5200000000000005,0.19700000000000006,1,0,0,1,0,82,46,7,-2.4925387220922923,82.0
3,287,0.5980000000000005,0.13800000000000004,0,0.5980000000000005,0.13800000000000004,0,1,0,0,0,109,74,6,-0.3631792986809317,109.0
0,288,0.8,0.3190000000000002,0,0.8,0.3190000000000002,1,1,0,1,0,81,51,5,-0.849777889034649,81.0
1,288,0.5960000000000003,0.12200000000000003,0,0.5960000000000003,0.12200000000000003,0,1,1,0,0,140,107,5,2.022646596668181,125.97101148414419
2,288,0.5300000000000005,0.19900000000000007,0,0.5300000000000005,0.19900000000000007,0,0,0,0,0,82,46,7,-2.4925387220922923,82.0
3,288,0.6020000000000005,0.14000000000000004,0,0.6020000000000005,0.14000000000000004,0,1,0,0,0,109,74,6,-0.3631792986809317,109.0
0,289,0.8,0.3210000000000002,0,0.8,0.3210000000000002,0,1,0,0,0,81,51,5,-0.849777889034649,81.0
1,289,0.6000000000000003,0.12400000000000003,0,0.6000000000000003,0.12400000000000003,0,1,0,0,0,140,107,5,2.022646596668181,125.97101148414419
2,289,0.5340000000000005,0.20100000000000007,0,0.5340000000000005,0.20100000000000007,0,0,0,0,0,82,46,7,-2.4925387220922923,82.0
3,289,0.6060000000000005,0.14200000000000004,0,0.6060000000000005,0.14200000000000004,0,0,1,0,0,109,74,6,-0.3631792986809317,109.0
0,290,0.8,0.3230000000000002,0,0.8,0.3230000000000002,1,1,0,1,0,82,52,5,-0.7984845946470984,82.0
1,290,0.6040000000000003,0.12600000000000003,0,0.6040000000000003,0.12600000000000003,1,0,0,1,0,141,107,5,2.022646596668181,125.97101148414419
2,290,0.5380000000000005,0.20300000000000007,0,0.5380000000000005,0.20300000000000007,1,0,0,1,0,83,46,7,-2.4925387220922923,83.0
3,290,0.6100000000000005,0.14400000000000004,0,0.6100000000000005,0.14400000000000004,0,0,0,0,0,109,74,6,-0.3631792986809317,109.0
0,291,0.8,0.3250000000000002,0,0.8,0.3250000000000002,0,1,0,0,0,82,52,5,-0.7984845946470984,82.0
1,291,0.6140000000000003,0.12800000000000003,0,0.6140000000000003,0.12800000000000003,0,0,0,0,0,141,107,5,2.022646596668181,125.97101148414419
2,291,0.5480000000000005,0.20500000000000007,0,0.5480000000000005,0.20500000000000007,1,0,0,1,0,84,46,7,-2.4925387220922923,84.0
3,291,0.6140000000000005,0.14600000000000005,0,0.6140000000000005,0.14600000000000005,0,0,0,0,0,109,74,6,-0.3631792986809317,109.0
0,292,0.8,0.3270000000000002,0,0.8,0.3270000000000002,1,1,0,1,0,83,53,5,-0.7471913002595483,83.0
1,292,0.6180000000000003,0.13000000000000003,0,0.6180000000000003,0.13000000000000003,0,1,0,0,0,141,107,5,2.022646596668181,125.97101148414419
2,292,0.5580000000000005,0.20700000000000007,0,0.5580000000000005,0.20700000000000007,0,0,0,0,0,84,46,7,-2.4925387220922923,84.0
3,292,0.6180000000000005,0.14800000000000005,0,0.6180000000000005,0.14800000000000005,0,1,0,0,0,109,74,6,-0.3631792986809317,109.0
0,293,0.8,0.3290000000000002,0,0.8,0.3290000000000002,0,0,0,0,0,83,53,5,-0.7471913002595483,83.0
1,293,0.6220000000000003,0.13200000000000003,0,0.6220000000000003,0.13200000000000003,0,1,0,0,0,141,107,5,2.022646596668181,125.97101148414419
2,293,0.5620000000000005,0.20900000000000007,0,0.5620000000000005,0.20900000000000007,0,1,0,0,0,84,46,7,-2.4925387220922923,84.0
3,293,0.6220000000000006,0.15000000000000005,0,0.6220000000000006,0.15000000000000005,0,0,0,0,0,109,74,6,-0.3631792986809317,109.0
0,294,0.8,0.3310000000000002,0,0.8,0.3310000000000002,0,0,0,0,0,83,53,5,-0.7471913002595483,83.0
1,294,0.6260000000000003,0.13400000000000004,0,0.6260000000000003,0.13400000000000004,0,1,0,0,0,141,107,5,2.022646596668181,125.97101148414419
2,294,0.5660000000000005,0.21100000000000008,0,0.5660000000000005,0.21100000000000008,0,0,0,0,0,84,46,7,-2.4925387220922923,84.0
3,294,0.6260000000000006,0.15200000000000005,0,0.6260000000000006,0.15200000000000005,1,0,0,1,0,110,74,6,-0.3631792986809317,110.0
0,295,0.8,0.3330000000000002,0,0.8,0.3330000000000002,0,1,0,0,0,83,53,5,-0.7471913002595483,83.0
1,295,0.6300000000000003,0.13600000000000004,0,0.6300000000000003,0.13600000000000004,0,1,0,0,0,141,107,5,2.022646596668181,125.97101148414419
2,295,0.5700000000000005,0.21300000000000008,0,0.5700000000000005,0.21300000000000008,0,0,0,0,0,84,46,7,-2.4925387220922923,84.0
3,295,0.6360000000000006,0.15400000000000005,0,0.6360000000000006,0.15400000000000005,0,0,0,0,0,110,74,6,-0.3631792986809317,110.0
0,296,0.8,0.3350000000000002,0,0.8,0.3350000000000002,1,1,0,1,0,84,54,5,-0.6958980058719977,84.0
1,296,0.6340000000000003,0.13800000000000004,0,0.6340000000000003,0.13800000000000004,1,0,0,1,0,142,107,5,2.022646596668181,125.97101148414419
2,296,0.5740000000000005,0.21500000000000008,0,0.5740000000000005,0.21500000000000008,0,1,1,0,0,84,46,7,-2.4925387220922923,84.0
3,296,0.6400000000000006,0.15600000000000006,0,0.6400000000000006,0.15600000000000006,0,1,0,0,0,110,74,6,-0.3631792986809317,110.0
0,297,0.8,0.3370000000000002,0,0.8,0.3370000000000002,0,0,0,0,0,84,54,5,-0.6958980058719977,84.0
1,297,0.6440000000000003,0.14000000000000004,0,0.6440000000000003,0.14000000000000004,0,1,0,0,0,142,107,5,2.022646596668181,125.97101148414419
2,297,0.5780000000000005,0.21700000000000008,0,0.5780000000000005,0.21700000000000008,0,1,0,0,0,84,46,7,-2.4925387220922923,84.0
3,297,0.6440000000000006,0.15800000000000006,0,0.6440000000000006,0.15800000000000006,0,1,0,0,0,110,74,6,-0.3631792986809317,110.0
0,298,0.8,0.3390000000000002,0,0.8,0.3390000000000002,0,1,0,0,0,84,54,5,-0.6958980058719977,84.0
1,298,0.6480000000000004,0.14200000000000004,0,0.6480000000000004,0.14200000000000004,0,0,0,0,0,142,107,5,2.022646596668181,125.97101148414419
2,298,0.5820000000000005,0.21900000000000008,0,0.5820000000000005,0.21900000000000008,0,0,0,0,0,84,46,7,-2.4925387220922923,84.0
3,298,0.6480000000000006,0.16000000000000006,0,0.6480000000000006,0.16000000000000006,0,1,1,0,0,110,74,6,-0.3631792986809317,110.0
0,299,0.8,0.3410000000000002,0,0.8,0.3410000000000002,0,1,0,0,0,84,54,5,-0.6958980058719977,84.0
1,299,0.6520000000000004,0.14400000000000004,0,0.6520000000000004,0.14400000000000004,1,1,0,1,0,143,108,5,2.073939891055731,125.97101148414419
2,299,0.5860000000000005,0.22100000000000009,0,0.5860000000000005,0.22100000000000009,0,1,0,0,0,84,46,7,-2.4925387220922923,84.0
3,299,0.6520000000000006,0.16200000000000006,0,0.6520000000000006,0.16200000000000006,0,0,0,0,0,110,74,6,-0.3631792986809317,110.0
0,300,0.8,0.3430000000000002,0,0.8,0.3430000000000002,0,1,1,0,0,84,54,5,-0.6958980058719977,84.0
1,300,0.6620000000000004,0.14600000000000005,0,0.6620000000000004,0.14600000000000005,0,1,0,0,0,143,108,5,2.073939891055731,125.97101148414419
2,300,0.5900000000000005,0.2230000000000001,0,0.5900000000000005,0.2230000000000001,1,0,0,1,0,85,46,7,-2.4925387220922923,85.0
3,300,0.6560000000000006,0.16400000000000006,0,0.6560000000000006,0.16400000000000006,0,1,0,0,0,110,74,6,-0.3631792986809317,110.0
0,301,0.8,0.3450000000000002,0,0.8,0.3450000000000002,1,1,0,1,0,85,55,5,-0.6446047114844471,85.0
1,301,0.6660000000000004,0.14800000000000005,0,0.6660000000000004,0.14800000000000005,0,1,0,0,0,143,108,5,2.073939891055731,125.97101148414419
2,301,0.6000000000000005,0.2250000000000001,0,0.6000000000000005,0.2250000000000001,0,0,0,0,0,85,46,7,-2.4925387220922923,85.0
3,301,0.6600000000000006,0.16600000000000006,0,0.6600000000000006,0.16600000000000006,0,1,0,0,0,110,74,6,-0.3631792986809317,110.0
0,302,0.8,0.3470000000000002,0,0.8,0.3470000000000002,0,1,0,0,0,85,55,5,-0.6446047114844471,85.0
1,302,0.6700000000000004,0.15000000000000005,0,0.6700000000000004,0.15000000000000005,1,1,0,1,0,144,109,5,2.125233185443282,125.97101148414419
2,302,0.6040000000000005,0.2270000000000001,0,0.6040000000000005,0.2270000000000001,0,0,0,0,0,85,46,7,-2.4925387220922923,85.0
3,302,0.6640000000000006,0.16800000000000007,0,0.6640000000000006,0.16800000000000007,0,1,0,0,0,110,74,6,-0.3631792986809317,110.0
0,303,0.8,0.3490000000000002,0,0.8,0.3490000000000002,1,1,0,1,0,86,56,5,-0.5933114170968965,86.0
1,303,0.6800000000000004,0.15200000000000005,0,0.6800000000000004,0.15200000000000005,0,1,0,0,0,144,109,5,2.125233185443282,125.97101148414419
2,303,0.6080000000000005,0.2290000000000001,0,0.6080000000000005,0.2290000000000001,0,1,0,0,0,85,46,7,-2.4925387220922923,85.0
3,303,0.6680000000000006,0.17000000000000007,0,0.6680000000000006,0.17000000000000007,0,0,0,0,0,110,74,6,-0.3631792986809317,110.0
0,304,0.8,0.3510000000000002,0,0.8,0.3510000000000002,0,1,0,0,0,86,56,5,-0.5933114170968965,86.0
1,304,0.6840000000000004,0.15400000000000005,0,0.6840000000000004,0.15400000000000005,0,1,0,0,0,144,109,5,2.125233185443282,125.97101148414419
2,304,0.6120000000000005,0.2310000000000001,0,0.6120000000000005,0.2310000000000001,0,1,0,0,0,85,46,7,-2.4925387220922923,85.0
3,304,0.6720000000000006,0.17200000000000007,0,0.6720000000000006,0.17200000000000007,0,1,0,0,0,110,74,6,-0.3631792986809317,110.0
0,305,0.8,0.3530000000000002,0,0.8,0.3530000000000002,0,1,1,0,0,86,56,5,-0.5933114170968965,86.0
1,305,0.6880000000000004,0.15600000000000006,0,0.6880000000000004,0.15600000000000006,0,1,0,0,0,144,109,5,2.125233185443282,125.97101148414419
2,305,0.6160000000000005,0.2330000000000001,0,0.6160000000000005,0.2330000000000001,0,1,0,0,0,85,46,7,-2.4925387220922923,85.0
3,305,0.6760000000000006,0.17400000000000007,0,0.6760000000000006,0.17400000000000007,0,1,0,0,0,110,74,6,-0.3631792986809317,110.0
0,306,0.8,0.3550000000000002,0,0.8,0.3550000000000002,1,1,0,1,0,87,57,5,-0.5420181227093459,87.0
1,306,0.6920000000000004,0.15800000000000006,0,0.6920000000000004,0.15800000000000006,1,0,0,1,0,145,109,5,2.125233185443282,125.97101148414419
2,306,0.6200000000000006,0.2350000000000001,0,0.6200000000000006,0.2350000000000001,0,1,0,0,0,85,46,7,-2.4925387220922923,85.0
3,306,0.6800000000000006,0.17600000000000007,0,0.6800000000000006,0.17600000000000007,0,1,0,0,0,110,74,6,-0.3631792986809317,110.0
0,307,0.8,0.3570000000000002,0,0.8,0.3570000000000002,0,0,0,0,0,87,57,5,-0.5420181227093459,87.0
1,307,0.7020000000000004,0.16000000000000006,0,0.7020000000000004,0.16000000000000006,0,0,0,0,0,145,109,5,2.125233185443282,125.97101148414419
2,307,0.6240000000000006,0.2370000000000001,0,0.6240000000000006,0.2370000000000001,0,1,1,0,0,85,46,7,-2.4925387220922923,85.0
3,307,0.6840000000000006,0.17800000000000007,0,0.6840000000000006,0.17800000000000007,1,1,0,1,0,111,75,6,-0.3118860042933811,111.0
0,308,0.8,0.3590000000000002,0,0.8,0.3590000000000002,0,1,0,0,0,87,57,5,-0.5420181227093459,87.0
1,308,0.7060000000000004,0.16200000000000006,0,0.7060000000000004,0.16200000000000006,0,1,0,0,0,145,109,5,2.125233185443282,125.97101148414419
2,308,0.6280000000000006,0.2390000000000001,0,0.6280000000000006,0.2390000000000001,0,0,0,0,0,85,46,7,-2.4925387220922923,85.0
3,308,0.6940000000000006,0.18000000000000008,0,0.6940000000000006,0.18000000000000008,1,1,0,1,0,112,76,6,-0.26059270990583094,112.0
0,309,0.8,0.3610000000000002,0,0.8,0.3610000000000002,0,1,0,0,0,87,57,5,-0.5420181227093459,87.0
1,309,0.7100000000000004,0.16400000000000006,0,0.7100000000000004,0.16400000000000006,0,1,0,0,0,145,109,5,2.125233185443282,125.97101148414419
2,309,0.6320000000000006,0.2410000000000001,0,0.6320000000000006,0.2410000000000001,0,1,0,0,0,85,46,7,-2.4925387220922923,85.0
3,309,0.7040000000000006,0.18200000000000008,0,0.7040000000000006,0.18200000000000008,0,0,0,0,0,112,76,6,-0.26059270990583094,112.0
0,310,0.8,0.3630000000000002,0,0.8,0.3630000000000002,0,0,0,0,0,87,57,5,-0.5420181227093459,87.0
1,310,0.7140000000000004,0.16600000000000006,0,0.7140000000000004,0.16600000000000006,0,1,0,0,0,145,109,5,2.125233185443282,125.97101148414419
2,310,0.6360000000000006,0.2430000000000001,0,0.6360000000000006,0.2430000000000001,0,0,0,0,0,85,46,7,-2.4925387220922923,85.0
3,310,0.7080000000000006,0.18400000000000008,0,0.7080000000000006,0.18400000000000008,1,1,0,1,0,113,77,6,-0.20929941551828035,113.0
0,311,0.8,0.3650000000000002,0,0.8,0.3650000000000002,0,1,0,0,0,87,57,5,-0.5420181227093459,87.0
1,311,0.7180000000000004,0.16800000000000007,0,0.7180000000000004,0.16800000000000007,0,1,0,0,0,145,109,5,2.125233185443282,125.97101148414419
2,311,0.6400000000000006,0.2450000000000001,0,0.6400000000000006,0.2450000000000001,0,1,1,0,0,85,46,7,-2.4925387220922923,85.0
3,311,0.7180000000000006,0.18600000000000008,0,0.7180000000000006,0.18600000000000008,1,1,0,1,0,114,78,6,-0.15800612113072976,114.0
0,312,0.8,0.3670000000000002,0,0.8,0.3670000000000002,1,1,0,1,0,88,58,5,-0.4907248283217953,88.0
1,312,0.7220000000000004,0.17000000000000007,0,0.7220000000000004,0.17000000000000007,0,0,0,0,0,145,109,5,2.125233185443282,125.97101148414419
2,312,0.6440000000000006,0.2470000000000001,0,0.6440000000000006,0.2470000000000001,0,0,0,0,0,85,46,7,-2.4925387220922923,85.0
3,312,0.7280000000000006,0.18800000000000008,0,0.7280000000000006,0.18800000000000008,0,1,0,0,0,114,78,6,-0.15800612113072976,114.0
0,313,0.8,0.3690000000000002,0,0.8,0.3690000000000002,0,0,0,0,0,88,58,5,-0.4907248283217953,88.0
1,313,0.7260000000000004,0.17200000000000007,0,0.7260000000000004,0.17200000000000007,0,0,0,0,0,145,109,5,2.125233185443282,125.97101148414419
2,313,0.6480000000000006,0.2490000000000001,0,0.6480000000000006,0.2490000000000001,1,0,0,1,0,86,46,7,-2.4925387220922923,86.0
3,313,0.7320000000000007,0.19000000000000009,0,0.7320000000000007,0.19000000000000009,0,1,1,0,0,114,78,6,-0.15800612113072976,114.0
0,314,0.8,0.3710000000000002,0,0.8,0.3710000000000002,1,1,0,1,0,89,59,5,-0.4394315339342447,89.0
1,314,0.7300000000000004,0.17400000000000007,0,0.7300000000000004,0.17400000000000007,1,0,1,1,0,146,109,5,2.125233185443282,125.97101148414419
2,314,0.6580000000000006,0.2510000000000001,0,0.6580000000000006,0.2510000000000001,1,1,0,1,0,87,47,7,-2.4412454277047417,87.0
3,314,0.7360000000000007,0.1920000000000001,0,0.7360000000000007,0.1920000000000001,0,1,0,0,0,114,78,6,-0.15800612113072976,114.0
0,315,0.8,0.3730000000000002,0,0.8,0.3730000000000002,1,1,1,1,1,90,60,6,-1.0812854201066395,90.0
1,315,0.7500000000000004,0.20100000000000007,0,0.7500000000000004,0.20100000000000007,0,1,0,0,0,146,109,5,2.125233185443282,125.97101148414419
2,315,0.6680000000000006,0.2530000000000001,0,0.6680000000000006,0.2530000000000001,0,1,0,0,0,87,47,7,-2.4412454277047417,87.0
3,315,0.7400000000000007,0.1940000000000001,0,0.7400000000000007,0.1940000000000001,0,0,1,0,0,114,78,6,-0.15800612113072976,114.0
0,316,0.6100000000000001,0.1,8,0.6100000000000001,0.05,0,1,0,0,0,90,60,6,-1.0812854201066395,90.0
1,316,0.7540000000000004,0.20300000000000007,0,0.7540000000000004,0.20300000000000007,0,1,0,0,0,146,109,5,2.125233185443282,125.97101148414419
2,316,0.6720000000000006,0.2550000000000001,0,0.6720000000000006,0.2550000000000001,0,0,0,0,0,87,47,7,-2.4412454277047417,87.0
3,316,0.7440000000000007,0.1960000000000001,0,0.7440000000000007,0.1960000000000001,0,1,0,0,0,114,78,6,-0.15800612113072976,114.0
0,317,0.6140000000000001,0.10200000000000001,7,0.6140000000000001,0.05,0,1,0,0,0,90,60,6,-1.0812854201066395,90.0
1,317,0.7580000000000005,0.20500000000000007,0,0.7580000000000005,0.20500000000000007,0,1,0,0,0,146,109,5,2.125233185443282,125.97101148414419
2,317,0.6760000000000006,0.2570000000000001,0,0.6760000000000006,0.2570000000000001,0,1,0,0,0,87,47,7,-2.4412454277047417,87.0
3,317,0.7480000000000007,0.1980000000000001,0,0.7480000000000007,0.1980000000000001,0,1,0,0,0,114,78,6,-0.15800612113072976,114.0
0,318,0.6180000000000001,0.10400000000000001,6,0.6180000000000001,0.05,0,1,0,0,0,90,60,6,-1.0812854201066395,90.0
1,318,0.7620000000000005,0.20700000000000007,0,0.7620000000000005,0.20700000000000007,1,0,0,1,0,147,109,5,2.125233185443282,125.97101148414419
2,318,0.6800000000000006,0.2590000000000001,0,0.6800000000000006,0.2590000000000001,0,1,0,0,0,87,47,7,-2.4412454277047417,87.0
3,318,0.7520000000000007,0.2000000000000001,0,0.7520000000000007,0.2000000000000001,1,1,1,1,1,115,79,7,-0.7998600073031241,115.0
0,319,0.6220000000000001,0.10600000000000001,5,0.6220000000000001,0.05,0,1,0,0,0,90,60,6,-1.0812854201066395,90.0
1,319,0.7720000000000005,0.20900000000000007,0,0.7720000000000005,0.20900000000000007,0,1,1,0,0,147,109,5,2.125233185443282,125.97101148414419
2,319,0.6840000000000006,0.2610000000000001,0,0.6840000000000006,0.2610000000000001,1,1,0,1,0,88,48,7,-2.389952133317191,88.0
3,319,0.5620000000000007,0.1,8,0.5620000000000007,0.05,1,0,0,1,0,116,79,7,-0.7998600073031241,116.0
0,320,0.6260000000000001,0.10800000000000001,4,0.6260000000000001,0.05,0,0,0,0,0,90,60,6,-1.0812854201066395,90.0
1,320,0.7760000000000005,0.21100000000000008,0,0.7760000000000005,0.21100000000000008,0,1,0,0,0,147,109,5,2.125233185443282,125.97101148414419
2,320,0.6940000000000006,0.2630000000000001,0,0.6940000000000006,0.2630000000000001,0,0,0,0,0,88,48,7,-2.389952133317191,88.0
3,320,0.5720000000000007,0.10200000000000001,7,0.5720000000000007,0.05,1,1,0,1,0,117,80,7,-0.748566712915574,117.0
0,321,0.6300000000000001,0.11000000000000001,3,0.7800000000000001,0.05,0,1,0,0,0,90,60,6,-1.0812854201066395,90.0
1,321,0.7800000000000005,0.21300000000000008,0,0.9300000000000005,0.21300000000000008,0,1,0,0,0,147,109,5,2.125233185443282,125.97101148414419
2,321,0.6980000000000006,0.2650000000000001,0,0.8480000000000006,0.2650000000000001,1,1,0,1,0,89,49,7,-2.3386588389296405,89.0
3,321,0.5820000000000007,0.10400000000000001,6,0.7320000000000008,0.05,1,0,0,1,0,118,80,7,-0.748566712915574,118.0
0,322,0.6340000000000001,0.11200000000000002,2,0.7840000000000001,0.05,0,1,0,0,0,90,60,6,-1.0812854201066395,90.0
1,322,0.7840000000000005,0.21500000000000008,0,0.9340000000000005,0.21500000000000008,1,1,0,1,0,148,110,5,2.1765264798308324,125.97101148414419
2,322,0.7080000000000006,0.2670000000000001,0,0.8580000000000007,0.2670000000000001,0,0,0,0,0,89,49,7,-2.3386588389296405,89.0
3,322,0.5920000000000007,0.10600000000000001,5,0.7420000000000008,0.05,0,1,0,0,0,118,80,7,-0.748566712915574,118.0
0,323,0.6380000000000001,0.11400000000000002,1,0.7880000000000001,0.05,0,0,0,0,0,90,60,6,-1.0812854201066395,90.0
1,323,0.7940000000000005,0.21700000000000008,0,0.9440000000000005,0.21700000000000008,0,1,0,0,0,148,110,5,2.1765264798308324,125.97101148414419
2,323,0.7120000000000006,0.26900000000000013,0,0.8620000000000007,0.26900000000000013,0,0,0,0,0,89,49,7,-2.3386588389296405,89.0
3,323,0.5960000000000008,0.10800000000000001,4,0.7460000000000008,0.05,0,0,1,0,0,118,80,7,-0.748566712915574,118.0
0,324,0.6420000000000001,0.11600000000000002,0,0.7920000000000001,0.11600000000000002,0,1,0,0,0,90,60,6,-1.0812854201066395,90.0
1,324,0.7980000000000005,0.21900000000000008,0,0.9480000000000005,0.21900000000000008,1,1,0,1,0,149,111,5,2.2278197742183834,125.97101148414419
2,324,0.7160000000000006,0.27100000000000013,0,0.8660000000000007,0.27100000000000013,0,1,0,0,0,89,49,7,-2.3386588389296405,89.0
3,324,0.6000000000000008,0.11000000000000001,3,0.7500000000000008,0.05,0,1,0,0,0,118,80,7,-0.748566712915574,118.0
0,325,0.6460000000000001,0.11800000000000002,0,0.7960000000000002,0.11800000000000002,0,1,0,0,0,90,60,6,-1.0812854201066395,90.0
1,325,0.8,0.22100000000000009,0,0.95,0.22100000000000009,0,0,0,0,0,149,111,5,2.2278197742183834,125.97101148414419
2,325,0.7200000000000006,0.27300000000000013,0,0.8700000000000007,0.27300000000000013,0,1,0,0,0,89,49,7,-2.3386588389296405,89.0
3,325,0.6040000000000008,0.11200000000000002,2,0.7540000000000008,0.05,0,1,0,0,0,118,80,7,-0.748566712915574,118.0
0,326,0.6500000000000001,0.12000000000000002,0,0.8000000000000002,0.12000000000000002,0,1,0,0,0,90,60,6,-1.0812854201066395,90.0
1,326,0.8,0.2230000000000001,0,0.95,0.2230000000000001,0,1,0,0,0,149,111,5,2.2278197742183834,125.97101148414419
2,326,0.7240000000000006,0.27500000000000013,0,0.8740000000000007,0.27500000000000013,1,1,0,1,0,90,50,7,-2.28736554454209,90.0
3,326,0.6080000000000008,0.11400000000000002,1,0.7580000000000008,0.05,0,1,0,0,0,118,80,7,-0.748566712915574,118.0
0,327,0.6540000000000001,0.12200000000000003,0,0.8040000000000002,0.12200000000000003,0,1,0,0,0,90,60,6,-1.0812854201066395,90.0
1,327,0.8,0.2250000000000001,0,0.95,0.2250000000000001,0,1,0,0,0,149,111,5,2.2278197742183834,125.97101148414419
2,327,0.7340000000000007,0.27700000000000014,0,0.8840000000000007,0.27700000000000014,1,1,0,1,0,91,51,7,-2.2360722501545394,91.0
3,327,0.6120000000000008,0.11600000000000002,0,0.7620000000000008,0.11600000000000002,0,1,0,0,0,118,80,7,-0.748566712915574,118.0
0,328,0.6580000000000001,0.12400000000000003,0,0.8080000000000002,0.12400000000000003,0,1,1,0,0,90,60,6,-1.0812854201066395,90.0
1,328,0.8,0.2270000000000001,0,0.95,0.2270000000000001,1,1,0,1,0,150,112,5,2.2791130686059335,125.97101148414419
2,328,0.7440000000000007,0.27900000000000014,0,0.8940000000000007,0.27900000000000014,0,1,0,0,0,91,51,7,-2.2360722501545394,91.0
3,328,0.6160000000000008,0.11800000000000002,0,0.7660000000000008,0.11800000000000002,0,1,0,0,0,118,80,7,-0.748566712915574,118.0
0,329,0.6620000000000001,0.12600000000000003,0,0.8120000000000002,0.12600000000000003,0,1,0,0,0,90,60,6,-1.0812854201066395,90.0
1,329,0.8,0.2290000000000001,0,0.95,0.2290000000000001,0,1,0,0,0,150,112,5,2.2791130686059335,125.97101148414419
2,329,0.7480000000000007,0.28100000000000014,0,0.8980000000000007,0.28100000000000014,0,0,0,0,0,91,51,7,-2.2360722501545394,91.0
3,329,0.6200000000000008,0.12000000000000002,0,0.7700000000000008,0.12000000000000002,0,1,0,0,0,118,80,7,-0.748566712915574,118.0
0,330,0.6660000000000001,0.12800000000000003,0,0.8160000000000002,0.12800000000000003,0,1,0,0,0,90,60,6,-1.0812854201066395,90.0
1,330,0.8,0.2310000000000001,0,0.95,0.2310000000000001,1,1,0,1,0,151,113,5,2.3304063629934837,125.97101148414419
2,330,0.7520000000000007,0.28300000000000014,0,0.9020000000000007,0.28300000000000014,1,1,0,1,0,92,52,7,-2.1847789557669888,92.0
3,330,0.6240000000000008,0.12200000000000003,0,0.7740000000000008,0.12200000000000003,1,0,0,1,0,119,80,7,-0.748566712915574,119.0
0,331,0.6700000000000002,0.13000000000000003,0,0.8200000000000002,0.13000000000000003,0,1,1,0,0,90,60,6,-1.0812854201066395,90.0
1,331,0.8,0.2330000000000001,0,0.95,0.2330000000000001,1,0,0,1,0,152,113,5,2.3304063629934837,125.97101148414419
2,331,0.7620000000000007,0.28500000000000014,0,0.9120000000000007,0.28500000000000014,0,1,0,0,0,92,52,7,-2.1847789557669888,92.0
3,331,0.6340000000000008,0.12400000000000003,0,0.7840000000000008,0.12400000000000003,0,1,0,0,0,119,80,7,-0.748566712915574,119.0
0,332,0.6740000000000002,0.13200000000000003,0,0.8240000000000002,0.13200000000000003,0,0,0,0,0,90,60,6,-1.0812854201066395,90.0
1,332,0.8,0.2350000000000001,0,0.95,0.2350000000000001,1,1,0,1,0,153,114,5,2.3816996573810347,125.97101148414419
2,332,0.7660000000000007,0.28700000000000014,0,0.9160000000000007,0.28700000000000014,1,0,0,1,0,93,52,7,-2.1847789557669888,93.0
3,332,0.6380000000000008,0.12600000000000003,0,0.7880000000000008,0.12600000000000003,0,1,0,0,0,119,80,7,-0.748566712915574,119.0
0,333,0.6780000000000002,0.13400000000000004,0,0.8280000000000002,0.13400000000000004,0,1,0,0,0,90,60,6,-1.0812854201066395,90.0
1,333,0.8,0.2370000000000001,0,0.95,0.2370000000000001,1,1,0,1,0,154,115,5,2.432992951768585,125.97101148414419
2,333,0.7760000000000007,0.28900000000000015,0,0.9260000000000007,0.28900000000000015,1,1,0,1,0,94,53,7,-2.1334856613794386,94.0
3,333,0.6420000000000008,0.12800000000000003,0,0.7920000000000008,0.12800000000000003,0,0,0,0,0,119,80,7,-0.748566712915574,119.0
0,334,0.6820000000000002,0.13600000000000004,0,0.8320000000000002,0.13600000000000004,0,1,0,0,0,90,60,6,-1.0812854201066395,90.0
1,334,0.8,0.2390000000000001,0,0.95,0.2390000000000001,0,1,0,0,0,154,115,5,2.432992951768585,125.97101148414419
2,334,0.7860000000000007,0.29100000000000015,0,0.9360000000000007,0.29100000000000015,0,1,0,0,0,94,53,7,-2.1334856613794386,94.0
3,334,0.6460000000000008,0.13000000000000003,0,0.7960000000000008,0.13000000000000003,0,0,1,0,0,119,80,7,-0.748566712915574,119.0
0,335,0.6860000000000002,0.13800000000000004,0,0.8360000000000002,0.13800000000000004,0,0,0,0,0,90,60,6,-1.0812854201066395,90.0
1,335,0.8,0.2410000000000001,0,0.95,0.2410000000000001,0,1,0,0,0,154,115,5,2.432992951768585,125.97101148414419
2,335,0.7900000000000007,0.29300000000000015,0,0.9400000000000007,0.29300000000000015,1,1,0,1,0,95,54,7,-2.082192366991888,95.0
3,335,0.6500000000000008,0.13200000000000003,0,0.8000000000000008,0.13200000000000003,0,1,0,0,0,119,80,7,-0.748566712915574,119.0
0,336,0.6900000000000002,0.14000000000000004,0,0.8400000000000002,0.14000000000000004,0,1,0,0,0,90,60,6,-1.0812854201066395,90.0
1,336,0.8,0.2430000000000001,0,0.95,0.2430000000000001,0,1,0,0,0,154,115,5,2.432992951768585,125.97101148414419
2,336,0.8,0.29500000000000015,0,0.95,0.29500000000000015,0,1,1,0,0,95,54,7,-2.082192366991888,95.0
3,336,0.6540000000000008,0.13400000000000004,0,0.8040000000000008,0.13400000000000004,1,1,0,1,0,120,81,7,-0.6972734185280238,120.0
0,337,0.6940000000000002,0.14200000000000004,0,0.8440000000000002,0.14200000000000004,0,1,0,0,0,90,60,6,-1.0812854201066395,90.0
1,337,0.8,0.2450000000000001,0,0.95,0.2450000000000001,0,1,0,0,0,154,115,5,2.432992951768585,125.97101148414419
2,337,0.8,0.29700000000000015,0,0.95,0.29700000000000015,0,1,0,0,0,95,54,7,-2.082192366991888,95.0
3,337,0.6640000000000008,0.13600000000000004,0,0.8140000000000008,0.13600000000000004,0,0,0,0,0,120,81,7,-0.6972734185280238,120.0
0,338,0.6980000000000002,0.14400000000000004,0,0.8480000000000002,0.14400000000000004,0,1,0,0,0,90,60,6,-1.0812854201066395,90.0
1,338,0.8,0.2470000000000001,0,0.95,0.2470000000000001,0,1,0,0,0,154,115,5,2.432992951768585,125.97101148414419
2,338,0.8,0.29900000000000015,0,0.95,0.29900000000000015,0,1,0,0,0,95,54,7,-2.082192366991888,95.0
3,338,0.6680000000000008,0.13800000000000004,0,0.8180000000000008,0.13800000000000004,1,1,0,1,0,121,82,7,-0.6459801241404728,121.0
0,339,0.7020000000000002,0.14600000000000005,0,0.8520000000000002,0.14600000000000005,0,1,0,0,0,90,60,6,-1.0812854201066395,90.0
1,339,0.8,0.2490000000000001,0,0.95,0.2490000000000001,0,1,0,0,0,154,115,5,2.432992951768585,125.97101148414419
2,339,0.8,0.30100000000000016,0,0.95,0.30100000000000016,0,1,0,0,0,95,54,7,-2.082192366991888,95.0
3,339,0.6780000000000008,0.14000000000000004,0,0.8280000000000008,0.14000000000000004,0,1,0,0,0,121,82,7,-0.6459801241404728,121.0
0,340,0.7060000000000002,0.14800000000000005,0,0.8560000000000002,0.14800000000000005,0,1,0,0,0,90,60,6,-1.0812854201066395,90.0
1,340,0.8,0.2510000000000001,0,0.95,0.2510000000000001,1,1,0,1,0,155,116,5,2.484286246156136,125.97101148414419
2,340,0.8,0.30300000000000016,0,0.95,0.30300000000000016,0,1,0,0,0,95,54,7,-2.082192366991888,95.0
3,340,0.6820000000000008,0.14200000000000004,0,0.8320000000000008,0.14200000000000004,0,1,0,0,0,121,82,7,-0.6459801241404728,121.0
0,341,0.7100000000000002,0.15000000000000005,0,0.8600000000000002,0.15000000000000005,1,0,0,1,0,91,60,6,-1.0812854201066395,91.0
1,341,0.8,0.2530000000000001,0,0.95,0.2530000000000001,1,1,0,1,0,156,117,5,2.535579540543686,125.97101148414419
2,341,0.8,0.30500000000000016,0,0.95,0.30500000000000016,1,1,0,1,0,96,55,7,-2.0308990726043374,96.0
3,341,0.6860000000000008,0.14400000000000004,0,0.8360000000000009,0.14400000000000004,0,1,0,0,0,121,82,7,-0.6459801241404728,121.0
0,342,0.7200000000000002,0.15200000000000005,0,0.8700000000000002,0.15200000000000005,0,1,1,0,0,91,60,6,-1.0812854201066395,91.0
1,342,0.8,0.2550000000000001,0,0.95,0.2550000000000001,0,1,0,0,0,156,117,5,2.535579540543686,125.97101148414419
2,342,0.8,0.30700000000000016,0,0.95,0.30700000000000016,0,1,0,0,0,96,55,7,-2.0308990726043374,96.0
3,342,0.6900000000000008,0.14600000000000005,0,0.8400000000000009,0.14600000000000005,0,1,0,0,0,121,82,7,-0.6459801241404728,121.0
0,343,0.7240000000000002,0.15400000000000005,0,0.8740000000000002,0.15400000000000005,0,1,0,0,0,91,60,6,-1.0812854201066395,91.0
1,343,0.8,0.2570000000000001,0,0.95,0.2570000000000001,0,1,0,0,0,156,117,5,2.535579540543686,125.97101148414419
2,343,0.8,0.30900000000000016,0,0.95,0.30900000000000016,0,1,0,0,0,96,55,7,-2.0308990726043374,96.0
3,343,0.6940000000000008,0.14800000000000005,0,0.8440000000000009,0.14800000000000005,0,0,0,0,0,121,82,7,-0.6459801241404728,121.0
0,344,0.7280000000000002,0.15600000000000006,0,0.8780000000000002,0.15600000000000006,0,0,0,0,0,91,60,6,-1.0812854201066395,91.0
1,344,0.8,0.2590000000000001,0,0.95,0.2590000000000001,0,1,0,0,0,156,117,5,2.535579540543686,125.97101148414419
2,344,0.8,0.31100000000000017,0,0.95,0.31100000000000017,0,0,0,0,0,96,55,7,-2.0308990726043374,96.0
3,344,0.6980000000000008,0.15000000000000005,0,0.8480000000000009,0.15000000000000005,0,1,0,0,0,121,82,7,-0.6459801241404728,121.0
0,345,0.7320000000000002,0.15800000000000006,0,0.8820000000000002,0.15800000000000006,0,1,1,0,0,91,60,6,-1.0812854201066395,91.0
1,345,0.8,0.2610000000000001,0,0.95,0.2610000000000001,1,1,0,1,0,157,118,5,2.586872834931237,125.97101148414419
2,345,0.8,0.31300000000000017,0,0.95,0.31300000000000017,1,1,0,1,0,97,56,7,-1.9796057782167868,97.0
3,345,0.7020000000000008,0.15200000000000005,0,0.8520000000000009,0.15200000000000005,0,1,0,0,0,121,82,7,-0.6459801241404728,121.0
0,346,0.7360000000000002,0.16000000000000006,0,0.8860000000000002,0.16000000000000006,1,1,0,1,0,92,61,6,-1.029992125719089,92.0
1,346,0.8,0.2630000000000001,0,0.95,0.2630000000000001,0,1,1,0,0,157,118,5,2.586872834931237,125.97101148414419
2,346,0.8,0.31500000000000017,0,0.95,0.31500000000000017,1,1,0,1,0,98,57,7,-1.9283124838292363,98.0
3,346,0.7060000000000008,0.15400000000000005,0,0.8560000000000009,0.15400000000000005,0,1,0,0,0,121,82,7,-0.6459801241404728,121.0
0,347,0.7460000000000002,0.16200000000000006,0,0.8960000000000002,0.16200000000000006,0,1,0,0,0,92,61,6,-1.029992125719089,92.0
1,347,0.8,0.2650000000000001,0,0.95,0.2650000000000001,0,1,0,0,0,157,118,5,2.586872834931237,125.97101148414419
2,347,0.8,0.31700000000000017,0,0.95,0.31700000000000017,0,1,0,0,0,98,57,7,-1.9283124838292363,98.0
3,347,0.7100000000000009,0.15600000000000006,0,0.8600000000000009,0.15600000000000006,0,1,0,0,0,121,82,7,-0.6459801241404728,121.0
0,348,0.7500000000000002,0.16400000000000006,0,0.9000000000000002,0.16400000000000006,0,1,0,0,0,92,61,6,-1.029992125719089,92.0
1,348,0.8,0.2670000000000001,0,0.95,0.2670000000000001,0,1,0,0,0,157,118,5,2.586872834931237,125.97101148414419
2,348,0.8,0.3190000000000002,0,0.95,0.3190000000000002,1,1,0,1,0,99,58,7,-1.8770191894416857,99.0
3,348,0.7140000000000009,0.15800000000000006,0,0.8640000000000009,0.15800000000000006,0,1,0,0,0,121,82,7,-0.6459801241404728,121.0
0,349,0.7540000000000002,0.16600000000000006,0,0.9040000000000002,0.16600000000000006,0,1,0,0,0,92,61,6,-1.029992125719089,92.0
1,349,0.8,0.26900000000000013,0,0.95,0.26900000000000013,1,1,0,1,0,158,119,5,2.6381661293187872,125.97101148414419
2,349,0.8,0.3210000000000002,0,0.95,0.3210000000000002,1,1,0,1,0,100,59,7,-1.825725895054135,100.0
3,349,0.7180000000000009,0.16000000000000006,0,0.8680000000000009,0.16000000000000006,0,0,0,0,0,121,82,7,-0.6459801241404728,121.0
0,350,0.7580000000000002,0.16800000000000007,0,0.9080000000000003,0.16800000000000007,0,1,0,0,0,92,61,6,-1.029992125719089,92.0
1,350,0.8,0.27100000000000013,0,0.95,0.27100000000000013,0,1,0,0,0,158,119,5,2.6381661293187872,125.97101148414419
2,350,0.8,0.3230000000000002,0,0.95,0.3230000000000002,0,1,0,0,0,100,59,7,-1.825725895054135,100.0
3,350,0.7220000000000009,0.16200000000000006,0,0.8720000000000009,0.16200000000000006,0,1,0,0,0,121,82,7,-0.6459801241404728,121.0
0,351,0.7620000000000002,0.17000000000000007,0,0.9120000000000003,0.17000000000000007,0,1,1,0,0,92,61,6,-1.029992125719089,92.0
1,351,0.8,0.27300000000000013,0,0.95,0.27300000000000013,0,1,0,0,0,158,119,5,2.6381661293187872,125.97101148414419
2,351,0.8,0.3250000000000002,0,0.95,0.3250000000000002,0,1,0,0,0,100,59,7,-1.825725895054135,100.0
3,351,0.7260000000000009,0.16400000000000006,0,0.8760000000000009,0.16400000000000006,0,1,0,0,0,121,82,7,-0.6459801241404728,121.0
0,352,0.7660000000000002,0.17200000000000007,0,0.9160000000000003,0.17200000000000007,1,1,0,1,0,93,62,6,-0.9786988313315383,93.0
1,352,0.8,0.27500000000000013,0,0.95,0.27500000000000013,0,1,0,0,0,158,119,5,2.6381661293187872,125.97101148414419
2,352,0.8,0.3270000000000002,0,0.95,0.3270000000000002,1,1,0,1,0,101,60,7,-1.774432600666585,101.0
3,352,0.7300000000000009,0.16600000000000006,0,0.8800000000000009,0.16600000000000006,0,1,0,0,0,121,82,7,-0.6459801241404728,121.0
0,353,0.7760000000000002,0.17400000000000007,0,0.9260000000000003,0.17400000000000007,1,1,0,1,0,94,63,6,-0.9274055369439878,94.0
1,353,0.8,0.27700000000000014,0,0.95,0.27700000000000014,0,0,0,0,0,158,119,5,2.6381661293187872,125.97101148414419
2,353,0.8,0.3290000000000002,0,0.95,0.3290000000000002,0,1,0,0,0,101,60,7,-1.774432600666585,101.0
3,353,0.7340000000000009,0.16800000000000007,0,0.8840000000000009,0.16800000000000007,0,1,0,0,0,121,82,7,-0.6459801241404728,121.0
0,354,0.7860000000000003,0.17600000000000007,0,0.9360000000000003,0.17600000000000007,0,1,0,0,0,94,63,6,-0.9274055369439878,94.0
1,354,0.8,0.27900000000000014,0,0.95,0.27900000000000014,1,1,1,1,1,159,120,6,1.9963122431463924,139.48441881810908
2,354,0.8,0.3310000000000002,0,0.95,0.3310000000000002,1,1,0,1,0,102,61,7,-1.7231393062790343,102.0
3,354,0.7380000000000009,0.17000000000000007,0,0.8880000000000009,0.17000000000000007,0,1,0,0,0,121,82,7,-0.6459801241404728,121.0
0,355,0.7900000000000003,0.17800000000000007,0,0.9400000000000003,0.17800000000000007,0,0,0,0,0,94,63,6,-0.9274055369439878,94.0
1,355,0.6100000000000001,0.1,8,0.7600000000000001,0.05,0,1,0,0,0,159,120,6,1.9963122431463924,139.48441881810908
2,355,0.8,0.3330000000000002,0,0.95,0.3330000000000002,0,1,0,0,0,102,61,7,-1.7231393062790343,102.0
3,355,0.7420000000000009,0.17200000000000007,0,0.8920000000000009,0.17200000000000007,1,0,0,1,0,122,82,7,-0.6459801241404728,122.0
0,356,0.7940000000000003,0.18000000000000008,0,0.9440000000000003,0.18000000000000008,0,0,0,0,0,94,63,6,-0.9274055369439878,94.0
1,356,0.6140000000000001,0.10200000000000001,7,0.7640000000000001,0.05,0,1,0,0,0,159,120,6,1.9963122431463924,139.48441881810908
2,356,0.8,0.3350000000000002,0,0.95,0.3350000000000002,0,1,0,0,0,102,61,7,-1.7231393062790343,102.0
3,356,0.7520000000000009,0.17400000000000007,0,0.9020000000000009,0.17400000000000007,1,1,0,1,0,123,83,7,-0.5946868297529226,123.0
0,357,0.7980000000000003,0.18200000000000008,0,0.9480000000000003,0.18200000000000008,0,1,0,0,0,94,63,6,-0.9274055369439878,94.0
1,357,0.6180000000000001,0.10400000000000001,6,0.7680000000000001,0.05,0,0,0,0,0,159,120,6,1.9963122431463924,139.48441881810908
2,357,0.8,0.3370000000000002,0,0.95,0.3370000000000002,1,1,0,1,0,103,62,7,-1.6718460118914837,103.0
3,357,0.7620000000000009,0.17600000000000007,0,0.9120000000000009,0.17600000000000007,1,1,0,1,0,124,84,7,-0.5433935353653716,124.0
0,358,0.8,0.18400000000000008,0,0.95,0.18400000000000008,0,1,0,0,0,94,63,6,-0.9274055369439878,94.0
1,358,0.6220000000000001,0.10600000000000001,5,0.7720000000000001,0.05,0,1,0,0,0,159,120,6,1.9963122431463924,139.48441881810908
2,358,0.8,0.3390000000000002,0,0.95,0.3390000000000002,1,1,0,1,0,104,63,7,-1.6205527175039331,104.0
3,358,0.7720000000000009,0.17800000000000007,0,0.9220000000000009,0.17800000000000007,0,0,0,0,0,124,84,7,-0.5433935353653716,124.0
0,359,0.8,0.18600000000000008,0,0.95,0.18600000000000008,0,1,0,0,0,94,63,6,-0.9274055369439878,94.0
1,359,0.6260000000000001,0.10800000000000001,4,0.7760000000000001,0.05,0,0,0,0,0,159,120,6,1.9963122431463924,139.48441881810908
2,359,0.8,0.3410000000000002,0,0.95,0.3410000000000002,0,1,0,0,0,104,63,7,-1.6205527175039331,104.0
3,359,0.7760000000000009,0.18000000000000008,0,0.9260000000000009,0.18000000000000008,0,1,0,0,0,124,84,7,-0.5433935353653716,124.0
0,360,0.8,0.18800000000000008,0,0.95,0.18800000000000008,0,1,0,0,0,94,63,6,-0.9274055369439878,94.0
1,360,0.6300000000000001,0.11000000000000001,3,0.7800000000000001,0.05,0,1,0,0,0,159,120,6,1.9963122431463924,139.48441881810908
2,360,0.8,0.3430000000000002,0,0.95,0.3430000000000002,1,1,0,1,0,105,64,7,-1.5692594231163826,105.0
3,360,0.7800000000000009,0.18200000000000008,0,0.9300000000000009,0.18200000000000008,0,1,0,0,0,124,84,7,-0.5433935353653716,124.0
0,361,0.8,0.19000000000000009,0,0.95,0.19000000000000009,0,1,1,0,0,94,63,6,-0.9274055369439878,94.0
1,361,0.6340000000000001,0.11200000000000002,2,0.7840000000000001,0.05,0,1,0,0,0,159,120,6,1.9963122431463924,139.48441881810908
2,361,0.8,0.3450000000000002,0,0.95,0.3450000000000002,1,1,0,1,0,106,65,7,-1.517966128728832,106.0
3,361,0.7840000000000009,0.18400000000000008,0,0.9340000000000009,0.18400000000000008,0,1,0,0,0,124,84,7,-0.5433935353653716,124.0
0,362,0.8,0.1920000000000001,0,0.95,0.1920000000000001,0,1,0,0,0,94,63,6,-0.9274055369439878,94.0
1,362,0.6380000000000001,0.11400000000000002,1,0.7880000000000001,0.05,0,1,0,0,0,159,120,6,1.9963122431463924,139.48441881810908
2,362,0.8,0.3470000000000002,0,0.95,0.3470000000000002,0,1,0,0,0,106,65,7,-1.517966128728832,106.0
3,362,0.7880000000000009,0.18600000000000008,0,0.9380000000000009,0.18600000000000008,0,1,0,0,0,124,84,7,-0.5433935353653716,124.0
0,363,0.8,0.1940000000000001,0,0.95,0.1940000000000001,0,1,0,0,0,94,63,6,-0.9274055369439878,94.0
1,363,0.6420000000000001,0.11600000000000002,0,0.7920000000000001,0.11600000000000002,0,1,1,0,0,159,120,6,1.9963122431463924,139.48441881810908
2,363,0.8,0.3490000000000002,0,0.95,0.3490000000000002,0,1,0,0,0,106,65,7,-1.517966128728832,106.0
3,363,0.7920000000000009,0.18800000000000008,0,0.942000000000001,0.18800000000000008,0,1,0,0,0,124,84,7,-0.5433935353653716,124.0
0,364,0.8,0.1960000000000001,0,0.95,0.1960000000000001,0,1,1,0,0,94,63,6,-0.9274055369439878,94.0
1,364,0.6460000000000001,0.11800000000000002,0,0.7960000000000002,0.11800000000000002,0,1,0,0,0,159,120,6,1.9963122431463924,139.48441881810908
2,364,0.8,0.3510000000000002,0,0.95,0.3510000000000002,0,1,0,0,0,106,65,7,-1.517966128728832,106.0
3,364,0.7960000000000009,0.19000000000000009,0,0.946000000000001,0.19000000000000009,0,1,0,0,0,124,84,7,-0.5433935353653716,124.0
0,365,0.8,0.1980000000000001,0,0.95,0.1980000000000001,0,1,0,0,0,94,63,6,-0.9274055369439878,94.0
1,365,0.6500000000000001,0.12000000000000002,0,0.8000000000000002,0.12000000000000002,0,1,1,0,0,159,120,6,1.9963122431463924,139.48441881810908
2,365,0.8,0.3530000000000002,0,0.95,0.3530000000000002,0,1,1,0,0,106,65,7,-1.517966128728832,106.0
3,365,0.8,0.1920000000000001,0,0.95,0.1920000000000001,0,1,0,0,0,124,84,7,-0.5433935353653716,124.0
0,366,0.8,0.2000000000000001,0,0.95,0.2000000000000001,0,1,0,0,0,94,63,6,-0.9274055369439878,94.0
1,366,0.6540000000000001,0.12200000000000003,0,0.8040000000000002,0.12200000000000003,0,1,0,0,0,159,120,6,1.9963122431463924,139.48441881810908
2,366,0.8,0.3550000000000002,0,0.95,0.3550000000000002,0,1,0,0,0,106,65,7,-1.517966128728832,106.0
3,366,0.8,0.1940000000000001,0,0.95,0.1940000000000001,0,1,0,0,0,124,84,7,-0.5433935353653716,124.0
0,367,0.8,0.2020000000000001,0,0.95,0.2020000000000001,0,1,0,0,0,94,63,6,-0.9274055369439878,94.0
1,367,0.6580000000000001,0.12400000000000003,0,0.8080000000000002,0.12400000000000003,0,1,0,0,0,159,120,6,1.9963122431463924,139.48441881810908
2,367,0.8,0.3570000000000002,0,0.95,0.3570000000000002,1,1,0,1,0,107,66,7,-1.4666728343412814,107.0
3,367,0.8,0.1960000000000001,0,0.95,0.1960000000000001,0,1,0,0,0,124,84,7,-0.5433935353653716,124.0
0,368,0.8,0.2040000000000001,0,0.95,0.2040000000000001,1,1,0,1,0,95,64,6,-0.8761122425564372,95.0
1,368,0.6620000000000001,0.12600000000000003,0,0.8120000000000002,0.12600000000000003,0,1,0,0,0,159,120,6,1.9963122431463924,139.48441881810908
2,368,0.8,0.3590000000000002,0,0.95,0.3590000000000002,1,1,0,1,0,108,67,7,-1.4153795399537308,108.0
3,368,0.8,0.1980000000000001,0,0.95,0.1980000000000001,1,1,0,1,0,125,85,7,-0.49210024097782146,125.0
0,369,0.8,0.2060000000000001,0,0.95,0.2060000000000001,0,1,0,0,0,95,64,6,-0.8761122425564372,95.0
1,369,0.6660000000000001,0.12800000000000003,0,0.8160000000000002,0.12800000000000003,0,1,0,0,0,159,120,6,1.9963122431463924,139.48441881810908
2,369,0.8,0.3610000000000002,0,0.95,0.3610000000000002,0,1,0,0,0,108,67,7,-1.4153795399537308,108.0
3,369,0.8,0.2000000000000001,0,0.95,0.2000000000000001,0,1,0,0,0,125,85,7,-0.49210024097782146,125.0
0,370,0.8,0.2080000000000001,0,0.95,0.2080000000000001,0,1,0,0,0,95,64,6,-0.8761122425564372,95.0
1,370,0.6700000000000002,0.13000000000000003,0,0.8200000000000002,0.13000000000000003,0,0,0,0,0,159,120,6,1.9963122431463924,139.48441881810908
2,370,0.8,0.3630000000000002,0,0.95,0.3630000000000002,1,1,1,1,1,109,68,8,-2.0572334261261256,109.0
3,370,0.8,0.2020000000000001,0,0.95,0.2020000000000001,0,1,0,0,0,125,85,7,-0.49210024097782146,125.0
0,371,0.8,0.2100000000000001,0,0.95,0.2100000000000001,1,1,0,1,0,96,65,6,-0.8248189481688866,96.0
1,371,0.6740000000000002,0.13200000000000003,0,0.8240000000000002,0.13200000000000003,0,1,0,0,0,159,120,6,1.9963122431463924,139.48441881810908
2,371,0.6100000000000001,0.1,8,0.7600000000000001,0.05,0,1,0,0,0,109,68,8,-2.0572334261261256,109.0
3,371,0.8,0.2040000000000001,0,0.95,0.2040000000000001,0,1,0,0,0,125,85,7,-0.49210024097782146,125.0
0,372,0.8,0.2120000000000001,0,0.95,0.2120000000000001,0,1,1,0,0,96,65,6,-0.8248189481688866,96.0
1,372,0.6780000000000002,0.13400000000000004,0,0.8280000000000002,0.13400000000000004,0,1,1,0,0,159,120,6,1.9963122431463924,139.48441881810908
2,372,0.6140000000000001,0.10200000000000001,7,0.7640000000000001,0.05,0,1,0,0,0,109,68,8,-2.0572334261261256,109.0
3,372,0.8,0.2060000000000001,0,0.95,0.2060000000000001,0,1,0,0,0,125,85,7,-0.49210024097782146,125.0
0,373,0.8,0.2140000000000001,0,0.95,0.2140000000000001,0,1,0,0,0,96,65,6,-0.8248189481688866,96.0
1,373,0.6820000000000002,0.13600000000000004,0,0.8320000000000002,0.13600000000000004,0,1,0,0,0,159,120,6,1.9963122431463924,139.48441881810908
2,373,0.6180000000000001,0.10400000000000001,6,0.7680000000000001,0.05,0,1,0,0,0,109,68,8,-2.0572334261261256,109.0
3,373,0.8,0.2080000000000001,0,0.95,0.2080000000000001,0,1,0,0,0,125,85,7,-0.49210024097782146,125.0
0,374,0.8,0.2160000000000001,0,0.95,0.2160000000000001,0,1,0,0,0,96,65,6,-0.8248189481688866,96.0
1,374,0.6860000000000002,0.13800000000000004,0,0.8360000000000002,0.13800000000000004,0,0,0,0,0,159,120,6,1.9963122431463924,139.48441881810908
2,374,0.6220000000000001,0.10600000000000001,5,0.7720000000000001,0.05,0,1,0,0,0,109,68,8,-2.0572334261261256,109.0
3,374,0.8,0.2100000000000001,0,0.95,0.2100000000000001,0,1,0,0,0,125,85,7,-0.49210024097782146,125.0
0,375,0.8,0.2180000000000001,0,0.95,0.2180000000000001,0,1,0,0,0,96,65,6,-0.8248189481688866,96.0
1,375,0.6900000000000002,0.14000000000000004,0,0.8400000000000002,0.14000000000000004,0,0,0,0,0,159,120,6,1.9963122431463924,139.48441881810908
2,375,0.6260000000000001,0.10800000000000001,4,0.7760000000000001,0.05,1,1,0,1,0,110,69,8,-2.0059401317385754,110.0
3,375,0.8,0.2120000000000001,0,0.95,0.2120000000000001,0,0,0,0,0,125,85,7,-0.49210024097782146,125.0
0,376,0.8,0.2200000000000001,0,0.95,0.2200000000000001,0,1,0,0,0,96,65,6,-0.8248189481688866,96.0
1,376,0.6940000000000002,0.14200000000000004,0,0.8440000000000002,0.14200000000000004,0,1,0,0,0,159,120,6,1.9963122431463924,139.48441881810908
2,376,0.6360000000000001,0.11000000000000001,3,0.7860000000000001,0.05,0,0,0,0,0,110,69,8,-2.0059401317385754,110.0
3,376,0.8,0.2140000000000001,0,0.95,0.2140000000000001,0,1,0,0,0,125,85,7,-0.49210024097782146,125.0
0,377,0.8,0.22200000000000011,0,0.95,0.22200000000000011,0,1,0,0,0,96,65,6,-0.8248189481688866,96.0
1,377,0.6980000000000002,0.14400000000000004,0,0.8480000000000002,0.14400000000000004,1,1,0,1,0,160,121,6,2.0476055375339435,139.48441881810908
2,377,0.6400000000000001,0.11200000000000002,2,0.7900000000000001,0.05,0,0,0,0,0,110,69,8,-2.0059401317385754,110.0
3,377,0.8,0.2160000000000001,0,0.95,0.2160000000000001,0,1,1,0,0,125,85,7,-0.49210024097782146,125.0
0,378,0.8,0.22400000000000012,0,0.95,0.22400000000000012,0,1,0,0,0,96,65,6,-0.8248189481688866,96.0
1,378,0.7080000000000002,0.14600000000000005,0,0.8580000000000002,0.14600000000000005,0,0,1,0,0,160,121,6,2.0476055375339435,139.48441881810908
2,378,0.6440000000000001,0.11400000000000002,1,0.7940000000000002,0.05,0,1,1,0,0,110,69,8,-2.0059401317385754,110.0
3,378,0.8,0.2180000000000001,0,0.95,0.2180000000000001,0,1,0,0,0,125,85,7,-0.49210024097782146,125.0
0,379,0.8,0.22600000000000012,0,0.95,0.22600000000000012,0,1,0,0,0,96,65,6,-0.8248189481688866,96.0
1,379,0.7120000000000002,0.14800000000000005,0,0.8620000000000002,0.14800000000000005,0,1,0,0,0,160,121,6,2.0476055375339435,139.48441881810908
2,379,0.6480000000000001,0.11600000000000002,0,0.7980000000000002,0.11600000000000002,0,1,0,0,0,110,69,8,-2.0059401317385754,110.0
3,379,0.8,0.2200000000000001,0,0.95,0.2200000000000001,1,1,0,1,0,126,86,7,-0.4408069465902704,126.0
0,380,0.8,0.22800000000000012,0,0.95,0.22800000000000012,1,1,0,1,0,97,66,6,-0.773525653781336,97.0
1,380,0.7160000000000002,0.15000000000000005,0,0.8660000000000002,0.15000000000000005,0,1,1,0,0,160,121,6,2.0476055375339435,139.48441881810908
2,380,0.6520000000000001,0.11800000000000002,0,0.8020000000000002,0.11800000000000002,0,1,0,0,0,110,69,8,-2.0059401317385754,110.0
3,380,0.8,0.22200000000000011,0,0.95,0.22200000000000011,0,1,0,0,0,126,86,7,-0.4408069465902704,126.0
0,381,0.8,0.23000000000000012,0,0.95,0.23000000000000012,0,1,0,0,0,97,66,6,-0.773525653781336,97.0
1,381,0.7200000000000002,0.15200000000000005,0,0.8700000000000002,0.15200000000000005,0,1,0,0,0,160,121,6,2.0476055375339435,139.48441881810908
2,381,0.6560000000000001,0.12000000000000002,0,0.8060000000000002,0.12000000000000002,0,1,0,0,0,110,69,8,-2.0059401317385754,110.0
3,381,0.8,0.22400000000000012,0,0.95,0.22400000000000012,1,1,0,1,0,127,87,7,-0.3895136522027203,127.0
0,382,0.8,0.23200000000000012,0,0.95,0.23200000000000012,1,1,0,1,0,98,67,6,-0.7222323593937854,98.0
1,382,0.7240000000000002,0.15400000000000005,0,0.8740000000000002,0.15400000000000005,0,1,0,0,0,160,121,6,2.0476055375339435,139.48441881810908
2,382,0.6600000000000001,0.12200000000000003,0,0.8100000000000002,0.12200000000000003,0,0,0,0,0,110,69,8,-2.0059401317385754,110.0
3,382,0.8,0.22600000000000012,0,0.95,0.22600000000000012,0,1,0,0,0,127,87,7,-0.3895136522027203,127.0
0,383,0.8,0.23400000000000012,0,0.95,0.23400000000000012,1,1,0,1,0,99,68,6,-0.6709390650062348,99.0
1,383,0.7280000000000002,0.15600000000000006,0,0.8780000000000002,0.15600000000000006,0,1,0,0,0,160,121,6,2.0476055375339435,139.48441881810908
2,383,0.6640000000000001,0.12400000000000003,0,0.8140000000000002,0.12400000000000003,0,1,0,0,0,110,69,8,-2.0059401317385754,110.0
3,383,0.8,0.22800000000000012,0,0.95,0.22800000000000012,0,1,0,0,0,127,87,7,-0.3895136522027203,127.0
0,384,0.8,0.23600000000000013,0,0.95,0.23600000000000013,0,1,0,0,0,99,68,6,-0.6709390650062348,99.0
1,384,0.7320000000000002,0.15800000000000006,0,0.8820000000000002,0.15800000000000006,1,1,0,1,0,161,122,6,2.0988988319214936,139.48441881810908
2,384,0.6680000000000001,0.12600000000000003,0,0.8180000000000002,0.12600000000000003,0,1,0,0,0,110,69,8,-2.0059401317385754,110.0
3,384,0.8,0.23000000000000012,0,0.95,0.23000000000000012,0,1,0,0,0,127,87,7,-0.3895136522027203,127.0
0,385,0.8,0.23800000000000013,0,0.8,0.23800000000000013,0,1,0,0,0,99,68,6,-0.6709390650062348,99.0
1,385,0.7420000000000002,0.16000000000000006,0,0.7420000000000002,0.16000000000000006,0,0,1,0,0,161,122,6,2.0988988319214936,139.48441881810908
2,385,0.6720000000000002,0.12800000000000003,0,0.6720000000000002,0.12800000000000003,1,1,0,1,0,111,70,8,-1.9546468373510248,111.0
3,385,0.8,0.23200000000000012,0,0.8,0.23200000000000012,0,1,0,0,0,127,87,7,-0.3895136522027203,127.0
0,386,0.8,0.24000000000000013,0,0.8,0.24000000000000013,0,1,0,0,0,99,68,6,-0.6709390650062348,99.0
1,386,0.7460000000000002,0.16200000000000006,0,0.7460000000000002,0.16200000000000006,0,1,0,0,0,161,122,6,2.0988988319214936,139.48441881810908
2,386,0.6820000000000002,0.13000000000000003,0,0.6820000000000002,0.13000000000000003,0,1,0,0,0,111,70,8,-1.9546468373510248,111.0
3,386,0.8,0.23400000000000012,0,0.8,0.23400000000000012,0,1,0,0,0,127,87,7,-0.3895136522027203,127.0
0,387,0.8,0.24200000000000013,0,0.8,0.24200000000000013,0,1,0,0,0,99,68,6,-0.6709390650062348,99.0
1,387,0.7500000000000002,0.16400000000000006,0,0.7500000000000002,0.16400000000000006,0,1,0,0,0,161,122,6,2.0988988319214936,139.48441881810908
2,387,0.6860000000000002,0.13200000000000003,0,0.6860000000000002,0.13200000000000003,0,1,0,0,0,111,70,8,-1.9546468373510248,111.0
3,387,0.8,0.23600000000000013,0,0.8,0.23600000000000013,1,1,0,1,0,128,88,7,-0.3382203578151701,128.0
0,388,0.8,0.24400000000000013,0,0.8,0.24400000000000013,0,1,1,0,0,99,68,6,-0.6709390650062348,99.0
1,388,0.7540000000000002,0.16600000000000006,0,0.7540000000000002,0.16600000000000006,0,1,0,0,0,161,122,6,2.0988988319214936,139.48441881810908
2,388,0.6900000000000002,0.13400000000000004,0,0.6900000000000002,0.13400000000000004,1,0,0,1,0,112,70,8,-1.9546468373510248,112.0
3,388,0.8,0.23800000000000013,0,0.8,0.23800000000000013,0,0,0,0,0,128,88,7,-0.3382203578151701,128.0
0,389,0.8,0.24600000000000014,0,0.8,0.24600000000000014,0,1,0,0,0,99,68,6,-0.6709390650062348,99.0
1,389,0.7580000000000002,0.16800000000000007,0,0.7580000000000002,0.16800000000000007,0,0,0,0,0,161,122,6,2.0988988319214936,139.48441881810908
2,389,0.7000000000000002,0.13600000000000004,0,0.7000000000000002,0.13600000000000004,0,1,0,0,0,112,70,8,-1.9546468373510248,112.0
3,389,0.8,0.24000000000000013,0,0.8,0.24000000000000013,0,0,0,0,0,128,88,7,-0.3382203578151701,128.0
0,390,0.8,0.24800000000000014,0,0.8,0.24800000000000014,0,0,0,0,0,99,68,6,-0.6709390650062348,99.0
1,390,0.7620000000000002,0.17000000000000007,0,0.7620000000000002,0.17000000000000007,0,1,0,0,0,161,122,6,2.0988988319214936,139.48441881810908
2,390,0.7040000000000002,0.13800000000000004,0,0.7040000000000002,0.13800000000000004,0,1,0,0,0,112,70,8,-1.9546468373510248,112.0
3,390,0.8,0.24200000000000013,0,0.8,0.24200000000000013,0,1,0,0,0,128,88,7,-0.3382203578151701,128.0
0,391,0.8,0.2500000000000001,0,0.8,0.2500000000000001,0,1,0,0,0,99,68,6,-0.6709390650062348,99.0
1,391,0.7660000000000002,0.17200000000000007,0,0.7660000000000002,0.17200000000000007,0,1,0,0,0,161,122,6,2.0988988319214936,139.48441881810908
2,391,0.7080000000000002,0.14000000000000004,0,0.7080000000000002,0.14000000000000004,0,0,0,0,0,112,70,8,-1.9546468373510248,112.0
3,391,0.8,0.24400000000000013,0,0.8,0.24400000000000013,0,1,0,0,0,128,88,7,-0.3382203578151701,128.0
0,392,0.8,0.2520000000000001,0,0.8,0.2520000000000001,0,1,0,0,0,99,68,6,-0.6709390650062348,99.0
1,392,0.7700000000000002,0.17400000000000007,0,0.7700000000000002,0.17400000000000007,0,1,0,0,0,161,122,6,2.0988988319214936,139.48441881810908
2,392,0.7120000000000002,0.14200000000000004,0,0.7120000000000002,0.14200000000000004,0,1,0,0,0,112,70,8,-1.9546468373510248,112.0
3,392,0.8,0.24600000000000014,0,0.8,0.24600000000000014,0,1,0,0,0,128,88,7,-0.3382203578151701,128.0
0,393,0.8,0.2540000000000001,0,0.8,0.2540000000000001,0,0,0,0,0,99,68,6,-0.6709390650062348,99.0
1,393,0.7740000000000002,0.17600000000000007,0,0.7740000000000002,0.17600000000000007,0,1,0,0,0,161,122,6,2.0988988319214936,139.48441881810908
2,393,0.7160000000000002,0.14400000000000004,0,0.7160000000000002,0.14400000000000004,0,1,0,0,0,112,70,8,-1.9546468373510248,112.0
3,393,0.8,0.24800000000000014,0,0.8,0.24800000000000014,1,1,0,1,0,129,89,7,-0.2869270634276191,129.0
0,394,0.8,0.2560000000000001,0,0.8,0.2560000000000001,0,1,0,0,0,99,68,6,-0.6709390650062348,99.0
1,394,0.7780000000000002,0.17800000000000007,0,0.7780000000000002,0.17800000000000007,1,1,0,1,0,162,123,6,2.1501921263090447,139.48441881810908
2,394,0.7200000000000002,0.14600000000000005,0,0.7200000000000002,0.14600000000000005,0,1,0,0,0,112,70,8,-1.9546468373510248,112.0
3,394,0.8,0.2500000000000001,0,0.8,0.2500000000000001,0,0,0,0,0,129,89,7,-0.2869270634276191,129.0
0,395,0.8,0.2580000000000001,0,0.8,0.2580000000000001,1,1,0,1,0,100,69,6,-0.6196457706186846,100.0
1,395,0.7880000000000003,0.18000000000000008,0,0.7880000000000003,0.18000000000000008,0,1,0,0,0,162,123,6,2.1501921263090447,139.48441881810908
2,395,0.7240000000000002,0.14800000000000005,0,0.7240000000000002,0.14800000000000005,0,0,0,0,0,112,70,8,-1.9546468373510248,112.0
3,395,0.8,0.2520000000000001,0,0.8,0.2520000000000001,0,1,0,0,0,129,89,7,-0.2869270634276191,129.0
0,396,0.8,0.2600000000000001,0,0.8,0.2600000000000001,0,0,0,0,0,100,69,6,-0.6196457706186846,100.0
1,396,0.7920000000000003,0.18200000000000008,0,0.7920000000000003,0.18200000000000008,0,0,1,0,0,162,123,6,2.1501921263090447,139.48441881810908
2,396,0.7280000000000002,0.15000000000000005,0,0.7280000000000002,0.15000000000000005,0,1,0,0,0,112,70,8,-1.9546468373510248,112.0
3,396,0.8,0.2540000000000001,0,0.8,0.2540000000000001,0,1,1,0,0,129,89,7,-0.2869270634276191,129.0
0,397,0.8,0.2620000000000001,0,0.8,0.2620000000000001,0,1,0,0,0,100,69,6,-0.6196457706186846,100.0
1,397,0.7960000000000003,0.18400000000000008,0,0.7960000000000003,0.18400000000000008,0,1,0,0,0,162,123,6,2.1501921263090447,139.48441881810908
2,397,0.7320000000000002,0.15200000000000005,0,0.7320000000000002,0.15200000000000005,1,1,0,1,0,113,71,8,-1.9033535429634743,113.0
3,397,0.8,0.2560000000000001,0,0.8,0.2560000000000001,0,1,0,0,0,129,89,7,-0.2869270634276191,129.0
0,398,0.8,0.2640000000000001,0,0.8,0.2640000000000001,0,0,0,0,0,100,69,6,-0.6196457706186846,100.0
1,398,0.8,0.18600000000000008,0,0.8,0.18600000000000008,0,1,0,0,0,162,123,6,2.1501921263090447,139.48441881810908
2,398,0.7420000000000002,0.15400000000000005,0,0.7420000000000002,0.15400000000000005,1,1,0,1,0,114,72,8,-1.8520602485759237,114.0
3,398,0.8,0.2580000000000001,0,0.8,0.2580000000000001,0,1,0,0,0,129,89,7,-0.2869270634276191,129.0
0,399,0.8,0.2660000000000001,0,0.8,0.2660000000000001,0,1,0,0,0,100,69,6,-0.6196457706186846,100.0
1,399,0.8,0.18800000000000008,0,0.8,0.18800000000000008,0,1,0,0,0,162,123,6,2.1501921263090447,139.48441881810908
2,399,0.7520000000000002,0.15600000000000006,0,0.7520000000000002,0.15600000000000006,0,1,0,0,0,114,72,8,-1.8520602485759237,114.0
3,399,0.8,0.2600000000000001,0,0.8,0.2600000000000001,1,1,0,1,0,130,90,7,-0.23563376904006894,130.0
0,400,0.8,0.2680000000000001,0,0.8,0.2680000000000001,0,0,0,0,0,100,69,6,-0.6196457706186846,100.0
1,400,0.8,0.19000000000000009,0,0.8,0.19000000000000009,1,1,0,1,0,163,124,6,2.201485420696595,139.48441881810908
2,400,0.7560000000000002,0.15800000000000006,0,0.7560000000000002,0.15800000000000006,0,0,0,0,0,114,72,8,-1.8520602485759237,114.0
3,400,0.8,0.2620000000000001,0,0.8,0.2620000000000001,0,0,0,0,0,130,90,7,-0.23563376904006894,130.0
0,401,0.8,0.27000000000000013,0,0.8,0.27000000000000013,1,0,0,1,0,101,69,6,-0.6196457706186846,101.0
1,401,0.8,0.1920000000000001,0,0.8,0.1920000000000001,0,1,0,0,0,163,124,6,2.201485420696595,139.48441881810908
2,401,0.7600000000000002,0.16000000000000006,0,0.7600000000000002,0.16000000000000006,0,1,0,0,0,114,72,8,-1.8520602485759237,114.0
3,401,0.8,0.2640000000000001,0,0.8,0.2640000000000001,0,0,0,0,0,130,90,7,-0.23563376904006894,130.0
0,402,0.8,0.27200000000000013,0,0.8,0.27200000000000013,0,0,0,0,0,101,69,6,-0.6196457706186846,101.0
1,402,0.8,0.1940000000000001,0,0.8,0.1940000000000001,0,1,0,0,0,163,124,6,2.201485420696595,139.48441881810908
2,402,0.7640000000000002,0.16200000000000006,0,0.7640000000000002,0.16200000000000006,0,1,0,0,0,114,72,8,-1.8520602485759237,114.0
3,402,0.8,0.2660000000000001,0,0.8,0.2660000000000001,0,1,0,0,0,130,90,7,-0.23563376904006894,130.0
0,403,0.8,0.27400000000000013,0,0.8,0.27400000000000013,0,0,0,0,0,101,69,6,-0.6196457706186846,101.0
1,403,0.8,0.1960000000000001,0,0.8,0.1960000000000001,0,1,0,0,0,163,124,6,2.201485420696595,139.48441881810908
2,403,0.7680000000000002,0.16400000000000006,0,0.7680000000000002,0.16400000000000006,0,1,1,0,0,114,72,8,-1.8520602485759237,114.0
3,403,0.8,0.2680000000000001,0,0.8,0.2680000000000001,0,1,1,0,0,130,90,7,-0.23563376904006894,130.0
0,404,0.8,0.27600000000000013,0,0.8,0.27600000000000013,0,1,0,0,0,101,69,6,-0.6196457706186846,101.0
1,404,0.8,0.1980000000000001,0,0.8,0.1980000000000001,0,1,0,0,0,163,124,6,2.201485420696595,139.48441881810908
2,404,0.7720000000000002,0.16600000000000006,0,0.7720000000000002,0.16600000000000006,0,1,0,0,0,114,72,8,-1.8520602485759237,114.0
3,404,0.8,0.27000000000000013,0,0.8,0.27000000000000013,0,1,0,0,0,130,90,7,-0.23563376904006894,130.0
0,405,0.8,0.27800000000000014,0,0.8,0.27800000000000014,0,1,0,0,0,101,69,6,-0.6196457706186846,101.0
1,405,0.8,0.2000000000000001,0,0.8,0.2000000000000001,0,1,1,0,0,163,124,6,2.201485420696595,139.48441881810908
2,405,0.7760000000000002,0.16800000000000007,0,0.7760000000000002,0.16800000000000007,0,1,0,0,0,114,72,8,-1.8520602485759237,114.0
3,405,0.8,0.27200000000000013,0,0.8,0.27200000000000013,0,0,0,0,0,130,90,7,-0.23563376904006894,130.0
0,406,0.8,0.28000000000000014,0,0.8,0.28000000000000014,1,1,0,1,0,102,70,6,-0.568352476231134,102.0
1,406,0.8,0.2020000000000001,0,0.8,0.2020000000000001,0,1,0,0,0,163,124,6,2.201485420696595,139.48441881810908
2,406,0.7800000000000002,0.17000000000000007,0,0.7800000000000002,0.17000000000000007,0,0,0,0,0,114,72,8,-1.8520602485759237,114.0
3,406,0.8,0.27400000000000013,0,0.8,0.27400000000000013,0,1,0,0,0,130,90,7,-0.23563376904006894,130.0
0,407,0.8,0.28200000000000014,0,0.8,0.28200000000000014,0,1,0,0,0,102,70,6,-0.568352476231134,102.0
1,407,0.8,0.2040000000000001,0,0.8,0.2040000000000001,1,1,0,1,0,164,125,6,2.252778715084146,139.48441881810908
2,407,0.7840000000000003,0.17200000000000007,0,0.7840000000000003,0.17200000000000007,0,0,0,0,0,114,72,8,-1.8520602485759237,114.0
3,407,0.8,0.27600000000000013,0,0.8,0.27600000000000013,0,1,0,0,0,130,90,7,-0.23563376904006894,130.0
0,408,0.8,0.28400000000000014,0,0.8,0.28400000000000014,0,1,0,0,0,102,70,6,-0.568352476231134,102.0
1,408,0.8,0.2060000000000001,0,0.8,0.2060000000000001,0,1,0,0,0,164,125,6,2.252778715084146,139.48441881810908
2,408,0.7880000000000003,0.17400000000000007,0,0.7880000000000003,0.17400000000000007,0,1,1,0,0,114,72,8,-1.8520602485759237,114.0
3,408,0.8,0.27800000000000014,0,0.8,0.27800000000000014,0,1,0,0,0,130,90,7,-0.23563376904006894,130.0
0,409,0.8,0.28600000000000014,0,0.8,0.28600000000000014,1,1,0,1,0,103,71,6,-0.5170591818435835,103.0
1,409,0.8,0.2080000000000001,0,0.8,0.2080000000000001,1,1,0,1,0,165,126,6,2.304072009471696,139.48441881810908
2,409,0.7920000000000003,0.17600000000000007,0,0.7920000000000003,0.17600000000000007,0,1,1,0,0,114,72,8,-1.8520602485759237,114.0
3,409,0.8,0.28000000000000014,0,0.8,0.28000000000000014,0,1,0,0,0,130,90,7,-0.23563376904006894,130.0
0,410,0.8,0.28800000000000014,0,0.8,0.28800000000000014,1,1,0,1,0,104,72,6,-0.46576588745603287,104.0
1,410,0.8,0.2100000000000001,0,0.8,0.2100000000000001,1,1,0,1,0,166,127,6,2.355365303859247,139.48441881810908
2,410,0.7960000000000003,0.17800000000000007,0,0.7960000000000003,0.17800000000000007,0,1,0,0,0,114,72,8,-1.8520602485759237,114.0
3,410,0.8,0.28200000000000014,0,0.8,0.28200000000000014,0,1,0,0,0,130,90,7,-0.23563376904006894,130.0
0,411,0.8,0.29000000000000015,0,0.8,0.29000000000000015,1,1,0,1,0,105,73,6,-0.4144725930684823,105.0
1,411,0.8,0.2120000000000001,0,0.8,0.2120000000000001,0,1,0,0,0,166,127,6,2.355365303859247,139.48441881810908
2,411,0.8,0.18000000000000008,0,0.8,0.18000000000000008,0,0,0,0,0,114,72,8,-1.8520602485759237,114.0
3,411,0.8,0.28400000000000014,0,0.8,0.28400000000000014,0,0,0,0,0,130,90,7,-0.23563376904006894,130.0
0,412,0.8,0.29200000000000015,0,0.8,0.29200000000000015,1,1,0,1,0,106,74,6,-0.3631792986809317,106.0
1,412,0.8,0.2140000000000001,0,0.8,0.2140000000000001,1,1,0,1,0,167,128,6,2.406658598246797,139.48441881810908
2,412,0.8,0.18200000000000008,0,0.8,0.18200000000000008,0,1,0,0,0,114,72,8,-1.8520602485759237,114.0
3,412,0.8,0.28600000000000014,0,0.8,0.28600000000000014,0,1,1,0,0,130,90,7,-0.23563376904006894,130.0
0,413,0.8,0.29400000000000015,0,0.8,0.29400000000000015,0,1,0,0,0,106,74,6,-0.3631792986809317,106.0
1,413,0.8,0.2160000000000001,0,0.8,0.2160000000000001,0,1,0,0,0,167,128,6,2.406658598246797,139.48441881810908
2,413,0.8,0.18400000000000008,0,0.8,0.18400000000000008,0,1,0,0,0,114,72,8,-1.8520602485759237,114.0
3,413,0.8,0.28800000000000014,0,0.8,0.28800000000000014,1,1,0,1,0,131,91,7,-0.1843404746525179,131.0
0,414,0.8,0.29600000000000015,0,0.8,0.29600000000000015,1,1,1,1,1,107,75,7,-1.0050331848533265,107.0
1,414,0.8,0.2180000000000001,0,0.8,0.2180000000000001,1,1,0,1,0,168,129,6,2.4579518926343473,139.48441881810908
2,414,0.8,0.18600000000000008,0,0.8,0.18600000000000008,0,1,0,0,0,114,72,8,-1.8520602485759237,114.0
3,414,0.8,0.29000000000000015,0,0.8,0.29000000000000015,0,1,0,0,0,131,91,7,-0.1843404746525179,131.0
0,415,0.6100000000000001,0.1,8,0.6100000000000001,0.05,0,1,0,0,0,107,75,7,-1.0050331848533265,107.0
1,415,0.8,0.2200000000000001,0,0.8,0.2200000000000001,0,0,0,0,0,168,129,6,2.4579518926343473,139.48441881810908
2,415,0.8,0.18800000000000008,0,0.8,0.18800000000000008,0,1,0,0,0,114,72,8,-1.8520602485759237,114.0
3,415,0.8,0.29200000000000015,0,0.8,0.29200000000000015,0,1,0,0,0,131,91,7,-0.1843404746525179,131.0
0,416,0.6140000000000001,0.10200000000000001,7,0.6140000000000001,0.05,0,1,0,0,0,107,75,7,-1.0050331848533265,107.0
1,416,0.8,0.22200000000000011,0,0.8,0.22200000000000011,0,1,0,0,0,168,129,6,2.4579518926343473,139.48441881810908
2,416,0.8,0.19000000000000009,0,0.8,0.19000000000000009,0,1,0,0,0,114,72,8,-1.8520602485759237,114.0
3,416,0.8,0.29400000000000015,0,0.8,0.29400000000000015,0,1,0,0,0,131,91,7,-0.1843404746525179,131.0
0,417,0.6180000000000001,0.10400000000000001,6,0.6180000000000001,0.05,1,1,0,1,0,108,76,7,-0.9537398904657763,108.0
1,417,0.8,0.22400000000000012,0,0.8,0.22400000000000012,0,1,0,0,0,168,129,6,2.4579518926343473,139.48441881810908
2,417,0.8,0.1920000000000001,0,0.8,0.1920000000000001,0,1,0,0,0,114,72,8,-1.8520602485759237,114.0
3,417,0.8,0.29600000000000015,0,0.8,0.29600000000000015,0,0,0,0,0,131,91,7,-0.1843404746525179,131.0
0,418,0.6280000000000001,0.10600000000000001,5,0.6280000000000001,0.05,0,1,0,0,0,108,76,7,-0.9537398904657763,108.0
1,418,0.8,0.22600000000000012,0,0.8,0.22600000000000012,0,1,0,0,0,168,129,6,2.4579518926343473,139.48441881810908
2,418,0.8,0.1940000000000001,0,0.8,0.1940000000000001,0,1,0,0,0,114,72,8,-1.8520602485759237,114.0
3,418,0.8,0.29800000000000015,0,0.8,0.29800000000000015,0,1,0,0,0,131,91,7,-0.1843404746525179,131.0
0,419,0.6320000000000001,0.10800000000000001,4,0.6320000000000001,0.05,0,1,0,0,0,108,76,7,-0.9537398904657763,108.0
1,419,0.8,0.22800000000000012,0,0.8,0.22800000000000012,0,1,0,0,0,168,129,6,2.4579518926343473,139.48441881810908
2,419,0.8,0.1960000000000001,0,0.8,0.1960000000000001,0,0,1,0,0,114,72,8,-1.8520602485759237,114.0
3,419,0.8,0.30000000000000016,0,0.8,0.30000000000000016,0,1,0,0,0,131,91,7,-0.1843404746525179,131.0
0,420,0.6360000000000001,0.11000000000000001,3,0.6360000000000001,0.05,0,1,0,0,0,108,76,7,-0.9537398904657763,108.0
1,420,0.8,0.23000000000000012,0,0.8,0.23000000000000012,1,0,0,1,0,169,129,6,2.4579518926343473,139.48441881810908
2,420,0.8,0.1980000000000001,0,0.8,0.1980000000000001,0,1,0,0,0,114,72,8,-1.8520602485759237,114.0
3,420,0.8,0.30200000000000016,0,0.8,0.30200000000000016,0,1,0,0,0,131,91,7,-0.1843404746525179,131.0
0,421,0.6400000000000001,0.11200000000000002,2,0.6400000000000001,0.05,1,1,1,1,1,109,77,8,-1.5955937766381711,109.0
1,421,0.8,0.23200000000000012,0,0.8,0.23200000000000012,0,1,0,0,0,169,129,6,2.4579518926343473,139.48441881810908
2,421,0.8,0.2000000000000001,0,0.8,0.2000000000000001,0,1,0,0,0,114,72,8,-1.8520602485759237,114.0
3,421,0.8,0.30400000000000016,0,0.8,0.30400000000000016,1,1,0,1,0,132,92,7,-0.13304718026496776,132.0
0,422,0.4500000000000001,0.1,8,0.4500000000000001,0.05,0,1,0,0,0,109,77,8,-1.5955937766381711,109.0
1,422,0.8,0.23400000000000012,0,0.8,0.23400000000000012,1,1,0,1,0,170,130,6,2.5092451870218984,139.48441881810908
2,422,0.8,0.2020000000000001,0,0.8,0.2020000000000001,0,0,0,0,0,114,72,8,-1.8520602485759237,114.0
3,422,0.8,0.30600000000000016,0,0.8,0.30600000000000016,1,0,0,1,0,133,92,7,-0.13304718026496776,133.0
0,423,0.4540000000000001,0.10200000000000001,7,0.4540000000000001,0.05,0,1,0,0,0,109,77,8,-1.5955937766381711,109.0
1,423,0.8,0.23600000000000013,0,0.8,0.23600000000000013,0,1,0,0,0,170,130,6,2.5092451870218984,139.48441881810908
2,423,0.8,0.2040000000000001,0,0.8,0.2040000000000001,0,1,0,0,0,114,72,8,-1.8520602485759237,114.0
3,423,0.8,0.30800000000000016,0,0.8,0.30800000000000016,0,1,0,0,0,133,92,7,-0.13304718026496776,133.0
0,424,0.45800000000000013,0.10400000000000001,6,0.45800000000000013,0.05,0,0,0,0,0,109,77,8,-1.5955937766381711,109.0
1,424,0.8,0.23800000000000013,0,0.8,0.23800000000000013,0,1,0,0,0,170,130,6,2.5092451870218984,139.48441881810908
2,424,0.8,0.2060000000000001,0,0.8,0.2060000000000001,0,1,0,0,0,114,72,8,-1.8520602485759237,114.0
3,424,0.8,0.31000000000000016,0,0.8,0.31000000000000016,1,0,0,1,0,134,92,7,-0.13304718026496776,134.0
0,425,0.46200000000000013,0.10600000000000001,5,0.46200000000000013,0.05,0,1,0,0,0,109,77,8,-1.5955937766381711,109.0
1,425,0.8,0.24000000000000013,0,0.8,0.24000000000000013,1,1,0,1,0,171,131,6,2.5605384814094485,139.48441881810908
2,425,0.8,0.2080000000000001,0,0.8,0.2080000000000001,0,0,0,0,0,114,72,8,-1.8520602485759237,114.0
3,425,0.8,0.31200000000000017,0,0.8,0.31200000000000017,0,1,0,0,0,134,92,7,-0.13304718026496776,134.0
0,426,0.46600000000000014,0.10800000000000001,4,0.46600000000000014,0.05,0,0,0,0,0,109,77,8,-1.5955937766381711,109.0
1,426,0.8,0.24200000000000013,0,0.8,0.24200000000000013,0,1,0,0,0,171,131,6,2.5605384814094485,139.48441881810908
2,426,0.8,0.2100000000000001,0,0.8,0.2100000000000001,0,1,0,0,0,114,72,8,-1.8520602485759237,114.0
3,426,0.8,0.31400000000000017,0,0.8,0.31400000000000017,0,0,0,0,0,134,92,7,-0.13304718026496776,134.0
0,427,0.47000000000000014,0.11000000000000001,3,0.47000000000000014,0.05,0,0,0,0,0,109,77,8,-1.5955937766381711,109.0
1,427,0.8,0.24400000000000013,0,0.8,0.24400000000000013,1,1,0,1,0,172,132,6,2.6118317757969995,139.48441881810908
2,427,0.8,0.2120000000000001,0,0.8,0.2120000000000001,0,1,0,0,0,114,72,8,-1.8520602485759237,114.0
3,427,0.8,0.31600000000000017,0,0.8,0.31600000000000017,0,1,0,0,0,134,92,7,-0.13304718026496776,134.0
0,428,0.47400000000000014,0.11200000000000002,2,0.47400000000000014,0.05,0,1,0,0,0,109,77,8,-1.5955937766381711,109.0
1,428,0.8,0.24600000000000014,0,0.8,0.24600000000000014,0,1,0,0,0,172,132,6,2.6118317757969995,139.48441881810908
2,428,0.8,0.2140000000000001,0,0.8,0.2140000000000001,0,1,0,0,0,114,72,8,-1.8520602485759237,114.0
3,428,0.8,0.31800000000000017,0,0.8,0.31800000000000017,0,0,0,0,0,134,92,7,-0.13304718026496776,134.0
0,429,0.47800000000000015,0.11400000000000002,1,0.47800000000000015,0.05,0,1,0,0,0,109,77,8,-1.5955937766381711,109.0
1,429,0.8,0.24800000000000014,0,0.8,0.24800000000000014,0,0,0,0,0,172,132,6,2.6118317757969995,139.48441881810908
2,429,0.8,0.2160000000000001,0,0.8,0.2160000000000001,0,1,0,0,0,114,72,8,-1.8520602485759237,114.0
3,429,0.8,0.3200000000000002,0,0.8,0.3200000000000002,0,0,0,0,0,134,92,7,-0.13304718026496776,134.0
0,430,0.48200000000000015,0.11600000000000002,0,0.48200000000000015,0.11600000000000002,0,1,0,0,0,109,77,8,-1.5955937766381711,109.0
1,430,0.8,0.2500000000000001,0,0.8,0.2500000000000001,1,1,0,1,0,173,133,6,2.6631250701845497,139.48441881810908
2,430,0.8,0.2180000000000001,0,0.8,0.2180000000000001,0,1,1,0,0,114,72,8,-1.8520602485759237,114.0
3,430,0.8,0.3220000000000002,0,0.8,0.3220000000000002,0,1,0,0,0,134,92,7,-0.13304718026496776,134.0
0,431,0.48600000000000015,0.11800000000000002,0,0.48600000000000015,0.11800000000000002,0,0,0,0,0,109,77,8,-1.5955937766381711,109.0
1,431,0.8,0.2520000000000001,0,0.8,0.2520000000000001,1,1,0,1,0,174,134,6,2.7144183645721007,139.48441881810908
2,431,0.8,0.2200000000000001,0,0.8,0.2200000000000001,0,1,0,0,0,114,72,8,-1.8520602485759237,114.0
3,431,0.8,0.3240000000000002,0,0.8,0.3240000000000002,0,0,0,0,0,134,92,7,-0.13304718026496776,134.0
0,432,0.49000000000000016,0.12000000000000002,0,0.49000000000000016,0.12000000000000002,0,0,0,0,0,109,77,8,-1.5955937766381711,109.0
1,432,0.8,0.2540000000000001,0,0.8,0.2540000000000001,0,1,0,0,0,174,134,6,2.7144183645721007,139.48441881810908
2,432,0.8,0.22200000000000011,0,0.8,0.22200000000000011,0,1,0,0,0,114,72,8,-1.8520602485759237,114.0
3,432,0.8,0.3260000000000002,0,0.8,0.3260000000000002,0,1,1,0,0,134,92,7,-0.13304718026496776,134.0
0,433,0.49400000000000016,0.12200000000000003,0,0.49400000000000016,0.12200000000000003,0,0,0,0,0,109,77,8,-1.5955937766381711,109.0
1,433,0.8,0.2560000000000001,0,0.8,0.2560000000000001,1,1,0,1,0,175,135,6,2.765711658959651,139.48441881810908
2,433,0.8,0.22400000000000012,0,0.8,0.22400000000000012,0,0,0,0,0,114,72,8,-1.8520602485759237,114.0
3,433,0.8,0.3280000000000002,0,0.8,0.3280000000000002,0,1,0,0,0,134,92,7,-0.13304718026496776,134.0
0,434,0.49800000000000016,0.12400000000000003,0,0.49800000000000016,0.12400000000000003,0,0,0,0,0,109,77,8,-1.5955937766381711,109.0
1,434,0.8,0.2580000000000001,0,0.8,0.2580000000000001,0,1,1,0,0,175,135,6,2.765711658959651,139.48441881810908
2,434,0.8,0.22600000000000012,0,0.8,0.22600000000000012,0,1,0,0,0,114,72,8,-1.8520602485759237,114.0
3,434,0.8,0.3300000000000002,0,0.8,0.3300000000000002,0,1,1,0,0,134,92,7,-0.13304718026496776,134.0
0,435,0.5020000000000001,0.12600000000000003,0,0.5020000000000001,0.12600000000000003,1,1,0,1,0,110,78,8,-1.5443004822506206,110.0
1,435,0.8,0.2600000000000001,0,0.8,0.2600000000000001,0,1,0,0,0,175,135,6,2.765711658959651,139.48441881810908
2,435,0.8,0.22800000000000012,0,0.8,0.22800000000000012,0,1,0,0,0,114,72,8,-1.8520602485759237,114.0
3,435,0.8,0.3320000000000002,0,0.8,0.3320000000000002,1,1,0,1,0,135,93,7,-0.08175388587741672,135.0
0,436,0.5120000000000001,0.12800000000000003,0,0.5120000000000001,0.12800000000000003,0,0,0,0,0,110,78,8,-1.5443004822506206,110.0
1,436,0.8,0.2620000000000001,0,0.8,0.2620000000000001,0,1,0,0,0,175,135,6,2.765711658959651,139.48441881810908
2,436,0.8,0.23000000000000012,0,0.8,0.23000000000000012,0,1,0,0,0,114,72,8,-1.8520602485759237,114.0
3,436,0.8,0.3340000000000002,0,0.8,0.3340000000000002,1,1,0,1,0,136,94,7,-0.030460591489866573,136.0
0,437,0.5160000000000001,0.13000000000000003,0,0.5160000000000001,0.13000000000000003,1,1,1,1,1,111,79,9,-2.186154368423015,111.0
1,437,0.8,0.2640000000000001,0,0.8,0.2640000000000001,1,1,0,1,0,176,136,6,2.817004953347202,139.48441881810908
2,437,0.8,0.23200000000000012,0,0.8,0.23200000000000012,0,1,0,0,0,114,72,8,-1.8520602485759237,114.0
3,437,0.8,0.3360000000000002,0,0.8,0.3360000000000002,0,1,1,0,0,136,94,7,-0.030460591489866573,136.0
0,438,0.3260000000000001,0.1,8,0.3260000000000001,0.05,0,0,0,0,0,111,79,9,-2.186154368423015,111.0
1,438,0.8,0.2660000000000001,0,0.8,0.2660000000000001,0,1,0,0,0,176,136,6,2.817004953347202,139.48441881810908
2,438,0.8,0.23400000000000012,0,0.8,0.23400000000000012,1,1,0,1,0,115,73,8,-1.800766954188373,115.0
3,438,0.8,0.3380000000000002,0,0.8,0.3380000000000002,0,0,0,0,0,136,94,7,-0.030460591489866573,136.0
0,439,0.3300000000000001,0.10200000000000001,7,0.3300000000000001,0.05,0,0,1,0,0,111,79,9,-2.186154368423015,111.0
1,439,0.8,0.2680000000000001,0,0.8,0.2680000000000001,0,1,0,0,0,176,136,6,2.817004953347202,139.48441881810908
2,439,0.8,0.23600000000000013,0,0.8,0.23600000000000013,0,1,1,0,0,115,73,8,-1.800766954188373,115.0
3,439,0.8,0.3400000000000002,0,0.8,0.3400000000000002,0,1,0,0,0,136,94,7,-0.030460591489866573,136.0
0,440,0.33400000000000013,0.10400000000000001,6,0.33400000000000013,0.05,1,1,0,1,0,112,80,9,-2.1348610740354648,112.0
1,440,0.8,0.27000000000000013,0,0.8,0.27000000000000013,0,1,0,0,0,176,136,6,2.817004953347202,139.48441881810908
2,440,0.8,0.23800000000000013,0,0.8,0.23800000000000013,0,1,0,0,0,115,73,8,-1.800766954188373,115.0
3,440,0.8,0.3420000000000002,0,0.8,0.3420000000000002,0,0,0,0,0,136,94,7,-0.030460591489866573,136.0
0,441,0.34400000000000014,0.10600000000000001,5,0.34400000000000014,0.05,0,1,0,0,0,112,80,9,-2.1348610740354648,112.0
1,441,0.8,0.27200000000000013,0,0.8,0.27200000000000013,0,1,0,0,0,176,136,6,2.817004953347202,139.48441881810908
2,441,0.8,0.24000000000000013,0,0.8,0.24000000000000013,0,0,1,0,0,115,73,8,-1.800766954188373,115.0
3,441,0.8,0.3440000000000002,0,0.8,0.3440000000000002,1,0,0,1,0,137,94,7,-0.030460591489866573,137.0
0,442,0.34800000000000014,0.10800000000000001,4,0.34800000000000014,0.05,0,0,0,0,0,112,80,9,-2.1348610740354648,112.0
1,442,0.8,0.27400000000000013,0,0.8,0.27400000000000013,1,1,0,1,0,177,137,6,2.868298247734752,139.48441881810908
2,442,0.8,0.24200000000000013,0,0.8,0.24200000000000013,0,1,0,0,0,115,73,8,-1.800766954188373,115.0
3,442,0.8,0.3460000000000002,0,0.8,0.3460000000000002,0,1,0,0,0,137,94,7,-0.030460591489866573,137.0
0,443,0.35200000000000015,0.11000000000000001,3,0.35200000000000015,0.05,0,1,0,0,0,112,80,9,-2.1348610740354648,112.0
1,443,0.8,0.27600000000000013,0,0.8,0.27600000000000013,0,1,1,0,0,177,137,6,2.868298247734752,139.48441881810908
2,443,0.8,0.24400000000000013,0,0.8,0.24400000000000013,1,1,0,1,0,116,74,8,-1.7494736598008225,116.0
3,443,0.8,0.3480000000000002,0,0.8,0.3480000000000002,0,0,0,0,0,137,94,7,-0.030460591489866573,137.0
0,444,0.35600000000000015,0.11200000000000002,2,0.35600000000000015,0.05,0,1,0,0,0,112,80,9,-2.1348610740354648,112.0
1,444,0.8,0.27800000000000014,0,0.8,0.27800000000000014,0,1,0,0,0,177,137,6,2.868298247734752,139.48441881810908
2,444,0.8,0.24600000000000014,0,0.8,0.24600000000000014,1,1,0,1,0,117,75,8,-1.6981803654132719,117.0
3,444,0.8,0.3500000000000002,0,0.8,0.3500000000000002,0,1,0,0,0,137,94,7,-0.030460591489866573,137.0
0,445,0.36000000000000015,0.11400000000000002,1,0.36000000000000015,0.05,0,0,0,0,0,112,80,9,-2.1348610740354648,112.0
1,445,0.8,0.28000000000000014,0,0.8,0.28000000000000014,0,0,0,0,0,177,137,6,2.868298247734752,139.48441881810908
2,445,0.8,0.24800000000000014,0,0.8,0.24800000000000014,0,0,0,0,0,117,75,8,-1.6981803654132719,117.0
3,445,0.8,0.3520000000000002,0,0.8,0.3520000000000002,0,1,0,0,0,137,94,7,-0.030460591489866573,137.0
0,446,0.36400000000000016,0.11600000000000002,0,0.36400000000000016,0.11600000000000002,0,1,0,0,0,112,80,9,-2.1348610740354648,112.0
1,446,0.8,0.28200000000000014,0,0.8,0.28200000000000014,0,1,0,0,0,177,137,6,2.868298247734752,139.48441881810908
2,446,0.8,0.2500000000000001,0,0.8,0.2500000000000001,1,1,0,1,0,118,76,8,-1.6468870710257217,118.0
3,446,0.8,0.3540000000000002,0,0.8,0.3540000000000002,0,1,0,0,0,137,94,7,-0.030460591489866573,137.0
0,447,0.36800000000000016,0.11800000000000002,0,0.36800000000000016,0.11800000000000002,0,0,0,0,0,112,80,9,-2.1348610740354648,112.0
1,447,0.8,0.28400000000000014,0,0.8,0.28400000000000014,0,0,0,0,0,177,137,6,2.868298247734752,139.48441881810908
2,447,0.8,0.2520000000000001,0,0.8,0.2520000000000001,1,1,1,1,1,119,77,9,-2.2887409571981165,119.0
3,447,0.8,0.3560000000000002,0,0.8,0.3560000000000002,1,1,0,1,0,138,95,7,0.020832702897684463,138.0
0,448,0.37200000000000016,0.12000000000000002,0,0.37200000000000016,0.12000000000000002,0,1,0,0,0,112,80,9,-2.1348610740354648,112.0
1,448,0.8,0.28600000000000014,0,0.8,0.28600000000000014,0,1,0,0,0,177,137,6,2.868298247734752,139.48441881810908
2,448,0.6100000000000001,0.1,8,0.6100000000000001,0.05,0,1,0,0,0,119,77,9,-2.2887409571981165,119.0
3,448,0.8,0.3580000000000002,0,0.8,0.3580000000000002,0,1,0,0,0,138,95,7,0.020832702897684463,138.0
0,449,0.37600000000000017,0.12200000000000003,0,0.5260000000000001,0.12200000000000003,1,0,0,1,0,113,80,9,-2.1348610740354648,113.0
1,449,0.8,0.28800000000000014,0,0.95,0.28800000000000014,0,1,0,0,0,177,137,6,2.868298247734752,139.48441881810908
2,449,0.6140000000000001,0.10200000000000001,7,0.7640000000000001,0.05,0,1,0,0,0,119,77,9,-2.2887409571981165,119.0
3,449,0.8,0.3600000000000002,0,0.95,0.3600000000000002,0,1,0,0,0,138,95,7,0.020832702897684463,138.0
0,450,0.3860000000000002,0.12400000000000003,0,0.5360000000000001,0.12400000000000003,1,1,1,1,1,114,81,10,-2.77671496020786,114.0
1,450,0.8,0.29000000000000015,0,0.95,0.29000000000000015,0,1,0,0,0,177,137,6,2.868298247734752,139.48441881810908
2,450,0.6180000000000001,0.10400000000000001,6,0.7680000000000001,0.05,0,1,0,0,0,119,77,9,-2.2887409571981165,119.0
3,450,0.8,0.3620000000000002,0,0.95,0.3620000000000002,0,1,0,0,0,138,95,7,0.020832702897684463,138.0
0,451,0.19600000000000017,0.1,8,0.3460000000000002,0.05,0,0,0,0,0,114,81,10,-2.77671496020786,114.0
1,451,0.8,0.29200000000000015,0,0.95,0.29200000000000015,1,1,0,1,0,178,138,6,2.919591542122302,139.48441881810908
2,451,0.6220000000000001,0.10600000000000001,5,0.7720000000000001,0.05,0,1,0,0,0,119,77,9,-2.2887409571981165,119.0
3,451,0.8,0.3640000000000002,0,0.95,0.3640000000000002,0,1,0,0,0,138,95,7,0.020832702897684463,138.0
0,452,0.20000000000000018,0.10200000000000001,7,0.3500000000000002,0.05,0,0,0,0,0,114,81,10,-2.77671496020786,114.0
1,452,0.8,0.29400000000000015,0,0.95,0.29400000000000015,0,1,0,0,0,178,138,6,2.919591542122302,139.48441881810908
2,452,0.6260000000000001,0.10800000000000001,4,0.7760000000000001,0.05,0,0,0,0,0,119,77,9,-2.2887409571981165,119.0
3,452,0.8,0.3660000000000002,0,0.95,0.3660000000000002,0,1,0,0,0,138,95,7,0.020832702897684463,138.0
0,453,0.20400000000000018,0.10400000000000001,6,0.3540000000000002,0.05,1,0,0,1,0,115,81,10,-2.77671496020786,115.0
1,453,0.8,0.29600000000000015,0,0.95,0.29600000000000015,0,1,0,0,0,178,138,6,2.919591542122302,139.48441881810908
2,453,0.6300000000000001,0.11000000000000001,3,0.7800000000000001,0.05,0,1,0,0,0,119,77,9,-2.2887409571981165,119.0
3,453,0.8,0.3680000000000002,0,0.95,0.3680000000000002,0,1,1,0,0,138,95,7,0.020832702897684463,138.0
0,454,0.2140000000000002,0.10600000000000001,5,0.3640000000000002,0.05,0,1,0,0,0,115,81,10,-2.77671496020786,115.0
1,454,0.8,0.29800000000000015,0,0.95,0.29800000000000015,1,1,0,1,0,179,139,6,2.9708848365098532,139.48441881810908
2,454,0.6340000000000001,0.11200000000000002,2,0.7840000000000001,0.05,0,1,0,0,0,119,77,9,-2.2887409571981165,119.0
3,454,0.8,0.3700000000000002,0,0.95,0.3700000000000002,0,1,1,0,0,138,95,7,0.020832702897684463,138.0
0,455,0.2180000000000002,0.10800000000000001,4,0.3680000000000002,0.05,0,0,0,0,0,115,81,10,-2.77671496020786,115.0
1,455,0.8,0.30000000000000016,0,0.95,0.30000000000000016,0,1,1,0,0,179,139,6,2.9708848365098532,139.48441881810908
2,455,0.6380000000000001,0.11400000000000002,1,0.7880000000000001,0.05,0,1,0,0,0,119,77,9,-2.2887409571981165,119.0
3,455,0.8,0.3720000000000002,0,0.95,0.3720000000000002,0,1,0,0,0,138,95,7,0.020832702897684463,138.0
0,456,0.2220000000000002,0.11000000000000001,3,0.3720000000000002,0.05,0,1,0,0,0,115,81,10,-2.77671496020786,115.0
1,456,0.8,0.30200000000000016,0,0.95,0.30200000000000016,1,1,0,1,0,180,140,6,3.0221781308974034,139.48441881810908
2,456,0.6420000000000001,0.11600000000000002,0,0.7920000000000001,0.11600000000000002,0,1,0,0,0,119,77,9,-2.2887409571981165,119.0
3,456,0.8,0.3740000000000002,0,0.95,0.3740000000000002,0,1,0,0,0,138,95,7,0.020832702897684463,138.0
0,457,0.2260000000000002,0.11200000000000002,2,0.3760000000000002,0.05,0,0,0,0,0,115,81,10,-2.77671496020786,115.0
1,457,0.8,0.30400000000000016,0,0.95,0.30400000000000016,0,1,0,0,0,180,140,6,3.0221781308974034,139.48441881810908
2,457,0.6460000000000001,0.11800000000000002,0,0.7960000000000002,0.11800000000000002,0,1,0,0,0,119,77,9,-2.2887409571981165,119.0
3,457,0.8,0.3760000000000002,0,0.95,0.3760000000000002,1,1,0,1,0,139,96,7,0.07212599728523461,139.0
0,458,0.2300000000000002,0.11400000000000002,1,0.3800000000000002,0.05,0,0,0,0,0,115,81,10,-2.77671496020786,115.0
1,458,0.8,0.30600000000000016,0,0.95,0.30600000000000016,1,1,0,1,0,181,141,6,3.0734714252849544,139.48441881810908
2,458,0.6500000000000001,0.12000000000000002,0,0.8000000000000002,0.12000000000000002,0,1,0,0,0,119,77,9,-2.2887409571981165,119.0
3,458,0.8,0.3780000000000002,0,0.95,0.3780000000000002,0,1,0,0,0,139,96,7,0.07212599728523461,139.0
0,459,0.2340000000000002,0.11600000000000002,0,0.38400000000000023,0.11600000000000002,0,0,0,0,0,115,81,10,-2.77671496020786,115.0
1,459,0.8,0.30800000000000016,0,0.95,0.30800000000000016,0,0,0,0,0,181,141,6,3.0734714252849544,139.48441881810908
2,459,0.6540000000000001,0.12200000000000003,0,0.8040000000000002,0.12200000000000003,0,0,0,0,0,119,77,9,-2.2887409571981165,119.0
3,459,0.8,0.3800000000000002,0,0.95,0.3800000000000002,0,1,0,0,0,139,96,7,0.07212599728523461,139.0
0,460,0.2380000000000002,0.11800000000000002,0,0.38800000000000023,0.11800000000000002,0,1,0,0,0,115,81,10,-2.77671496020786,115.0
1,460,0.8,0.31000000000000016,0,0.95,0.31000000000000016,1,1,1,1,1,182,142,7,2.431617539112559,152.99782615207397
2,460,0.6580000000000001,0.12400000000000003,0,0.8080000000000002,0.12400000000000003,0,1,0,0,0,119,77,9,-2.2887409571981165,119.0
3,460,0.8,0.38200000000000023,0,0.95,0.38200000000000023,0,1,0,0,0,139,96,7,0.07212599728523461,139.0
0,461,0.24200000000000021,0.12000000000000002,0,0.39200000000000024,0.12000000000000002,0,0,0,0,0,115,81,10,-2.77671496020786,115.0
1,461,0.6100000000000001,0.1,8,0.7600000000000001,0.05,0,1,0,0,0,182,142,7,2.431617539112559,152.99782615207397
2,461,0.6620000000000001,0.12600000000000003,0,0.8120000000000002,0.12600000000000003,0,1,0,0,0,119,77,9,-2.2887409571981165,119.0
3,461,0.8,0.38400000000000023,0,0.95,0.38400000000000023,0,1,0,0,0,139,96,7,0.07212599728523461,139.0
0,462,0.24600000000000022,0.12200000000000003,0,0.39600000000000024,0.12200000000000003,0,0,0,0,0,115,81,10,-2.77671496020786,115.0
1,462,0.6140000000000001,0.10200000000000001,7,0.7640000000000001,0.05,0,1,1,0,0,182,142,7,2.431617539112559,152.99782615207397
2,462,0.6660000000000001,0.12800000000000003,0,0.8160000000000002,0.12800000000000003,0,1,0,0,0,119,77,9,-2.2887409571981165,119.0
3,462,0.8,0.38600000000000023,0,0.95,0.38600000000000023,0,1,0,0,0,139,96,7,0.07212599728523461,139.0
0,463,0.2500000000000002,0.12400000000000003,0,0.40000000000000024,0.12400000000000003,0,0,1,0,0,115,81,10,-2.77671496020786,115.0
1,463,0.6180000000000001,0.10400000000000001,6,0.7680000000000001,0.05,0,1,0,0,0,182,142,7,2.431617539112559,152.99782615207397
2,463,0.6700000000000002,0.13000000000000003,0,0.8200000000000002,0.13000000000000003,0,1,0,0,0,119,77,9,-2.2887409571981165,119.0
3,463,0.8,0.38800000000000023,0,0.95,0.38800000000000023,1,1,0,1,0,140,97,7,0.12341929167278476,140.0
0,464,0.2540000000000002,0.12600000000000003,0,0.40400000000000025,0.12600000000000003,0,1,0,0,0,115,81,10,-2.77671496020786,115.0
1,464,0.6220000000000001,0.10600000000000001,5,0.7720000000000001,0.05,0,0,0,0,0,182,142,7,2.431617539112559,152.99782615207397
2,464,0.6740000000000002,0.13200000000000003,0,0.8240000000000002,0.13200000000000003,1,1,0,1,0,120,78,9,-2.237447662810566,120.0
3,464,0.8,0.39000000000000024,0,0.95,0.39000000000000024,1,1,0,1,0,141,98,7,0.1747125860603358,141.0
0,465,0.25800000000000023,0.12800000000000003,0,0.40800000000000025,0.12800000000000003,0,1,0,0,0,115,81,10,-2.77671496020786,115.0
1,465,0.6260000000000001,0.10800000000000001,4,0.7760000000000001,0.05,1,1,0,1,0,183,143,7,2.48291083350011,152.99782615207397
2,465,0.6840000000000002,0.13400000000000004,0,0.8340000000000002,0.13400000000000004,0,1,0,0,0,120,78,9,-2.237447662810566,120.0
3,465,0.8,0.39200000000000024,0,0.95,0.39200000000000024,1,1,0,1,0,142,99,7,0.22600588044788594,142.0
0,466,0.26200000000000023,0.13000000000000003,0,0.41200000000000025,0.13000000000000003,0,0,0,0,0,115,81,10,-2.77671496020786,115.0
1,466,0.6360000000000001,0.11000000000000001,3,0.7860000000000001,0.05,0,1,0,0,0,183,143,7,2.48291083350011,152.99782615207397
2,466,0.6880000000000002,0.13600000000000004,0,0.8380000000000002,0.13600000000000004,0,1,0,0,0,120,78,9,-2.237447662810566,120.0
3,466,0.8,0.39400000000000024,0,0.95,0.39400000000000024,1,1,0,1,0,143,100,7,0.277299174835437,143.0
0,467,0.26600000000000024,0.13200000000000003,0,0.41600000000000026,0.13200000000000003,0,1,0,0,0,115,81,10,-2.77671496020786,115.0
1,467,0.6400000000000001,0.11200000000000002,2,0.7900000000000001,0.05,1,1,0,1,0,184,144,7,2.5342041278876604,152.99782615207397
2,467,0.6920000000000002,0.13800000000000004,0,0.8420000000000002,0.13800000000000004,0,1,0,0,0,120,78,9,-2.237447662810566,120.0
3,467,0.8,0.39600000000000024,0,0.95,0.39600000000000024,0,1,0,0,0,143,100,7,0.277299174835437,143.0
0,468,0.27000000000000024,0.13400000000000004,0,0.42000000000000026,0.13400000000000004,0,1,0,0,0,115,81,10,-2.77671496020786,115.0
1,468,0.6500000000000001,0.11400000000000002,1,0.8000000000000002,0.05,0,1,0,0,0,184,144,7,2.5342041278876604,152.99782615207397
2,468,0.6960000000000002,0.14000000000000004,0,0.8460000000000002,0.14000000000000004,0,1,0,0,0,120,78,9,-2.237447662810566,120.0
3,468,0.8,0.39800000000000024,0,0.95,0.39800000000000024,1,1,0,1,0,144,101,7,0.3285924692229871,144.0
0,469,0.27400000000000024,0.13600000000000004,0,0.42400000000000027,0.13600000000000004,0,0,0,0,0,115,81,10,-2.77671496020786,115.0
1,469,0.6540000000000001,0.11600000000000002,0,0.8040000000000002,0.11600000000000002,0,0,0,0,0,184,144,7,2.5342041278876604,152.99782615207397
2,469,0.7000000000000002,0.14200000000000004,0,0.8500000000000002,0.14200000000000004,0,1,0,0,0,120,78,9,-2.237447662810566,120.0
3,469,0.8,0.40000000000000024,0,0.95,0.40000000000000024,0,1,0,0,0,144,101,7,0.3285924692229871,144.0
0,470,0.27800000000000025,0.13800000000000004,0,0.42800000000000027,0.13800000000000004,1,0,0,1,0,116,81,10,-2.77671496020786,116.0
1,470,0.6580000000000001,0.11800000000000002,0,0.8080000000000002,0.11800000000000002,0,0,0,0,0,184,144,7,2.5342041278876604,152.99782615207397
2,470,0.7040000000000002,0.14400000000000004,0,0.8540000000000002,0.14400000000000004,0,0,0,0,0,120,78,9,-2.237447662810566,120.0
3,470,0.8,0.40200000000000025,0,0.95,0.40200000000000025,1,1,1,1,1,145,102,8,-0.31326141694940723,145.0
0,471,0.28800000000000026,0.14000000000000004,0,0.4380000000000003,0.14000000000000004,0,1,0,0,0,116,81,10,-2.77671496020786,116.0
1,471,0.6620000000000001,0.12000000000000002,0,0.8120000000000002,0.12000000000000002,0,1,0,0,0,184,144,7,2.5342041278876604,152.99782615207397
2,471,0.7080000000000002,0.14600000000000005,0,0.8580000000000002,0.14600000000000005,1,1,0,1,0,121,79,9,-2.186154368423015,121.0
3,471,0.6100000000000001,0.10400000000000026,8,0.7600000000000001,0.05,0,1,0,0,0,145,102,8,-0.31326141694940723,145.0
0,472,0.29200000000000026,0.14200000000000004,0,0.4420000000000003,0.14200000000000004,1,0,0,1,0,117,81,10,-2.77671496020786,117.0
1,472,0.6660000000000001,0.12200000000000003,0,0.8160000000000002,0.12200000000000003,0,1,0,0,0,184,144,7,2.5342041278876604,152.99782615207397
2,472,0.7180000000000002,0.14800000000000005,0,0.8680000000000002,0.14800000000000005,0,1,0,0,0,121,79,9,-2.186154368423015,121.0
3,472,0.6140000000000001,0.10600000000000026,7,0.7640000000000001,0.05,0,1,0,0,0,145,102,8,-0.31326141694940723,145.0
0,473,0.30200000000000027,0.14400000000000004,0,0.4520000000000003,0.14400000000000004,1,1,0,1,0,118,82,10,-2.725421665820309,118.0
1,473,0.6700000000000002,0.12400000000000003,0,0.8200000000000002,0.12400000000000003,1,1,0,1,0,185,145,7,2.5854974222752105,152.99782615207397
2,473,0.7220000000000002,0.15000000000000005,0,0.8720000000000002,0.15000000000000005,0,1,0,0,0,121,79,9,-2.186154368423015,121.0
3,473,0.6180000000000001,0.10800000000000026,6,0.7680000000000001,0.05,0,1,0,0,0,145,102,8,-0.31326141694940723,145.0
0,474,0.3120000000000003,0.14600000000000005,0,0.4620000000000003,0.14600000000000005,0,1,0,0,0,118,82,10,-2.725421665820309,118.0
1,474,0.6800000000000002,0.12600000000000003,0,0.8300000000000002,0.12600000000000003,0,1,0,0,0,185,145,7,2.5854974222752105,152.99782615207397
2,474,0.7260000000000002,0.15200000000000005,0,0.8760000000000002,0.15200000000000005,0,1,1,0,0,121,79,9,-2.186154368423015,121.0
3,474,0.6220000000000001,0.11000000000000026,5,0.7720000000000001,0.05,0,1,0,0,0,145,102,8,-0.31326141694940723,145.0
0,475,0.3160000000000003,0.14800000000000005,0,0.4660000000000003,0.14800000000000005,0,1,0,0,0,118,82,10,-2.725421665820309,118.0
1,475,0.6840000000000002,0.12800000000000003,0,0.8340000000000002,0.12800000000000003,0,0,0,0,0,185,145,7,2.5854974222752105,152.99782615207397
2,475,0.7300000000000002,0.15400000000000005,0,0.8800000000000002,0.15400000000000005,0,1,0,0,0,121,79,9,-2.186154368423015,121.0
3,475,0.6260000000000001,0.11200000000000027,4,0.7760000000000001,0.05,0,1,1,0,0,145,102,8,-0.31326141694940723,145.0
0,476,0.3200000000000003,0.15000000000000005,0,0.4700000000000003,0.15000000000000005,0,0,0,0,0,118,82,10,-2.725421665820309,118.0
1,476,0.6880000000000002,0.13000000000000003,0,0.8380000000000002,0.13000000000000003,0,1,0,0,0,185,145,7,2.5854974222752105,152.99782615207397
2,476,0.7340000000000002,0.15600000000000006,0,0.8840000000000002,0.15600000000000006,0,1,0,0,0,121,79,9,-2.186154368423015,121.0
3,476,0.6300000000000001,0.11400000000000027,3,0.7800000000000001,0.05,0,0,0,0,0,145,102,8,-0.31326141694940723,145.0
0,477,0.3240000000000003,0.15200000000000005,0,0.4740000000000003,0.15200000000000005,0,1,0,0,0,118,82,10,-2.725421665820309,118.0
1,477,0.6920000000000002,0.13200000000000003,0,0.8420000000000002,0.13200000000000003,1,1,0,1,0,186,146,7,2.6367907166627615,152.99782615207397
2,477,0.7380000000000002,0.15800000000000006,0,0.8880000000000002,0.15800000000000006,0,1,0,0,0,121,79,9,-2.186154368423015,121.0
3,477,0.6340000000000001,0.11600000000000027,2,0.7840000000000001,0.05,0,1,0,0,0,145,102,8,-0.31326141694940723,145.0
0,478,0.3280000000000003,0.15400000000000005,0,0.4780000000000003,0.15400000000000005,0,0,0,0,0,118,82,10,-2.725421665820309,118.0
1,478,0.7020000000000002,0.13400000000000004,0,0.8520000000000002,0.13400000000000004,0,0,0,0,0,186,146,7,2.6367907166627615,152.99782615207397
2,478,0.7420000000000002,0.16000000000000006,0,0.8920000000000002,0.16000000000000006,1,1,0,1,0,122,80,9,-2.1348610740354648,122.0
3,478,0.6380000000000001,0.11800000000000027,1,0.7880000000000001,0.05,0,0,1,0,0,145,102,8,-0.31326141694940723,145.0
0,479,0.3320000000000003,0.15600000000000006,0,0.4820000000000003,0.15600000000000006,0,0,0,0,0,118,82,10,-2.725421665820309,118.0
1,479,0.7060000000000002,0.13600000000000004,0,0.8560000000000002,0.13600000000000004,0,1,0,0,0,186,146,7,2.6367907166627615,152.99782615207397
2,479,0.7520000000000002,0.16200000000000006,0,0.9020000000000002,0.16200000000000006,0,1,0,0,0,122,80,9,-2.1348610740354648,122.0
3,479,0.6420000000000001,0.12000000000000027,0,0.7920000000000001,0.12000000000000027,0,1,0,0,0,145,102,8,-0.31326141694940723,145.0
0,480,0.3360000000000003,0.15800000000000006,0,0.4860000000000003,0.15800000000000006,0,0,1,0,0,118,82,10,-2.725421665820309,118.0
1,480,0.7100000000000002,0.13800000000000004,0,0.8600000000000002,0.13800000000000004,0,1,0,0,0,186,146,7,2.6367907166627615,152.99782615207397
2,480,0.7560000000000002,0.16400000000000006,0,0.9060000000000002,0.16400000000000006,0,1,0,0,0,122,80,9,-2.1348610740354648,122.0
3,480,0.6460000000000001,0.12200000000000027,0,0.7960000000000002,0.12200000000000027,0,1,0,0,0,145,102,8,-0.31326141694940723,145.0
0,481,0.3400000000000003,0.16000000000000006,0,0.4900000000000003,0.16000000000000006,0,0,0,0,0,118,82,10,-2.725421665820309,118.0
1,481,0.7140000000000002,0.14000000000000004,0,0.8640000000000002,0.14000000000000004,0,1,1,0,0,186,146,7,2.6367907166627615,152.99782615207397
2,481,0.7600000000000002,0.16600000000000006,0,0.9100000000000003,0.16600000000000006,1,1,0,1,0,123,81,9,-2.0835677796479146,123.0
3,481,0.6500000000000001,0.12400000000000028,0,0.8000000000000002,0.12400000000000028,0,1,1,0,0,145,102,8,-0.31326141694940723,145.0
0,482,0.3440000000000003,0.16200000000000006,0,0.4940000000000003,0.16200000000000006,0,0,0,0,0,118,82,10,-2.725421665820309,118.0
1,482,0.7180000000000002,0.14200000000000004,0,0.8680000000000002,0.14200000000000004,0,1,0,0,0,186,146,7,2.6367907166627615,152.99782615207397
2,482,0.7700000000000002,0.16800000000000007,0,0.9200000000000003,0.16800000000000007,0,1,0,0,0,123,81,9,-2.0835677796479146,123.0
3,482,0.6540000000000001,0.12600000000000028,0,0.8040000000000002,0.12600000000000028,0,1,0,0,0,145,102,8,-0.31326141694940723,145.0
0,483,0.3480000000000003,0.16400000000000006,0,0.49800000000000033,0.16400000000000006,0,1,0,0,0,118,82,10,-2.725421665820309,118.0
1,483,0.7220000000000002,0.14400000000000004,0,0.8720000000000002,0.14400000000000004,0,1,1,0,0,186,146,7,2.6367907166627615,152.99782615207397
2,483,0.7740000000000002,0.17000000000000007,0,0.9240000000000003,0.17000000000000007,0,1,0,0,0,123,81,9,-2.0835677796479146,123.0
3,483,0.6580000000000001,0.12800000000000028,0,0.8080000000000002,0.12800000000000028,1,1,0,1,0,146,103,8,-0.2619681225618571,146.0
0,484,0.3520000000000003,0.16600000000000006,0,0.5020000000000003,0.16600000000000006,0,1,0,0,0,118,82,10,-2.725421665820309,118.0
1,484,0.7260000000000002,0.14600000000000005,0,0.8760000000000002,0.14600000000000005,0,1,0,0,0,186,146,7,2.6367907166627615,152.99782615207397
2,484,0.7780000000000002,0.17200000000000007,0,0.9280000000000003,0.17200000000000007,0,1,0,0,0,123,81,9,-2.0835677796479146,123.0
3,484,0.6680000000000001,0.13000000000000028,0,0.8180000000000002,0.13000000000000028,0,1,0,0,0,146,103,8,-0.2619681225618571,146.0
0,485,0.3560000000000003,0.16800000000000007,0,0.5060000000000003,0.16800000000000007,0,1,0,0,0,118,82,10,-2.725421665820309,118.0
1,485,0.7300000000000002,0.14800000000000005,0,0.8800000000000002,0.14800000000000005,0,1,0,0,0,186,146,7,2.6367907166627615,152.99782615207397
2,485,0.7820000000000003,0.17400000000000007,0,0.9320000000000003,0.17400000000000007,0,1,0,0,0,123,81,9,-2.0835677796479146,123.0
3,485,0.6720000000000002,0.13200000000000028,0,0.8220000000000002,0.13200000000000028,0,1,0,0,0,146,103,8,-0.2619681225618571,146.0
0,486,0.3600000000000003,0.17000000000000007,0,0.5100000000000003,0.17000000000000007,0,0,0,0,0,118,82,10,-2.725421665820309,118.0
1,486,0.7340000000000002,0.15000000000000005,0,0.8840000000000002,0.15000000000000005,0,0,0,0,0,186,146,7,2.6367907166627615,152.99782615207397
2,486,0.7860000000000003,0.17600000000000007,0,0.9360000000000003,0.17600000000000007,1,1,0,1,0,124,82,9,-2.0322744852603636,124.0
3,486,0.6760000000000002,0.13400000000000029,0,0.8260000000000002,0.13400000000000029,0,1,1,0,0,146,103,8,-0.2619681225618571,146.0
0,487,0.3640000000000003,0.17200000000000007,0,0.5140000000000003,0.17200000000000007,0,1,0,0,0,118,82,10,-2.725421665820309,118.0
1,487,0.7380000000000002,0.15200000000000005,0,0.8880000000000002,0.15200000000000005,0,1,0,0,0,186,146,7,2.6367907166627615,152.99782615207397
2,487,0.7960000000000003,0.17800000000000007,0,0.9460000000000003,0.17800000000000007,0,1,0,0,0,124,82,9,-2.0322744852603636,124.0
3,487,0.6800000000000002,0.1360000000000003,0,0.8300000000000002,0.1360000000000003,0,1,0,0,0,146,103,8,-0.2619681225618571,146.0
0,488,0.3680000000000003,0.17400000000000007,0,0.5180000000000003,0.17400000000000007,0,0,0,0,0,118,82,10,-2.725421665820309,118.0
1,488,0.7420000000000002,0.15400000000000005,0,0.8920000000000002,0.15400000000000005,0,0,0,0,0,186,146,7,2.6367907166627615,152.99782615207397
2,488,0.8,0.18000000000000008,0,0.95,0.18000000000000008,0,1,0,0,0,124,82,9,-2.0322744852603636,124.0
3,488,0.6840000000000002,0.1380000000000003,0,0.8340000000000002,0.1380000000000003,0,1,0,0,0,146,103,8,-0.2619681225618571,146.0
0,489,0.37200000000000033,0.17600000000000007,0,0.5220000000000004,0.17600000000000007,0,1,0,0,0,118,82,10,-2.725421665820309,118.0
1,489,0.7460000000000002,0.15600000000000006,0,0.8960000000000002,0.15600000000000006,0,1,0,0,0,186,146,7,2.6367907166627615,152.99782615207397
2,489,0.8,0.18200000000000008,0,0.95,0.18200000000000008,0,1,0,0,0,124,82,9,-2.0322744852603636,124.0
3,489,0.6880000000000002,0.1400000000000003,0,0.8380000000000002,0.1400000000000003,0,0,0,0,0,146,103,8,-0.2619681225618571,146.0
0,490,0.37600000000000033,0.17800000000000007,0,0.5260000000000004,0.17800000000000007,0,0,1,0,0,118,82,10,-2.725421665820309,118.0
1,490,0.7500000000000002,0.15800000000000006,0,0.9000000000000002,0.15800000000000006,0,1,0,0,0,186,146,7,2.6367907166627615,152.99782615207397
2,490,0.8,0.18400000000000008,0,0.95,0.18400000000000008,0,0,0,0,0,124,82,9,-2.0322744852603636,124.0
3,490,0.6920000000000002,0.1420000000000003,0,0.8420000000000002,0.1420000000000003,0,1,0,0,0,146,103,8,-0.2619681225618571,146.0
0,491,0.38000000000000034,0.18000000000000008,0,0.5300000000000004,0.18000000000000008,0,1,0,0,0,118,82,10,-2.725421665820309,118.0
1,491,0.7540000000000002,0.16000000000000006,0,0.9040000000000002,0.16000000000000006,0,1,0,0,0,186,146,7,2.6367907166627615,152.99782615207397
2,491,0.8,0.18600000000000008,0,0.95,0.18600000000000008,1,1,0,1,0,125,83,9,-1.9809811908728134,125.0
3,491,0.6960000000000002,0.1440000000000003,0,0.8460000000000002,0.1440000000000003,0,1,0,0,0,146,103,8,-0.2619681225618571,146.0
0,492,0.38400000000000034,0.18200000000000008,0,0.5340000000000004,0.18200000000000008,1,0,0,1,0,119,82,10,-2.725421665820309,119.0
1,492,0.7580000000000002,0.16200000000000006,0,0.9080000000000003,0.16200000000000006,0,1,0,0,0,186,146,7,2.6367907166627615,152.99782615207397
2,492,0.8,0.18800000000000008,0,0.95,0.18800000000000008,0,1,0,0,0,125,83,9,-1.9809811908728134,125.0
3,492,0.7000000000000002,0.1460000000000003,0,0.8500000000000002,0.1460000000000003,0,1,0,0,0,146,103,8,-0.2619681225618571,146.0
0,493,0.39400000000000035,0.18400000000000008,0,0.5440000000000004,0.18400000000000008,0,0,0,0,0,119,82,10,-2.725421665820309,119.0
1,493,0.7620000000000002,0.16400000000000006,0,0.9120000000000003,0.16400000000000006,0,1,1,0,0,186,146,7,2.6367907166627615,152.99782615207397
2,493,0.8,0.19000000000000009,0,0.95,0.19000000000000009,0,1,1,0,0,125,83,9,-1.9809811908728134,125.0
3,493,0.7040000000000002,0.1480000000000003,0,0.8540000000000002,0.1480000000000003,0,1,0,0,0,146,103,8,-0.2619681225618571,146.0
0,494,0.39800000000000035,0.18600000000000008,0,0.5480000000000004,0.18600000000000008,0,0,0,0,0,119,82,10,-2.725421665820309,119.0
1,494,0.7660000000000002,0.16600000000000006,0,0.9160000000000003,0.16600000000000006,0,1,0,0,0,186,146,7,2.6367907166627615,152.99782615207397
2,494,0.8,0.1920000000000001,0,0.95,0.1920000000000001,0,1,0,0,0,125,83,9,-1.9809811908728134,125.0
3,494,0.7080000000000002,0.1500000000000003,0,0.8580000000000002,0.1500000000000003,0,1,1,0,0,146,103,8,-0.2619681225618571,146.0
0,495,0.40200000000000036,0.18800000000000008,0,0.5520000000000004,0.18800000000000008,0,1,0,0,0,119,82,10,-2.725421665820309,119.0
1,495,0.7700000000000002,0.16800000000000007,0,0.9200000000000003,0.16800000000000007,0,1,1,0,0,186,146,7,2.6367907166627615,152.99782615207397
2,495,0.8,0.1940000000000001,0,0.95,0.1940000000000001,0,1,0,0,0,125,83,9,-1.9809811908728134,125.0
3,495,0.7120000000000002,0.1520000000000003,0,0.8620000000000002,0.1520000000000003,0,1,0,0,0,146,103,8,-0.2619681225618571,146.0
0,496,0.40600000000000036,0.19000000000000009,0,0.5560000000000004,0.19000000000000009,0,1,0,0,0,119,82,10,-2.725421665820309,119.0
1,496,0.7740000000000002,0.17000000000000007,0,0.9240000000000003,0.17000000000000007,0,1,0,0,0,186,146,7,2.6367907166627615,152.99782615207397
2,496,0.8,0.1960000000000001,0,0.95,0.1960000000000001,0,1,0,0,0,125,83,9,-1.9809811908728134,125.0
3,496,0.7160000000000002,0.1540000000000003,0,0.8660000000000002,0.1540000000000003,1,1,0,1,0,147,104,8,-0.21067482817430605,147.0
0,497,0.41000000000000036,0.1920000000000001,0,0.5600000000000004,0.1920000000000001,0,0,0,0,0,119,82,10,-2.725421665820309,119.0
1,497,0.7780000000000002,0.17200000000000007,0,0.9280000000000003,0.17200000000000007,0,1,0,0,0,186,146,7,2.6367907166627615,152.99782615207397
2,497,0.8,0.1980000000000001,0,0.95,0.1980000000000001,1,1,0,1,0,126,84,9,-1.9296878964852624,126.0
3,497,0.7260000000000002,0.1560000000000003,0,0.8760000000000002,0.1560000000000003,0,1,0,0,0,147,104,8,-0.21067482817430605,147.0
0,498,0.41400000000000037,0.1940000000000001,0,0.5640000000000004,0.1940000000000001,0,1,0,0,0,119,82,10,-2.725421665820309,119.0
1,498,0.7820000000000003,0.17400000000000007,0,0.9320000000000003,0.17400000000000007,1,1,0,1,0,187,147,7,2.6880840110503117,152.99782615207397
2,498,0.8,0.2000000000000001,0,0.95,0.2000000000000001,0,1,0,0,0,126,84,9,-1.9296878964852624,126.0
3,498,0.7300000000000002,0.1580000000000003,0,0.8800000000000002,0.1580000000000003,0,1,0,0,0,147,104,8,-0.21067482817430605,147.0
0,499,0.41800000000000037,0.1960000000000001,0,0.5680000000000004,0.1960000000000001,0,1,0,0,0,119,82,10,-2.725421665820309,119.0
1,499,0.7920000000000003,0.17600000000000007,0,0.9420000000000003,0.17600000000000007,0,1,0,0,0,187,147,7,2.6880840110503117,152.99782615207397
2,499,0.8,0.2020000000000001,0,0.95,0.2020000000000001,0,1,0,0,0,126,84,9,-1.9296878964852624,126.0
3,499,0.7340000000000002,0.1600000000000003,0,0.8840000000000002,0.1600000000000003,0,1,0,0,0,147,104,8,-0.21067482817430605,147.0
0,500,0.4220000000000004,0.1980000000000001,0,0.5720000000000004,0.1980000000000001,1,1,1,1,1,120,83,11,-3.3672755519927042,120.0
1,500,0.7960000000000003,0.17800000000000007,0,0.9460000000000003,0.17800000000000007,0,1,1,0,0,187,147,7,2.6880840110503117,152.99782615207397
2,500,0.8,0.2040000000000001,0,0.95,0.2040000000000001,0,1,0,0,0,126,84,9,-1.9296878964852624,126.0
3,500,0.7380000000000002,0.1620000000000003,0,0.8880000000000002,0.1620000000000003,1,1,1,1,1,148,105,9,-0.8525287143467013,148.0
0,501,0.23200000000000037,0.1,8,0.38200000000000034,0.05,0,0,0,0,0,120,83,11,-3.3672755519927042,120.0
1,501,0.8,0.18000000000000008,0,0.95,0.18000000000000008,0,1,0,0,0,187,147,7,2.6880840110503117,152.99782615207397
2,501,0.8,0.2060000000000001,0,0.95,0.2060000000000001,0,1,0,0,0,126,84,9,-1.9296878964852624,126.0
3,501,0.5480000000000003,0.1,8,0.6980000000000003,0.05,0,1,0,0,0,148,105,9,-0.8525287143467013,148.0
0,502,0.23600000000000038,0.10200000000000001,7,0.38600000000000034,0.05,0,0,0,0,0,120,83,11,-3.3672755519927042,120.0
1,502,0.8,0.18200000000000008,0,0.95,0.18200000000000008,0,0,0,0,0,187,147,7,2.6880840110503117,152.99782615207397
2,502,0.8,0.2080000000000001,0,0.95,0.2080000000000001,0,0,1,0,0,126,84,9,-1.9296878964852624,126.0
3,502,0.5520000000000003,0.10200000000000001,7,0.7020000000000003,0.05,0,0,0,0,0,148,105,9,-0.8525287143467013,148.0
0,503,0.24000000000000038,0.10400000000000001,6,0.39000000000000035,0.05,0,0,0,0,0,120,83,11,-3.3672755519927042,120.0
1,503,0.8,0.18400000000000008,0,0.95,0.18400000000000008,0,1,0,0,0,187,147,7,2.6880840110503117,152.99782615207397
2,503,0.8,0.2100000000000001,0,0.95,0.2100000000000001,0,1,0,0,0,126,84,9,-1.9296878964852624,126.0
3,503,0.5560000000000003,0.10400000000000001,6,0.7060000000000003,0.05,0,1,0,0,0,148,105,9,-0.8525287143467013,148.0
0,504,0.24400000000000038,0.10600000000000001,5,0.39400000000000035,0.05,0,1,0,0,0,120,83,11,-3.3672755519927042,120.0
1,504,0.8,0.18600000000000008,0,0.95,0.18600000000000008,1,1,0,1,0,188,148,7,2.7393773054378627,152.99782615207397
2,504,0.8,0.2120000000000001,0,0.95,0.2120000000000001,0,1,0,0,0,126,84,9,-1.9296878964852624,126.0
3,504,0.5600000000000003,0.10600000000000001,5,0.7100000000000003,0.05,0,1,0,0,0,148,105,9,-0.8525287143467013,148.0
0,505,0.2480000000000004,0.10800000000000001,4,0.39800000000000035,0.05,0,1,0,0,0,120,83,11,-3.3672755519927042,120.0
1,505,0.8,0.18800000000000008,0,0.95,0.18800000000000008,0,1,0,0,0,188,148,7,2.7393773054378627,152.99782615207397
2,505,0.8,0.2140000000000001,0,0.95,0.2140000000000001,0,1,0,0,0,126,84,9,-1.9296878964852624,126.0
3,505,0.5640000000000003,0.10800000000000001,4,0.7140000000000003,0.05,0,0,0,0,0,148,105,9,-0.8525287143467013,148.0
0,506,0.2520000000000004,0.11000000000000001,3,0.40200000000000036,0.05,0,0,0,0,0,120,83,11,-3.3672755519927042,120.0
1,506,0.8,0.19000000000000009,0,0.95,0.19000000000000009,0,1,0,0,0,188,148,7,2.7393773054378627,152.99782615207397
2,506,0.8,0.2160000000000001,0,0.95,0.2160000000000001,1,1,0,1,0,127,85,9,-1.8783946020977123,127.0
3,506,0.5680000000000003,0.11000000000000001,3,0.7180000000000003,0.05,0,1,0,0,0,148,105,9,-0.8525287143467013,148.0
0,507,0.2560000000000004,0.11200000000000002,2,0.40600000000000036,0.05,0,1,1,0,0,120,83,11,-3.3672755519927042,120.0
1,507,0.8,0.1920000000000001,0,0.95,0.1920000000000001,0,1,0,0,0,188,148,7,2.7393773054378627,152.99782615207397
2,507,0.8,0.2180000000000001,0,0.95,0.2180000000000001,0,1,0,0,0,127,85,9,-1.8783946020977123,127.0
3,507,0.5720000000000003,0.11200000000000002,2,0.7220000000000003,0.05,0,1,0,0,0,148,105,9,-0.8525287143467013,148.0
0,508,0.2600000000000004,0.11400000000000002,1,0.41000000000000036,0.05,0,1,1,0,0,120,83,11,-3.3672755519927042,120.0
1,508,0.8,0.1940000000000001,0,0.95,0.1940000000000001,0,1,0,0,0,188,148,7,2.7393773054378627,152.99782615207397
2,508,0.8,0.2200000000000001,0,0.95,0.2200000000000001,0,1,0,0,0,127,85,9,-1.8783946020977123,127.0
3,508,0.5760000000000003,0.11400000000000002,1,0.7260000000000003,0.05,0,0,0,0,0,148,105,9,-0.8525287143467013,148.0
0,509,0.2640000000000004,0.11600000000000002,0,0.41400000000000037,0.11600000000000002,0,1,0,0,0,120,83,11,-3.3672755519927042,120.0
1,509,0.8,0.1960000000000001,0,0.95,0.1960000000000001,0,1,1,0,0,188,148,7,2.7393773054378627,152.99782615207397
2,509,0.8,0.22200000000000011,0,0.95,0.22200000000000011,0,1,0,0,0,127,85,9,-1.8783946020977123,127.0
3,509,0.5800000000000003,0.11600000000000002,0,0.7300000000000003,0.11600000000000002,0,0,0,0,0,148,105,9,-0.8525287143467013,148.0
0,510,0.2680000000000004,0.11800000000000002,0,0.41800000000000037,0.11800000000000002,0,0,0,0,0,120,83,11,-3.3672755519927042,120.0
1,510,0.8,0.1980000000000001,0,0.95,0.1980000000000001,0,1,0,0,0,188,148,7,2.7393773054378627,152.99782615207397
2,510,0.8,0.22400000000000012,0,0.95,0.22400000000000012,0,0,0,0,0,127,85,9,-1.8783946020977123,127.0
3,510,0.5840000000000003,0.11800000000000002,0,0.7340000000000003,0.11800000000000002,0,1,0,0,0,148,105,9,-0.8525287143467013,148.0
0,511,0.2720000000000004,0.12000000000000002,0,0.4220000000000004,0.12000000000000002,0,0,0,0,0,120,83,11,-3.3672755519927042,120.0
1,511,0.8,0.2000000000000001,0,0.95,0.2000000000000001,1,1,0,1,0,189,149,7,2.790670599825413,152.99782615207397
2,511,0.8,0.22600000000000012,0,0.95,0.22600000000000012,1,1,0,1,0,128,86,9,-1.8271013077101612,128.0
3,511,0.5880000000000003,0.12000000000000002,0,0.7380000000000003,0.12000000000000002,0,1,0,0,0,148,105,9,-0.8525287143467013,148.0
0,512,0.2760000000000004,0.12200000000000003,0,0.4260000000000004,0.12200000000000003,0,0,0,0,0,120,83,11,-3.3672755519927042,120.0
1,512,0.8,0.2020000000000001,0,0.95,0.2020000000000001,0,1,0,0,0,189,149,7,2.790670599825413,152.99782615207397
2,512,0.8,0.22800000000000012,0,0.95,0.22800000000000012,0,1,0,0,0,128,86,9,-1.8271013077101612,128.0
3,512,0.5920000000000003,0.12200000000000003,0,0.7420000000000003,0.12200000000000003,0,1,0,0,0,148,105,9,-0.8525287143467013,148.0
0,513,0.2800000000000004,0.12400000000000003,0,0.2800000000000004,0.12400000000000003,0,0,0,0,0,120,83,11,-3.3672755519927042,120.0
1,513,0.8,0.2040000000000001,0,0.8,0.2040000000000001,0,1,0,0,0,189,149,7,2.790670599825413,152.99782615207397
2,513,0.8,0.23000000000000012,0,0.8,0.23000000000000012,0,0,0,0,0,128,86,9,-1.8271013077101612,128.0
3,513,0.5960000000000003,0.12400000000000003,0,0.5960000000000003,0.12400000000000003,0,0,0,0,0,148,105,9,-0.8525287143467013,148.0
0,514,0.2840000000000004,0.12600000000000003,0,0.2840000000000004,0.12600000000000003,0,0,0,0,0,120,83,11,-3.3672755519927042,120.0
1,514,0.8,0.2060000000000001,0,0.8,0.2060000000000001,0,1,0,0,0,189,149,7,2.790670599825413,152.99782615207397
2,514,0.8,0.23200000000000012,0,0.8,0.23200000000000012,0,0,0,0,0,128,86,9,-1.8271013077101612,128.0
3,514,0.6000000000000003,0.12600000000000003,0,0.6000000000000003,0.12600000000000003,0,1,0,0,0,148,105,9,-0.8525287143467013,148.0
0,515,0.2880000000000004,0.12800000000000003,0,0.2880000000000004,0.12800000000000003,0,1,1,0,0,120,83,11,-3.3672755519927042,120.0
1,515,0.8,0.2080000000000001,0,0.8,0.2080000000000001,0,1,0,0,0,189,149,7,2.790670599825413,152.99782615207397
2,515,0.8,0.23400000000000012,0,0.8,0.23400000000000012,0,1,0,0,0,128,86,9,-1.8271013077101612,128.0
3,515,0.6040000000000003,0.12800000000000003,0,0.6040000000000003,0.12800000000000003,0,0,0,0,0,148,105,9,-0.8525287143467013,148.0
0,516,0.2920000000000004,0.13000000000000003,0,0.2920000000000004,0.13000000000000003,0,0,0,0,0,120,83,11,-3.3672755519927042,120.0
1,516,0.8,0.2100000000000001,0,0.8,0.2100000000000001,0,0,0,0,0,189,149,7,2.790670599825413,152.99782615207397
2,516,0.8,0.23600000000000013,0,0.8,0.23600000000000013,0,0,0,0,0,128,86,9,-1.8271013077101612,128.0
3,516,0.6080000000000003,0.13000000000000003,0,0.6080000000000003,0.13000000000000003,0,1,0,0,0,148,105,9,-0.8525287143467013,148.0
0,517,0.29600000000000043,0.13200000000000003,0,0.29600000000000043,0.13200000000000003,0,0,0,0,0,120,83,11,-3.3672755519927042,120.0
1,517,0.8,0.2120000000000001,0,0.8,0.2120000000000001,1,0,0,1,0,190,149,7,2.790670599825413,152.99782615207397
2,517,0.8,0.23800000000000013,0,0.8,0.23800000000000013,1,1,0,1,0,129,87,9,-1.775808013322611,129.0
3,517,0.6120000000000003,0.13200000000000003,0,0.6120000000000003,0.13200000000000003,0,1,0,0,0,148,105,9,-0.8525287143467013,148.0
0,518,0.30000000000000043,0.13400000000000004,0,0.30000000000000043,0.13400000000000004,0,1,0,0,0,120,83,11,-3.3672755519927042,120.0
1,518,0.8,0.2140000000000001,0,0.8,0.2140000000000001,0,0,0,0,0,190,149,7,2.790670599825413,152.99782615207397
2,518,0.8,0.24000000000000013,0,0.8,0.24000000000000013,0,1,0,0,0,129,87,9,-1.775808013322611,129.0
3,518,0.6160000000000003,0.13400000000000004,0,0.6160000000000003,0.13400000000000004,0,1,0,0,0,148,105,9,-0.8525287143467013,148.0
0,519,0.30400000000000044,0.13600000000000004,0,0.30400000000000044,0.13600000000000004,0,0,0,0,0,120,83,11,-3.3672755519927042,120.0
1,519,0.8,0.2160000000000001,0,0.8,0.2160000000000001,0,1,1,0,0,190,149,7,2.790670599825413,152.99782615207397
2,519,0.8,0.24200000000000013,0,0.8,0.24200000000000013,0,1,0,0,0,129,87,9,-1.775808013322611,129.0
3,519,0.6200000000000003,0.13600000000000004,0,0.6200000000000003,0.13600000000000004,0,0,0,0,0,148,105,9,-0.8525287143467013,148.0
0,520,0.30800000000000044,0.13800000000000004,0,0.30800000000000044,0.13800000000000004,0,0,0,0,0,120,83,11,-3.3672755519927042,120.0
1,520,0.8,0.2180000000000001,0,0.8,0.2180000000000001,0,0,1,0,0,190,149,7,2.790670599825413,152.99782615207397
2,520,0.8,0.24400000000000013,0,0.8,0.24400000000000013,1,1,0,1,0,130,88,9,-1.724514718935061,130.0
3,520,0.6240000000000003,0.13800000000000004,0,0.6240000000000003,0.13800000000000004,0,1,0,0,0,148,105,9,-0.8525287143467013,148.0
0,521,0.31200000000000044,0.14000000000000004,0,0.31200000000000044,0.14000000000000004,0,0,0,0,0,120,83,11,-3.3672755519927042,120.0
1,521,0.8,0.2200000000000001,0,0.8,0.2200000000000001,0,1,0,0,0,190,149,7,2.790670599825413,152.99782615207397
2,521,0.8,0.24600000000000014,0,0.8,0.24600000000000014,1,1,0,1,0,131,89,9,-1.6732214245475099,131.0
3,521,0.6280000000000003,0.14000000000000004,0,0.6280000000000003,0.14000000000000004,0,0,0,0,0,148,105,9,-0.8525287143467013,148.0
0,522,0.31600000000000045,0.14200000000000004,0,0.31600000000000045,0.14200000000000004,0,0,1,0,0,120,83,11,-3.3672755519927042,120.0
1,522,0.8,0.22200000000000011,0,0.8,0.22200000000000011,1,1,0,1,0,191,150,7,2.841963894212964,152.99782615207397
2,522,0.8,0.24800000000000014,0,0.8,0.24800000000000014,0,0,0,0,0,131,89,9,-1.6732214245475099,131.0
3,522,0.6320000000000003,0.14200000000000004,0,0.6320000000000003,0.14200000000000004,0,0,0,0,0,148,105,9,-0.8525287143467013,148.0
0,523,0.32000000000000045,0.14400000000000004,0,0.32000000000000045,0.14400000000000004,0,0,0,0,0,120,83,11,-3.3672755519927042,120.0
1,523,0.8,0.22400000000000012,0,0.8,0.22400000000000012,1,1,0,1,0,192,151,7,2.893257188600514,152.99782615207397
2,523,0.8,0.2500000000000001,0,0.8,0.2500000000000001,0,0,0,0,0,131,89,9,-1.6732214245475099,131.0
3,523,0.6360000000000003,0.14400000000000004,0,0.6360000000000003,0.14400000000000004,0,0,1,0,0,148,105,9,-0.8525287143467013,148.0
0,524,0.32400000000000045,0.14600000000000005,0,0.32400000000000045,0.14600000000000005,0,1,0,0,0,120,83,11,-3.3672755519927042,120.0
1,524,0.8,0.22600000000000012,0,0.8,0.22600000000000012,0,1,0,0,0,192,151,7,2.893257188600514,152.99782615207397
2,524,0.8,0.2520000000000001,0,0.8,0.2520000000000001,1,1,0,1,0,132,90,9,-1.6219281301599597,132.0
3,524,0.6400000000000003,0.14600000000000005,0,0.6400000000000003,0.14600000000000005,0,1,0,0,0,148,105,9,-0.8525287143467013,148.0
0,525,0.32800000000000046,0.14800000000000005,0,0.32800000000000046,0.14800000000000005,0,0,0,0,0,120,83,11,-3.3672755519927042,120.0
1,525,0.8,0.22800000000000012,0,0.8,0.22800000000000012,1,1,0,1,0,193,152,7,2.944550482988064,152.99782615207397
2,525,0.8,0.2540000000000001,0,0.8,0.2540000000000001,0,0,0,0,0,132,90,9,-1.6219281301599597,132.0
3,525,0.6440000000000003,0.14800000000000005,0,0.6440000000000003,0.14800000000000005,0,1,0,0,0,148,105,9,-0.8525287143467013,148.0
0,526,0.33200000000000046,0.15000000000000005,0,0.33200000000000046,0.15000000000000005,0,0,0,0,0,120,83,11,-3.3672755519927042,120.0
1,526,0.8,0.23000000000000012,0,0.8,0.23000000000000012,0,1,0,0,0,193,152,7,2.944550482988064,152.99782615207397
2,526,0.8,0.2560000000000001,0,0.8,0.2560000000000001,0,1,0,0,0,132,90,9,-1.6219281301599597,132.0
3,526,0.6480000000000004,0.15000000000000005,0,0.6480000000000004,0.15000000000000005,0,1,0,0,0,148,105,9,-0.8525287143467013,148.0
0,527,0.33600000000000046,0.15200000000000005,0,0.33600000000000046,0.15200000000000005,0,0,0,0,0,120,83,11,-3.3672755519927042,120.0
1,527,0.8,0.23200000000000012,0,0.8,0.23200000000000012,0,1,0,0,0,193,152,7,2.944550482988064,152.99782615207397
2,527,0.8,0.2580000000000001,0,0.8,0.2580000000000001,0,1,0,0,0,132,90,9,-1.6219281301599597,132.0
3,527,0.6520000000000004,0.15200000000000005,0,0.6520000000000004,0.15200000000000005,0,1,1,0,0,148,105,9,-0.8525287143467013,148.0
0,528,0.34000000000000047,0.15400000000000005,0,0.34000000000000047,0.15400000000000005,0,1,0,0,0,120,83,11,-3.3672755519927042,120.0
1,528,0.8,0.23400000000000012,0,0.8,0.23400000000000012,0,0,0,0,0,193,152,7,2.944550482988064,152.99782615207397
2,528,0.8,0.2600000000000001,0,0.8,0.2600000000000001,0,1,0,0,0,132,90,9,-1.6219281301599597,132.0
3,528,0.6560000000000004,0.15400000000000005,0,0.6560000000000004,0.15400000000000005,0,0,0,0,0,148,105,9,-0.8525287143467013,148.0
0,529,0.34400000000000047,0.15600000000000006,0,0.34400000000000047,0.15600000000000006,0,1,0,0,0,120,83,11,-3.3672755519927042,120.0
1,529,0.8,0.23600000000000013,0,0.8,0.23600000000000013,1,1,0,1,0,194,153,7,2.9958437773756152,152.99782615207397
2,529,0.8,0.2620000000000001,0,0.8,0.2620000000000001,0,1,0,0,0,132,90,9,-1.6219281301599597,132.0
3,529,0.6600000000000004,0.15600000000000006,0,0.6600000000000004,0.15600000000000006,0,1,1,0,0,148,105,9,-0.8525287143467013,148.0
0,530,0.3480000000000005,0.15800000000000006,0,0.3480000000000005,0.15800000000000006,0,1,0,0,0,120,83,11,-3.3672755519927042,120.0
1,530,0.8,0.23800000000000013,0,0.8,0.23800000000000013,0,0,0,0,0,194,153,7,2.9958437773756152,152.99782615207397
2,530,0.8,0.2640000000000001,0,0.8,0.2640000000000001,0,1,0,0,0,132,90,9,-1.6219281301599597,132.0
3,530,0.6640000000000004,0.15800000000000006,0,0.6640000000000004,0.15800000000000006,0,0,0,0,0,148,105,9,-0.8525287143467013,148.0
0,531,0.3520000000000005,0.16000000000000006,0,0.3520000000000005,0.16000000000000006,0,0,0,0,0,120,83,11,-3.3672755519927042,120.0
1,531,0.8,0.24000000000000013,0,0.8,0.24000000000000013,0,1,1,0,0,194,153,7,2.9958437773756152,152.99782615207397
2,531,0.8,0.2660000000000001,0,0.8,0.2660000000000001,1,1,1,1,1,133,91,10,-2.263782016332354,133.0
3,531,0.6680000000000004,0.16000000000000006,0,0.6680000000000004,0.16000000000000006,0,0,0,0,0,148,105,9,-0.8525287143467013,148.0
0,532,0.3560000000000005,0.16200000000000006,0,0.3560000000000005,0.16200000000000006,0,0,0,0,0,120,83,11,-3.3672755519927042,120.0
1,532,0.8,0.24200000000000013,0,0.8,0.24200000000000013,0,1,0,0,0,194,153,7,2.9958437773756152,152.99782615207397
2,532,0.6100000000000001,0.1,8,0.6100000000000001,0.05,0,1,0,0,0,133,91,10,-2.263782016332354,133.0
3,532,0.6720000000000004,0.16200000000000006,0,0.6720000000000004,0.16200000000000006,0,1,0,0,0,148,105,9,-0.8525287143467013,148.0
0,533,0.3600000000000005,0.16400000000000006,0,0.3600000000000005,0.16400000000000006,0,0,0,0,0,120,83,11,-3.3672755519927042,120.0
1,533,0.8,0.24400000000000013,0,0.8,0.24400000000000013,0,1,1,0,0,194,153,7,2.9958437773756152,152.99782615207397
2,533,0.6140000000000001,0.10200000000000001,7,0.6140000000000001,0.05,0,0,0,0,0,133,91,10,-2.263782016332354,133.0
3,533,0.6760000000000004,0.16400000000000006,0,0.6760000000000004,0.16400000000000006,0,0,1,0,0,148,105,9,-0.8525287143467013,148.0
0,534,0.3640000000000005,0.16600000000000006,0,0.3640000000000005,0.16600000000000006,0,0,1,0,0,120,83,11,-3.3672755519927042,120.0
1,534,0.8,0.24600000000000014,0,0.8,0.24600000000000014,0,1,0,0,0,194,153,7,2.9958437773756152,152.99782615207397
2,534,0.6180000000000001,0.10400000000000001,6,0.6180000000000001,0.05,1,1,0,1,0,134,92,10,-2.212488721944804,134.0
3,534,0.6800000000000004,0.16600000000000006,0,0.6800000000000004,0.16600000000000006,0,1,0,0,0,148,105,9,-0.8525287143467013,148.0
0,535,0.3680000000000005,0.16800000000000007,0,0.3680000000000005,0.16800000000000007,0,0,0,0,0,120,83,11,-3.3672755519927042,120.0
1,535,0.8,0.24800000000000014,0,0.8,0.24800000000000014,0,0,0,0,0,194,153,7,2.9958437773756152,152.99782615207397
2,535,0.6280000000000001,0.10600000000000001,5,0.6280000000000001,0.05,0,1,0,0,0,134,92,10,-2.212488721944804,134.0
3,535,0.6840000000000004,0.16800000000000007,0,0.6840000000000004,0.16800000000000007,0,1,1,0,0,148,105,9,-0.8525287143467013,148.0
0,536,0.3720000000000005,0.17000000000000007,0,0.3720000000000005,0.17000000000000007,1,0,0,1,0,121,83,11,-3.3672755519927042,121.0
1,536,0.8,0.2500000000000001,0,0.8,0.2500000000000001,0,0,0,0,0,194,153,7,2.9958437773756152,152.99782615207397
2,536,0.6320000000000001,0.10800000000000001,4,0.6320000000000001,0.05,0,1,0,0,0,134,92,10,-2.212488721944804,134.0
3,536,0.6880000000000004,0.17000000000000007,0,0.6880000000000004,0.17000000000000007,0,0,0,0,0,148,105,9,-0.8525287143467013,148.0
0,537,0.3820000000000005,0.17200000000000007,0,0.3820000000000005,0.17200000000000007,0,1,0,0,0,121,83,11,-3.3672755519927042,121.0
1,537,0.8,0.2520000000000001,0,0.8,0.2520000000000001,0,1,0,0,0,194,153,7,2.9958437773756152,152.99782615207397
2,537,0.6360000000000001,0.11000000000000001,3,0.6360000000000001,0.05,0,0,0,0,0,134,92,10,-2.212488721944804,134.0
3,537,0.6920000000000004,0.17200000000000007,0,0.6920000000000004,0.17200000000000007,0,0,0,0,0,148,105,9,-0.8525287143467013,148.0
0,538,0.3860000000000005,0.17400000000000007,0,0.3860000000000005,0.17400000000000007,0,0,0,0,0,121,83,11,-3.3672755519927042,121.0
1,538,0.8,0.2540000000000001,0,0.8,0.2540000000000001,0,1,0,0,0,194,153,7,2.9958437773756152,152.99782615207397
2,538,0.6400000000000001,0.11200000000000002,2,0.6400000000000001,0.05,0,1,0,0,0,134,92,10,-2.212488721944804,134.0
3,538,0.6960000000000004,0.17400000000000007,0,0.6960000000000004,0.17400000000000007,0,1,0,0,0,148,105,9,-0.8525287143467013,148.0
0,539,0.3900000000000005,0.17600000000000007,0,0.3900000000000005,0.17600000000000007,0,0,1,0,0,121,83,11,-3.3672755519927042,121.0
1,539,0.8,0.2560000000000001,0,0.8,0.2560000000000001,0,1,1,0,0,194,153,7,2.9958437773756152,152.99782615207397
2,539,0.6440000000000001,0.11400000000000002,1,0.6440000000000001,0.05,0,1,0,0,0,134,92,10,-2.212488721944804,134.0
3,539,0.7000000000000004,0.17600000000000007,0,0.7000000000000004,0.17600000000000007,0,1,0,0,0,148,105,9,-0.8525287143467013,148.0
0,540,0.3940000000000005,0.17800000000000007,0,0.3940000000000005,0.17800000000000007,0,0,0,0,0,121,83,11,-3.3672755519927042,121.0
1,540,0.8,0.2580000000000001,0,0.8,0.2580000000000001,0,0,0,0,0,194,153,7,2.9958437773756152,152.99782615207397
2,540,0.6480000000000001,0.11600000000000002,0,0.6480000000000001,0.11600000000000002,0,1,0,0,0,134,92,10,-2.212488721944804,134.0
3,540,0.7040000000000004,0.17800000000000007,0,0.7040000000000004,0.17800000000000007,0,0,0,0,0,148,105,9,-0.8525287143467013,148.0
0,541,0.3980000000000005,0.18000000000000008,0,0.3980000000000005,0.18000000000000008,0,0,0,0,0,121,83,11,-3.3672755519927042,121.0
1,541,0.8,0.2600000000000001,0,0.8,0.2600000000000001,0,1,0,0,0,194,153,7,2.9958437773756152,152.99782615207397
2,541,0.6520000000000001,0.11800000000000002,0,0.6520000000000001,0.11800000000000002,0,1,1,0,0,134,92,10,-2.212488721944804,134.0
3,541,0.7080000000000004,0.18000000000000008,0,0.7080000000000004,0.18000000000000008,0,1,0,0,0,148,105,9,-0.8525287143467013,148.0
0,542,0.4020000000000005,0.18200000000000008,0,0.4020000000000005,0.18200000000000008,1,0,0,1,0,122,83,11,-3.3672755519927042,122.0
1,542,0.8,0.2620000000000001,0,0.8,0.2620000000000001,0,1,0,0,0,194,153,7,2.9958437773756152,152.99782615207397
2,542,0.6560000000000001,0.12000000000000002,0,0.6560000000000001,0.12000000000000002,1,1,0,1,0,135,93,10,-2.161195427557253,135.0
3,542,0.7120000000000004,0.18200000000000008,0,0.7120000000000004,0.18200000000000008,0,1,0,0,0,148,105,9,-0.8525287143467013,148.0
0,543,0.41200000000000053,0.18400000000000008,0,0.41200000000000053,0.18400000000000008,0,0,0,0,0,122,83,11,-3.3672755519927042,122.0
1,543,0.8,0.2640000000000001,0,0.8,0.2640000000000001,1,1,0,1,0,195,154,7,3.0471370717631654,152.99782615207397
2,543,0.6660000000000001,0.12200000000000003,0,0.6660000000000001,0.12200000000000003,0,1,0,0,0,135,93,10,-2.161195427557253,135.0
3,543,0.7160000000000004,0.18400000000000008,0,0.7160000000000004,0.18400000000000008,0,1,0,0,0,148,105,9,-0.8525287143467013,148.0
0,544,0.41600000000000054,0.18600000000000008,0,0.41600000000000054,0.18600000000000008,0,0,0,0,0,122,83,11,-3.3672755519927042,122.0
1,544,0.8,0.2660000000000001,0,0.8,0.2660000000000001,0,0,0,0,0,195,154,7,3.0471370717631654,152.99782615207397
2,544,0.6700000000000002,0.12400000000000003,0,0.6700000000000002,0.12400000000000003,0,1,1,0,0,135,93,10,-2.161195427557253,135.0
3,544,0.7200000000000004,0.18600000000000008,0,0.7200000000000004,0.18600000000000008,0,0,0,0,0,148,105,9,-0.8525287143467013,148.0
0,545,0.42000000000000054,0.18800000000000008,0,0.42000000000000054,0.18800000000000008,0,0,0,0,0,122,83,11,-3.3672755519927042,122.0
1,545,0.8,0.2680000000000001,0,0.8,0.2680000000000001,0,1,0,0,0,195,154,7,3.0471370717631654,152.99782615207397
2,545,0.6740000000000002,0.12600000000000003,0,0.6740000000000002,0.12600000000000003,0,1,0,0,0,135,93,10,-2.161195427557253,135.0
3,545,0.7240000000000004,0.18800000000000008,0,0.7240000000000004,0.18800000000000008,0,1,1,0,0,148,105,9,-0.8525287143467013,148.0
0,546,0.42400000000000054,0.19000000000000009,0,0.42400000000000054,0.19000000000000009,0,0,0,0,0,122,83,11,-3.3672755519927042,122.0
1,546,0.8,0.27000000000000013,0,0.8,0.27000000000000013,0,1,0,0,0,195,154,7,3.0471370717631654,152.99782615207397
2,546,0.6780000000000002,0.12800000000000003,0,0.6780000000000002,0.12800000000000003,0,1,0,0,0,135,93,10,-2.161195427557253,135.0
3,546,0.7280000000000004,0.19000000000000009,0,0.7280000000000004,0.19000000000000009,0,1,0,0,0,148,105,9,-0.8525287143467013,148.0
0,547,0.42800000000000055,0.1920000000000001,0,0.42800000000000055,0.1920000000000001,0,1,0,0,0,122,83,11,-3.3672755519927042,122.0
1,547,0.8,0.27200000000000013,0,0.8,0.27200000000000013,1,0,0,1,0,196,154,7,3.0471370717631654,152.99782615207397
2,547,0.6820000000000002,0.13000000000000003,0,0.6820000000000002,0.13000000000000003,1,0,0,1,0,136,93,10,-2.161195427557253,136.0
3,547,0.7320000000000004,0.1920000000000001,0,0.7320000000000004,0.1920000000000001,0,0,0,0,0,148,105,9,-0.8525287143467013,148.0
0,548,0.43200000000000055,0.1940000000000001,0,0.43200000000000055,0.1940000000000001,0,1,0,0,0,122,83,11,-3.3672755519927042,122.0
1,548,0.8,0.27400000000000013,0,0.8,0.27400000000000013,0,1,0,0,0,196,154,7,3.0471370717631654,152.99782615207397
2,548,0.6920000000000002,0.13200000000000003,0,0.6920000000000002,0.13200000000000003,0,0,0,0,0,136,93,10,-2.161195427557253,136.0
3,548,0.7360000000000004,0.1940000000000001,0,0.7360000000000004,0.1940000000000001,0,1,0,0,0,148,105,9,-0.8525287143467013,148.0
0,549,0.43600000000000055,0.1960000000000001,0,0.43600000000000055,0.1960000000000001,1,1,0,1,0,123,84,11,-3.315982257605153,123.0
1,549,0.8,0.27600000000000013,0,0.8,0.27600000000000013,0,1,0,0,0,196,154,7,3.0471370717631654,152.99782615207397
2,549,0.6960000000000002,0.13400000000000004,0,0.6960000000000002,0.13400000000000004,0,1,0,0,0,136,93,10,-2.161195427557253,136.0
3,549,0.7400000000000004,0.1960000000000001,0,0.7400000000000004,0.1960000000000001,0,1,0,0,0,148,105,9,-0.8525287143467013,148.0
0,550,0.44600000000000056,0.1980000000000001,0,0.44600000000000056,0.1980000000000001,1,0,1,1,0,124,84,11,-3.315982257605153,124.0
1,550,0.8,0.27800000000000014,0,0.8,0.27800000000000014,1,1,0,1,0,197,155,7,3.0984303661507164,152.99782615207397
2,550,0.7000000000000002,0.13600000000000004,0,0.7000000000000002,0.13600000000000004,0,0,0,0,0,136,93,10,-2.161195427557253,136.0
3,550,0.7440000000000004,0.1980000000000001,0,0.7440000000000004,0.1980000000000001,0,1,0,0,0,148,105,9,-0.8525287143467013,148.0
0,551,0.4660000000000006,0.2250000000000001,0,0.4660000000000006,0.2250000000000001,0,0,0,0,0,124,84,11,-3.315982257605153,124.0
1,551,0.8,0.28000000000000014,0,0.8,0.28000000000000014,1,1,0,1,0,198,156,7,3.1497236605382666,152.99782615207397
2,551,0.7040000000000002,0.13800000000000004,0,0.7040000000000002,0.13800000000000004,0,1,0,0,0,136,93,10,-2.161195427557253,136.0
3,551,0.7480000000000004,0.2000000000000001,0,0.7480000000000004,0.2000000000000001,0,1,0,0,0,148,105,9,-0.8525287143467013,148.0
0,552,0.4700000000000006,0.2270000000000001,0,0.4700000000000006,0.2270000000000001,1,1,0,1,0,125,85,11,-3.264688963217603,125.0
1,552,0.8,0.28200000000000014,0,0.8,0.28200000000000014,0,1,0,0,0,198,156,7,3.1497236605382666,152.99782615207397
2,552,0.7080000000000002,0.14000000000000004,0,0.7080000000000002,0.14000000000000004,0,0,0,0,0,136,93,10,-2.161195427557253,136.0
3,552,0.7520000000000004,0.2020000000000001,0,0.7520000000000004,0.2020000000000001,0,1,0,0,0,148,105,9,-0.8525287143467013,148.0
0,553,0.4800000000000006,0.2290000000000001,0,0.4800000000000006,0.2290000000000001,0,1,0,0,0,125,85,11,-3.264688963217603,125.0
1,553,0.8,0.28400000000000014,0,0.8,0.28400000000000014,0,0,0,0,0,198,156,7,3.1497236605382666,152.99782615207397
2,553,0.7120000000000002,0.14200000000000004,0,0.7120000000000002,0.14200000000000004,0,1,1,0,0,136,93,10,-2.161195427557253,136.0
3,553,0.7560000000000004,0.2040000000000001,0,0.7560000000000004,0.2040000000000001,0,0,1,0,0,148,105,9,-0.8525287143467013,148.0
0,554,0.4840000000000006,0.2310000000000001,0,0.4840000000000006,0.2310000000000001,1,0,0,1,0,126,85,11,-3.264688963217603,126.0
1,554,0.8,0.28600000000000014,0,0.8,0.28600000000000014,0,1,0,0,0,198,156,7,3.1497236605382666,152.99782615207397
2,554,0.7160000000000002,0.14400000000000004,0,0.7160000000000002,0.14400000000000004,0,0,0,0,0,136,93,10,-2.161195427557253,136.0
3,554,0.7600000000000005,0.2060000000000001,0,0.7600000000000005,0.2060000000000001,0,1,0,0,0,148,105,9,-0.8525287143467013,148.0
0,555,0.4940000000000006,0.2330000000000001,0,0.4940000000000006,0.2330000000000001,0,1,0,0,0,126,85,11,-3.264688963217603,126.0
1,555,0.8,0.28800000000000014,0,0.8,0.28800000000000014,0,1,0,0,0,198,156,7,3.1497236605382666,152.99782615207397
2,555,0.7200000000000002,0.14600000000000005,0,0.7200000000000002,0.14600000000000005,0,0,0,0,0,136,93,10,-2.161195427557253,136.0
3,555,0.7640000000000005,0.2080000000000001,0,0.7640000000000005,0.2080000000000001,0,1,0,0,0,148,105,9,-0.8525287143467013,148.0
0,556,0.4980000000000006,0.2350000000000001,0,0.4980000000000006,0.2350000000000001,0,1,0,0,0,126,85,11,-3.264688963217603,126.0
1,556,0.8,0.29000000000000015,0,0.8,0.29000000000000015,0,1,0,0,0,198,156,7,3.1497236605382666,152.99782615207397
2,556,0.7240000000000002,0.14800000000000005,0,0.7240000000000002,0.14800000000000005,1,0,0,1,0,137,93,10,-2.161195427557253,137.0
3,556,0.7680000000000005,0.2100000000000001,0,0.7680000000000005,0.2100000000000001,0,1,0,0,0,148,105,9,-0.8525287143467013,148.0
0,557,0.5020000000000006,0.2370000000000001,0,0.5020000000000006,0.2370000000000001,0,1,0,0,0,126,85,11,-3.264688963217603,126.0
1,557,0.8,0.29200000000000015,0,0.8,0.29200000000000015,0,1,0,0,0,198,156,7,3.1497236605382666,152.99782615207397
2,557,0.7340000000000002,0.15000000000000005,0,0.7340000000000002,0.15000000000000005,1,1,0,1,0,138,94,10,-2.1099021331697028,138.0
3,557,0.7720000000000005,0.2120000000000001,0,0.7720000000000005,0.2120000000000001,0,0,0,0,0,148,105,9,-0.8525287143467013,148.0
0,558,0.5060000000000006,0.2390000000000001,0,0.5060000000000006,0.2390000000000001,0,1,0,0,0,126,85,11,-3.264688963217603,126.0
1,558,0.8,0.29400000000000015,0,0.8,0.29400000000000015,0,1,0,0,0,198,156,7,3.1497236605382666,152.99782615207397
2,558,0.7440000000000002,0.15200000000000005,0,0.7440000000000002,0.15200000000000005,1,1,0,1,0,139,95,10,-2.0586088387821517,139.0
3,558,0.7760000000000005,0.2140000000000001,0,0.7760000000000005,0.2140000000000001,1,1,0,1,0,149,106,9,-0.8012354199591512,149.0
0,559,0.5100000000000006,0.2410000000000001,0,0.5100000000000006,0.2410000000000001,0,1,0,0,0,126,85,11,-3.264688963217603,126.0
1,559,0.8,0.29600000000000015,0,0.8,0.29600000000000015,0,1,0,0,0,198,156,7,3.1497236605382666,152.99782615207397
2,559,0.7540000000000002,0.15400000000000005,0,0.7540000000000002,0.15400000000000005,0,1,0,0,0,139,95,10,-2.0586088387821517,139.0
3,559,0.7860000000000005,0.2160000000000001,0,0.7860000000000005,0.2160000000000001,0,1,0,0,0,149,106,9,-0.8012354199591512,149.0
0,560,0.5140000000000006,0.2430000000000001,0,0.5140000000000006,0.2430000000000001,0,1,0,0,0,126,85,11,-3.264688963217603,126.0
1,560,0.8,0.29800000000000015,0,0.8,0.29800000000000015,0,1,0,0,0,198,156,7,3.1497236605382666,152.99782615207397
2,560,0.7580000000000002,0.15600000000000006,0,0.7580000000000002,0.15600000000000006,0,0,0,0,0,139,95,10,-2.0586088387821517,139.0
3,560,0.7900000000000005,0.2180000000000001,0,0.7900000000000005,0.2180000000000001,0,1,0,0,0,149,106,9,-0.8012354199591512,149.0
0,561,0.5180000000000006,0.2450000000000001,0,0.5180000000000006,0.2450000000000001,1,1,0,1,0,127,86,11,-3.213395668830052,127.0
1,561,0.8,0.30000000000000016,0,0.8,0.30000000000000016,0,1,0,0,0,198,156,7,3.1497236605382666,152.99782615207397
2,561,0.7620000000000002,0.15800000000000006,0,0.7620000000000002,0.15800000000000006,0,1,0,0,0,139,95,10,-2.0586088387821517,139.0
3,561,0.7940000000000005,0.2200000000000001,0,0.7940000000000005,0.2200000000000001,0,1,0,0,0,149,106,9,-0.8012354199591512,149.0
0,562,0.5280000000000006,0.2470000000000001,0,0.5280000000000006,0.2470000000000001,1,0,0,1,0,128,86,11,-3.213395668830052,128.0
1,562,0.8,0.30200000000000016,0,0.8,0.30200000000000016,1,1,0,1,0,199,157,7,3.2010169549258167,152.99782615207397
2,562,0.7660000000000002,0.16000000000000006,0,0.7660000000000002,0.16000000000000006,0,1,0,0,0,139,95,10,-2.0586088387821517,139.0
3,562,0.7980000000000005,0.22200000000000011,0,0.7980000000000005,0.22200000000000011,0,0,0,0,0,149,106,9,-0.8012354199591512,149.0
0,563,0.5380000000000006,0.2490000000000001,0,0.5380000000000006,0.2490000000000001,1,0,1,1,0,129,86,11,-3.213395668830052,129.0
1,563,0.8,0.30400000000000016,0,0.8,0.30400000000000016,0,1,0,0,0,199,157,7,3.2010169549258167,152.99782615207397
2,563,0.7700000000000002,0.16200000000000006,0,0.7700000000000002,0.16200000000000006,0,1,0,0,0,139,95,10,-2.0586088387821517,139.0
3,563,0.8,0.22400000000000012,0,0.8,0.22400000000000012,0,1,0,0,0,149,106,9,-0.8012354199591512,149.0
0,564,0.5580000000000006,0.27600000000000013,0,0.5580000000000006,0.27600000000000013,1,0,0,1,0,130,86,11,-3.213395668830052,130.0
1,564,0.8,0.30600000000000016,0,0.8,0.30600000000000016,0,0,0,0,0,199,157,7,3.2010169549258167,152.99782615207397
2,564,0.7740000000000002,0.16400000000000006,0,0.7740000000000002,0.16400000000000006,0,1,0,0,0,139,95,10,-2.0586088387821517,139.0
3,564,0.8,0.22600000000000012,0,0.8,0.22600000000000012,0,1,0,0,0,149,106,9,-0.8012354199591512,149.0
0,565,0.5680000000000006,0.27800000000000014,0,0.5680000000000006,0.27800000000000014,0,1,0,0,0,130,86,11,-3.213395668830052,130.0
1,565,0.8,0.30800000000000016,0,0.8,0.30800000000000016,0,1,0,0,0,199,157,7,3.2010169549258167,152.99782615207397
2,565,0.7780000000000002,0.16600000000000006,0,0.7780000000000002,0.16600000000000006,0,0,1,0,0,139,95,10,-2.0586088387821517,139.0
3,565,0.8,0.22800000000000012,0,0.8,0.22800000000000012,0,1,0,0,0,149,106,9,-0.8012354199591512,149.0
0,566,0.5720000000000006,0.28000000000000014,0,0.5720000000000006,0.28000000000000014,1,1,0,1,0,131,87,11,-3.162102374442502,131.0
1,566,0.8,0.31000000000000016,0,0.8,0.31000000000000016,0,0,0,0,0,199,157,7,3.2010169549258167,152.99782615207397
2,566,0.7820000000000003,0.16800000000000007,0,0.7820000000000003,0.16800000000000007,0,0,0,0,0,139,95,10,-2.0586088387821517,139.0
3,566,0.8,0.23000000000000012,0,0.8,0.23000000000000012,0,1,0,0,0,149,106,9,-0.8012354199591512,149.0
0,567,0.5820000000000006,0.28200000000000014,0,0.5820000000000006,0.28200000000000014,0,1,0,0,0,131,87,11,-3.162102374442502,131.0
1,567,0.8,0.31200000000000017,0,0.8,0.31200000000000017,0,0,0,0,0,199,157,7,3.2010169549258167,152.99782615207397
2,567,0.7860000000000003,0.17000000000000007,0,0.7860000000000003,0.17000000000000007,0,1,0,0,0,139,95,10,-2.0586088387821517,139.0
3,567,0.8,0.23200000000000012,0,0.8,0.23200000000000012,0,1,0,0,0,149,106,9,-0.8012354199591512,149.0
0,568,0.5860000000000006,0.28400000000000014,0,0.5860000000000006,0.28400000000000014,0,1,0,0,0,131,87,11,-3.162102374442502,131.0
1,568,0.8,0.31400000000000017,0,0.8,0.31400000000000017,1,0,0,1,0,200,157,7,3.2010169549258167,152.99782615207397
2,568,0.7900000000000003,0.17200000000000007,0,0.7900000000000003,0.17200000000000007,0,1,0,0,0,139,95,10,-2.0586088387821517,139.0
3,568,0.8,0.23400000000000012,0,0.8,0.23400000000000012,0,0,0,0,0,149,106,9,-0.8012354199591512,149.0
0,569,0.5900000000000006,0.28600000000000014,0,0.5900000000000006,0.28600000000000014,0,0,0,0,0,131,87,11,-3.162102374442502,131.0
1,569,0.8,0.31600000000000017,0,0.8,0.31600000000000017,0,0,0,0,0,200,157,7,3.2010169549258167,152.99782615207397
2,569,0.7940000000000003,0.17400000000000007,0,0.7940000000000003,0.17400000000000007,1,1,0,1,0,140,96,10,-2.0073155443946016,140.0
3,569,0.8,0.23600000000000013,0,0.8,0.23600000000000013,0,1,0,0,0,149,106,9,-0.8012354199591512,149.0
0,570,0.5940000000000006,0.28800000000000014,0,0.5940000000000006,0.28800000000000014,0,0,0,0,0,131,87,11,-3.162102374442502,131.0
1,570,0.8,0.31800000000000017,0,0.8,0.31800000000000017,0,1,0,0,0,200,157,7,3.2010169549258167,152.99782615207397
2,570,0.8,0.17600000000000007,0,0.8,0.17600000000000007,0,1,1,0,0,140,96,10,-2.0073155443946016,140.0
3,570,0.8,0.23800000000000013,0,0.8,0.23800000000000013,0,1,0,0,0,149,106,9,-0.8012354199591512,149.0
0,571,0.5980000000000006,0.29000000000000015,0,0.5980000000000006,0.29000000000000015,0,0,0,0,0,131,87,11,-3.162102374442502,131.0
1,571,0.8,0.3200000000000002,0,0.8,0.3200000000000002,0,1,1,0,0,200,157,7,3.2010169549258167,152.99782615207397
2,571,0.8,0.17800000000000007,0,0.8,0.17800000000000007,0,1,0,0,0,140,96,10,-2.0073155443946016,140.0
3,571,0.8,0.24000000000000013,0,0.8,0.24000000000000013,0,0,0,0,0,149,106,9,-0.8012354199591512,149.0
0,572,0.6020000000000006,0.29200000000000015,0,0.6020000000000006,0.29200000000000015,1,1,0,1,0,132,88,11,-3.1108090800549517,132.0
1,572,0.8,0.3220000000000002,0,0.8,0.3220000000000002,1,1,0,1,0,201,158,7,3.2523102493133687,152.99782615207397
2,572,0.8,0.18000000000000008,0,0.8,0.18000000000000008,0,0,0,0,0,140,96,10,-2.0073155443946016,140.0
3,572,0.8,0.24200000000000013,0,0.8,0.24200000000000013,0,0,0,0,0,149,106,9,-0.8012354199591512,149.0
0,573,0.6120000000000007,0.29400000000000015,0,0.6120000000000007,0.29400000000000015,0,1,0,0,0,132,88,11,-3.1108090800549517,132.0
1,573,0.8,0.3240000000000002,0,0.8,0.3240000000000002,1,1,0,1,0,202,159,7,3.303603543700919,152.99782615207397
2,573,0.8,0.18200000000000008,0,0.8,0.18200000000000008,0,1,0,0,0,140,96,10,-2.0073155443946016,140.0
3,573,0.8,0.24400000000000013,0,0.8,0.24400000000000013,0,0,0,0,0,149,106,9,-0.8012354199591512,149.0
0,574,0.6160000000000007,0.29600000000000015,0,0.6160000000000007,0.29600000000000015,0,0,0,0,0,132,88,11,-3.1108090800549517,132.0
1,574,0.8,0.3260000000000002,0,0.8,0.3260000000000002,0,1,0,0,0,202,159,7,3.303603543700919,152.99782615207397
2,574,0.8,0.18400000000000008,0,0.8,0.18400000000000008,0,0,0,0,0,140,96,10,-2.0073155443946016,140.0
3,574,0.8,0.24600000000000014,0,0.8,0.24600000000000014,0,1,0,0,0,149,106,9,-0.8012354199591512,149.0
0,575,0.6200000000000007,0.29800000000000015,0,0.6200000000000007,0.29800000000000015,0,1,0,0,0,132,88,11,-3.1108090800549517,132.0
1,575,0.8,0.3280000000000002,0,0.8,0.3280000000000002,1,1,0,1,0,203,160,7,3.354896838088469,152.99782615207397
2,575,0.8,0.18600000000000008,0,0.8,0.18600000000000008,1,1,0,1,0,141,97,10,-1.9560222500070514,141.0
3,575,0.8,0.24800000000000014,0,0.8,0.24800000000000014,0,1,0,0,0,149,106,9,-0.8012354199591512,149.0
0,576,0.6240000000000007,0.30000000000000016,0,0.6240000000000007,0.30000000000000016,1,0,0,1,0,133,88,11,-3.1108090800549517,133.0
1,576,0.8,0.3300000000000002,0,0.8,0.3300000000000002,1,1,0,1,0,204,161,7,3.406190132476019,152.99782615207397
2,576,0.8,0.18800000000000008,0,0.8,0.18800000000000008,0,1,0,0,0,141,97,10,-1.9560222500070514,141.0
3,576,0.8,0.2500000000000001,0,0.8,0.2500000000000001,0,1,0,0,0,149,106,9,-0.8012354199591512,149.0
0,577,0.6340000000000007,0.30200000000000016,0,0.7840000000000007,0.30200000000000016,0,1,0,0,0,133,88,11,-3.1108090800549517,133.0
1,577,0.8,0.3320000000000002,0,0.95,0.3320000000000002,1,1,0,1,0,205,162,7,3.4574834268635692,152.99782615207397
2,577,0.8,0.19000000000000009,0,0.95,0.19000000000000009,0,1,0,0,0,141,97,10,-1.9560222500070514,141.0
3,577,0.8,0.2520000000000001,0,0.95,0.2520000000000001,0,0,0,0,0,149,106,9,-0.8012354199591512,149.0
0,578,0.6380000000000007,0.30400000000000016,0,0.7880000000000007,0.30400000000000016,0,1,0,0,0,133,88,11,-3.1108090800549517,133.0
1,578,0.8,0.3340000000000002,0,0.95,0.3340000000000002,0,1,0,0,0,205,162,7,3.4574834268635692,152.99782615207397
2,578,0.8,0.1920000000000001,0,0.95,0.1920000000000001,0,1,0,0,0,141,97,10,-1.9560222500070514,141.0
3,578,0.8,0.2540000000000001,0,0.95,0.2540000000000001,1,1,0,1,0,150,107,9,-0.7499421255716001,150.0
0,579,0.6420000000000007,0.30600000000000016,0,0.7920000000000007,0.30600000000000016,0,1,0,0,0,133,88,11,-3.1108090800549517,133.0
1,579,0.8,0.3360000000000002,0,0.95,0.3360000000000002,0,1,0,0,0,205,162,7,3.4574834268635692,152.99782615207397
2,579,0.8,0.1940000000000001,0,0.95,0.1940000000000001,1,1,0,1,0,142,98,10,-1.9047289556195004,142.0
3,579,0.8,0.2560000000000001,0,0.95,0.2560000000000001,1,1,0,1,0,151,108,9,-0.69864883118405,151.0
0,580,0.6460000000000007,0.30800000000000016,0,0.7960000000000007,0.30800000000000016,1,0,0,1,0,134,88,11,-3.1108090800549517,134.0
1,580,0.8,0.3380000000000002,0,0.95,0.3380000000000002,0,1,0,0,0,205,162,7,3.4574834268635692,152.99782615207397
2,580,0.8,0.1960000000000001,0,0.95,0.1960000000000001,0,1,0,0,0,142,98,10,-1.9047289556195004,142.0
3,580,0.8,0.2580000000000001,0,0.95,0.2580000000000001,0,1,0,0,0,151,108,9,-0.69864883118405,151.0
0,581,0.6560000000000007,0.31000000000000016,0,0.8060000000000007,0.31000000000000016,1,1,0,1,0,135,89,11,-3.0595157856674007,135.0
1,581,0.8,0.3400000000000002,0,0.95,0.3400000000000002,0,1,0,0,0,205,162,7,3.4574834268635692,152.99782615207397
2,581,0.8,0.1980000000000001,0,0.95,0.1980000000000001,0,1,0,0,0,142,98,10,-1.9047289556195004,142.0
3,581,0.8,0.2600000000000001,0,0.95,0.2600000000000001,0,1,0,0,0,151,108,9,-0.69864883118405,151.0
0,582,0.6660000000000007,0.31200000000000017,0,0.8160000000000007,0.31200000000000017,1,1,0,1,0,136,90,11,-3.0082224912798505,136.0
1,582,0.8,0.3420000000000002,0,0.95,0.3420000000000002,0,1,0,0,0,205,162,7,3.4574834268635692,152.99782615207397
2,582,0.8,0.2000000000000001,0,0.95,0.2000000000000001,0,1,0,0,0,142,98,10,-1.9047289556195004,142.0
3,582,0.8,0.2620000000000001,0,0.95,0.2620000000000001,0,1,0,0,0,151,108,9,-0.69864883118405,151.0
0,583,0.6760000000000007,0.31400000000000017,0,0.8260000000000007,0.31400000000000017,0,1,0,0,0,136,90,11,-3.0082224912798505,136.0
1,583,0.8,0.3440000000000002,0,0.95,0.3440000000000002,0,1,0,0,0,205,162,7,3.4574834268635692,152.99782615207397
2,583,0.8,0.2020000000000001,0,0.95,0.2020000000000001,0,1,0,0,0,142,98,10,-1.9047289556195004,142.0
3,583,0.8,0.2640000000000001,0,0.95,0.2640000000000001,0,1,0,0,0,151,108,9,-0.69864883118405,151.0
0,584,0.6800000000000007,0.31600000000000017,0,0.8300000000000007,0.31600000000000017,0,1,0,0,0,136,90,11,-3.0082224912798505,136.0
1,584,0.8,0.3460000000000002,0,0.95,0.3460000000000002,1,1,0,1,0,206,163,7,3.508776721251121,152.99782615207397
2,584,0.8,0.2040000000000001,0,0.95,0.2040000000000001,0,1,0,0,0,142,98,10,-1.9047289556195004,142.0
3,584,0.8,0.2660000000000001,0,0.95,0.2660000000000001,0,1,0,0,0,151,108,9,-0.69864883118405,151.0
0,585,0.6840000000000007,0.31800000000000017,0,0.8340000000000007,0.31800000000000017,0,1,0,0,0,136,90,11,-3.0082224912798505,136.0
1,585,0.8,0.3480000000000002,0,0.95,0.3480000000000002,0,1,0,0,0,206,163,7,3.508776721251121,152.99782615207397
2,585,0.8,0.2060000000000001,0,0.95,0.2060000000000001,0,1,0,0,0,142,98,10,-1.9047289556195004,142.0
3,585,0.8,0.2680000000000001,0,0.95,0.2680000000000001,1,1,0,1,0,152,109,9,-0.6473555367964989,152.0
0,586,0.6880000000000007,0.3200000000000002,0,0.8380000000000007,0.3200000000000002,1,0,0,1,0,137,90,11,-3.0082224912798505,137.0
1,586,0.8,0.3500000000000002,0,0.95,0.3500000000000002,0,1,0,0,0,206,163,7,3.508776721251121,152.99782615207397
2,586,0.8,0.2080000000000001,0,0.95,0.2080000000000001,1,1,0,1,0,143,99,10,-1.8534356612319502,143.0
3,586,0.8,0.27000000000000013,0,0.95,0.27000000000000013,0,1,0,0,0,152,109,9,-0.6473555367964989,152.0
0,587,0.6980000000000007,0.3220000000000002,0,0.8480000000000008,0.3220000000000002,0,0,0,0,0,137,90,11,-3.0082224912798505,137.0
1,587,0.8,0.3520000000000002,0,0.95,0.3520000000000002,0,1,0,0,0,206,163,7,3.508776721251121,152.99782615207397
2,587,0.8,0.2100000000000001,0,0.95,0.2100000000000001,1,1,0,1,0,144,100,10,-1.8021423668443992,144.0
3,587,0.8,0.27200000000000013,0,0.95,0.27200000000000013,0,1,0,0,0,152,109,9,-0.6473555367964989,152.0
0,588,0.7020000000000007,0.3240000000000002,0,0.8520000000000008,0.3240000000000002,0,1,1,0,0,137,90,11,-3.0082224912798505,137.0
1,588,0.8,0.3540000000000002,0,0.95,0.3540000000000002,0,1,0,0,0,206,163,7,3.508776721251121,152.99782615207397
2,588,0.8,0.2120000000000001,0,0.95,0.2120000000000001,0,1,0,0,0,144,100,10,-1.8021423668443992,144.0
3,588,0.8,0.27400000000000013,0,0.95,0.27400000000000013,1,1,0,1,0,153,110,9,-0.5960622424089488,153.0
0,589,0.7060000000000007,0.3260000000000002,0,0.8560000000000008,0.3260000000000002,0,1,0,0,0,137,90,11,-3.0082224912798505,137.0
1,589,0.8,0.3560000000000002,0,0.95,0.3560000000000002,1,1,0,1,0,207,164,7,3.5600700156386713,152.99782615207397
2,589,0.8,0.2140000000000001,0,0.95,0.2140000000000001,0,1,0,0,0,144,100,10,-1.8021423668443992,144.0
3,589,0.8,0.27600000000000013,0,0.95,0.27600000000000013,0,1,0,0,0,153,110,9,-0.5960622424089488,153.0
0,590,0.7100000000000007,0.3280000000000002,0,0.8600000000000008,0.3280000000000002,0,1,0,0,0,137,90,11,-3.0082224912798505,137.0
1,590,0.8,0.3580000000000002,0,0.95,0.3580000000000002,0,1,0,0,0,207,164,7,3.5600700156386713,152.99782615207397
2,590,0.8,0.2160000000000001,0,0.95,0.2160000000000001,0,1,0,0,0,144,100,10,-1.8021423668443992,144.0
3,590,0.8,0.27800000000000014,0,0.95,0.27800000000000014,0,1,0,0,0,153,110,9,-0.5960622424089488,153.0
0,591,0.7140000000000007,0.3300000000000002,0,0.8640000000000008,0.3300000000000002,0,1,0,0,0,137,90,11,-3.0082224912798505,137.0
1,591,0.8,0.3600000000000002,0,0.95,0.3600000000000002,1,1,0,1,0,208,165,7,3.6113633100262215,152.99782615207397
2,591,0.8,0.2180000000000001,0,0.95,0.2180000000000001,0,1,0,0,0,144,100,10,-1.8021423668443992,144.0
3,591,0.8,0.28000000000000014,0,0.95,0.28000000000000014,0,1,0,0,0,153,110,9,-0.5960622424089488,153.0
0,592,0.7180000000000007,0.3320000000000002,0,0.8680000000000008,0.3320000000000002,1,1,0,1,0,138,91,11,-2.9569291968922995,138.0
1,592,0.8,0.3620000000000002,0,0.95,0.3620000000000002,1,1,0,1,0,209,166,7,3.6626566044137716,152.99782615207397
2,592,0.8,0.2200000000000001,0,0.95,0.2200000000000001,1,1,0,1,0,145,101,10,-1.750849072456849,145.0
3,592,0.8,0.28200000000000014,0,0.95,0.28200000000000014,1,1,0,1,0,154,111,9,-0.5447689480213977,154.0
0,593,0.7280000000000008,0.3340000000000002,0,0.8780000000000008,0.3340000000000002,0,1,0,0,0,138,91,11,-2.9569291968922995,138.0
1,593,0.8,0.3640000000000002,0,0.95,0.3640000000000002,0,1,1,0,0,209,166,7,3.6626566044137716,152.99782615207397
2,593,0.8,0.22200000000000011,0,0.95,0.22200000000000011,0,1,0,0,0,145,101,10,-1.750849072456849,145.0
3,593,0.8,0.28400000000000014,0,0.95,0.28400000000000014,0,1,0,0,0,154,111,9,-0.5447689480213977,154.0
0,594,0.7320000000000008,0.3360000000000002,0,0.8820000000000008,0.3360000000000002,0,1,0,0,0,138,91,11,-2.9569291968922995,138.0
1,594,0.8,0.3660000000000002,0,0.95,0.3660000000000002,0,1,0,0,0,209,166,7,3.6626566044137716,152.99782615207397
2,594,0.8,0.22400000000000012,0,0.95,0.22400000000000012,1,1,0,1,0,146,102,10,-1.699555778069298,146.0
3,594,0.8,0.28600000000000014,0,0.95,0.28600000000000014,0,1,0,0,0,154,111,9,-0.5447689480213977,154.0
0,595,0.7360000000000008,0.3380000000000002,0,0.8860000000000008,0.3380000000000002,1,1,0,1,0,139,92,11,-2.9056359025047493,139.0
1,595,0.8,0.3680000000000002,0,0.95,0.3680000000000002,0,1,0,0,0,209,166,7,3.6626566044137716,152.99782615207397
2,595,0.8,0.22600000000000012,0,0.95,0.22600000000000012,0,1,0,0,0,146,102,10,-1.699555778069298,146.0
3,595,0.8,0.28800000000000014,0,0.95,0.28800000000000014,0,1,0,0,0,154,111,9,-0.5447689480213977,154.0
0,596,0.7460000000000008,0.3400000000000002,0,0.8960000000000008,0.3400000000000002,0,1,0,0,0,139,92,11,-2.9056359025047493,139.0
1,596,0.8,0.3700000000000002,0,0.95,0.3700000000000002,1,1,0,1,0,210,167,7,3.7139498988013235,152.99782615207397
2,596,0.8,0.22800000000000012,0,0.95,0.22800000000000012,0,1,0,0,0,146,102,10,-1.699555778069298,146.0
3,596,0.8,0.29000000000000015,0,0.95,0.29000000000000015,0,1,0,0,0,154,111,9,-0.5447689480213977,154.0
0,597,0.7500000000000008,0.3420000000000002,0,0.9000000000000008,0.3420000000000002,1,1,0,1,0,140,93,11,-2.8543426081171983,140.0
1,597,0.8,0.3720000000000002,0,0.95,0.3720000000000002,1,0,0,1,0,211,167,7,3.7139498988013235,152.99782615207397
2,597,0.8,0.23000000000000012,0,0.95,0.23000000000000012,0,1,0,0,0,146,102,10,-1.699555778069298,146.0
3,597,0.8,0.29200000000000015,0,0.95,0.29200000000000015,0,1,0,0,0,154,111,9,-0.5447689480213977,154.0
0,598,0.7600000000000008,0.3440000000000002,0,0.9100000000000008,0.3440000000000002,0,1,0,0,0,140,93,11,-2.8543426081171983,140.0
1,598,0.8,0.3740000000000002,0,0.95,0.3740000000000002,0,0,0,0,0,211,167,7,3.7139498988013235,152.99782615207397
2,598,0.8,0.23200000000000012,0,0.95,0.23200000000000012,0,1,0,0,0,146,102,10,-1.699555778069298,146.0
3,598,0.8,0.29400000000000015,0,0.95,0.29400000000000015,0,1,0,0,0,154,111,9,-0.5447689480213977,154.0
0,599,0.7640000000000008,0.3460000000000002,0,0.9140000000000008,0.3460000000000002,1,1,0,1,0,141,94,11,-2.803049313729648,141.0
1,599,0.8,0.3760000000000002,0,0.95,0.3760000000000002,0,1,0,0,0,211,167,7,3.7139498988013235,152.99782615207397
2,599,0.8,0.23400000000000012,0,0.95,0.23400000000000012,0,1,0,0,0,146,102,10,-1.699555778069298,146.0
3,599,0.8,0.29600000000000015,0,0.95,0.29600000000000015,1,1,0,1,0,155,112,9,-0.4934756536338476,155.0
0,600,0.7740000000000008,0.3480000000000002,0,0.9240000000000008,0.3480000000000002,1,1,0,1,0,142,95,11,-2.751756019342097,142.0
1,600,0.8,0.3780000000000002,0,0.95,0.3780000000000002,0,1,0,0,0,211,167,7,3.7139498988013235,152.99782615207397
2,600,0.8,0.23600000000000013,0,0.95,0.23600000000000013,0,1,0,0,0,146,102,10,-1.699555778069298,146.0
3,600,0.8,0.29800000000000015,0,0.95,0.29800000000000015,0,1,0,0,0,155,112,9,-0.4934756536338476,155.0
0,601,0.7840000000000008,0.3500000000000002,0,0.9340000000000008,0.3500000000000002,0,1,0,0,0,142,95,11,-2.751756019342097,142.0
1,601,0.8,0.3800000000000002,0,0.95,0.3800000000000002,0,1,0,0,0,211,167,7,3.7139498988013235,152.99782615207397
2,601,0.8,0.23800000000000013,0,0.95,0.23800000000000013,0,1,0,0,0,146,102,10,-1.699555778069298,146.0
3,601,0.8,0.30000000000000016,0,0.95,0.30000000000000016,0,1,0,0,0,155,112,9,-0.4934756536338476,155.0
0,602,0.7880000000000008,0.3520000000000002,0,0.9380000000000008,0.3520000000000002,1,0,0,1,0,143,95,11,-2.751756019342097,143.0
1,602,0.8,0.38200000000000023,0,0.95,0.38200000000000023,0,1,0,0,0,211,167,7,3.7139498988013235,152.99782615207397
2,602,0.8,0.24000000000000013,0,0.95,0.24000000000000013,0,1,0,0,0,146,102,10,-1.699555778069298,146.0
3,602,0.8,0.30200000000000016,0,0.95,0.30200000000000016,0,1,0,0,0,155,112,9,-0.4934756536338476,155.0
0,603,0.7980000000000008,0.3540000000000002,0,0.9480000000000008,0.3540000000000002,0,1,0,0,0,143,95,11,-2.751756019342097,143.0
1,603,0.8,0.38400000000000023,0,0.95,0.38400000000000023,0,1,0,0,0,211,167,7,3.7139498988013235,152.99782615207397
2,603,0.8,0.24200000000000013,0,0.95,0.24200000000000013,0,1,1,0,0,146,102,10,-1.699555778069298,146.0
3,603,0.8,0.30400000000000016,0,0.95,0.30400000000000016,0,1,0,0,0,155,112,9,-0.4934756536338476,155.0
0,604,0.8,0.3560000000000002,0,0.95,0.3560000000000002,0,1,0,0,0,143,95,11,-2.751756019342097,143.0
1,604,0.8,0.38600000000000023,0,0.95,0.38600000000000023,1,1,0,1,0,212,168,7,3.7652431931888737,152.99782615207397
2,604,0.8,0.24400000000000013,0,0.95,0.24400000000000013,0,1,0,0,0,146,102,10,-1.699555778069298,146.0
3,604,0.8,0.30600000000000016,0,0.95,0.30600000000000016,0,1,0,0,0,155,112,9,-0.4934756536338476,155.0
0,605,0.8,0.3580000000000002,0,0.95,0.3580000000000002,0,1,0,0,0,143,95,11,-2.751756019342097,143.0
1,605,0.8,0.38800000000000023,0,0.95,0.38800000000000023,0,1,0,0,0,212,168,7,3.7652431931888737,152.99782615207397
2,605,0.8,0.24600000000000014,0,0.95,0.24600000000000014,0,1,0,0,0,146,102,10,-1.699555778069298,146.0
3,605,0.8,0.30800000000000016,0,0.95,0.30800000000000016,0,1,0,0,0,155,112,9,-0.4934756536338476,155.0
0,606,0.8,0.3600000000000002,0,0.95,0.3600000000000002,0,1,0,0,0,143,95,11,-2.751756019342097,143.0
1,606,0.8,0.39000000000000024,0,0.95,0.39000000000000024,1,1,0,1,0,213,169,7,3.816536487576424,152.99782615207397
2,606,0.8,0.24800000000000014,0,0.95,0.24800000000000014,0,1,0,0,0,146,102,10,-1.699555778069298,146.0
3,606,0.8,0.31000000000000016,0,0.95,0.31000000000000016,0,1,0,0,0,155,112,9,-0.4934756536338476,155.0
0,607,0.8,0.3620000000000002,0,0.95,0.3620000000000002,1,1,0,1,0,144,96,11,-2.700462724954547,144.0
1,607,0.8,0.39200000000000024,0,0.95,0.39200000000000024,0,0,0,0,0,213,169,7,3.816536487576424,152.99782615207397
2,607,0.8,0.2500000000000001,0,0.95,0.2500000000000001,0,1,0,0,0,146,102,10,-1.699555778069298,146.0
3,607,0.8,0.31200000000000017,0,0.95,0.31200000000000017,1,1,0,1,0,156,113,9,-0.44218235924629745,156.0
0,608,0.8,0.3640000000000002,0,0.95,0.3640000000000002,1,0,0,1,0,145,96,11,-2.700462724954547,145.0
1,608,0.8,0.39400000000000024,0,0.95,0.39400000000000024,1,1,0,1,0,214,170,7,3.867829781963974,152.99782615207397
2,608,0.8,0.2520000000000001,0,0.95,0.2520000000000001,0,1,0,0,0,146,102,10,-1.699555778069298,146.0
3,608,0.8,0.31400000000000017,0,0.95,0.31400000000000017,1,1,0,1,0,157,114,9,-0.3908890648587464,157.0
0,609,0.8,0.3660000000000002,0,0.95,0.3660000000000002,0,1,0,0,0,145,96,11,-2.700462724954547,145.0
1,609,0.8,0.39600000000000024,0,0.95,0.39600000000000024,0,1,0,0,0,214,170,7,3.867829781963974,152.99782615207397
2,609,0.8,0.2540000000000001,0,0.95,0.2540000000000001,0,1,0,0,0,146,102,10,-1.699555778069298,146.0
3,609,0.8,0.31600000000000017,0,0.95,0.31600000000000017,0,1,0,0,0,157,114,9,-0.3908890648587464,157.0
0,610,0.8,0.3680000000000002,0,0.95,0.3680000000000002,0,1,0,0,0,145,96,11,-2.700462724954547,145.0
1,610,0.8,0.39800000000000024,0,0.95,0.39800000000000024,1,1,0,1,0,215,171,7,3.919123076351524,152.99782615207397
2,610,0.8,0.2560000000000001,0,0.95,0.2560000000000001,0,1,0,0,0,146,102,10,-1.699555778069298,146.0
3,610,0.8,0.31800000000000017,0,0.95,0.31800000000000017,0,1,0,0,0,157,114,9,-0.3908890648587464,157.0
0,611,0.8,0.3700000000000002,0,0.95,0.3700000000000002,0,1,0,0,0,145,96,11,-2.700462724954547,145.0
1,611,0.8,0.40000000000000024,0,0.95,0.40000000000000024,1,1,0,1,0,216,172,7,3.970416370739076,152.99782615207397
2,611,0.8,0.2580000000000001,0,0.95,0.2580000000000001,1,1,0,1,0,147,103,10,-1.6482624836817479,147.0
3,611,0.8,0.3200000000000002,0,0.95,0.3200000000000002,0,1,0,0,0,157,114,9,-0.3908890648587464,157.0
0,612,0.8,0.3720000000000002,0,0.95,0.3720000000000002,0,1,0,0,0,145,96,11,-2.700462724954547,145.0
1,612,0.8,0.40200000000000025,0,0.95,0.40200000000000025,0,1,0,0,0,216,172,7,3.970416370739076,152.99782615207397
2,612,0.8,0.2600000000000001,0,0.95,0.2600000000000001,0,1,0,0,0,147,103,10,-1.6482624836817479,147.0
3,612,0.8,0.3220000000000002,0,0.95,0.3220000000000002,0,0,1,0,0,157,114,9,-0.3908890648587464,157.0
0,613,0.8,0.3740000000000002,0,0.95,0.3740000000000002,0,1,0,0,0,145,96,11,-2.700462724954547,145.0
1,613,0.8,0.40400000000000025,0,0.95,0.40400000000000025,0,1,0,0,0,216,172,7,3.970416370739076,152.99782615207397
2,613,0.8,0.2620000000000001,0,0.95,0.2620000000000001,0,1,0,0,0,147,103,10,-1.6482624836817479,147.0
3,613,0.8,0.3240000000000002,0,0.95,0.3240000000000002,1,1,0,1,0,158,115,9,-0.33959577047119627,158.0
0,614,0.8,0.3760000000000002,0,0.95,0.3760000000000002,0,1,0,0,0,145,96,11,-2.700462724954547,145.0
1,614,0.8,0.40600000000000025,0,0.95,0.40600000000000025,0,1,0,0,0,216,172,7,3.970416370739076,152.99782615207397
2,614,0.8,0.2640000000000001,0,0.95,0.2640000000000001,0,1,0,0,0,147,103,10,-1.6482624836817479,147.0
3,614,0.8,0.3260000000000002,0,0.95,0.3260000000000002,0,1,0,0,0,158,115,9,-0.33959577047119627,158.0
0,615,0.8,0.3780000000000002,0,0.95,0.3780000000000002,0,1,0,0,0,145,96,11,-2.700462724954547,145.0
1,615,0.8,0.40800000000000025,0,0.95,0.40800000000000025,0,1,0,0,0,216,172,7,3.970416370739076,152.99782615207397
2,615,0.8,0.2660000000000001,0,0.95,0.2660000000000001,0,1,0,0,0,147,103,10,-1.6482624836817479,147.0
3,615,0.8,0.3280000000000002,0,0.95,0.3280000000000002,0,1,1,0,0,158,115,9,-0.33959577047119627,158.0
0,616,0.8,0.3800000000000002,0,0.95,0.3800000000000002,0,1,0,0,0,145,96,11,-2.700462724954547,145.0
1,616,0.8,0.41000000000000025,0,0.95,0.41000000000000025,0,1,0,0,0,216,172,7,3.970416370739076,152.99782615207397
2,616,0.8,0.2680000000000001,0,0.95,0.2680000000000001,0,1,0,0,0,147,103,10,-1.6482624836817479,147.0
3,616,0.8,0.3300000000000002,0,0.95,0.3300000000000002,0,0,0,0,0,158,115,9,-0.33959577047119627,158.0
0,617,0.8,0.38200000000000023,0,0.95,0.38200000000000023,0,1,0,0,0,145,96,11,-2.700462724954547,145.0
1,617,0.8,0.41200000000000025,0,0.95,0.41200000000000025,1,1,0,1,0,217,173,7,4.021709665126626,152.99782615207397
2,617,0.8,0.27000000000000013,0,0.95,0.27000000000000013,0,1,1,0,0,147,103,10,-1.6482624836817479,147.0
3,617,0.8,0.3320000000000002,0,0.95,0.3320000000000002,1,1,0,1,0,159,116,9,-0.28830247608364523,159.0
0,618,0.8,0.38400000000000023,0,0.95,0.38400000000000023,0,1,1,0,0,145,96,11,-2.700462724954547,145.0
1,618,0.8,0.41400000000000026,0,0.95,0.41400000000000026,0,1,0,0,0,217,173,7,4.021709665126626,152.99782615207397
2,618,0.8,0.27200000000000013,0,0.95,0.27200000000000013,0,1,0,0,0,147,103,10,-1.6482624836817479,147.0
3,618,0.8,0.3340000000000002,0,0.95,0.3340000000000002,0,1,0,0,0,159,116,9,-0.28830247608364523,159.0
0,619,0.8,0.38600000000000023,0,0.95,0.38600000000000023,0,0,0,0,0,145,96,11,-2.700462724954547,145.0
1,619,0.8,0.41600000000000026,0,0.95,0.41600000000000026,0,1,0,0,0,217,173,7,4.021709665126626,152.99782615207397
2,619,0.8,0.27400000000000013,0,0.95,0.27400000000000013,0,1,0,0,0,147,103,10,-1.6482624836817479,147.0
3,619,0.8,0.3360000000000002,0,0.95,0.3360000000000002,1,1,0,1,0,160,117,9,-0.23700918169609508,160.0
0,620,0.8,0.38800000000000023,0,0.95,0.38800000000000023,1,1,0,1,0,146,97,11,-2.649169430566997,146.0
1,620,0.8,0.41800000000000026,0,0.95,0.41800000000000026,1,1,0,1,0,218,174,7,4.073002959514176,152.99782615207397
2,620,0.8,0.27600000000000013,0,0.95,0.27600000000000013,0,1,0,0,0,147,103,10,-1.6482624836817479,147.0
3,620,0.8,0.3380000000000002,0,0.95,0.3380000000000002,1,1,0,1,0,161,118,9,-0.18571588730854405,161.0
0,621,0.8,0.39000000000000024,0,0.95,0.39000000000000024,1,1,0,1,0,147,98,11,-2.597876136179446,147.0
1,621,0.8,0.42000000000000026,0,0.95,0.42000000000000026,1,1,0,1,0,219,175,7,4.1242962539017265,152.99782615207397
2,621,0.8,0.27800000000000014,0,0.95,0.27800000000000014,0,1,0,0,0,147,103,10,-1.6482624836817479,147.0
3,621,0.8,0.3400000000000002,0,0.95,0.3400000000000002,0,1,0,0,0,161,118,9,-0.18571588730854405,161.0
0,622,0.8,0.39200000000000024,0,0.95,0.39200000000000024,1,1,0,1,0,148,99,11,-2.5465828417918956,148.0
1,622,0.8,0.42200000000000026,0,0.95,0.42200000000000026,1,1,0,1,0,220,176,7,4.175589548289277,152.99782615207397
2,622,0.8,0.28000000000000014,0,0.95,0.28000000000000014,0,1,0,0,0,147,103,10,-1.6482624836817479,147.0
3,622,0.8,0.3420000000000002,0,0.95,0.3420000000000002,1,1,0,1,0,162,119,9,-0.1344225929209939,162.0
0,623,0.8,0.39400000000000024,0,0.95,0.39400000000000024,1,1,0,1,0,149,100,11,-2.4952895474043446,149.0
1,623,0.8,0.42400000000000027,0,0.95,0.42400000000000027,0,1,1,0,0,220,176,7,4.175589548289277,152.99782615207397
2,623,0.8,0.28200000000000014,0,0.95,0.28200000000000014,0,1,0,0,0,147,103,10,-1.6482624836817479,147.0
3,623,0.8,0.3440000000000002,0,0.95,0.3440000000000002,0,1,0,0,0,162,119,9,-0.1344225929209939,162.0
0,624,0.8,0.39600000000000024,0,0.95,0.39600000000000024,0,1,0,0,0,149,100,11,-2.4952895474043446,149.0
1,624,0.8,0.42600000000000027,0,0.95,0.42600000000000027,1,1,0,1,0,221,177,7,4.226882842676829,152.99782615207397
2,624,0.8,0.28400000000000014,0,0.95,0.28400000000000014,0,1,0,0,0,147,103,10,-1.6482624836817479,147.0
3,624,0.8,0.3460000000000002,0,0.95,0.3460000000000002,1,1,0,1,0,163,120,9,-0.08312929853344375,163.0
0,625,0.8,0.39800000000000024,0,0.95,0.39800000000000024,0,1,0,0,0,149,100,11,-2.4952895474043446,149.0
1,625,0.8,0.42800000000000027,0,0.95,0.42800000000000027,1,1,0,1,0,222,178,7,4.278176137064379,152.99782615207397
2,625,0.8,0.28600000000000014,0,0.95,0.28600000000000014,0,1,0,0,0,147,103,10,-1.6482624836817479,147.0
3,625,0.8,0.3480000000000002,0,0.95,0.3480000000000002,1,1,0,1,0,164,121,9,-0.031836004145892716,164.0
0,626,0.8,0.40000000000000024,0,0.95,0.40000000000000024,1,1,0,1,0,150,101,11,-2.4439962530167945,150.0
1,626,0.8,0.43000000000000027,0,0.95,0.43000000000000027,0,1,0,0,0,222,178,7,4.278176137064379,152.99782615207397
2,626,0.8,0.28800000000000014,0,0.95,0.28800000000000014,0,1,1,0,0,147,103,10,-1.6482624836817479,147.0
3,626,0.8,0.3500000000000002,0,0.95,0.3500000000000002,1,1,0,1,0,165,122,9,0.019457290241657432,165.0
0,627,0.8,0.40200000000000025,0,0.95,0.40200000000000025,0,1,0,0,0,150,101,11,-2.4439962530167945,150.0
1,627,0.8,0.4320000000000003,0,0.95,0.4320000000000003,1,1,0,1,0,223,179,7,4.329469431451929,152.99782615207397
2,627,0.8,0.29000000000000015,0,0.95,0.29000000000000015,0,1,1,0,0,147,103,10,-1.6482624836817479,147.0
3,627,0.8,0.3520000000000002,0,0.95,0.3520000000000002,0,0,0,0,0,165,122,9,0.019457290241657432,165.0
0,628,0.8,0.40400000000000025,0,0.95,0.40400000000000025,0,1,0,0,0,150,101,11,-2.4439962530167945,150.0
1,628,0.8,0.4340000000000003,0,0.95,0.4340000000000003,0,1,1,0,0,223,179,7,4.329469431451929,152.99782615207397
2,628,0.8,0.29200000000000015,0,0.95,0.29200000000000015,1,0,0,1,0,148,103,10,-1.6482624836817479,148.0
3,628,0.8,0.3540000000000002,0,0.95,0.3540000000000002,1,1,0,1,0,166,123,9,0.07075058462920847,166.0
0,629,0.8,0.40600000000000025,0,0.95,0.40600000000000025,0,1,0,0,0,150,101,11,-2.4439962530167945,150.0
1,629,0.8,0.4360000000000003,0,0.95,0.4360000000000003,1,1,0,1,0,224,180,7,4.380762725839479,152.99782615207397
2,629,0.8,0.29400000000000015,0,0.95,0.29400000000000015,0,1,0,0,0,148,103,10,-1.6482624836817479,148.0
3,629,0.8,0.3560000000000002,0,0.95,0.3560000000000002,0,1,0,0,0,166,123,9,0.07075058462920847,166.0
0,630,0.8,0.40800000000000025,0,0.95,0.40800000000000025,0,1,0,0,0,150,101,11,-2.4439962530167945,150.0
1,630,0.8,0.4380000000000003,0,0.95,0.4380000000000003,1,1,0,1,0,225,181,7,4.432056020227031,152.99782615207397
2,630,0.8,0.29600000000000015,0,0.95,0.29600000000000015,1,1,0,1,0,149,104,10,-1.5969691892941968,149.0
3,630,0.8,0.3580000000000002,0,0.95,0.3580000000000002,0,0,0,0,0,166,123,9,0.07075058462920847,166.0
0,631,0.8,0.41000000000000025,0,0.95,0.41000000000000025,0,1,0,0,0,150,101,11,-2.4439962530167945,150.0
1,631,0.8,0.4400000000000003,0,0.95,0.4400000000000003,0,1,0,0,0,225,181,7,4.432056020227031,152.99782615207397
2,631,0.8,0.29800000000000015,0,0.95,0.29800000000000015,1,1,0,1,0,150,105,10,-1.5456758949066467,150.0
3,631,0.8,0.3600000000000002,0,0.95,0.3600000000000002,0,1,0,0,0,166,123,9,0.07075058462920847,166.0
0,632,0.8,0.41200000000000025,0,0.95,0.41200000000000025,1,1,1,1,1,151,102,12,-3.085850139189188,151.0
1,632,0.8,0.4420000000000003,0,0.95,0.4420000000000003,0,1,0,0,0,225,181,7,4.432056020227031,152.99782615207397
2,632,0.8,0.30000000000000016,0,0.95,0.30000000000000016,1,1,1,1,1,151,106,11,-2.187529781079042,151.0
3,632,0.8,0.3620000000000002,0,0.95,0.3620000000000002,0,1,0,0,0,166,123,9,0.07075058462920847,166.0
0,633,0.6100000000000001,0.11400000000000027,8,0.7600000000000001,0.05,0,0,0,0,0,151,102,12,-3.085850139189188,151.0
1,633,0.8,0.4440000000000003,0,0.95,0.4440000000000003,1,0,0,1,0,226,181,7,4.432056020227031,152.99782615207397
2,633,0.6100000000000001,0.1,8,0.7600000000000001,0.05,0,1,0,0,0,151,106,11,-2.187529781079042,151.0
3,633,0.8,0.3640000000000002,0,0.95,0.3640000000000002,0,1,0,0,0,166,123,9,0.07075058462920847,166.0
0,634,0.6140000000000001,0.11600000000000027,7,0.7640000000000001,0.05,0,1,0,0,0,151,102,12,-3.085850139189188,151.0
1,634,0.8,0.4460000000000003,0,0.95,0.4460000000000003,1,1,0,1,0,227,182,7,4.483349314614581,152.99782615207397
2,634,0.6140000000000001,0.10200000000000001,7,0.7640000000000001,0.05,1,1,0,1,0,152,107,11,-2.136236486691491,152.0
3,634,0.8,0.3660000000000002,0,0.95,0.3660000000000002,0,1,0,0,0,166,123,9,0.07075058462920847,166.0
0,635,0.6180000000000001,0.11800000000000027,6,0.7680000000000001,0.05,0,0,0,0,0,151,102,12,-3.085850139189188,151.0
1,635,0.8,0.4480000000000003,0,0.95,0.4480000000000003,1,1,0,1,0,228,183,7,4.534642609002131,152.99782615207397
2,635,0.6240000000000001,0.10400000000000001,6,0.7740000000000001,0.05,0,1,0,0,0,152,107,11,-2.136236486691491,152.0
3,635,0.8,0.3680000000000002,0,0.95,0.3680000000000002,1,1,0,1,0,167,124,9,0.12204387901675862,167.0
0,636,0.6220000000000001,0.12000000000000027,5,0.7720000000000001,0.05,0,1,0,0,0,151,102,12,-3.085850139189188,151.0
1,636,0.8,0.4500000000000003,0,0.95,0.4500000000000003,0,1,0,0,0,228,183,7,4.534642609002131,152.99782615207397
2,636,0.6280000000000001,0.10600000000000001,5,0.7780000000000001,0.05,0,1,0,0,0,152,107,11,-2.136236486691491,152.0
3,636,0.8,0.3700000000000002,0,0.95,0.3700000000000002,0,1,0,0,0,167,124,9,0.12204387901675862,167.0
0,637,0.6260000000000001,0.12200000000000027,4,0.7760000000000001,0.05,0,1,0,0,0,151,102,12,-3.085850139189188,151.0
1,637,0.8,0.4520000000000003,0,0.95,0.4520000000000003,0,1,0,0,0,228,183,7,4.534642609002131,152.99782615207397
2,637,0.6320000000000001,0.10800000000000001,4,0.7820000000000001,0.05,0,1,0,0,0,152,107,11,-2.136236486691491,152.0
3,637,0.8,0.3720000000000002,0,0.95,0.3720000000000002,0,1,0,0,0,167,124,9,0.12204387901675862,167.0
0,638,0.6300000000000001,0.12400000000000028,3,0.7800000000000001,0.05,0,0,0,0,0,151,102,12,-3.085850139189188,151.0
1,638,0.8,0.4540000000000003,0,0.95,0.4540000000000003,0,1,0,0,0,228,183,7,4.534642609002131,152.99782615207397
2,638,0.6360000000000001,0.11000000000000001,3,0.7860000000000001,0.05,0,1,0,0,0,152,107,11,-2.136236486691491,152.0
3,638,0.8,0.3740000000000002,0,0.95,0.3740000000000002,0,1,0,0,0,167,124,9,0.12204387901675862,167.0
0,639,0.6340000000000001,0.12600000000000028,2,0.7840000000000001,0.05,0,1,0,0,0,151,102,12,-3.085850139189188,151.0
1,639,0.8,0.4560000000000003,0,0.95,0.4560000000000003,0,1,0,0,0,228,183,7,4.534642609002131,152.99782615207397
2,639,0.6400000000000001,0.11200000000000002,2,0.7900000000000001,0.05,1,0,1,1,0,153,107,11,-2.136236486691491,153.0
3,639,0.8,0.3760000000000002,0,0.95,0.3760000000000002,0,1,0,0,0,167,124,9,0.12204387901675862,167.0
0,640,0.6380000000000001,0.12800000000000028,1,0.7880000000000001,0.05,0,1,0,0,0,151,102,12,-3.085850139189188,151.0
1,640,0.8,0.4580000000000003,0,0.95,0.4580000000000003,0,0,1,0,0,228,183,7,4.534642609002131,152.99782615207397
2,640,0.6600000000000001,0.139,1,0.8100000000000002,0.05,0,1,0,0,0,153,107,11,-2.136236486691491,153.0
3,640,0.8,0.3780000000000002,0,0.95,0.3780000000000002,0,1,0,0,0,167,124,9,0.12204387901675862,167.0
0,641,0.6420000000000001,0.13000000000000028,0,0.6420000000000001,0.13000000000000028,0,0,0,0,0,151,102,12,-3.085850139189188,151.0
1,641,0.8,0.4600000000000003,0,0.8,0.4600000000000003,1,1,1,1,1,229,184,8,3.892788722829736,166.51123348603886
2,641,0.6640000000000001,0.14100000000000001,0,0.6640000000000001,0.14100000000000001,1,1,0,1,0,154,108,11,-2.0849431923039408,154.0
3,641,0.8,0.3800000000000002,0,0.8,0.3800000000000002,0,0,1,0,0,167,124,9,0.12204387901675862,167.0
0,642,0.6460000000000001,0.13200000000000028,0,0.6460000000000001,0.13200000000000028,1,1,0,1,0,152,103,12,-3.034556844801638,152.0
1,642,0.6100000000000001,0.1620000000000003,8,0.6100000000000001,0.05,0,1,1,0,0,229,184,8,3.892788722829736,166.51123348603886
2,642,0.6740000000000002,0.14300000000000002,0,0.6740000000000002,0.14300000000000002,0,1,0,0,0,154,108,11,-2.0849431923039408,154.0
3,642,0.8,0.38200000000000023,0,0.8,0.38200000000000023,0,1,0,0,0,167,124,9,0.12204387901675862,167.0
0,643,0.6560000000000001,0.13400000000000029,0,0.6560000000000001,0.13400000000000029,0,0,0,0,0,152,103,12,-3.034556844801638,152.0
1,643,0.6140000000000001,0.1640000000000003,7,0.6140000000000001,0.05,0,1,0,0,0,229,184,8,3.892788722829736,166.51123348603886
2,643,0.6780000000000002,0.14500000000000002,0,0.6780000000000002,0.14500000000000002,0,1,0,0,0,154,108,11,-2.0849431923039408,154.0
3,643,0.8,0.38400000000000023,0,0.8,0.38400000000000023,0,1,0,0,0,167,124,9,0.12204387901675862,167.0
0,644,0.6600000000000001,0.1360000000000003,0,0.6600000000000001,0.1360000000000003,0,1,0,0,0,152,103,12,-3.034556844801638,152.0
1,644,0.6180000000000001,0.16600000000000031,6,0.6180000000000001,0.05,0,0,0,0,0,229,184,8,3.892788722829736,166.51123348603886
2,644,0.6820000000000002,0.14700000000000002,0,0.6820000000000002,0.14700000000000002,0,1,1,0,0,154,108,11,-2.0849431923039408,154.0
3,644,0.8,0.38600000000000023,0,0.8,0.38600000000000023,0,1,0,0,0,167,124,9,0.12204387901675862,167.0
0,645,0.6640000000000001,0.1380000000000003,0,0.6640000000000001,0.1380000000000003,0,1,0,0,0,152,103,12,-3.034556844801638,152.0
1,645,0.6220000000000001,0.16800000000000032,5,0.6220000000000001,0.05,0,0,0,0,0,229,184,8,3.892788722829736,166.51123348603886
2,645,0.6860000000000002,0.14900000000000002,0,0.6860000000000002,0.14900000000000002,0,1,0,0,0,154,108,11,-2.0849431923039408,154.0
3,645,0.8,0.38800000000000023,0,0.8,0.38800000000000023,1,1,0,1,0,168,125,9,0.17333717340430965,168.0
0,646,0.6680000000000001,0.1400000000000003,0,0.6680000000000001,0.1400000000000003,0,1,0,0,0,152,103,12,-3.034556844801638,152.0
1,646,0.6260000000000001,0.17000000000000032,4,0.6260000000000001,0.05,0,1,0,0,0,229,184,8,3.892788722829736,166.51123348603886
2,646,0.6900000000000002,0.15100000000000002,0,0.6900000000000002,0.15100000000000002,0,0,0,0,0,154,108,11,-2.0849431923039408,154.0
3,646,0.8,0.39000000000000024,0,0.8,0.39000000000000024,0,1,0,0,0,168,125,9,0.17333717340430965,168.0
0,647,0.6720000000000002,0.1420000000000003,0,0.6720000000000002,0.1420000000000003,1,1,1,1,1,153,104,13,-3.676410730974032,153.0
1,647,0.6300000000000001,0.17200000000000032,3,0.6300000000000001,0.05,0,0,1,0,0,229,184,8,3.892788722829736,166.51123348603886
2,647,0.6940000000000002,0.15300000000000002,0,0.6940000000000002,0.15300000000000002,0,1,0,0,0,154,108,11,-2.0849431923039408,154.0
3,647,0.8,0.39200000000000024,0,0.8,0.39200000000000024,0,1,0,0,0,168,125,9,0.17333717340430965,168.0
0,648,0.48200000000000015,0.1,8,0.48200000000000015,0.05,0,1,0,0,0,153,104,13,-3.676410730974032,153.0
1,648,0.6340000000000001,0.17400000000000032,2,0.6340000000000001,0.05,0,0,0,0,0,229,184,8,3.892788722829736,166.51123348603886
2,648,0.6980000000000002,0.15500000000000003,0,0.6980000000000002,0.15500000000000003,0,1,0,0,0,154,108,11,-2.0849431923039408,154.0
3,648,0.8,0.39400000000000024,0,0.8,0.39400000000000024,1,0,0,1,0,169,125,9,0.17333717340430965,169.0
0,649,0.48600000000000015,0.10200000000000001,7,0.48600000000000015,0.05,0,1,0,0,0,153,104,13,-3.676410730974032,153.0
1,649,0.6380000000000001,0.17600000000000032,1,0.6380000000000001,0.05,0,0,0,0,0,229,184,8,3.892788722829736,166.51123348603886
2,649,0.7020000000000002,0.15700000000000003,0,0.7020000000000002,0.15700000000000003,0,1,0,0,0,154,108,11,-2.0849431923039408,154.0
3,649,0.8,0.39600000000000024,0,0.8,0.39600000000000024,0,0,0,0,0,169,125,9,0.17333717340430965,169.0
0,650,0.49000000000000016,0.10400000000000001,6,0.49000000000000016,0.05,0,1,0,0,0,153,104,13,-3.676410730974032,153.0
1,650,0.6420000000000001,0.17800000000000032,0,0.6420000000000001,0.17800000000000032,0,0,0,0,0,229,184,8,3.892788722829736,166.51123348603886
2,650,0.7060000000000002,0.15900000000000003,0,0.7060000000000002,0.15900000000000003,0,1,0,0,0,154,108,11,-2.0849431923039408,154.0
3,650,0.8,0.39800000000000024,0,0.8,0.39800000000000024,0,0,0,0,0,169,125,9,0.17333717340430965,169.0
0,651,0.49400000000000016,0.10600000000000001,5,0.49400000000000016,0.05,0,0,0,0,0,153,104,13,-3.676410730974032,153.0
1,651,0.6460000000000001,0.18000000000000033,0,0.6460000000000001,0.18000000000000033,0,1,0,0,0,229,184,8,3.892788722829736,166.51123348603886
2,651,0.7100000000000002,0.16100000000000003,0,0.7100000000000002,0.16100000000000003,0,1,0,0,0,154,108,11,-2.0849431923039408,154.0
3,651,0.8,0.40000000000000024,0,0.8,0.40000000000000024,0,0,0,0,0,169,125,9,0.17333717340430965,169.0
0,652,0.49800000000000016,0.10800000000000001,4,0.49800000000000016,0.05,0,1,0,0,0,153,104,13,-3.676410730974032,153.0
1,652,0.6500000000000001,0.18200000000000033,0,0.6500000000000001,0.18200000000000033,0,1,0,0,0,229,184,8,3.892788722829736,166.51123348603886
2,652,0.7140000000000002,0.16300000000000003,0,0.7140000000000002,0.16300000000000003,0,1,0,0,0,154,108,11,-2.0849431923039408,154.0
3,652,0.8,0.40200000000000025,0,0.8,0.40200000000000025,1,1,0,1,0,170,126,9,0.2246304677918598,170.0
0,653,0.5020000000000001,0.11000000000000001,3,0.5020000000000001,0.05,0,0,0,0,0,153,104,13,-3.676410730974032,153.0
1,653,0.6540000000000001,0.18400000000000033,0,0.6540000000000001,0.18400000000000033,0,1,0,0,0,229,184,8,3.892788722829736,166.51123348603886
2,653,0.7180000000000002,0.16500000000000004,0,0.7180000000000002,0.16500000000000004,0,1,0,0,0,154,108,11,-2.0849431923039408,154.0
3,653,0.8,0.40400000000000025,0,0.8,0.40400000000000025,0,1,0,0,0,170,126,9,0.2246304677918598,170.0
0,654,0.5060000000000001,0.11200000000000002,2,0.5060000000000001,0.05,0,1,0,0,0,153,104,13,-3.676410730974032,153.0
1,654,0.6580000000000001,0.18600000000000033,0,0.6580000000000001,0.18600000000000033,1,1,0,1,0,230,185,8,3.944082017217286,166.51123348603886
2,654,0.7220000000000002,0.16700000000000004,0,0.7220000000000002,0.16700000000000004,1,0,0,1,0,155,108,11,-2.0849431923039408,155.0
3,654,0.8,0.40600000000000025,0,0.8,0.40600000000000025,0,1,0,0,0,170,126,9,0.2246304677918598,170.0
0,655,0.5100000000000001,0.11400000000000002,1,0.5100000000000001,0.05,0,0,0,0,0,153,104,13,-3.676410730974032,153.0
1,655,0.6680000000000001,0.18800000000000033,0,0.6680000000000001,0.18800000000000033,0,1,1,0,0,230,185,8,3.944082017217286,166.51123348603886
2,655,0.7320000000000002,0.16900000000000004,0,0.7320000000000002,0.16900000000000004,0,1,1,0,0,155,108,11,-2.0849431923039408,155.0
3,655,0.8,0.40800000000000025,0,0.8,0.40800000000000025,1,1,0,1,0,171,127,9,0.27592376217941084,171.0
0,656,0.5140000000000001,0.11600000000000002,0,0.5140000000000001,0.11600000000000002,0,0,0,0,0,153,104,13,-3.676410730974032,153.0
1,656,0.6720000000000002,0.19000000000000034,0,0.6720000000000002,0.19000000000000034,0,1,0,0,0,230,185,8,3.944082017217286,166.51123348603886
2,656,0.7360000000000002,0.17100000000000004,0,0.7360000000000002,0.17100000000000004,0,1,0,0,0,155,108,11,-2.0849431923039408,155.0
3,656,0.8,0.41000000000000025,0,0.8,0.41000000000000025,0,1,0,0,0,171,127,9,0.27592376217941084,171.0
0,657,0.5180000000000001,0.11800000000000002,0,0.5180000000000001,0.11800000000000002,0,1,1,0,0,153,104,13,-3.676410730974032,153.0
1,657,0.6760000000000002,0.19200000000000034,0,0.6760000000000002,0.19200000000000034,0,1,0,0,0,230,185,8,3.944082017217286,166.51123348603886
2,657,0.7400000000000002,0.17300000000000004,0,0.7400000000000002,0.17300000000000004,0,0,0,0,0,155,108,11,-2.0849431923039408,155.0
3,657,0.8,0.41200000000000025,0,0.8,0.41200000000000025,1,1,0,1,0,172,128,9,0.327217056566961,172.0
0,658,0.5220000000000001,0.12000000000000002,0,0.5220000000000001,0.12000000000000002,0,0,0,0,0,153,104,13,-3.676410730974032,153.0
1,658,0.6800000000000002,0.19400000000000034,0,0.6800000000000002,0.19400000000000034,0,0,0,0,0,230,185,8,3.944082017217286,166.51123348603886
2,658,0.7440000000000002,0.17500000000000004,0,0.7440000000000002,0.17500000000000004,0,1,0,0,0,155,108,11,-2.0849431923039408,155.0
3,658,0.8,0.41400000000000026,0,0.8,0.41400000000000026,0,1,0,0,0,172,128,9,0.327217056566961,172.0
0,659,0.5260000000000001,0.12200000000000003,0,0.5260000000000001,0.12200000000000003,0,1,1,0,0,153,104,13,-3.676410730974032,153.0
1,659,0.6840000000000002,0.19600000000000034,0,0.6840000000000002,0.19600000000000034,0,1,0,0,0,230,185,8,3.944082017217286,166.51123348603886
2,659,0.7480000000000002,0.17700000000000005,0,0.7480000000000002,0.17700000000000005,0,1,0,0,0,155,108,11,-2.0849431923039408,155.0
3,659,0.8,0.41600000000000026,0,0.8,0.41600000000000026,1,1,0,1,0,173,129,9,0.37851035095451113,173.0
0,660,0.5300000000000001,0.12400000000000003,0,0.5300000000000001,0.12400000000000003,0,1,0,0,0,153,104,13,-3.676410730974032,153.0
1,660,0.6880000000000002,0.19800000000000034,0,0.6880000000000002,0.19800000000000034,1,1,0,1,0,231,186,8,3.995375311604838,166.51123348603886
2,660,0.7520000000000002,0.17900000000000005,0,0.7520000000000002,0.17900000000000005,0,1,0,0,0,155,108,11,-2.0849431923039408,155.0
3,660,0.8,0.41800000000000026,0,0.8,0.41800000000000026,1,0,0,1,0,174,129,9,0.37851035095451113,174.0
0,661,0.5340000000000001,0.12600000000000003,0,0.5340000000000001,0.12600000000000003,0,1,0,0,0,153,104,13,-3.676410730974032,153.0
1,661,0.6980000000000002,0.20000000000000034,0,0.6980000000000002,0.20000000000000034,0,1,1,0,0,231,186,8,3.995375311604838,166.51123348603886
2,661,0.7560000000000002,0.18100000000000005,0,0.7560000000000002,0.18100000000000005,0,1,0,0,0,155,108,11,-2.0849431923039408,155.0
3,661,0.8,0.42000000000000026,0,0.8,0.42000000000000026,1,1,0,1,0,175,130,9,0.42980364534206217,175.0
0,662,0.5380000000000001,0.12800000000000003,0,0.5380000000000001,0.12800000000000003,0,1,0,0,0,153,104,13,-3.676410730974032,153.0
1,662,0.7020000000000002,0.20200000000000035,0,0.7020000000000002,0.20200000000000035,0,0,1,0,0,231,186,8,3.995375311604838,166.51123348603886
2,662,0.7600000000000002,0.18300000000000005,0,0.7600000000000002,0.18300000000000005,0,1,0,0,0,155,108,11,-2.0849431923039408,155.0
3,662,0.8,0.42200000000000026,0,0.8,0.42200000000000026,0,1,0,0,0,175,130,9,0.42980364534206217,175.0
0,663,0.5420000000000001,0.13000000000000003,0,0.5420000000000001,0.13000000000000003,1,1,0,1,0,154,105,13,-3.625117436586482,154.0
1,663,0.7060000000000002,0.20400000000000035,0,0.7060000000000002,0.20400000000000035,0,1,0,0,0,231,186,8,3.995375311604838,166.51123348603886
2,663,0.7640000000000002,0.18500000000000005,0,0.7640000000000002,0.18500000000000005,0,1,1,0,0,155,108,11,-2.0849431923039408,155.0
3,663,0.8,0.42400000000000027,0,0.8,0.42400000000000027,1,1,1,1,1,176,131,10,-0.21205024083033308,176.0
0,664,0.5520000000000002,0.13200000000000003,0,0.5520000000000002,0.13200000000000003,0,0,0,0,0,154,105,13,-3.625117436586482,154.0
1,664,0.7100000000000002,0.20600000000000035,0,0.7100000000000002,0.20600000000000035,0,1,0,0,0,231,186,8,3.995375311604838,166.51123348603886
2,664,0.7680000000000002,0.18700000000000006,0,0.7680000000000002,0.18700000000000006,0,1,0,0,0,155,108,11,-2.0849431923039408,155.0
3,664,0.6100000000000001,0.12600000000000028,8,0.6100000000000001,0.05,0,0,0,0,0,176,131,10,-0.21205024083033308,176.0
0,665,0.5560000000000002,0.13400000000000004,0,0.5560000000000002,0.13400000000000004,0,1,0,0,0,154,105,13,-3.625117436586482,154.0
1,665,0.7140000000000002,0.20800000000000035,0,0.7140000000000002,0.20800000000000035,0,1,0,0,0,231,186,8,3.995375311604838,166.51123348603886
2,665,0.7720000000000002,0.18900000000000006,0,0.7720000000000002,0.18900000000000006,0,1,0,0,0,155,108,11,-2.0849431923039408,155.0
3,665,0.6140000000000001,0.12800000000000028,7,0.6140000000000001,0.05,0,0,0,0,0,176,131,10,-0.21205024083033308,176.0
0,666,0.5600000000000002,0.13600000000000004,0,0.5600000000000002,0.13600000000000004,0,0,0,0,0,154,105,13,-3.625117436586482,154.0
1,666,0.7180000000000002,0.21000000000000035,0,0.7180000000000002,0.21000000000000035,0,1,1,0,0,231,186,8,3.995375311604838,166.51123348603886
2,666,0.7760000000000002,0.19100000000000006,0,0.7760000000000002,0.19100000000000006,0,1,0,0,0,155,108,11,-2.0849431923039408,155.0
3,666,0.6180000000000001,0.13000000000000028,6,0.6180000000000001,0.05,0,0,0,0,0,176,131,10,-0.21205024083033308,176.0
0,667,0.5640000000000002,0.13800000000000004,0,0.5640000000000002,0.13800000000000004,0,0,0,0,0,154,105,13,-3.625117436586482,154.0
1,667,0.7220000000000002,0.21200000000000035,0,0.7220000000000002,0.21200000000000035,0,1,0,0,0,231,186,8,3.995375311604838,166.51123348603886
2,667,0.7800000000000002,0.19300000000000006,0,0.7800000000000002,0.19300000000000006,0,1,0,0,0,155,108,11,-2.0849431923039408,155.0
3,667,0.6220000000000001,0.13200000000000028,5,0.6220000000000001,0.05,0,1,0,0,0,176,131,10,-0.21205024083033308,176.0
0,668,0.5680000000000002,0.14000000000000004,0,0.5680000000000002,0.14000000000000004,0,1,0,0,0,154,105,13,-3.625117436586482,154.0
1,668,0.7260000000000002,0.21400000000000036,0,0.7260000000000002,0.21400000000000036,1,1,0,1,0,232,187,8,4.046668605992388,166.51123348603886
2,668,0.7840000000000003,0.19500000000000006,0,0.7840000000000003,0.19500000000000006,0,0,0,0,0,155,108,11,-2.0849431923039408,155.0
3,668,0.6260000000000001,0.13400000000000029,4,0.6260000000000001,0.05,0,1,0,0,0,176,131,10,-0.21205024083033308,176.0
0,669,0.5720000000000002,0.14200000000000004,0,0.5720000000000002,0.14200000000000004,0,1,0,0,0,154,105,13,-3.625117436586482,154.0
1,669,0.7360000000000002,0.21600000000000036,0,0.7360000000000002,0.21600000000000036,1,1,0,1,0,233,188,8,4.097961900379938,166.51123348603886
2,669,0.7880000000000003,0.19700000000000006,0,0.7880000000000003,0.19700000000000006,0,1,0,0,0,155,108,11,-2.0849431923039408,155.0
3,669,0.6300000000000001,0.1360000000000003,3,0.6300000000000001,0.05,0,0,0,0,0,176,131,10,-0.21205024083033308,176.0
0,670,0.5760000000000002,0.14400000000000004,0,0.5760000000000002,0.14400000000000004,0,1,0,0,0,154,105,13,-3.625117436586482,154.0
1,670,0.7460000000000002,0.21800000000000036,0,0.7460000000000002,0.21800000000000036,0,0,0,0,0,233,188,8,4.097961900379938,166.51123348603886
2,670,0.7920000000000003,0.19900000000000007,0,0.7920000000000003,0.19900000000000007,0,1,0,0,0,155,108,11,-2.0849431923039408,155.0
3,670,0.6340000000000001,0.1380000000000003,2,0.6340000000000001,0.05,0,1,0,0,0,176,131,10,-0.21205024083033308,176.0
0,671,0.5800000000000002,0.14600000000000005,0,0.5800000000000002,0.14600000000000005,0,0,1,0,0,154,105,13,-3.625117436586482,154.0
1,671,0.7500000000000002,0.22000000000000036,0,0.7500000000000002,0.22000000000000036,1,0,0,1,0,234,188,8,4.097961900379938,166.51123348603886
2,671,0.7960000000000003,0.20100000000000007,0,0.7960000000000003,0.20100000000000007,0,0,0,0,0,155,108,11,-2.0849431923039408,155.0
3,671,0.6380000000000001,0.1400000000000003,1,0.6380000000000001,0.05,0,1,1,0,0,176,131,10,-0.21205024083033308,176.0
0,672,0.5840000000000002,0.14800000000000005,0,0.5840000000000002,0.14800000000000005,1,1,0,1,0,155,106,13,-3.573824142198932,155.0
1,672,0.7600000000000002,0.22200000000000036,0,0.7600000000000002,0.22200000000000036,0,1,0,0,0,234,188,8,4.097961900379938,166.51123348603886
2,672,0.8,0.20300000000000007,0,0.8,0.20300000000000007,1,0,0,1,0,156,108,11,-2.0849431923039408,156.0
3,672,0.6420000000000001,0.1420000000000003,0,0.6420000000000001,0.1420000000000003,0,0,0,0,0,176,131,10,-0.21205024083033308,176.0
0,673,0.5940000000000002,0.15000000000000005,0,0.5940000000000002,0.15000000000000005,0,1,0,0,0,155,106,13,-3.573824142198932,155.0
1,673,0.7640000000000002,0.22400000000000037,0,0.7640000000000002,0.22400000000000037,0,1,0,0,0,234,188,8,4.097961900379938,166.51123348603886
2,673,0.8,0.20500000000000007,0,0.8,0.20500000000000007,1,1,1,1,1,157,109,12,-2.7267970784763342,157.0
3,673,0.6460000000000001,0.1440000000000003,0,0.6460000000000001,0.1440000000000003,0,1,0,0,0,176,131,10,-0.21205024083033308,176.0
0,674,0.5980000000000002,0.15200000000000005,0,0.5980000000000002,0.15200000000000005,0,0,0,0,0,155,106,13,-3.573824142198932,155.0
1,674,0.7680000000000002,0.22600000000000037,0,0.7680000000000002,0.22600000000000037,0,1,1,0,0,234,188,8,4.097961900379938,166.51123348603886
2,674,0.6100000000000001,0.1,8,0.6100000000000001,0.05,0,1,1,0,0,157,109,12,-2.7267970784763342,157.0
3,674,0.6500000000000001,0.1460000000000003,0,0.6500000000000001,0.1460000000000003,0,1,0,0,0,176,131,10,-0.21205024083033308,176.0
0,675,0.6020000000000002,0.15400000000000005,0,0.6020000000000002,0.15400000000000005,1,1,1,1,1,156,107,14,-4.215678028371326,156.0
1,675,0.7720000000000002,0.22800000000000037,0,0.7720000000000002,0.22800000000000037,0,1,0,0,0,234,188,8,4.097961900379938,166.51123348603886
2,675,0.6140000000000001,0.10200000000000001,7,0.6140000000000001,0.05,0,1,0,0,0,157,109,12,-2.7267970784763342,157.0
3,675,0.6540000000000001,0.1480000000000003,0,0.6540000000000001,0.1480000000000003,0,1,0,0,0,176,131,10,-0.21205024083033308,176.0
0,676,0.4120000000000002,0.1,8,0.4120000000000002,0.05,0,0,0,0,0,156,107,14,-4.215678028371326,156.0
1,676,0.7760000000000002,0.23000000000000037,0,0.7760000000000002,0.23000000000000037,1,1,1,1,1,235,189,9,3.456108014207543,180.02464082000373
2,676,0.6180000000000001,0.10400000000000001,6,0.6180000000000001,0.05,1,0,1,1,0,158,109,12,-2.7267970784763342,158.0
3,676,0.6580000000000001,0.1500000000000003,0,0.6580000000000001,0.1500000000000003,0,1,0,0,0,176,131,10,-0.21205024083033308,176.0
0,677,0.4160000000000002,0.10200000000000001,7,0.4160000000000002,0.05,0,1,0,0,0,156,107,14,-4.215678028371326,156.0
1,677,0.5860000000000003,0.1,8,0.5860000000000003,0.05,0,1,0,0,0,235,189,9,3.456108014207543,180.02464082000373
2,677,0.6380000000000001,0.131,5,0.6380000000000001,0.05,0,0,0,0,0,158,109,12,-2.7267970784763342,158.0
3,677,0.6620000000000001,0.1520000000000003,0,0.6620000000000001,0.1520000000000003,1,0,0,1,0,177,131,10,-0.21205024083033308,177.0
0,678,0.4200000000000002,0.10400000000000001,6,0.4200000000000002,0.05,0,1,0,0,0,156,107,14,-4.215678028371326,156.0
1,678,0.5900000000000003,0.10200000000000001,7,0.5900000000000003,0.05,1,0,0,1,0,236,189,9,3.456108014207543,180.02464082000373
2,678,0.6420000000000001,0.133,4,0.6420000000000001,0.05,0,0,0,0,0,158,109,12,-2.7267970784763342,158.0
3,678,0.6720000000000002,0.1540000000000003,0,0.6720000000000002,0.1540000000000003,0,1,0,0,0,177,131,10,-0.21205024083033308,177.0
0,679,0.4240000000000002,0.10600000000000001,5,0.4240000000000002,0.05,0,0,0,0,0,156,107,14,-4.215678028371326,156.0
1,679,0.6000000000000003,0.10400000000000001,6,0.6000000000000003,0.05,0,1,0,0,0,236,189,9,3.456108014207543,180.02464082000373
2,679,0.6460000000000001,0.135,3,0.6460000000000001,0.05,0,1,0,0,0,158,109,12,-2.7267970784763342,158.0
3,679,0.6760000000000002,0.1560000000000003,0,0.6760000000000002,0.1560000000000003,0,1,0,0,0,177,131,10,-0.21205024083033308,177.0
0,680,0.4280000000000002,0.10800000000000001,4,0.4280000000000002,0.05,0,0,0,0,0,156,107,14,-4.215678028371326,156.0
1,680,0.6040000000000003,0.10600000000000001,5,0.6040000000000003,0.05,0,1,1,0,0,236,189,9,3.456108014207543,180.02464082000373
2,680,0.6500000000000001,0.137,2,0.6500000000000001,0.05,0,0,0,0,0,158,109,12,-2.7267970784763342,158.0
3,680,0.6800000000000002,0.1580000000000003,0,0.6800000000000002,0.1580000000000003,0,0,0,0,0,177,131,10,-0.21205024083033308,177.0
0,681,0.4320000000000002,0.11000000000000001,3,0.4320000000000002,0.05,0,0,1,0,0,156,107,14,-4.215678028371326,156.0
1,681,0.6080000000000003,0.10800000000000001,4,0.6080000000000003,0.05,0,0,0,0,0,236,189,9,3.456108014207543,180.02464082000373
2,681,0.6540000000000001,0.139,1,0.6540000000000001,0.05,0,1,0,0,0,158,109,12,-2.7267970784763342,158.0
3,681,0.6840000000000002,0.1600000000000003,0,0.6840000000000002,0.1600000000000003,0,1,0,0,0,177,131,10,-0.21205024083033308,177.0
0,682,0.4360000000000002,0.11200000000000002,2,0.4360000000000002,0.05,0,0,0,0,0,156,107,14,-4.215678028371326,156.0
1,682,0.6120000000000003,0.11000000000000001,3,0.6120000000000003,0.05,0,0,0,0,0,236,189,9,3.456108014207543,180.02464082000373
2,682,0.6580000000000001,0.14100000000000001,0,0.6580000000000001,0.14100000000000001,0,1,0,0,0,158,109,12,-2.7267970784763342,158.0
3,682,0.6880000000000002,0.1620000000000003,0,0.6880000000000002,0.1620000000000003,0,1,0,0,0,177,131,10,-0.21205024083033308,177.0
0,683,0.4400000000000002,0.11400000000000002,1,0.4400000000000002,0.05,0,1,0,0,0,156,107,14,-4.215678028371326,156.0
1,683,0.6160000000000003,0.11200000000000002,2,0.6160000000000003,0.05,0,1,0,0,0,236,189,9,3.456108014207543,180.02464082000373
2,683,0.6620000000000001,0.14300000000000002,0,0.6620000000000001,0.14300000000000002,0,0,0,0,0,158,109,12,-2.7267970784763342,158.0
3,683,0.6920000000000002,0.1640000000000003,0,0.6920000000000002,0.1640000000000003,1,1,0,1,0,178,132,10,-0.16075694644278204,178.0
0,684,0.44400000000000023,0.11600000000000002,0,0.44400000000000023,0.11600000000000002,0,0,0,0,0,156,107,14,-4.215678028371326,156.0
1,684,0.6200000000000003,0.11400000000000002,1,0.6200000000000003,0.05,0,0,0,0,0,236,189,9,3.456108014207543,180.02464082000373
2,684,0.6660000000000001,0.14500000000000002,0,0.6660000000000001,0.14500000000000002,0,1,0,0,0,158,109,12,-2.7267970784763342,158.0
3,684,0.7020000000000002,0.16600000000000031,0,0.7020000000000002,0.16600000000000031,0,0,0,0,0,178,132,10,-0.16075694644278204,178.0
0,685,0.44800000000000023,0.11800000000000002,0,0.44800000000000023,0.11800000000000002,0,0,0,0,0,156,107,14,-4.215678028371326,156.0
1,685,0.6240000000000003,0.11600000000000002,0,0.6240000000000003,0.11600000000000002,0,0,0,0,0,236,189,9,3.456108014207543,180.02464082000373
2,685,0.6700000000000002,0.14700000000000002,0,0.6700000000000002,0.14700000000000002,0,0,0,0,0,158,109,12,-2.7267970784763342,158.0
3,685,0.7060000000000002,0.16800000000000032,0,0.7060000000000002,0.16800000000000032,0,1,0,0,0,178,132,10,-0.16075694644278204,178.0
0,686,0.45200000000000023,0.12000000000000002,0,0.45200000000000023,0.12000000000000002,0,1,0,0,0,156,107,14,-4.215678028371326,156.0
1,686,0.6280000000000003,0.11800000000000002,0,0.6280000000000003,0.11800000000000002,0,0,0,0,0,236,189,9,3.456108014207543,180.02464082000373
2,686,0.6740000000000002,0.14900000000000002,0,0.6740000000000002,0.14900000000000002,0,1,0,0,0,158,109,12,-2.7267970784763342,158.0
3,686,0.7100000000000002,0.17000000000000032,0,0.7100000000000002,0.17000000000000032,0,0,1,0,0,178,132,10,-0.16075694644278204,178.0
0,687,0.45600000000000024,0.12200000000000003,0,0.45600000000000024,0.12200000000000003,0,1,0,0,0,156,107,14,-4.215678028371326,156.0
1,687,0.6320000000000003,0.12000000000000002,0,0.6320000000000003,0.12000000000000002,0,1,0,0,0,236,189,9,3.456108014207543,180.02464082000373
2,687,0.6780000000000002,0.15100000000000002,0,0.6780000000000002,0.15100000000000002,0,1,0,0,0,158,109,12,-2.7267970784763342,158.0
3,687,0.7140000000000002,0.17200000000000032,0,0.7140000000000002,0.17200000000000032,0,1,0,0,0,178,132,10,-0.16075694644278204,178.0
0,688,0.46000000000000024,0.12400000000000003,0,0.46000000000000024,0.12400000000000003,0,1,0,0,0,156,107,14,-4.215678028371326,156.0
1,688,0.6360000000000003,0.12200000000000003,0,0.6360000000000003,0.12200000000000003,0,1,0,0,0,236,189,9,3.456108014207543,180.02464082000373
2,688,0.6820000000000002,0.15300000000000002,0,0.6820000000000002,0.15300000000000002,0,1,0,0,0,158,109,12,-2.7267970784763342,158.0
3,688,0.7180000000000002,0.17400000000000032,0,0.7180000000000002,0.17400000000000032,0,0,0,0,0,178,132,10,-0.16075694644278204,178.0
0,689,0.46400000000000025,0.12600000000000003,0,0.46400000000000025,0.12600000000000003,0,1,0,0,0,156,107,14,-4.215678028371326,156.0
1,689,0.6400000000000003,0.12400000000000003,0,0.6400000000000003,0.12400000000000003,0,1,0,0,0,236,189,9,3.456108014207543,180.02464082000373
2,689,0.6860000000000002,0.15500000000000003,0,0.6860000000000002,0.15500000000000003,1,1,0,1,0,159,110,12,-2.675503784088784,159.0
3,689,0.7220000000000002,0.17600000000000032,0,0.7220000000000002,0.17600000000000032,1,0,0,1,0,179,132,10,-0.16075694644278204,179.0
0,690,0.46800000000000025,0.12800000000000003,0,0.46800000000000025,0.12800000000000003,0,0,0,0,0,156,107,14,-4.215678028371326,156.0
1,690,0.6440000000000003,0.12600000000000003,0,0.6440000000000003,0.12600000000000003,0,1,0,0,0,236,189,9,3.456108014207543,180.02464082000373
2,690,0.6960000000000002,0.15700000000000003,0,0.6960000000000002,0.15700000000000003,0,1,0,0,0,159,110,12,-2.675503784088784,159.0
3,690,0.7320000000000002,0.17800000000000032,0,0.7320000000000002,0.17800000000000032,0,0,0,0,0,179,132,10,-0.16075694644278204,179.0
0,691,0.47200000000000025,0.13000000000000003,0,0.47200000000000025,0.13000000000000003,0,0,0,0,0,156,107,14,-4.215678028371326,156.0
1,691,0.6480000000000004,0.12800000000000003,0,0.6480000000000004,0.12800000000000003,0,1,0,0,0,236,189,9,3.456108014207543,180.02464082000373
2,691,0.7000000000000002,0.15900000000000003,0,0.7000000000000002,0.15900000000000003,0,1,0,0,0,159,110,12,-2.675503784088784,159.0
3,691,0.7360000000000002,0.18000000000000033,0,0.7360000000000002,0.18000000000000033,1,0,0,1,0,180,132,10,-0.16075694644278204,180.0
0,692,0.47600000000000026,0.13200000000000003,0,0.47600000000000026,0.13200000000000003,0,1,0,0,0,156,107,14,-4.215678028371326,156.0
1,692,0.6520000000000004,0.13000000000000003,0,0.6520000000000004,0.13000000000000003,0,1,0,0,0,236,189,9,3.456108014207543,180.02464082000373
2,692,0.7040000000000002,0.16100000000000003,0,0.7040000000000002,0.16100000000000003,0,1,0,0,0,159,110,12,-2.675503784088784,159.0
3,692,0.7460000000000002,0.18200000000000033,0,0.7460000000000002,0.18200000000000033,0,1,1,0,0,180,132,10,-0.16075694644278204,180.0
0,693,0.48000000000000026,0.13400000000000004,0,0.48000000000000026,0.13400000000000004,0,1,0,0,0,156,107,14,-4.215678028371326,156.0
1,693,0.6560000000000004,0.13200000000000003,0,0.6560000000000004,0.13200000000000003,0,1,1,0,0,236,189,9,3.456108014207543,180.02464082000373
2,693,0.7080000000000002,0.16300000000000003,0,0.7080000000000002,0.16300000000000003,0,1,0,0,0,159,110,12,-2.675503784088784,159.0
3,693,0.7500000000000002,0.18400000000000033,0,0.7500000000000002,0.18400000000000033,0,0,0,0,0,180,132,10,-0.16075694644278204,180.0
0,694,0.48400000000000026,0.13600000000000004,0,0.48400000000000026,0.13600000000000004,0,0,0,0,0,156,107,14,-4.215678028371326,156.0
1,694,0.6600000000000004,0.13400000000000004,0,0.6600000000000004,0.13400000000000004,0,1,0,0,0,236,189,9,3.456108014207543,180.02464082000373
2,694,0.7120000000000002,0.16500000000000004,0,0.7120000000000002,0.16500000000000004,0,1,0,0,0,159,110,12,-2.675503784088784,159.0
3,694,0.7540000000000002,0.18600000000000033,0,0.7540000000000002,0.18600000000000033,0,0,0,0,0,180,132,10,-0.16075694644278204,180.0
0,695,0.48800000000000027,0.13800000000000004,0,0.48800000000000027,0.13800000000000004,0,1,0,0,0,156,107,14,-4.215678028371326,156.0
1,695,0.6640000000000004,0.13600000000000004,0,0.6640000000000004,0.13600000000000004,1,1,0,1,0,237,190,9,3.507401308595095,180.02464082000373
2,695,0.7160000000000002,0.16700000000000004,0,0.7160000000000002,0.16700000000000004,0,1,0,0,0,159,110,12,-2.675503784088784,159.0
3,695,0.7580000000000002,0.18800000000000033,0,0.7580000000000002,0.18800000000000033,0,0,0,0,0,180,132,10,-0.16075694644278204,180.0
0,696,0.49200000000000027,0.14000000000000004,0,0.49200000000000027,0.14000000000000004,0,0,0,0,0,156,107,14,-4.215678028371326,156.0
1,696,0.6740000000000004,0.13800000000000004,0,0.6740000000000004,0.13800000000000004,0,0,0,0,0,237,190,9,3.507401308595095,180.02464082000373
2,696,0.7200000000000002,0.16900000000000004,0,0.7200000000000002,0.16900000000000004,0,1,0,0,0,159,110,12,-2.675503784088784,159.0
3,696,0.7620000000000002,0.19000000000000034,0,0.7620000000000002,0.19000000000000034,1,0,0,1,0,181,132,10,-0.16075694644278204,181.0
0,697,0.4960000000000003,0.14200000000000004,0,0.4960000000000003,0.14200000000000004,1,0,1,1,0,157,107,14,-4.215678028371326,157.0
1,697,0.6780000000000004,0.14000000000000004,0,0.6780000000000004,0.14000000000000004,0,1,0,0,0,237,190,9,3.507401308595095,180.02464082000373
2,697,0.7240000000000002,0.17100000000000004,0,0.7240000000000002,0.17100000000000004,1,1,0,1,0,160,111,12,-2.624210489701233,160.0
3,697,0.7720000000000002,0.19200000000000034,0,0.7720000000000002,0.19200000000000034,1,1,0,1,0,182,133,10,-0.1094636520552319,182.0
0,698,0.5160000000000002,0.16900000000000004,0,0.5160000000000002,0.16900000000000004,1,1,1,1,1,158,108,15,-4.8575319145437215,158.0
1,698,0.6820000000000004,0.14200000000000004,0,0.6820000000000004,0.14200000000000004,0,1,0,0,0,237,190,9,3.507401308595095,180.02464082000373
2,698,0.7340000000000002,0.17300000000000004,0,0.7340000000000002,0.17300000000000004,0,1,1,0,0,160,111,12,-2.624210489701233,160.0
3,698,0.7820000000000003,0.19400000000000034,0,0.7820000000000003,0.19400000000000034,0,1,0,0,0,182,133,10,-0.1094636520552319,182.0
0,699,0.32600000000000023,0.1,8,0.32600000000000023,0.05,1,0,1,1,0,159,108,15,-4.8575319145437215,159.0
1,699,0.6860000000000004,0.14400000000000004,0,0.6860000000000004,0.14400000000000004,1,1,0,1,0,238,191,9,3.558694602982645,180.02464082000373
2,699,0.7380000000000002,0.17500000000000004,0,0.7380000000000002,0.17500000000000004,0,1,1,0,0,160,111,12,-2.624210489701233,160.0
3,699,0.7860000000000003,0.19600000000000034,0,0.7860000000000003,0.19600000000000034,0,1,1,0,0,182,133,10,-0.1094636520552319,182.0
0,700,0.34600000000000025,0.127,7,0.34600000000000025,0.05,0,0,0,0,0,159,108,15,-4.8575319145437215,159.0
1,700,0.6960000000000004,0.14600000000000005,0,0.6960000000000004,0.14600000000000005,0,0,0,0,0,238,191,9,3.558694602982645,180.02464082000373
2,700,0.7420000000000002,0.17700000000000005,0,0.7420000000000002,0.17700000000000005,1,1,0,1,0,161,112,12,-2.572917195313683,161.0
3,700,0.7900000000000003,0.19800000000000034,0,0.7900000000000003,0.19800000000000034,0,1,0,0,0,182,133,10,-0.1094636520552319,182.0
0,701,0.35000000000000026,0.129,6,0.35000000000000026,0.05,0,0,0,0,0,159,108,15,-4.8575319145437215,159.0
1,701,0.7000000000000004,0.14800000000000005,0,0.7000000000000004,0.14800000000000005,0,1,0,0,0,238,191,9,3.558694602982645,180.02464082000373
2,701,0.7520000000000002,0.17900000000000005,0,0.7520000000000002,0.17900000000000005,1,1,1,1,1,162,113,13,-3.214771081486078,162.0
3,701,0.7940000000000003,0.20000000000000034,0,0.7940000000000003,0.20000000000000034,0,0,0,0,0,182,133,10,-0.1094636520552319,182.0
0,702,0.35400000000000026,0.131,5,0.35400000000000026,0.05,0,0,0,0,0,159,108,15,-4.8575319145437215,159.0
1,702,0.7040000000000004,0.15000000000000005,0,0.7040000000000004,0.15000000000000005,0,1,0,0,0,238,191,9,3.558694602982645,180.02464082000373
2,702,0.5620000000000003,0.1,8,0.5620000000000003,0.05,0,0,0,0,0,162,113,13,-3.214771081486078,162.0
3,702,0.7980000000000003,0.20200000000000035,0,0.7980000000000003,0.20200000000000035,1,1,0,1,0,183,134,10,-0.05817035766768086,183.0
0,703,0.35800000000000026,0.133,4,0.35800000000000026,0.05,0,0,0,0,0,159,108,15,-4.8575319145437215,159.0
1,703,0.7080000000000004,0.15200000000000005,0,0.7080000000000004,0.15200000000000005,0,0,0,0,0,238,191,9,3.558694602982645,180.02464082000373
2,703,0.5660000000000003,0.10200000000000001,7,0.5660000000000003,0.05,0,1,0,0,0,162,113,13,-3.214771081486078,162.0
3,703,0.8,0.20400000000000035,0,0.8,0.20400000000000035,0,1,0,0,0,183,134,10,-0.05817035766768086,183.0
0,704,0.36200000000000027,0.135,3,0.36200000000000027,0.05,0,1,0,0,0,159,108,15,-4.8575319145437215,159.0
1,704,0.7120000000000004,0.15400000000000005,0,0.7120000000000004,0.15400000000000005,0,0,0,0,0,238,191,9,3.558694602982645,180.02464082000373
2,704,0.5700000000000003,0.10400000000000001,6,0.5700000000000003,0.05,0,1,0,0,0,162,113,13,-3.214771081486078,162.0
3,704,0.8,0.20600000000000035,0,0.8,0.20600000000000035,1,1,1,1,1,184,135,11,-0.7000242438400761,184.0
0,705,0.36600000000000027,0.137,2,0.5160000000000002,0.05,0,0,0,0,0,159,108,15,-4.8575319145437215,159.0
1,705,0.7160000000000004,0.15600000000000006,0,0.8660000000000004,0.15600000000000006,0,1,0,0,0,238,191,9,3.558694602982645,180.02464082000373
2,705,0.5740000000000003,0.10600000000000001,5,0.7240000000000003,0.05,0,1,0,0,0,162,113,13,-3.214771081486078,162.0
3,705,0.6100000000000001,0.1,8,0.7600000000000001,0.05,0,0,0,0,0,184,135,11,-0.7000242438400761,184.0
0,706,0.3700000000000003,0.139,1,0.5200000000000002,0.05,0,0,0,0,0,159,108,15,-4.8575319145437215,159.0
1,706,0.7200000000000004,0.15800000000000006,0,0.8700000000000004,0.15800000000000006,0,1,0,0,0,238,191,9,3.558694602982645,180.02464082000373
2,706,0.5780000000000003,0.10800000000000001,4,0.7280000000000003,0.05,0,0,0,0,0,162,113,13,-3.214771081486078,162.0
3,706,0.6140000000000001,0.10200000000000001,7,0.7640000000000001,0.05,0,0,0,0,0,184,135,11,-0.7000242438400761,184.0
0,707,0.3740000000000003,0.14100000000000001,0,0.5240000000000002,0.14100000000000001,0,1,0,0,0,159,108,15,-4.8575319145437215,159.0
1,707,0.7240000000000004,0.16000000000000006,0,0.8740000000000004,0.16000000000000006,0,1,0,0,0,238,191,9,3.558694602982645,180.02464082000373
2,707,0.5820000000000003,0.11000000000000001,3,0.7320000000000003,0.05,0,0,0,0,0,162,113,13,-3.214771081486078,162.0
3,707,0.6180000000000001,0.10400000000000001,6,0.7680000000000001,0.05,0,0,0,0,0,184,135,11,-0.7000242438400761,184.0
0,708,0.3780000000000003,0.14300000000000002,0,0.5280000000000002,0.14300000000000002,1,0,0,1,0,160,108,15,-4.8575319145437215,160.0
1,708,0.7280000000000004,0.16200000000000006,0,0.8780000000000004,0.16200000000000006,1,1,1,1,1,239,192,10,2.91684071681025,193.53804815396862
2,708,0.5860000000000003,0.11200000000000002,2,0.7360000000000003,0.05,0,0,0,0,0,162,113,13,-3.214771081486078,162.0
3,708,0.6220000000000001,0.10600000000000001,5,0.7720000000000001,0.05,0,1,0,0,0,184,135,11,-0.7000242438400761,184.0
0,709,0.3880000000000003,0.14500000000000002,0,0.5380000000000003,0.14500000000000002,0,1,0,0,0,160,108,15,-4.8575319145437215,160.0
1,709,0.5380000000000005,0.1,8,0.6880000000000005,0.05,0,0,1,0,0,239,192,10,2.91684071681025,193.53804815396862
2,709,0.5900000000000003,0.11400000000000002,1,0.7400000000000003,0.05,0,1,0,0,0,162,113,13,-3.214771081486078,162.0
3,709,0.6260000000000001,0.10800000000000001,4,0.7760000000000001,0.05,0,1,0,0,0,184,135,11,-0.7000242438400761,184.0
0,710,0.3920000000000003,0.14700000000000002,0,0.5420000000000003,0.14700000000000002,0,0,0,0,0,160,108,15,-4.8575319145437215,160.0
1,710,0.5420000000000005,0.10200000000000001,7,0.6920000000000005,0.05,0,1,0,0,0,239,192,10,2.91684071681025,193.53804815396862
2,710,0.5940000000000003,0.11600000000000002,0,0.7440000000000003,0.11600000000000002,0,1,1,0,0,162,113,13,-3.214771081486078,162.0
3,710,0.6300000000000001,0.11000000000000001,3,0.7800000000000001,0.05,0,1,0,0,0,184,135,11,-0.7000242438400761,184.0
0,711,0.3960000000000003,0.14900000000000002,0,0.5460000000000003,0.14900000000000002,0,1,0,0,0,160,108,15,-4.8575319145437215,160.0
1,711,0.5460000000000005,0.10400000000000001,6,0.6960000000000005,0.05,0,1,1,0,0,239,192,10,2.91684071681025,193.53804815396862
2,711,0.5980000000000003,0.11800000000000002,0,0.7480000000000003,0.11800000000000002,0,1,0,0,0,162,113,13,-3.214771081486078,162.0
3,711,0.6340000000000001,0.11200000000000002,2,0.7840000000000001,0.05,0,0,0,0,0,184,135,11,-0.7000242438400761,184.0
0,712,0.4000000000000003,0.15100000000000002,0,0.5500000000000003,0.15100000000000002,0,1,0,0,0,160,108,15,-4.8575319145437215,160.0
1,712,0.5500000000000005,0.10600000000000001,5,0.7000000000000005,0.05,0,0,0,0,0,239,192,10,2.91684071681025,193.53804815396862
2,712,0.6020000000000003,0.12000000000000002,0,0.7520000000000003,0.12000000000000002,0,0,0,0,0,162,113,13,-3.214771081486078,162.0
3,712,0.6380000000000001,0.11400000000000002,1,0.7880000000000001,0.05,0,1,0,0,0,184,135,11,-0.7000242438400761,184.0
0,713,0.4040000000000003,0.15300000000000002,0,0.5540000000000003,0.15300000000000002,0,1,0,0,0,160,108,15,-4.8575319145437215,160.0
1,713,0.5540000000000005,0.10800000000000001,4,0.7040000000000005,0.05,0,1,0,0,0,239,192,10,2.91684071681025,193.53804815396862
2,713,0.6060000000000003,0.12200000000000003,0,0.7560000000000003,0.12200000000000003,0,1,0,0,0,162,113,13,-3.214771081486078,162.0
3,713,0.6420000000000001,0.11600000000000002,0,0.7920000000000001,0.11600000000000002,1,0,0,1,0,185,135,11,-0.7000242438400761,185.0
0,714,0.4080000000000003,0.15500000000000003,0,0.5580000000000003,0.15500000000000003,1,1,0,1,0,161,109,15,-4.80623862015617,161.0
1,714,0.5580000000000005,0.11000000000000001,3,0.7080000000000005,0.05,0,0,0,0,0,239,192,10,2.91684071681025,193.53804815396862
2,714,0.6100000000000003,0.12400000000000003,0,0.7600000000000003,0.12400000000000003,0,1,1,0,0,162,113,13,-3.214771081486078,162.0
3,714,0.6520000000000001,0.11800000000000002,0,0.8020000000000002,0.11800000000000002,0,0,0,0,0,185,135,11,-0.7000242438400761,185.0
0,715,0.4180000000000003,0.15700000000000003,0,0.5680000000000003,0.15700000000000003,0,1,0,0,0,161,109,15,-4.80623862015617,161.0
1,715,0.5620000000000005,0.11200000000000002,2,0.7120000000000005,0.05,0,1,0,0,0,239,192,10,2.91684071681025,193.53804815396862
2,715,0.6140000000000003,0.12600000000000003,0,0.7640000000000003,0.12600000000000003,0,1,0,0,0,162,113,13,-3.214771081486078,162.0
3,715,0.6560000000000001,0.12000000000000002,0,0.8060000000000002,0.12000000000000002,0,1,0,0,0,185,135,11,-0.7000242438400761,185.0
0,716,0.4220000000000003,0.15900000000000003,0,0.5720000000000003,0.15900000000000003,0,1,0,0,0,161,109,15,-4.80623862015617,161.0
1,716,0.5660000000000005,0.11400000000000002,1,0.7160000000000005,0.05,0,1,0,0,0,239,192,10,2.91684071681025,193.53804815396862
2,716,0.6180000000000003,0.12800000000000003,0,0.7680000000000003,0.12800000000000003,0,1,0,0,0,162,113,13,-3.214771081486078,162.0
3,716,0.6600000000000001,0.12200000000000003,0,0.8100000000000002,0.12200000000000003,0,1,0,0,0,185,135,11,-0.7000242438400761,185.0
0,717,0.4260000000000003,0.16100000000000003,0,0.5760000000000003,0.16100000000000003,0,1,0,0,0,161,109,15,-4.80623862015617,161.0
1,717,0.5700000000000005,0.11600000000000002,0,0.7200000000000005,0.11600000000000002,1,1,0,1,0,240,193,10,2.9681340111978,193.53804815396862
2,717,0.6220000000000003,0.13000000000000003,0,0.7720000000000004,0.13000000000000003,0,1,0,0,0,162,113,13,-3.214771081486078,162.0
3,717,0.6640000000000001,0.12400000000000003,0,0.8140000000000002,0.12400000000000003,0,1,0,0,0,185,135,11,-0.7000242438400761,185.0
0,718,0.4300000000000003,0.16300000000000003,0,0.5800000000000003,0.16300000000000003,0,1,0,0,0,161,109,15,-4.80623862015617,161.0
1,718,0.5800000000000005,0.11800000000000002,0,0.7300000000000005,0.11800000000000002,1,1,1,1,1,241,194,11,2.326280125025405,207.0514554879335
2,718,0.6260000000000003,0.13200000000000003,0,0.7760000000000004,0.13200000000000003,0,1,1,0,0,162,113,13,-3.214771081486078,162.0
3,718,0.6680000000000001,0.12600000000000003,0,0.8180000000000002,0.12600000000000003,0,1,0,0,0,185,135,11,-0.7000242438400761,185.0
0,719,0.43400000000000033,0.16500000000000004,0,0.5840000000000003,0.16500000000000004,0,1,1,0,0,161,109,15,-4.80623862015617,161.0
1,719,0.3900000000000005,0.1,8,0.5400000000000005,0.05,0,1,0,0,0,241,194,11,2.326280125025405,207.0514554879335
2,719,0.6300000000000003,0.13400000000000004,0,0.7800000000000004,0.13400000000000004,0,1,0,0,0,162,113,13,-3.214771081486078,162.0
3,719,0.6720000000000002,0.12800000000000003,0,0.8220000000000002,0.12800000000000003,0,1,0,0,0,185,135,11,-0.7000242438400761,185.0
0,720,0.43800000000000033,0.16700000000000004,0,0.5880000000000003,0.16700000000000004,1,0,0,1,0,162,109,15,-4.80623862015617,162.0
1,720,0.3940000000000005,0.10200000000000001,7,0.5440000000000005,0.05,0,0,0,0,0,241,194,11,2.326280125025405,207.0514554879335
2,720,0.6340000000000003,0.13600000000000004,0,0.7840000000000004,0.13600000000000004,0,1,0,0,0,162,113,13,-3.214771081486078,162.0
3,720,0.6760000000000002,0.13000000000000003,0,0.8260000000000002,0.13000000000000003,0,1,0,0,0,185,135,11,-0.7000242438400761,185.0
0,721,0.44800000000000034,0.16900000000000004,0,0.5980000000000003,0.16900000000000004,0,1,0,0,0,162,109,15,-4.80623862015617,162.0
1,721,0.3980000000000005,0.10400000000000001,6,0.5480000000000005,0.05,1,0,0,1,0,242,194,11,2.326280125025405,207.0514554879335
2,721,0.6380000000000003,0.13800000000000004,0,0.7880000000000004,0.13800000000000004,0,1,0,0,0,162,113,13,-3.214771081486078,162.0
3,721,0.6800000000000002,0.13200000000000003,0,0.8300000000000002,0.13200000000000003,0,1,0,0,0,185,135,11,-0.7000242438400761,185.0
0,722,0.45200000000000035,0.17100000000000004,0,0.6020000000000003,0.17100000000000004,0,1,0,0,0,162,109,15,-4.80623862015617,162.0
1,722,0.40800000000000053,0.10600000000000001,5,0.5580000000000005,0.05,0,0,0,0,0,242,194,11,2.326280125025405,207.0514554879335
2,722,0.6420000000000003,0.14000000000000004,0,0.7920000000000004,0.14000000000000004,0,1,0,0,0,162,113,13,-3.214771081486078,162.0
3,722,0.6840000000000002,0.13400000000000004,0,0.8340000000000002,0.13400000000000004,0,1,0,0,0,185,135,11,-0.7000242438400761,185.0
0,723,0.45600000000000035,0.17300000000000004,0,0.6060000000000003,0.17300000000000004,0,1,0,0,0,162,109,15,-4.80623862015617,162.0
1,723,0.41200000000000053,0.10800000000000001,4,0.5620000000000005,0.05,1,1,0,1,0,243,195,11,2.3775734194129567,207.0514554879335
2,723,0.6460000000000004,0.14200000000000004,0,0.7960000000000004,0.14200000000000004,0,1,0,0,0,162,113,13,-3.214771081486078,162.0
3,723,0.6880000000000002,0.13600000000000004,0,0.8380000000000002,0.13600000000000004,0,0,0,0,0,185,135,11,-0.7000242438400761,185.0
0,724,0.46000000000000035,0.17500000000000004,0,0.6100000000000003,0.17500000000000004,0,1,0,0,0,162,109,15,-4.80623862015617,162.0
1,724,0.42200000000000054,0.11000000000000001,3,0.5720000000000005,0.05,1,0,0,1,0,244,195,11,2.3775734194129567,207.0514554879335
2,724,0.6500000000000004,0.14400000000000004,0,0.8000000000000004,0.14400000000000004,0,1,0,0,0,162,113,13,-3.214771081486078,162.0
3,724,0.6920000000000002,0.13800000000000004,0,0.8420000000000002,0.13800000000000004,0,1,0,0,0,185,135,11,-0.7000242438400761,185.0
0,725,0.46400000000000036,0.17700000000000005,0,0.6140000000000003,0.17700000000000005,0,0,0,0,0,162,109,15,-4.80623862015617,162.0
1,725,0.43200000000000055,0.11200000000000002,2,0.5820000000000005,0.05,0,0,0,0,0,244,195,11,2.3775734194129567,207.0514554879335
2,725,0.6540000000000004,0.14600000000000005,0,0.8040000000000004,0.14600000000000005,0,1,0,0,0,162,113,13,-3.214771081486078,162.0
3,725,0.6960000000000002,0.14000000000000004,0,0.8460000000000002,0.14000000000000004,0,1,0,0,0,185,135,11,-0.7000242438400761,185.0
0,726,0.46800000000000036,0.17900000000000005,0,0.6180000000000003,0.17900000000000005,0,1,0,0,0,162,109,15,-4.80623862015617,162.0
1,726,0.43600000000000055,0.11400000000000002,1,0.5860000000000005,0.05,0,1,0,0,0,244,195,11,2.3775734194129567,207.0514554879335
2,726,0.6580000000000004,0.14800000000000005,0,0.8080000000000004,0.14800000000000005,0,1,0,0,0,162,113,13,-3.214771081486078,162.0
3,726,0.7000000000000002,0.14200000000000004,0,0.8500000000000002,0.14200000000000004,0,1,0,0,0,185,135,11,-0.7000242438400761,185.0
0,727,0.47200000000000036,0.18100000000000005,0,0.6220000000000003,0.18100000000000005,0,0,0,0,0,162,109,15,-4.80623862015617,162.0
1,727,0.44000000000000056,0.11600000000000002,0,0.5900000000000005,0.11600000000000002,0,1,0,0,0,244,195,11,2.3775734194129567,207.0514554879335
2,727,0.6620000000000004,0.15000000000000005,0,0.8120000000000004,0.15000000000000005,0,0,0,0,0,162,113,13,-3.214771081486078,162.0
3,727,0.7040000000000002,0.14400000000000004,0,0.8540000000000002,0.14400000000000004,0,1,0,0,0,185,135,11,-0.7000242438400761,185.0
0,728,0.47600000000000037,0.18300000000000005,0,0.6260000000000003,0.18300000000000005,1,0,0,1,0,163,109,15,-4.80623862015617,163.0
1,728,0.44400000000000056,0.11800000000000002,0,0.5940000000000005,0.11800000000000002,0,1,0,0,0,244,195,11,2.3775734194129567,207.0514554879335
2,728,0.6660000000000004,0.15200000000000005,0,0.8160000000000004,0.15200000000000005,0,0,1,0,0,162,113,13,-3.214771081486078,162.0
3,728,0.7080000000000002,0.14600000000000005,0,0.8580000000000002,0.14600000000000005,0,1,0,0,0,185,135,11,-0.7000242438400761,185.0
0,729,0.4860000000000004,0.18500000000000005,0,0.6360000000000003,0.18500000000000005,0,1,1,0,0,163,109,15,-4.80623862015617,163.0
1,729,0.44800000000000056,0.12000000000000002,0,0.5980000000000005,0.12000000000000002,0,1,0,0,0,244,195,11,2.3775734194129567,207.0514554879335
2,729,0.6700000000000004,0.15400000000000005,0,0.8200000000000004,0.15400000000000005,0,1,1,0,0,162,113,13,-3.214771081486078,162.0
3,729,0.7120000000000002,0.14800000000000005,0,0.8620000000000002,0.14800000000000005,0,1,0,0,0,185,135,11,-0.7000242438400761,185.0
0,730,0.4900000000000004,0.18700000000000006,0,0.6400000000000003,0.18700000000000006,0,1,0,0,0,163,109,15,-4.80623862015617,163.0
1,730,0.45200000000000057,0.12200000000000003,0,0.6020000000000005,0.12200000000000003,0,0,0,0,0,244,195,11,2.3775734194129567,207.0514554879335
2,730,0.6740000000000004,0.15600000000000006,0,0.8240000000000004,0.15600000000000006,0,1,0,0,0,162,113,13,-3.214771081486078,162.0
3,730,0.7160000000000002,0.15000000000000005,0,0.8660000000000002,0.15000000000000005,1,1,1,1,1,186,136,12,-1.3418781300124696,186.0
0,731,0.4940000000000004,0.18900000000000006,0,0.6440000000000003,0.18900000000000006,1,1,0,1,0,164,110,15,-4.75494532576862,164.0
1,731,0.45600000000000057,0.12400000000000003,0,0.6060000000000005,0.12400000000000003,0,1,0,0,0,244,195,11,2.3775734194129567,207.0514554879335
2,731,0.6780000000000004,0.15800000000000006,0,0.8280000000000004,0.15800000000000006,0,1,0,0,0,162,113,13,-3.214771081486078,162.0
3,731,0.5260000000000002,0.1,8,0.6760000000000003,0.05,0,1,0,0,0,186,136,12,-1.3418781300124696,186.0
0,732,0.5040000000000003,0.19100000000000006,0,0.6540000000000004,0.19100000000000006,0,1,0,0,0,164,110,15,-4.75494532576862,164.0
1,732,0.4600000000000006,0.12600000000000003,0,0.6100000000000005,0.12600000000000003,0,0,0,0,0,244,195,11,2.3775734194129567,207.0514554879335
2,732,0.6820000000000004,0.16000000000000006,0,0.8320000000000004,0.16000000000000006,0,1,0,0,0,162,113,13,-3.214771081486078,162.0
3,732,0.5300000000000002,0.10200000000000001,7,0.6800000000000003,0.05,1,0,0,1,0,187,136,12,-1.3418781300124696,187.0
0,733,0.5080000000000003,0.19300000000000006,0,0.6580000000000004,0.19300000000000006,0,1,0,0,0,164,110,15,-4.75494532576862,164.0
1,733,0.4640000000000006,0.12800000000000003,0,0.6140000000000005,0.12800000000000003,0,0,0,0,0,244,195,11,2.3775734194129567,207.0514554879335
2,733,0.6860000000000004,0.16200000000000006,0,0.8360000000000004,0.16200000000000006,0,0,0,0,0,162,113,13,-3.214771081486078,162.0
3,733,0.5400000000000003,0.10400000000000001,6,0.6900000000000003,0.05,0,0,0,0,0,187,136,12,-1.3418781300124696,187.0
0,734,0.5120000000000003,0.19500000000000006,0,0.6620000000000004,0.19500000000000006,0,1,0,0,0,164,110,15,-4.75494532576862,164.0
1,734,0.4680000000000006,0.13000000000000003,0,0.6180000000000005,0.13000000000000003,0,1,0,0,0,244,195,11,2.3775734194129567,207.0514554879335
2,734,0.6900000000000004,0.16400000000000006,0,0.8400000000000004,0.16400000000000006,0,1,0,0,0,162,113,13,-3.214771081486078,162.0
3,734,0.5440000000000003,0.10600000000000001,5,0.6940000000000003,0.05,0,0,0,0,0,187,136,12,-1.3418781300124696,187.0
0,735,0.5160000000000003,0.19700000000000006,0,0.6660000000000004,0.19700000000000006,0,1,0,0,0,164,110,15,-4.75494532576862,164.0
1,735,0.4720000000000006,0.13200000000000003,0,0.6220000000000006,0.13200000000000003,0,0,0,0,0,244,195,11,2.3775734194129567,207.0514554879335
2,735,0.6940000000000004,0.16600000000000006,0,0.8440000000000004,0.16600000000000006,0,1,0,0,0,162,113,13,-3.214771081486078,162.0
3,735,0.5480000000000003,0.10800000000000001,4,0.6980000000000003,0.05,0,1,0,0,0,187,136,12,-1.3418781300124696,187.0
0,736,0.5200000000000004,0.19900000000000007,0,0.6700000000000004,0.19900000000000007,0,1,0,0,0,164,110,15,-4.75494532576862,164.0
1,736,0.4760000000000006,0.13400000000000004,0,0.6260000000000006,0.13400000000000004,0,1,0,0,0,244,195,11,2.3775734194129567,207.0514554879335
2,736,0.6980000000000004,0.16800000000000007,0,0.8480000000000004,0.16800000000000007,0,1,0,0,0,162,113,13,-3.214771081486078,162.0
3,736,0.5520000000000003,0.11000000000000001,3,0.7020000000000003,0.05,0,1,0,0,0,187,136,12,-1.3418781300124696,187.0
0,737,0.5240000000000004,0.20100000000000007,0,0.6740000000000004,0.20100000000000007,0,1,0,0,0,164,110,15,-4.75494532576862,164.0
1,737,0.4800000000000006,0.13600000000000004,0,0.6300000000000006,0.13600000000000004,0,1,0,0,0,244,195,11,2.3775734194129567,207.0514554879335
2,737,0.7020000000000004,0.17000000000000007,0,0.8520000000000004,0.17000000000000007,0,0,0,0,0,162,113,13,-3.214771081486078,162.0
3,737,0.5560000000000003,0.11200000000000002,2,0.7060000000000003,0.05,0,1,0,0,0,187,136,12,-1.3418781300124696,187.0
0,738,0.5280000000000004,0.20300000000000007,0,0.6780000000000004,0.20300000000000007,1,1,0,1,0,165,111,15,-4.703652031381069,165.0
1,738,0.4840000000000006,0.13800000000000004,0,0.6340000000000006,0.13800000000000004,0,1,0,0,0,244,195,11,2.3775734194129567,207.0514554879335
2,738,0.7060000000000004,0.17200000000000007,0,0.8560000000000004,0.17200000000000007,0,1,0,0,0,162,113,13,-3.214771081486078,162.0
3,738,0.5600000000000003,0.11400000000000002,1,0.7100000000000003,0.05,0,1,0,0,0,187,136,12,-1.3418781300124696,187.0
0,739,0.5380000000000004,0.20500000000000007,0,0.6880000000000004,0.20500000000000007,0,1,0,0,0,165,111,15,-4.703652031381069,165.0
1,739,0.4880000000000006,0.14000000000000004,0,0.6380000000000006,0.14000000000000004,0,0,0,0,0,244,195,11,2.3775734194129567,207.0514554879335
2,739,0.7100000000000004,0.17400000000000007,0,0.8600000000000004,0.17400000000000007,0,1,0,0,0,162,113,13,-3.214771081486078,162.0
3,739,0.5640000000000003,0.11600000000000002,0,0.7140000000000003,0.11600000000000002,0,0,1,0,0,187,136,12,-1.3418781300124696,187.0
0,740,0.5420000000000004,0.20700000000000007,0,0.6920000000000004,0.20700000000000007,1,0,0,1,0,166,111,15,-4.703652031381069,166.0
1,740,0.4920000000000006,0.14200000000000004,0,0.6420000000000006,0.14200000000000004,0,1,0,0,0,244,195,11,2.3775734194129567,207.0514554879335
2,740,0.7140000000000004,0.17600000000000007,0,0.8640000000000004,0.17600000000000007,0,1,0,0,0,162,113,13,-3.214771081486078,162.0
3,740,0.5680000000000003,0.11800000000000002,0,0.7180000000000003,0.11800000000000002,1,1,0,1,0,188,137,12,-1.2905848356249194,188.0
0,741,0.5520000000000004,0.20900000000000007,0,0.7020000000000004,0.20900000000000007,1,1,1,1,1,167,112,16,-5.3455059175534645,167.0
1,741,0.4960000000000006,0.14400000000000004,0,0.6460000000000006,0.14400000000000004,0,0,0,0,0,244,195,11,2.3775734194129567,207.0514554879335
2,741,0.7180000000000004,0.17800000000000007,0,0.8680000000000004,0.17800000000000007,0,1,0,0,0,162,113,13,-3.214771081486078,162.0
3,741,0.5780000000000003,0.12000000000000002,0,0.7280000000000003,0.12000000000000002,1,1,0,1,0,189,138,12,-1.2392915412373693,189.0
0,742,0.3620000000000004,0.1,8,0.5120000000000003,0.05,0,0,0,0,0,167,112,16,-5.3455059175534645,167.0
1,742,0.5000000000000006,0.14600000000000005,0,0.6500000000000006,0.14600000000000005,0,1,0,0,0,244,195,11,2.3775734194129567,207.0514554879335
2,742,0.7220000000000004,0.18000000000000008,0,0.8720000000000004,0.18000000000000008,0,1,0,0,0,162,113,13,-3.214771081486078,162.0
3,742,0.5880000000000003,0.12200000000000003,0,0.7380000000000003,0.12200000000000003,0,0,0,0,0,189,138,12,-1.2392915412373693,189.0
0,743,0.3660000000000004,0.10200000000000001,7,0.5160000000000003,0.05,0,1,0,0,0,167,112,16,-5.3455059175534645,167.0
1,743,0.5040000000000006,0.14800000000000005,0,0.6540000000000006,0.14800000000000005,0,0,0,0,0,244,195,11,2.3775734194129567,207.0514554879335
2,743,0.7260000000000004,0.18200000000000008,0,0.8760000000000004,0.18200000000000008,1,1,0,1,0,163,114,13,-3.163477787098527,163.0
3,743,0.5920000000000003,0.12400000000000003,0,0.7420000000000003,0.12400000000000003,1,0,0,1,0,190,138,12,-1.2392915412373693,190.0
0,744,0.3700000000000004,0.10400000000000001,6,0.5200000000000004,0.05,0,1,0,0,0,167,112,16,-5.3455059175534645,167.0
1,744,0.5080000000000006,0.15000000000000005,0,0.6580000000000006,0.15000000000000005,0,1,1,0,0,244,195,11,2.3775734194129567,207.0514554879335
2,744,0.7360000000000004,0.18400000000000008,0,0.8860000000000005,0.18400000000000008,0,1,1,0,0,163,114,13,-3.163477787098527,163.0
3,744,0.6020000000000003,0.12600000000000003,0,0.7520000000000003,0.12600000000000003,0,0,0,0,0,190,138,12,-1.2392915412373693,190.0
0,745,0.3740000000000004,0.10600000000000001,5,0.5240000000000004,0.05,0,0,0,0,0,167,112,16,-5.3455059175534645,167.0
1,745,0.5120000000000006,0.15200000000000005,0,0.6620000000000006,0.15200000000000005,0,1,0,0,0,244,195,11,2.3775734194129567,207.0514554879335
2,745,0.7400000000000004,0.18600000000000008,0,0.8900000000000005,0.18600000000000008,0,1,0,0,0,163,114,13,-3.163477787098527,163.0
3,745,0.6060000000000003,0.12800000000000003,0,0.7560000000000003,0.12800000000000003,0,1,0,0,0,190,138,12,-1.2392915412373693,190.0
0,746,0.3780000000000004,0.10800000000000001,4,0.5280000000000004,0.05,0,1,0,0,0,167,112,16,-5.3455059175534645,167.0
1,746,0.5160000000000006,0.15400000000000005,0,0.6660000000000006,0.15400000000000005,0,1,0,0,0,244,195,11,2.3775734194129567,207.0514554879335
2,746,0.7440000000000004,0.18800000000000008,0,0.8940000000000005,0.18800000000000008,1,1,0,1,0,164,115,13,-3.112184492710977,164.0
3,746,0.6100000000000003,0.13000000000000003,0,0.7600000000000003,0.13000000000000003,0,0,0,0,0,190,138,12,-1.2392915412373693,190.0
0,747,0.3820000000000004,0.11000000000000001,3,0.5320000000000004,0.05,0,0,0,0,0,167,112,16,-5.3455059175534645,167.0
1,747,0.5200000000000006,0.15600000000000006,0,0.6700000000000006,0.15600000000000006,1,1,0,1,0,245,196,11,2.428866713800507,207.0514554879335
2,747,0.7540000000000004,0.19000000000000009,0,0.9040000000000005,0.19000000000000009,0,1,0,0,0,164,115,13,-3.112184492710977,164.0
3,747,0.6140000000000003,0.13200000000000003,0,0.7640000000000003,0.13200000000000003,0,1,0,0,0,190,138,12,-1.2392915412373693,190.0
0,748,0.3860000000000004,0.11200000000000002,2,0.5360000000000004,0.05,0,0,0,0,0,167,112,16,-5.3455059175534645,167.0
1,748,0.5300000000000006,0.15800000000000006,0,0.6800000000000006,0.15800000000000006,0,0,0,0,0,245,196,11,2.428866713800507,207.0514554879335
2,748,0.7580000000000005,0.1920000000000001,0,0.9080000000000005,0.1920000000000001,0,1,0,0,0,164,115,13,-3.112184492710977,164.0
3,748,0.6180000000000003,0.13400000000000004,0,0.7680000000000003,0.13400000000000004,0,1,0,0,0,190,138,12,-1.2392915412373693,190.0
0,749,0.3900000000000004,0.11400000000000002,1,0.5400000000000004,0.05,0,0,0,0,0,167,112,16,-5.3455059175534645,167.0
1,749,0.5340000000000006,0.16000000000000006,0,0.6840000000000006,0.16000000000000006,0,1,0,0,0,245,196,11,2.428866713800507,207.0514554879335
2,749,0.7620000000000005,0.1940000000000001,0,0.9120000000000005,0.1940000000000001,0,1,0,0,0,164,115,13,-3.112184492710977,164.0
3,749,0.6220000000000003,0.13600000000000004,0,0.7720000000000004,0.13600000000000004,0,1,0,0,0,190,138,12,-1.2392915412373693,190.0
0,750,0.3940000000000004,0.11600000000000002,0,0.5440000000000004,0.11600000000000002,0,1,0,0,0,167,112,16,-5.3455059175534645,167.0
1,750,0.5380000000000006,0.16200000000000006,0,0.6880000000000006,0.16200000000000006,0,1,0,0,0,245,196,11,2.428866713800507,207.0514554879335
2,750,0.7660000000000005,0.1960000000000001,0,0.9160000000000005,0.1960000000000001,0,1,0,0,0,164,115,13,-3.112184492710977,164.0
3,750,0.6260000000000003,0.13800000000000004,0,0.7760000000000004,0.13800000000000004,0,1,0,0,0,190,138,12,-1.2392915412373693,190.0
0,751,0.3980000000000004,0.11800000000000002,0,0.5480000000000004,0.11800000000000002,0,0,0,0,0,167,112,16,-5.3455059175534645,167.0
1,751,0.5420000000000006,0.16400000000000006,0,0.6920000000000006,0.16400000000000006,1,1,0,1,0,246,197,11,2.480160008188057,207.0514554879335
2,751,0.7700000000000005,0.1980000000000001,0,0.9200000000000005,0.1980000000000001,0,1,0,0,0,164,115,13,-3.112184492710977,164.0
3,751,0.6300000000000003,0.14000000000000004,0,0.7800000000000004,0.14000000000000004,1,1,0,1,0,191,139,12,-1.1879982468498183,191.0
0,752,0.4020000000000004,0.12000000000000002,0,0.5520000000000004,0.12000000000000002,0,1,0,0,0,167,112,16,-5.3455059175534645,167.0
1,752,0.5520000000000006,0.16600000000000006,0,0.7020000000000006,0.16600000000000006,1,1,0,1,0,247,198,11,2.531453302575607,207.0514554879335
2,752,0.7740000000000005,0.2000000000000001,0,0.9240000000000005,0.2000000000000001,0,1,0,0,0,164,115,13,-3.112184492710977,164.0
3,752,0.6400000000000003,0.14200000000000004,0,0.7900000000000004,0.14200000000000004,0,0,0,0,0,191,139,12,-1.1879982468498183,191.0
0,753,0.4060000000000004,0.12200000000000003,0,0.5560000000000004,0.12200000000000003,1,1,0,1,0,168,113,16,-5.294212623165914,168.0
1,753,0.5620000000000006,0.16800000000000007,0,0.7120000000000006,0.16800000000000007,1,0,0,1,0,248,198,11,2.531453302575607,207.0514554879335
2,753,0.7780000000000005,0.2020000000000001,0,0.9280000000000005,0.2020000000000001,0,1,0,0,0,164,115,13,-3.112184492710977,164.0
3,753,0.6440000000000003,0.14400000000000004,0,0.7940000000000004,0.14400000000000004,0,1,0,0,0,191,139,12,-1.1879982468498183,191.0
0,754,0.4160000000000004,0.12400000000000003,0,0.5660000000000004,0.12400000000000003,0,0,0,0,0,168,113,16,-5.294212623165914,168.0
1,754,0.5720000000000006,0.17000000000000007,0,0.7220000000000006,0.17000000000000007,0,0,0,0,0,248,198,11,2.531453302575607,207.0514554879335
2,754,0.7820000000000005,0.2040000000000001,0,0.9320000000000005,0.2040000000000001,0,1,0,0,0,164,115,13,-3.112184492710977,164.0
3,754,0.6480000000000004,0.14600000000000005,0,0.7980000000000004,0.14600000000000005,0,1,0,0,0,191,139,12,-1.1879982468498183,191.0
0,755,0.42000000000000043,0.12600000000000003,0,0.5700000000000004,0.12600000000000003,0,1,0,0,0,168,113,16,-5.294212623165914,168.0
1,755,0.5760000000000006,0.17200000000000007,0,0.7260000000000006,0.17200000000000007,1,1,0,1,0,249,199,11,2.582746596963159,207.0514554879335
2,755,0.7860000000000005,0.2060000000000001,0,0.9360000000000005,0.2060000000000001,0,1,0,0,0,164,115,13,-3.112184492710977,164.0
3,755,0.6520000000000004,0.14800000000000005,0,0.8020000000000004,0.14800000000000005,0,1,0,0,0,191,139,12,-1.1879982468498183,191.0
0,756,0.42400000000000043,0.12800000000000003,0,0.5740000000000004,0.12800000000000003,0,1,0,0,0,168,113,16,-5.294212623165914,168.0
1,756,0.5860000000000006,0.17400000000000007,0,0.7360000000000007,0.17400000000000007,0,0,0,0,0,249,199,11,2.582746596963159,207.0514554879335
2,756,0.7900000000000005,0.2080000000000001,0,0.9400000000000005,0.2080000000000001,0,1,0,0,0,164,115,13,-3.112184492710977,164.0
3,756,0.6560000000000004,0.15000000000000005,0,0.8060000000000004,0.15000000000000005,0,1,0,0,0,191,139,12,-1.1879982468498183,191.0
0,757,0.42800000000000044,0.13000000000000003,0,0.5780000000000004,0.13000000000000003,0,1,0,0,0,168,113,16,-5.294212623165914,168.0
1,757,0.5900000000000006,0.17600000000000007,0,0.7400000000000007,0.17600000000000007,1,1,0,1,0,250,200,11,2.6340398913507093,207.0514554879335
2,757,0.7940000000000005,0.2100000000000001,0,0.9440000000000005,0.2100000000000001,0,0,0,0,0,164,115,13,-3.112184492710977,164.0
3,757,0.6600000000000004,0.15200000000000005,0,0.8100000000000004,0.15200000000000005,0,1,0,0,0,191,139,12,-1.1879982468498183,191.0
0,758,0.43200000000000044,0.13200000000000003,0,0.5820000000000004,0.13200000000000003,0,1,0,0,0,168,113,16,-5.294212623165914,168.0
1,758,0.6000000000000006,0.17800000000000007,0,0.7500000000000007,0.17800000000000007,0,1,0,0,0,250,200,11,2.6340398913507093,207.0514554879335
2,758,0.7980000000000005,0.2120000000000001,0,0.9480000000000005,0.2120000000000001,0,1,0,0,0,164,115,13,-3.112184492710977,164.0
3,758,0.6640000000000004,0.15400000000000005,0,0.8140000000000004,0.15400000000000005,0,1,0,0,0,191,139,12,-1.1879982468498183,191.0
0,759,0.43600000000000044,0.13400000000000004,0,0.5860000000000004,0.13400000000000004,0,0,0,0,0,168,113,16,-5.294212623165914,168.0
1,759,0.6040000000000006,0.18000000000000008,0,0.7540000000000007,0.18000000000000008,0,1,0,0,0,250,200,11,2.6340398913507093,207.0514554879335
2,759,0.8,0.2140000000000001,0,0.95,0.2140000000000001,0,1,0,0,0,164,115,13,-3.112184492710977,164.0
3,759,0.6680000000000004,0.15600000000000006,0,0.8180000000000004,0.15600000000000006,0,1,0,0,0,191,139,12,-1.1879982468498183,191.0
0,760,0.44000000000000045,0.13600000000000004,0,0.5900000000000004,0.13600000000000004,0,0,0,0,0,168,113,16,-5.294212623165914,168.0
1,760,0.6080000000000007,0.18200000000000008,0,0.7580000000000007,0.18200000000000008,0,1,0,0,0,250,200,11,2.6340398913507093,207.0514554879335
2,760,0.8,0.2160000000000001,0,0.95,0.2160000000000001,0,1,0,0,0,164,115,13,-3.112184492710977,164.0
3,760,0.6720000000000004,0.15800000000000006,0,0.8220000000000004,0.15800000000000006,0,0,0,0,0,191,139,12,-1.1879982468498183,191.0
0,761,0.44400000000000045,0.13800000000000004,0,0.5940000000000004,0.13800000000000004,0,1,0,0,0,168,113,16,-5.294212623165914,168.0
1,761,0.6120000000000007,0.18400000000000008,0,0.7620000000000007,0.18400000000000008,0,1,0,0,0,250,200,11,2.6340398913507093,207.0514554879335
2,761,0.8,0.2180000000000001,0,0.95,0.2180000000000001,0,1,0,0,0,164,115,13,-3.112184492710977,164.0
3,761,0.6760000000000004,0.16000000000000006,0,0.8260000000000004,0.16000000000000006,0,1,0,0,0,191,139,12,-1.1879982468498183,191.0
0,762,0.44800000000000045,0.14000000000000004,0,0.5980000000000004,0.14000000000000004,0,0,0,0,0,168,113,16,-5.294212623165914,168.0
1,762,0.6160000000000007,0.18600000000000008,0,0.7660000000000007,0.18600000000000008,1,1,0,1,0,251,201,11,2.6853331857382594,207.0514554879335
2,762,0.8,0.2200000000000001,0,0.95,0.2200000000000001,0,1,0,0,0,164,115,13,-3.112184492710977,164.0
3,762,0.6800000000000004,0.16200000000000006,0,0.8300000000000004,0.16200000000000006,1,1,0,1,0,192,140,12,-1.136704952462268,192.0
0,763,0.45200000000000046,0.14200000000000004,0,0.6020000000000004,0.14200000000000004,0,1,0,0,0,168,113,16,-5.294212623165914,168.0
1,763,0.6260000000000007,0.18800000000000008,0,0.7760000000000007,0.18800000000000008,0,1,0,0,0,251,201,11,2.6853331857382594,207.0514554879335
2,763,0.8,0.22200000000000011,0,0.95,0.22200000000000011,1,0,0,1,0,165,115,13,-3.112184492710977,165.0
3,763,0.6900000000000004,0.16400000000000006,0,0.8400000000000004,0.16400000000000006,0,1,0,0,0,192,140,12,-1.136704952462268,192.0
0,764,0.45600000000000046,0.14400000000000004,0,0.6060000000000004,0.14400000000000004,1,0,0,1,0,169,113,16,-5.294212623165914,169.0
1,764,0.6300000000000007,0.19000000000000009,0,0.7800000000000007,0.19000000000000009,0,1,0,0,0,251,201,11,2.6853331857382594,207.0514554879335
2,764,0.8,0.22400000000000012,0,0.95,0.22400000000000012,0,1,0,0,0,165,115,13,-3.112184492710977,165.0
3,764,0.6940000000000004,0.16600000000000006,0,0.8440000000000004,0.16600000000000006,0,1,0,0,0,192,140,12,-1.136704952462268,192.0
0,765,0.46600000000000047,0.14600000000000005,0,0.6160000000000004,0.14600000000000005,0,1,0,0,0,169,113,16,-5.294212623165914,169.0
1,765,0.6340000000000007,0.1920000000000001,0,0.7840000000000007,0.1920000000000001,1,1,0,1,0,252,202,11,2.7366264801258096,207.0514554879335
2,765,0.8,0.22600000000000012,0,0.95,0.22600000000000012,0,1,0,0,0,165,115,13,-3.112184492710977,165.0
3,765,0.6980000000000004,0.16800000000000007,0,0.8480000000000004,0.16800000000000007,0,0,0,0,0,192,140,12,-1.136704952462268,192.0
0,766,0.4700000000000005,0.14800000000000005,0,0.6200000000000004,0.14800000000000005,0,1,0,0,0,169,113,16,-5.294212623165914,169.0
1,766,0.6440000000000007,0.1940000000000001,0,0.7940000000000007,0.1940000000000001,0,1,0,0,0,252,202,11,2.7366264801258096,207.0514554879335
2,766,0.8,0.22800000000000012,0,0.95,0.22800000000000012,1,1,1,1,1,166,116,14,-3.7540383788833713,166.0
3,766,0.7020000000000004,0.17000000000000007,0,0.8520000000000004,0.17000000000000007,0,1,0,0,0,192,140,12,-1.136704952462268,192.0
0,767,0.4740000000000005,0.15000000000000005,0,0.6240000000000004,0.15000000000000005,0,0,0,0,0,169,113,16,-5.294212623165914,169.0
1,767,0.6480000000000007,0.1960000000000001,0,0.7980000000000007,0.1960000000000001,1,1,1,1,1,253,203,12,2.094772593953415,220.56486282189837
2,767,0.6100000000000001,0.1,8,0.7600000000000001,0.05,0,1,0,0,0,166,116,14,-3.7540383788833713,166.0
3,767,0.7060000000000004,0.17200000000000007,0,0.8560000000000004,0.17200000000000007,0,1,0,0,0,192,140,12,-1.136704952462268,192.0
0,768,0.4780000000000005,0.15200000000000005,0,0.6280000000000004,0.15200000000000005,0,0,0,0,0,169,113,16,-5.294212623165914,169.0
1,768,0.4580000000000007,0.1,8,0.6080000000000007,0.05,0,1,0,0,0,253,203,12,2.094772593953415,220.56486282189837
2,768,0.6140000000000001,0.10200000000000001,7,0.7640000000000001,0.05,0,0,0,0,0,166,116,14,-3.7540383788833713,166.0
3,768,0.7100000000000004,0.17400000000000007,0,0.8600000000000004,0.17400000000000007,1,1,0,1,0,193,141,12,-1.085411658074717,193.0
0,769,0.4820000000000005,0.15400000000000005,0,0.4820000000000005,0.15400000000000005,0,0,0,0,0,169,113,16,-5.294212623165914,169.0
1,769,0.4620000000000007,0.10200000000000001,7,0.4620000000000007,0.05,0,1,0,0,0,253,203,12,2.094772593953415,220.56486282189837
2,769,0.6180000000000001,0.10400000000000001,6,0.6180000000000001,0.05,0,1,0,0,0,166,116,14,-3.7540383788833713,166.0
3,769,0.7200000000000004,0.17600000000000007,0,0.7200000000000004,0.17600000000000007,0,0,0,0,0,193,141,12,-1.085411658074717,193.0
0,770,0.4860000000000005,0.15600000000000006,0,0.4860000000000005,0.15600000000000006,0,1,0,0,0,169,113,16,-5.294212623165914,169.0
1,770,0.4660000000000007,0.10400000000000001,6,0.4660000000000007,0.05,1,0,0,1,0,254,203,12,2.094772593953415,220.56486282189837
2,770,0.6220000000000001,0.10600000000000001,5,0.6220000000000001,0.05,0,1,0,0,0,166,116,14,-3.7540383788833713,166.0
3,770,0.7240000000000004,0.17800000000000007,0,0.7240000000000004,0.17800000000000007,0,1,1,0,0,193,141,12,-1.085411658074717,193.0
0,771,0.4900000000000005,0.15800000000000006,0,0.4900000000000005,0.15800000000000006,0,0,0,0,0,169,113,16,-5.294212623165914,169.0
1,771,0.4760000000000007,0.10600000000000001,5,0.4760000000000007,0.05,0,1,0,0,0,254,203,12,2.094772593953415,220.56486282189837
2,771,0.6260000000000001,0.10800000000000001,4,0.6260000000000001,0.05,0,1,0,0,0,166,116,14,-3.7540383788833713,166.0
3,771,0.7280000000000004,0.18000000000000008,0,0.7280000000000004,0.18000000000000008,1,1,0,1,0,194,142,12,-1.034118363687167,194.0
0,772,0.4940000000000005,0.16000000000000006,0,0.4940000000000005,0.16000000000000006,0,0,0,0,0,169,113,16,-5.294212623165914,169.0
1,772,0.4800000000000007,0.10800000000000001,4,0.4800000000000007,0.05,0,1,0,0,0,254,203,12,2.094772593953415,220.56486282189837
2,772,0.6300000000000001,0.11000000000000001,3,0.6300000000000001,0.05,0,0,0,0,0,166,116,14,-3.7540383788833713,166.0
3,772,0.7380000000000004,0.18200000000000008,0,0.7380000000000004,0.18200000000000008,1,1,0,1,0,195,143,12,-0.9828250692996159,195.0
0,773,0.4980000000000005,0.16200000000000006,0,0.4980000000000005,0.16200000000000006,0,1,0,0,0,169,113,16,-5.294212623165914,169.0
1,773,0.4840000000000007,0.11000000000000001,3,0.4840000000000007,0.05,0,0,0,0,0,254,203,12,2.094772593953415,220.56486282189837
2,773,0.6340000000000001,0.11200000000000002,2,0.6340000000000001,0.05,0,1,0,0,0,166,116,14,-3.7540383788833713,166.0
3,773,0.7480000000000004,0.18400000000000008,0,0.7480000000000004,0.18400000000000008,0,1,0,0,0,195,143,12,-0.9828250692996159,195.0
0,774,0.5020000000000004,0.16400000000000006,0,0.5020000000000004,0.16400000000000006,0,1,0,0,0,169,113,16,-5.294212623165914,169.0
1,774,0.4880000000000007,0.11200000000000002,2,0.4880000000000007,0.05,0,1,0,0,0,254,203,12,2.094772593953415,220.56486282189837
2,774,0.6380000000000001,0.11400000000000002,1,0.6380000000000001,0.05,0,1,0,0,0,166,116,14,-3.7540383788833713,166.0
3,774,0.7520000000000004,0.18600000000000008,0,0.7520000000000004,0.18600000000000008,0,1,0,0,0,195,143,12,-0.9828250692996159,195.0
0,775,0.5060000000000004,0.16600000000000006,0,0.5060000000000004,0.16600000000000006,0,0,0,0,0,169,113,16,-5.294212623165914,169.0
1,775,0.4920000000000007,0.11400000000000002,1,0.4920000000000007,0.05,0,1,0,0,0,254,203,12,2.094772593953415,220.56486282189837
2,775,0.6420000000000001,0.11600000000000002,0,0.6420000000000001,0.11600000000000002,1,1,0,1,0,167,117,14,-3.702745084495821,167.0
3,775,0.7560000000000004,0.18800000000000008,0,0.7560000000000004,0.18800000000000008,0,0,0,0,0,195,143,12,-0.9828250692996159,195.0
0,776,0.5100000000000005,0.16800000000000007,0,0.5100000000000005,0.16800000000000007,1,1,0,1,0,170,114,16,-5.242919328778363,170.0
1,776,0.4960000000000007,0.11600000000000002,0,0.4960000000000007,0.11600000000000002,0,0,0,0,0,254,203,12,2.094772593953415,220.56486282189837
2,776,0.6520000000000001,0.11800000000000002,0,0.6520000000000001,0.11800000000000002,0,0,0,0,0,167,117,14,-3.702745084495821,167.0
3,776,0.7600000000000005,0.19000000000000009,0,0.7600000000000005,0.19000000000000009,0,1,1,0,0,195,143,12,-0.9828250692996159,195.0
0,777,0.5200000000000005,0.17000000000000007,0,0.5200000000000005,0.17000000000000007,1,0,0,1,0,171,114,16,-5.242919328778363,171.0
1,777,0.5000000000000007,0.11800000000000002,0,0.5000000000000007,0.11800000000000002,0,1,0,0,0,254,203,12,2.094772593953415,220.56486282189837
2,777,0.6560000000000001,0.12000000000000002,0,0.6560000000000001,0.12000000000000002,0,1,0,0,0,167,117,14,-3.702745084495821,167.0
3,777,0.7640000000000005,0.1920000000000001,0,0.7640000000000005,0.1920000000000001,0,0,0,0,0,195,143,12,-0.9828250692996159,195.0
0,778,0.5300000000000005,0.17200000000000007,0,0.5300000000000005,0.17200000000000007,0,0,0,0,0,171,114,16,-5.242919328778363,171.0
1,778,0.5040000000000007,0.12000000000000002,0,0.5040000000000007,0.12000000000000002,1,1,1,1,1,255,204,13,1.4529187077810217,234.07827015586327
2,778,0.6600000000000001,0.12200000000000003,0,0.6600000000000001,0.12200000000000003,0,1,1,0,0,167,117,14,-3.702745084495821,167.0
3,778,0.7680000000000005,0.1940000000000001,0,0.7680000000000005,0.1940000000000001,0,1,0,0,0,195,143,12,-0.9828250692996159,195.0
0,779,0.5340000000000005,0.17400000000000007,0,0.5340000000000005,0.17400000000000007,0,1,0,0,0,171,114,16,-5.242919328778363,171.0
1,779,0.31400000000000067,0.1,8,0.31400000000000067,0.05,0,1,0,0,0,255,204,13,1.4529187077810217,234.07827015586327
2,779,0.6640000000000001,0.12400000000000003,0,0.6640000000000001,0.12400000000000003,0,1,0,0,0,167,117,14,-3.702745084495821,167.0
3,779,0.7720000000000005,0.1960000000000001,0,0.7720000000000005,0.1960000000000001,0,1,0,0,0,195,143,12,-0.9828250692996159,195.0
0,780,0.5380000000000005,0.17600000000000007,0,0.5380000000000005,0.17600000000000007,0,1,0,0,0,171,114,16,-5.242919328778363,171.0
1,780,0.31800000000000067,0.10200000000000001,7,0.31800000000000067,0.05,1,0,0,1,0,256,204,13,1.4529187077810217,234.07827015586327
2,780,0.6680000000000001,0.12600000000000003,0,0.6680000000000001,0.12600000000000003,0,1,0,0,0,167,117,14,-3.702745084495821,167.0
3,780,0.7760000000000005,0.1980000000000001,0,0.7760000000000005,0.1980000000000001,1,1,0,1,0,196,144,12,-0.9315317749120657,196.0
0,781,0.5420000000000005,0.17800000000000007,0,0.5420000000000005,0.17800000000000007,1,1,0,1,0,172,115,16,-5.191626034390813,172.0
1,781,0.3280000000000007,0.10400000000000001,6,0.3280000000000007,0.05,0,0,0,0,0,256,204,13,1.4529187077810217,234.07827015586327
2,781,0.6720000000000002,0.12800000000000003,0,0.6720000000000002,0.12800000000000003,0,1,0,0,0,167,117,14,-3.702745084495821,167.0
3,781,0.7860000000000005,0.2000000000000001,0,0.7860000000000005,0.2000000000000001,0,1,0,0,0,196,144,12,-0.9315317749120657,196.0
0,782,0.5520000000000005,0.18000000000000008,0,0.5520000000000005,0.18000000000000008,0,1,0,0,0,172,115,16,-5.191626034390813,172.0
1,782,0.3320000000000007,0.10600000000000001,5,0.3320000000000007,0.05,0,0,1,0,0,256,204,13,1.4529187077810217,234.07827015586327
2,782,0.6760000000000002,0.13000000000000003,0,0.6760000000000002,0.13000000000000003,0,0,0,0,0,167,117,14,-3.702745084495821,167.0
3,782,0.7900000000000005,0.2020000000000001,0,0.7900000000000005,0.2020000000000001,0,1,0,0,0,196,144,12,-0.9315317749120657,196.0
0,783,0.5560000000000005,0.18200000000000008,0,0.5560000000000005,0.18200000000000008,0,0,0,0,0,172,115,16,-5.191626034390813,172.0
1,783,0.3360000000000007,0.10800000000000001,4,0.3360000000000007,0.05,0,1,0,0,0,256,204,13,1.4529187077810217,234.07827015586327
2,783,0.6800000000000002,0.13200000000000003,0,0.6800000000000002,0.13200000000000003,0,1,0,0,0,167,117,14,-3.702745084495821,167.0
3,783,0.7940000000000005,0.2040000000000001,0,0.7940000000000005,0.2040000000000001,0,1,0,0,0,196,144,12,-0.9315317749120657,196.0
0,784,0.5600000000000005,0.18400000000000008,0,0.5600000000000005,0.18400000000000008,0,0,0,0,0,172,115,16,-5.191626034390813,172.0
1,784,0.3400000000000007,0.11000000000000001,3,0.3400000000000007,0.05,0,1,0,0,0,256,204,13,1.4529187077810217,234.07827015586327
2,784,0.6840000000000002,0.13400000000000004,0,0.6840000000000002,0.13400000000000004,0,0,0,0,0,167,117,14,-3.702745084495821,167.0
3,784,0.7980000000000005,0.2060000000000001,0,0.7980000000000005,0.2060000000000001,1,1,0,1,0,197,145,12,-0.8802384805245156,197.0
0,785,0.5640000000000005,0.18600000000000008,0,0.5640000000000005,0.18600000000000008,0,0,0,0,0,172,115,16,-5.191626034390813,172.0
1,785,0.3440000000000007,0.11200000000000002,2,0.3440000000000007,0.05,0,0,0,0,0,256,204,13,1.4529187077810217,234.07827015586327
2,785,0.6880000000000002,0.13600000000000004,0,0.6880000000000002,0.13600000000000004,0,0,0,0,0,167,117,14,-3.702745084495821,167.0
3,785,0.8,0.2080000000000001,0,0.8,0.2080000000000001,1,0,0,1,0,198,145,12,-0.8802384805245156,198.0
0,786,0.5680000000000005,0.18800000000000008,0,0.5680000000000005,0.18800000000000008,0,1,0,0,0,172,115,16,-5.191626034390813,172.0
1,786,0.3480000000000007,0.11400000000000002,1,0.3480000000000007,0.05,0,0,0,0,0,256,204,13,1.4529187077810217,234.07827015586327
2,786,0.6920000000000002,0.13800000000000004,0,0.6920000000000002,0.13800000000000004,0,1,0,0,0,167,117,14,-3.702745084495821,167.0
3,786,0.8,0.2100000000000001,0,0.8,0.2100000000000001,0,0,0,0,0,198,145,12,-0.8802384805245156,198.0
0,787,0.5720000000000005,0.19000000000000009,0,0.5720000000000005,0.19000000000000009,1,1,0,1,0,173,116,16,-5.140332740003262,173.0
1,787,0.3520000000000007,0.11600000000000002,0,0.3520000000000007,0.11600000000000002,0,0,0,0,0,256,204,13,1.4529187077810217,234.07827015586327
2,787,0.6960000000000002,0.14000000000000004,0,0.6960000000000002,0.14000000000000004,1,0,0,1,0,168,117,14,-3.702745084495821,168.0
3,787,0.8,0.2120000000000001,0,0.8,0.2120000000000001,0,1,0,0,0,198,145,12,-0.8802384805245156,198.0
0,788,0.5820000000000005,0.1920000000000001,0,0.5820000000000005,0.1920000000000001,0,1,0,0,0,173,116,16,-5.140332740003262,173.0
1,788,0.3560000000000007,0.11800000000000002,0,0.3560000000000007,0.11800000000000002,0,1,0,0,0,256,204,13,1.4529187077810217,234.07827015586327
2,788,0.7060000000000002,0.14200000000000004,0,0.7060000000000002,0.14200000000000004,0,0,0,0,0,168,117,14,-3.702745084495821,168.0
3,788,0.8,0.2140000000000001,0,0.8,0.2140000000000001,0,1,0,0,0,198,145,12,-0.8802384805245156,198.0
0,789,0.5860000000000005,0.1940000000000001,0,0.5860000000000005,0.1940000000000001,0,1,0,0,0,173,116,16,-5.140332740003262,173.0
1,789,0.3600000000000007,0.12000000000000002,0,0.3600000000000007,0.12000000000000002,1,0,0,1,0,257,204,13,1.4529187077810217,234.07827015586327
2,789,0.7100000000000002,0.14400000000000004,0,0.7100000000000002,0.14400000000000004,0,1,0,0,0,168,117,14,-3.702745084495821,168.0
3,789,0.8,0.2160000000000001,0,0.8,0.2160000000000001,0,1,0,0,0,198,145,12,-0.8802384805245156,198.0
0,790,0.5900000000000005,0.1960000000000001,0,0.5900000000000005,0.1960000000000001,1,1,0,1,0,174,117,16,-5.089039445615712,174.0
1,790,0.3700000000000007,0.12200000000000003,0,0.3700000000000007,0.12200000000000003,0,0,0,0,0,257,204,13,1.4529187077810217,234.07827015586327
2,790,0.7140000000000002,0.14600000000000005,0,0.7140000000000002,0.14600000000000005,0,0,0,0,0,168,117,14,-3.702745084495821,168.0
3,790,0.8,0.2180000000000001,0,0.8,0.2180000000000001,0,1,1,0,0,198,145,12,-0.8802384805245156,198.0
0,791,0.6000000000000005,0.1980000000000001,0,0.6000000000000005,0.1980000000000001,0,1,0,0,0,174,117,16,-5.089039445615712,174.0
1,791,0.3740000000000007,0.12400000000000003,0,0.3740000000000007,0.12400000000000003,0,0,0,0,0,257,204,13,1.4529187077810217,234.07827015586327
2,791,0.7180000000000002,0.14800000000000005,0,0.7180000000000002,0.14800000000000005,0,1,0,0,0,168,117,14,-3.702745084495821,168.0
3,791,0.8,0.2200000000000001,0,0.8,0.2200000000000001,1,1,0,1,0,199,146,12,-0.8289451861369646,199.0
0,792,0.6040000000000005,0.2000000000000001,0,0.6040000000000005,0.2000000000000001,0,1,0,0,0,174,117,16,-5.089039445615712,174.0
1,792,0.3780000000000007,0.12600000000000003,0,0.3780000000000007,0.12600000000000003,0,0,0,0,0,257,204,13,1.4529187077810217,234.07827015586327
2,792,0.7220000000000002,0.15000000000000005,0,0.7220000000000002,0.15000000000000005,0,1,0,0,0,168,117,14,-3.702745084495821,168.0
3,792,0.8,0.22200000000000011,0,0.8,0.22200000000000011,1,1,0,1,0,200,147,12,-0.7776518917494144,200.0
0,793,0.6080000000000005,0.2020000000000001,0,0.6080000000000005,0.2020000000000001,0,1,0,0,0,174,117,16,-5.089039445615712,174.0
1,793,0.38200000000000073,0.12800000000000003,0,0.38200000000000073,0.12800000000000003,0,0,0,0,0,257,204,13,1.4529187077810217,234.07827015586327
2,793,0.7260000000000002,0.15200000000000005,0,0.7260000000000002,0.15200000000000005,0,1,0,0,0,168,117,14,-3.702745084495821,168.0
3,793,0.8,0.22400000000000012,0,0.8,0.22400000000000012,0,1,0,0,0,200,147,12,-0.7776518917494144,200.0
0,794,0.6120000000000005,0.2040000000000001,0,0.6120000000000005,0.2040000000000001,0,1,0,0,0,174,117,16,-5.089039445615712,174.0
1,794,0.38600000000000073,0.13000000000000003,0,0.38600000000000073,0.13000000000000003,0,0,0,0,0,257,204,13,1.4529187077810217,234.07827015586327
2,794,0.7300000000000002,0.15400000000000005,0,0.7300000000000002,0.15400000000000005,0,1,0,0,0,168,117,14,-3.702745084495821,168.0
3,794,0.8,0.22600000000000012,0,0.8,0.22600000000000012,0,1,0,0,0,200,147,12,-0.7776518917494144,200.0
0,795,0.6160000000000005,0.2060000000000001,0,0.6160000000000005,0.2060000000000001,0,0,0,0,0,174,117,16,-5.089039445615712,174.0
1,795,0.39000000000000073,0.13200000000000003,0,0.39000000000000073,0.13200000000000003,0,0,0,0,0,257,204,13,1.4529187077810217,234.07827015586327
2,795,0.7340000000000002,0.15600000000000006,0,0.7340000000000002,0.15600000000000006,0,1,0,0,0,168,117,14,-3.702745084495821,168.0
3,795,0.8,0.22800000000000012,0,0.8,0.22800000000000012,0,0,0,0,0,200,147,12,-0.7776518917494144,200.0
0,796,0.6200000000000006,0.2080000000000001,0,0.6200000000000006,0.2080000000000001,0,1,0,0,0,174,117,16,-5.089039445615712,174.0
1,796,0.39400000000000074,0.13400000000000004,0,0.39400000000000074,0.13400000000000004,0,0,0,0,0,257,204,13,1.4529187077810217,234.07827015586327
2,796,0.7380000000000002,0.15800000000000006,0,0.7380000000000002,0.15800000000000006,0,0,0,0,0,168,117,14,-3.702745084495821,168.0
3,796,0.8,0.23000000000000012,0,0.8,0.23000000000000012,0,1,0,0,0,200,147,12,-0.7776518917494144,200.0
0,797,0.6240000000000006,0.2100000000000001,0,0.6240000000000006,0.2100000000000001,0,1,0,0,0,174,117,16,-5.089039445615712,174.0
1,797,0.39800000000000074,0.13600000000000004,0,0.39800000000000074,0.13600000000000004,0,0,0,0,0,257,204,13,1.4529187077810217,234.07827015586327
2,797,0.7420000000000002,0.16000000000000006,0,0.7420000000000002,0.16000000000000006,0,0,0,0,0,168,117,14,-3.702745084495821,168.0
3,797,0.8,0.23200000000000012,0,0.8,0.23200000000000012,0,1,1,0,0,200,147,12,-0.7776518917494144,200.0
0,798,0.6280000000000006,0.2120000000000001,0,0.6280000000000006,0.2120000000000001,0,1,0,0,0,174,117,16,-5.089039445615712,174.0
1,798,0.40200000000000075,0.13800000000000004,0,0.40200000000000075,0.13800000000000004,0,0,0,0,0,257,204,13,1.4529187077810217,234.07827015586327
2,798,0.7460000000000002,0.16200000000000006,0,0.7460000000000002,0.16200000000000006,0,0,0,0,0,168,117,14,-3.702745084495821,168.0
3,798,0.8,0.23400000000000012,0,0.8,0.23400000000000012,0,1,0,0,0,200,147,12,-0.7776518917494144,200.0
0,799,0.6320000000000006,0.2140000000000001,0,0.6320000000000006,0.2140000000000001,0,0,0,0,0,174,117,16,-5.089039445615712,174.0
1,799,0.40600000000000075,0.14000000000000004,0,0.40600000000000075,0.14000000000000004,0,1,1,0,0,257,204,13,1.4529187077810217,234.07827015586327
2,799,0.7500000000000002,0.16400000000000006,0,0.7500000000000002,0.16400000000000006,0,0,0,0,0,168,117,14,-3.702745084495821,168.0
3,799,0.8,0.23600000000000013,0,0.8,0.23600000000000013,0,1,0,0,0,200,147,12,-0.7776518917494144,200.0
0,800,0.6360000000000006,0.2160000000000001,0,0.6360000000000006,0.2160000000000001,1,0,0,1,0,175,117,16,-5.089039445615712,175.0
1,800,0.41000000000000075,0.14200000000000004,0,0.41000000000000075,0.14200000000000004,0,1,0,0,0,257,204,13,1.4529187077810217,234.07827015586327
2,800,0.7540000000000002,0.16600000000000006,0,0.7540000000000002,0.16600000000000006,1,1,0,1,0,169,118,14,-3.65145179010827,169.0
3,800,0.8,0.23800000000000013,0,0.8,0.23800000000000013,0,1,0,0,0,200,147,12,-0.7776518917494144,200.0
0,801,0.6460000000000006,0.2180000000000001,0,0.6460000000000006,0.2180000000000001,0,1,0,0,0,175,117,16,-5.089039445615712,175.0
1,801,0.41400000000000076,0.14400000000000004,0,0.41400000000000076,0.14400000000000004,0,0,0,0,0,257,204,13,1.4529187077810217,234.07827015586327
2,801,0.7640000000000002,0.16800000000000007,0,0.7640000000000002,0.16800000000000007,0,1,0,0,0,169,118,14,-3.65145179010827,169.0
3,801,0.8,0.24000000000000013,0,0.8,0.24000000000000013,1,1,0,1,0,201,148,12,-0.7263585973618634,201.0
0,802,0.6500000000000006,0.2200000000000001,0,0.6500000000000006,0.2200000000000001,0,1,0,0,0,175,117,16,-5.089039445615712,175.0
1,802,0.41800000000000076,0.14600000000000005,0,0.41800000000000076,0.14600000000000005,0,0,0,0,0,257,204,13,1.4529187077810217,234.07827015586327
2,802,0.7680000000000002,0.17000000000000007,0,0.7680000000000002,0.17000000000000007,0,0,0,0,0,169,118,14,-3.65145179010827,169.0
3,802,0.8,0.24200000000000013,0,0.8,0.24200000000000013,1,1,0,1,0,202,149,12,-0.6750653029743132,202.0
0,803,0.6540000000000006,0.22200000000000011,0,0.6540000000000006,0.22200000000000011,1,1,0,1,0,176,118,16,-5.037746151228161,176.0
1,803,0.42200000000000076,0.14800000000000005,0,0.42200000000000076,0.14800000000000005,0,1,0,0,0,257,204,13,1.4529187077810217,234.07827015586327
2,803,0.7720000000000002,0.17200000000000007,0,0.7720000000000002,0.17200000000000007,0,1,0,0,0,169,118,14,-3.65145179010827,169.0
3,803,0.8,0.24400000000000013,0,0.8,0.24400000000000013,1,1,0,1,0,203,150,12,-0.6237720085867622,203.0
0,804,0.6640000000000006,0.22400000000000012,0,0.6640000000000006,0.22400000000000012,0,0,0,0,0,176,118,16,-5.037746151228161,176.0
1,804,0.42600000000000077,0.15000000000000005,0,0.42600000000000077,0.15000000000000005,0,0,1,0,0,257,204,13,1.4529187077810217,234.07827015586327
2,804,0.7760000000000002,0.17400000000000007,0,0.7760000000000002,0.17400000000000007,0,1,0,0,0,169,118,14,-3.65145179010827,169.0
3,804,0.8,0.24600000000000014,0,0.8,0.24600000000000014,0,1,0,0,0,203,150,12,-0.6237720085867622,203.0
0,805,0.6680000000000006,0.22600000000000012,0,0.6680000000000006,0.22600000000000012,0,1,0,0,0,176,118,16,-5.037746151228161,176.0
1,805,0.43000000000000077,0.15200000000000005,0,0.43000000000000077,0.15200000000000005,0,0,0,0,0,257,204,13,1.4529187077810217,234.07827015586327
2,805,0.7800000000000002,0.17600000000000007,0,0.7800000000000002,0.17600000000000007,1,1,1,1,1,170,119,15,-4.293305676280665,170.0
3,805,0.8,0.24800000000000014,0,0.8,0.24800000000000014,0,0,0,0,0,203,150,12,-0.6237720085867622,203.0
0,806,0.6720000000000006,0.22800000000000012,0,0.6720000000000006,0.22800000000000012,0,1,0,0,0,176,118,16,-5.037746151228161,176.0
1,806,0.4340000000000008,0.15400000000000005,0,0.4340000000000008,0.15400000000000005,1,0,0,1,0,258,204,13,1.4529187077810217,234.07827015586327
2,806,0.5900000000000003,0.1,8,0.5900000000000003,0.05,1,0,0,1,0,171,119,15,-4.293305676280665,171.0
3,806,0.8,0.2500000000000001,0,0.8,0.2500000000000001,0,1,0,0,0,203,150,12,-0.6237720085867622,203.0
0,807,0.6760000000000006,0.23000000000000012,0,0.6760000000000006,0.23000000000000012,0,1,0,0,0,176,118,16,-5.037746151228161,176.0
1,807,0.4440000000000008,0.15600000000000006,0,0.4440000000000008,0.15600000000000006,0,1,0,0,0,258,204,13,1.4529187077810217,234.07827015586327
2,807,0.6000000000000003,0.10200000000000001,7,0.6000000000000003,0.05,0,1,0,0,0,171,119,15,-4.293305676280665,171.0
3,807,0.8,0.2520000000000001,0,0.8,0.2520000000000001,0,1,1,0,0,203,150,12,-0.6237720085867622,203.0
0,808,0.6800000000000006,0.23200000000000012,0,0.6800000000000006,0.23200000000000012,0,0,0,0,0,176,118,16,-5.037746151228161,176.0
1,808,0.4480000000000008,0.15800000000000006,0,0.4480000000000008,0.15800000000000006,0,1,0,0,0,258,204,13,1.4529187077810217,234.07827015586327
2,808,0.6040000000000003,0.10400000000000001,6,0.6040000000000003,0.05,0,0,1,0,0,171,119,15,-4.293305676280665,171.0
3,808,0.8,0.2540000000000001,0,0.8,0.2540000000000001,0,1,0,0,0,203,150,12,-0.6237720085867622,203.0
0,809,0.6840000000000006,0.23400000000000012,0,0.6840000000000006,0.23400000000000012,1,1,0,1,0,177,119,16,-4.986452856840611,177.0
1,809,0.4520000000000008,0.16000000000000006,0,0.4520000000000008,0.16000000000000006,0,1,1,0,0,258,204,13,1.4529187077810217,234.07827015586327
2,809,0.6080000000000003,0.10600000000000001,5,0.6080000000000003,0.05,0,1,0,0,0,171,119,15,-4.293305676280665,171.0
3,809,0.8,0.2560000000000001,0,0.8,0.2560000000000001,1,1,0,1,0,204,151,12,-0.572478714199212,204.0
0,810,0.6940000000000006,0.23600000000000013,0,0.6940000000000006,0.23600000000000013,0,0,0,0,0,177,119,16,-4.986452856840611,177.0
1,810,0.4560000000000008,0.16200000000000006,0,0.4560000000000008,0.16200000000000006,1,1,0,1,0,259,205,13,1.5042120021685719,234.07827015586327
2,810,0.6120000000000003,0.10800000000000001,4,0.6120000000000003,0.05,0,0,0,0,0,171,119,15,-4.293305676280665,171.0
3,810,0.8,0.2580000000000001,0,0.8,0.2580000000000001,0,1,0,0,0,204,151,12,-0.572478714199212,204.0
0,811,0.6980000000000006,0.23800000000000013,0,0.6980000000000006,0.23800000000000013,0,1,0,0,0,177,119,16,-4.986452856840611,177.0
1,811,0.4660000000000008,0.16400000000000006,0,0.4660000000000008,0.16400000000000006,1,0,1,1,0,260,205,13,1.5042120021685719,234.07827015586327
2,811,0.6160000000000003,0.11000000000000001,3,0.6160000000000003,0.05,0,1,0,0,0,171,119,15,-4.293305676280665,171.0
3,811,0.8,0.2600000000000001,0,0.8,0.2600000000000001,0,0,0,0,0,204,151,12,-0.572478714199212,204.0
0,812,0.7020000000000006,0.24000000000000013,0,0.7020000000000006,0.24000000000000013,0,1,0,0,0,177,119,16,-4.986452856840611,177.0
1,812,0.4860000000000008,0.19100000000000006,0,0.4860000000000008,0.19100000000000006,0,1,0,0,0,260,205,13,1.5042120021685719,234.07827015586327
2,812,0.6200000000000003,0.11200000000000002,2,0.6200000000000003,0.05,0,1,0,0,0,171,119,15,-4.293305676280665,171.0
3,812,0.8,0.2620000000000001,0,0.8,0.2620000000000001,0,1,0,0,0,204,151,12,-0.572478714199212,204.0
0,813,0.7060000000000006,0.24200000000000013,0,0.7060000000000006,0.24200000000000013,0,1,0,0,0,177,119,16,-4.986452856840611,177.0
1,813,0.4900000000000008,0.19300000000000006,0,0.4900000000000008,0.19300000000000006,0,1,0,0,0,260,205,13,1.5042120021685719,234.07827015586327
2,813,0.6240000000000003,0.11400000000000002,1,0.6240000000000003,0.05,0,0,0,0,0,171,119,15,-4.293305676280665,171.0
3,813,0.8,0.2640000000000001,0,0.8,0.2640000000000001,0,0,0,0,0,204,151,12,-0.572478714199212,204.0
0,814,0.7100000000000006,0.24400000000000013,0,0.7100000000000006,0.24400000000000013,1,1,0,1,0,178,120,16,-4.935159562453061,178.0
1,814,0.4940000000000008,0.19500000000000006,0,0.4940000000000008,0.19500000000000006,1,0,0,1,0,261,205,13,1.5042120021685719,234.07827015586327
2,814,0.6280000000000003,0.11600000000000002,0,0.6280000000000003,0.11600000000000002,0,1,0,0,0,171,119,15,-4.293305676280665,171.0
3,814,0.8,0.2660000000000001,0,0.8,0.2660000000000001,0,1,1,0,0,204,151,12,-0.572478714199212,204.0
0,815,0.7200000000000006,0.24600000000000014,0,0.7200000000000006,0.24600000000000014,0,1,1,0,0,178,120,16,-4.935159562453061,178.0
1,815,0.5040000000000008,0.19700000000000006,0,0.5040000000000008,0.19700000000000006,1,1,1,1,1,262,206,14,0.8623581159961766,247.59167748982813
2,815,0.6320000000000003,0.11800000000000002,0,0.6320000000000003,0.11800000000000002,0,0,0,0,0,171,119,15,-4.293305676280665,171.0
3,815,0.8,0.2680000000000001,0,0.8,0.2680000000000001,1,1,0,1,0,205,152,12,-0.5211854198116619,205.0
0,816,0.7240000000000006,0.24800000000000014,0,0.7240000000000006,0.24800000000000014,0,1,0,0,0,178,120,16,-4.935159562453061,178.0
1,816,0.3140000000000008,0.1,8,0.3140000000000008,0.05,0,0,0,0,0,262,206,14,0.8623581159961766,247.59167748982813
2,816,0.6360000000000003,0.12000000000000002,0,0.6360000000000003,0.12000000000000002,0,0,0,0,0,171,119,15,-4.293305676280665,171.0
3,816,0.8,0.27000000000000013,0,0.8,0.27000000000000013,0,1,0,0,0,205,152,12,-0.5211854198116619,205.0
0,817,0.7280000000000006,0.2500000000000001,0,0.7280000000000006,0.2500000000000001,0,1,0,0,0,178,120,16,-4.935159562453061,178.0
1,817,0.3180000000000008,0.10200000000000001,7,0.3180000000000008,0.05,0,0,0,0,0,262,206,14,0.8623581159961766,247.59167748982813
2,817,0.6400000000000003,0.12200000000000003,0,0.6400000000000003,0.12200000000000003,0,1,1,0,0,171,119,15,-4.293305676280665,171.0
3,817,0.8,0.27200000000000013,0,0.8,0.27200000000000013,1,1,0,1,0,206,153,12,-0.46989212542411085,206.0
0,818,0.7320000000000007,0.2520000000000001,0,0.7320000000000007,0.2520000000000001,0,1,0,0,0,178,120,16,-4.935159562453061,178.0
1,818,0.3220000000000008,0.10400000000000001,6,0.3220000000000008,0.05,0,1,0,0,0,262,206,14,0.8623581159961766,247.59167748982813
2,818,0.6440000000000003,0.12400000000000003,0,0.6440000000000003,0.12400000000000003,1,1,0,1,0,172,120,15,-4.242012381893115,172.0
3,818,0.8,0.27400000000000013,0,0.8,0.27400000000000013,0,0,0,0,0,206,153,12,-0.46989212542411085,206.0
0,819,0.7360000000000007,0.2540000000000001,0,0.7360000000000007,0.2540000000000001,0,1,0,0,0,178,120,16,-4.935159562453061,178.0
1,819,0.3260000000000008,0.10600000000000001,5,0.3260000000000008,0.05,0,0,0,0,0,262,206,14,0.8623581159961766,247.59167748982813
2,819,0.6540000000000004,0.12600000000000003,0,0.6540000000000004,0.12600000000000003,0,0,0,0,0,172,120,15,-4.242012381893115,172.0
3,819,0.8,0.27600000000000013,0,0.8,0.27600000000000013,1,0,0,1,0,207,153,12,-0.46989212542411085,207.0
0,820,0.7400000000000007,0.2560000000000001,0,0.7400000000000007,0.2560000000000001,0,0,0,0,0,178,120,16,-4.935159562453061,178.0
1,820,0.3300000000000008,0.10800000000000001,4,0.3300000000000008,0.05,0,0,0,0,0,262,206,14,0.8623581159961766,247.59167748982813
2,820,0.6580000000000004,0.12800000000000003,0,0.6580000000000004,0.12800000000000003,0,0,0,0,0,172,120,15,-4.242012381893115,172.0
3,820,0.8,0.27800000000000014,0,0.8,0.27800000000000014,0,0,0,0,0,207,153,12,-0.46989212542411085,207.0
0,821,0.7440000000000007,0.2580000000000001,0,0.7440000000000007,0.2580000000000001,0,1,0,0,0,178,120,16,-4.935159562453061,178.0
1,821,0.3340000000000008,0.11000000000000001,3,0.3340000000000008,0.05,0,0,0,0,0,262,206,14,0.8623581159961766,247.59167748982813
2,821,0.6620000000000004,0.13000000000000003,0,0.6620000000000004,0.13000000000000003,0,1,0,0,0,172,120,15,-4.242012381893115,172.0
3,821,0.8,0.28000000000000014,0,0.8,0.28000000000000014,0,1,0,0,0,207,153,12,-0.46989212542411085,207.0
0,822,0.7480000000000007,0.2600000000000001,0,0.7480000000000007,0.2600000000000001,0,1,0,0,0,178,120,16,-4.935159562453061,178.0
1,822,0.3380000000000008,0.11200000000000002,2,0.3380000000000008,0.05,0,1,1,0,0,262,206,14,0.8623581159961766,247.59167748982813
2,822,0.6660000000000004,0.13200000000000003,0,0.6660000000000004,0.13200000000000003,0,1,0,0,0,172,120,15,-4.242012381893115,172.0
3,822,0.8,0.28200000000000014,0,0.8,0.28200000000000014,1,1,0,1,0,208,154,12,-0.4185988310365607,208.0
0,823,0.7520000000000007,0.2620000000000001,0,0.7520000000000007,0.2620000000000001,1,1,0,1,0,179,121,16,-4.88386626806551,179.0
1,823,0.3420000000000008,0.11400000000000002,1,0.3420000000000008,0.05,0,0,0,0,0,262,206,14,0.8623581159961766,247.59167748982813
2,823,0.6700000000000004,0.13400000000000004,0,0.6700000000000004,0.13400000000000004,0,1,0,0,0,172,120,15,-4.242012381893115,172.0
3,823,0.8,0.28400000000000014,0,0.8,0.28400000000000014,0,1,0,0,0,208,154,12,-0.4185988310365607,208.0
0,824,0.7620000000000007,0.2640000000000001,0,0.7620000000000007,0.2640000000000001,0,0,0,0,0,179,121,16,-4.88386626806551,179.0
1,824,0.3460000000000008,0.11600000000000002,0,0.3460000000000008,0.11600000000000002,0,0,0,0,0,262,206,14,0.8623581159961766,247.59167748982813
2,824,0.6740000000000004,0.13600000000000004,0,0.6740000000000004,0.13600000000000004,0,0,0,0,0,172,120,15,-4.242012381893115,172.0
3,824,0.8,0.28600000000000014,0,0.8,0.28600000000000014,1,1,0,1,0,209,155,12,-0.36730553664900967,209.0
0,825,0.7660000000000007,0.2660000000000001,0,0.7660000000000007,0.2660000000000001,1,0,0,1,0,180,121,16,-4.88386626806551,180.0
1,825,0.3500000000000008,0.11800000000000002,0,0.3500000000000008,0.11800000000000002,0,1,0,0,0,262,206,14,0.8623581159961766,247.59167748982813
2,825,0.6780000000000004,0.13800000000000004,0,0.6780000000000004,0.13800000000000004,0,0,0,0,0,172,120,15,-4.242012381893115,172.0
3,825,0.8,0.28800000000000014,0,0.8,0.28800000000000014,0,1,0,0,0,209,155,12,-0.36730553664900967,209.0
0,826,0.7760000000000007,0.2680000000000001,0,0.7760000000000007,0.2680000000000001,1,1,0,1,0,181,122,16,-4.8325729736779595,181.0
1,826,0.3540000000000008,0.12000000000000002,0,0.3540000000000008,0.12000000000000002,0,1,1,0,0,262,206,14,0.8623581159961766,247.59167748982813
2,826,0.6820000000000004,0.14000000000000004,0,0.6820000000000004,0.14000000000000004,0,0,1,0,0,172,120,15,-4.242012381893115,172.0
3,826,0.8,0.29000000000000015,0,0.8,0.29000000000000015,0,1,1,0,0,209,155,12,-0.36730553664900967,209.0
0,827,0.7860000000000007,0.27000000000000013,0,0.7860000000000007,0.27000000000000013,0,0,0,0,0,181,122,16,-4.8325729736779595,181.0
1,827,0.3580000000000008,0.12200000000000003,0,0.3580000000000008,0.12200000000000003,0,0,0,0,0,262,206,14,0.8623581159961766,247.59167748982813
2,827,0.6860000000000004,0.14200000000000004,0,0.6860000000000004,0.14200000000000004,1,1,1,1,1,173,121,16,-4.88386626806551,173.0
3,827,0.8,0.29200000000000015,0,0.8,0.29200000000000015,0,1,0,0,0,209,155,12,-0.36730553664900967,209.0
0,828,0.7900000000000007,0.27200000000000013,0,0.7900000000000007,0.27200000000000013,1,1,0,1,0,182,123,16,-4.781279679290408,182.0
1,828,0.3620000000000008,0.12400000000000003,0,0.3620000000000008,0.12400000000000003,0,0,0,0,0,262,206,14,0.8623581159961766,247.59167748982813
2,828,0.4960000000000004,0.1,8,0.4960000000000004,0.05,0,1,0,0,0,173,121,16,-4.88386626806551,173.0
3,828,0.8,0.29400000000000015,0,0.8,0.29400000000000015,0,1,0,0,0,209,155,12,-0.36730553664900967,209.0
0,829,0.8,0.27400000000000013,0,0.8,0.27400000000000013,0,1,0,0,0,182,123,16,-4.781279679290408,182.0
1,829,0.3660000000000008,0.12600000000000003,0,0.3660000000000008,0.12600000000000003,0,1,0,0,0,262,206,14,0.8623581159961766,247.59167748982813
2,829,0.5000000000000003,0.10200000000000001,7,0.5000000000000003,0.05,0,1,0,0,0,173,121,16,-4.88386626806551,173.0
3,829,0.8,0.29600000000000015,0,0.8,0.29600000000000015,1,1,0,1,0,210,156,12,-0.3160122422614595,210.0
0,830,0.8,0.27600000000000013,0,0.8,0.27600000000000013,0,1,0,0,0,182,123,16,-4.781279679290408,182.0
1,830,0.37000000000000083,0.12800000000000003,0,0.37000000000000083,0.12800000000000003,0,0,0,0,0,262,206,14,0.8623581159961766,247.59167748982813
2,830,0.5040000000000003,0.10400000000000001,6,0.5040000000000003,0.05,0,0,0,0,0,173,121,16,-4.88386626806551,173.0
3,830,0.8,0.29800000000000015,0,0.8,0.29800000000000015,0,0,0,0,0,210,156,12,-0.3160122422614595,210.0
0,831,0.8,0.27800000000000014,0,0.8,0.27800000000000014,1,1,0,1,0,183,124,16,-4.729986384902858,183.0
1,831,0.37400000000000083,0.13000000000000003,0,0.37400000000000083,0.13000000000000003,0,0,0,0,0,262,206,14,0.8623581159961766,247.59167748982813
2,831,0.5080000000000003,0.10600000000000001,5,0.5080000000000003,0.05,0,1,0,0,0,173,121,16,-4.88386626806551,173.0
3,831,0.8,0.30000000000000016,0,0.8,0.30000000000000016,0,1,0,0,0,210,156,12,-0.3160122422614595,210.0
0,832,0.8,0.28000000000000014,0,0.8,0.28000000000000014,0,1,0,0,0,183,124,16,-4.729986384902858,183.0
1,832,0.37800000000000084,0.13200000000000003,0,0.37800000000000084,0.13200000000000003,0,1,0,0,0,262,206,14,0.8623581159961766,247.59167748982813
2,832,0.5120000000000003,0.10800000000000001,4,0.5120000000000003,0.05,0,1,0,0,0,173,121,16,-4.88386626806551,173.0
3,832,0.8,0.30200000000000016,0,0.8,0.30200000000000016,0,0,0,0,0,210,156,12,-0.3160122422614595,210.0
0,833,0.8,0.28200000000000014,0,0.95,0.28200000000000014,0,1,0,0,0,183,124,16,-4.729986384902858,183.0
1,833,0.38200000000000084,0.13400000000000004,0,0.5320000000000008,0.13400000000000004,0,0,0,0,0,262,206,14,0.8623581159961766,247.59167748982813
2,833,0.5160000000000003,0.11000000000000001,3,0.6660000000000004,0.05,0,1,0,0,0,173,121,16,-4.88386626806551,173.0
3,833,0.8,0.30400000000000016,0,0.95,0.30400000000000016,1,1,0,1,0,211,157,12,-0.26471894787390937,211.0
0,834,0.8,0.28400000000000014,0,0.95,0.28400000000000014,0,1,0,0,0,183,124,16,-4.729986384902858,183.0
1,834,0.38600000000000084,0.13600000000000004,0,0.5360000000000008,0.13600000000000004,0,0,0,0,0,262,206,14,0.8623581159961766,247.59167748982813
2,834,0.5200000000000004,0.11200000000000002,2,0.6700000000000004,0.05,0,1,0,0,0,173,121,16,-4.88386626806551,173.0
3,834,0.8,0.30600000000000016,0,0.95,0.30600000000000016,1,1,0,1,0,212,158,12,-0.21342565348635745,212.0
0,835,0.8,0.28600000000000014,0,0.95,0.28600000000000014,0,1,1,0,0,183,124,16,-4.729986384902858,183.0
1,835,0.39000000000000085,0.13800000000000004,0,0.5400000000000008,0.13800000000000004,1,0,0,1,0,263,206,14,0.8623581159961766,247.59167748982813
2,835,0.5240000000000004,0.11400000000000002,1,0.6740000000000004,0.05,0,1,0,0,0,173,121,16,-4.88386626806551,173.0
3,835,0.8,0.30800000000000016,0,0.95,0.30800000000000016,1,1,0,1,0,213,159,12,-0.1621323590988073,213.0
0,836,0.8,0.28800000000000014,0,0.95,0.28800000000000014,0,1,1,0,0,183,124,16,-4.729986384902858,183.0
1,836,0.40000000000000085,0.14000000000000004,0,0.5500000000000008,0.14000000000000004,0,1,0,0,0,263,206,14,0.8623581159961766,247.59167748982813
2,836,0.5280000000000004,0.11600000000000002,0,0.6780000000000004,0.11600000000000002,1,0,0,1,0,174,121,16,-4.88386626806551,174.0
3,836,0.8,0.31000000000000016,0,0.95,0.31000000000000016,1,1,0,1,0,214,160,12,-0.11083906471125715,214.0
0,837,0.8,0.29000000000000015,0,0.95,0.29000000000000015,0,1,0,0,0,183,124,16,-4.729986384902858,183.0
1,837,0.40400000000000086,0.14200000000000004,0,0.5540000000000008,0.14200000000000004,0,1,0,0,0,263,206,14,0.8623581159961766,247.59167748982813
2,837,0.5380000000000004,0.11800000000000002,0,0.6880000000000004,0.11800000000000002,0,1,0,0,0,174,121,16,-4.88386626806551,174.0
3,837,0.8,0.31200000000000017,0,0.95,0.31200000000000017,0,1,0,0,0,214,160,12,-0.11083906471125715,214.0
0,838,0.8,0.29200000000000015,0,0.95,0.29200000000000015,0,1,0,0,0,183,124,16,-4.729986384902858,183.0
1,838,0.40800000000000086,0.14400000000000004,0,0.5580000000000008,0.14400000000000004,0,1,0,0,0,263,206,14,0.8623581159961766,247.59167748982813
2,838,0.5420000000000004,0.12000000000000002,0,0.6920000000000004,0.12000000000000002,1,1,0,1,0,175,122,16,-4.8325729736779595,175.0
3,838,0.8,0.31400000000000017,0,0.95,0.31400000000000017,1,1,0,1,0,215,161,12,-0.059545770323707004,215.0
0,839,0.8,0.29400000000000015,0,0.95,0.29400000000000015,0,1,0,0,0,183,124,16,-4.729986384902858,183.0
1,839,0.41200000000000087,0.14600000000000005,0,0.5620000000000008,0.14600000000000005,0,1,0,0,0,263,206,14,0.8623581159961766,247.59167748982813
2,839,0.5520000000000004,0.12200000000000003,0,0.7020000000000004,0.12200000000000003,0,0,0,0,0,175,122,16,-4.8325729736779595,175.0
3,839,0.8,0.31600000000000017,0,0.95,0.31600000000000017,0,1,0,0,0,215,161,12,-0.059545770323707004,215.0
0,840,0.8,0.29600000000000015,0,0.95,0.29600000000000015,1,1,0,1,0,184,125,16,-4.678693090515307,184.0
1,840,0.41600000000000087,0.14800000000000005,0,0.5660000000000008,0.14800000000000005,0,1,0,0,0,263,206,14,0.8623581159961766,247.59167748982813
2,840,0.5560000000000004,0.12400000000000003,0,0.7060000000000004,0.12400000000000003,0,1,0,0,0,175,122,16,-4.8325729736779595,175.0
3,840,0.8,0.31800000000000017,0,0.95,0.31800000000000017,0,1,0,0,0,215,161,12,-0.059545770323707004,215.0
0,841,0.8,0.29800000000000015,0,0.95,0.29800000000000015,0,0,0,0,0,184,125,16,-4.678693090515307,184.0
1,841,0.4200000000000009,0.15000000000000005,0,0.5700000000000008,0.15000000000000005,0,1,0,0,0,263,206,14,0.8623581159961766,247.59167748982813
2,841,0.5600000000000004,0.12600000000000003,0,0.7100000000000004,0.12600000000000003,1,0,0,1,0,176,122,16,-4.8325729736779595,176.0
3,841,0.8,0.3200000000000002,0,0.95,0.3200000000000002,1,1,0,1,0,216,162,12,-0.008252475936156856,216.0
0,842,0.8,0.30000000000000016,0,0.95,0.30000000000000016,0,1,0,0,0,184,125,16,-4.678693090515307,184.0
1,842,0.4240000000000009,0.15200000000000005,0,0.5740000000000008,0.15200000000000005,0,1,0,0,0,263,206,14,0.8623581159961766,247.59167748982813
2,842,0.5700000000000004,0.12800000000000003,0,0.7200000000000004,0.12800000000000003,0,1,0,0,0,176,122,16,-4.8325729736779595,176.0
3,842,0.8,0.3220000000000002,0,0.95,0.3220000000000002,0,1,0,0,0,216,162,12,-0.008252475936156856,216.0
0,843,0.8,0.30200000000000016,0,0.95,0.30200000000000016,1,1,0,1,0,185,126,16,-4.627399796127757,185.0
1,843,0.4280000000000009,0.15400000000000005,0,0.5780000000000008,0.15400000000000005,0,0,0,0,0,263,206,14,0.8623581159961766,247.59167748982813
2,843,0.5740000000000004,0.13000000000000003,0,0.7240000000000004,0.13000000000000003,0,1,0,0,0,176,122,16,-4.8325729736779595,176.0
3,843,0.8,0.3240000000000002,0,0.95,0.3240000000000002,0,1,0,0,0,216,162,12,-0.008252475936156856,216.0
0,844,0.8,0.30400000000000016,0,0.95,0.30400000000000016,0,1,0,0,0,185,126,16,-4.627399796127757,185.0
1,844,0.4320000000000009,0.15600000000000006,0,0.5820000000000008,0.15600000000000006,0,1,0,0,0,263,206,14,0.8623581159961766,247.59167748982813
2,844,0.5780000000000004,0.13200000000000003,0,0.7280000000000004,0.13200000000000003,0,1,0,0,0,176,122,16,-4.8325729736779595,176.0
3,844,0.8,0.3260000000000002,0,0.95,0.3260000000000002,0,0,0,0,0,216,162,12,-0.008252475936156856,216.0
0,845,0.8,0.30600000000000016,0,0.95,0.30600000000000016,1,1,0,1,0,186,127,16,-4.576106501740206,186.0
1,845,0.4360000000000009,0.15800000000000006,0,0.5860000000000009,0.15800000000000006,0,0,0,0,0,263,206,14,0.8623581159961766,247.59167748982813
2,845,0.5820000000000004,0.13400000000000004,0,0.7320000000000004,0.13400000000000004,0,0,0,0,0,176,122,16,-4.8325729736779595,176.0
3,845,0.8,0.3280000000000002,0,0.95,0.3280000000000002,1,1,0,1,0,217,163,12,0.04304081845139507,217.0
0,846,0.8,0.30800000000000016,0,0.95,0.30800000000000016,0,1,0,0,0,186,127,16,-4.576106501740206,186.0
1,846,0.4400000000000009,0.16000000000000006,0,0.5900000000000009,0.16000000000000006,0,0,0,0,0,263,206,14,0.8623581159961766,247.59167748982813
2,846,0.5860000000000004,0.13600000000000004,0,0.7360000000000004,0.13600000000000004,0,1,0,0,0,176,122,16,-4.8325729736779595,176.0
3,846,0.8,0.3300000000000002,0,0.95,0.3300000000000002,0,1,0,0,0,217,163,12,0.04304081845139507,217.0
0,847,0.8,0.31000000000000016,0,0.95,0.31000000000000016,0,1,0,0,0,186,127,16,-4.576106501740206,186.0
1,847,0.4440000000000009,0.16200000000000006,0,0.5940000000000009,0.16200000000000006,0,1,0,0,0,263,206,14,0.8623581159961766,247.59167748982813
2,847,0.5900000000000004,0.13800000000000004,0,0.7400000000000004,0.13800000000000004,0,1,0,0,0,176,122,16,-4.8325729736779595,176.0
3,847,0.8,0.3320000000000002,0,0.95,0.3320000000000002,0,1,1,0,0,217,163,12,0.04304081845139507,217.0
0,848,0.8,0.31200000000000017,0,0.95,0.31200000000000017,0,1,0,0,0,186,127,16,-4.576106501740206,186.0
1,848,0.4480000000000009,0.16400000000000006,0,0.5980000000000009,0.16400000000000006,1,1,0,1,0,264,207,14,0.9136514103837268,247.59167748982813
2,848,0.5940000000000004,0.14000000000000004,0,0.7440000000000004,0.14000000000000004,0,1,0,0,0,176,122,16,-4.8325729736779595,176.0
3,848,0.8,0.3340000000000002,0,0.95,0.3340000000000002,1,1,0,1,0,218,164,12,0.09433411283894522,218.0
0,849,0.8,0.31400000000000017,0,0.95,0.31400000000000017,0,1,0,0,0,186,127,16,-4.576106501740206,186.0
1,849,0.4580000000000009,0.16600000000000006,0,0.6080000000000009,0.16600000000000006,0,1,0,0,0,264,207,14,0.9136514103837268,247.59167748982813
2,849,0.5980000000000004,0.14200000000000004,0,0.7480000000000004,0.14200000000000004,0,1,0,0,0,176,122,16,-4.8325729736779595,176.0
3,849,0.8,0.3360000000000002,0,0.95,0.3360000000000002,1,1,0,1,0,219,165,12,0.14562740722649536,219.0
0,850,0.8,0.31600000000000017,0,0.95,0.31600000000000017,0,1,0,0,0,186,127,16,-4.576106501740206,186.0
1,850,0.4620000000000009,0.16800000000000007,0,0.6120000000000009,0.16800000000000007,0,1,0,0,0,264,207,14,0.9136514103837268,247.59167748982813
2,850,0.6020000000000004,0.14400000000000004,0,0.7520000000000004,0.14400000000000004,0,1,0,0,0,176,122,16,-4.8325729736779595,176.0
3,850,0.8,0.3380000000000002,0,0.95,0.3380000000000002,0,1,0,0,0,219,165,12,0.14562740722649536,219.0
0,851,0.8,0.31800000000000017,0,0.95,0.31800000000000017,1,1,0,1,0,187,128,16,-4.524813207352656,187.0
1,851,0.4660000000000009,0.17000000000000007,0,0.6160000000000009,0.17000000000000007,1,1,0,1,0,265,208,14,0.9649447047712787,247.59167748982813
2,851,0.6060000000000004,0.14600000000000005,0,0.7560000000000004,0.14600000000000005,1,1,0,1,0,177,123,16,-4.781279679290408,177.0
3,851,0.8,0.3400000000000002,0,0.95,0.3400000000000002,0,1,0,0,0,219,165,12,0.14562740722649536,219.0
0,852,0.8,0.3200000000000002,0,0.95,0.3200000000000002,1,1,0,1,0,188,129,16,-4.473519912965106,188.0
1,852,0.4760000000000009,0.17200000000000007,0,0.6260000000000009,0.17200000000000007,0,0,0,0,0,265,208,14,0.9649447047712787,247.59167748982813
2,852,0.6160000000000004,0.14800000000000005,0,0.7660000000000005,0.14800000000000005,0,0,0,0,0,177,123,16,-4.781279679290408,177.0
3,852,0.8,0.3420000000000002,0,0.95,0.3420000000000002,1,0,1,1,0,220,165,12,0.14562740722649536,220.0
0,853,0.8,0.3220000000000002,0,0.95,0.3220000000000002,1,1,0,1,0,189,130,16,-4.422226618577555,189.0
1,853,0.4800000000000009,0.17400000000000007,0,0.6300000000000009,0.17400000000000007,0,1,1,0,0,265,208,14,0.9649447047712787,247.59167748982813
2,853,0.6200000000000004,0.15000000000000005,0,0.7700000000000005,0.15000000000000005,0,1,0,0,0,177,123,16,-4.781279679290408,177.0
3,853,0.8,0.3690000000000002,0,0.95,0.3690000000000002,1,0,0,1,0,221,165,12,0.14562740722649536,220.56486282189837
0,854,0.8,0.3240000000000002,0,0.95,0.3240000000000002,0,1,0,0,0,189,130,16,-4.422226618577555,189.0
1,854,0.48400000000000093,0.17600000000000007,0,0.6340000000000009,0.17600000000000007,1,1,0,1,0,266,209,14,1.0162379991588288,247.59167748982813
2,854,0.6240000000000004,0.15200000000000005,0,0.7740000000000005,0.15200000000000005,0,1,0,0,0,177,123,16,-4.781279679290408,177.0
3,854,0.8,0.3710000000000002,0,0.95,0.3710000000000002,1,1,0,1,0,222,166,12,0.1969207016140455,220.56486282189837
0,855,0.8,0.3260000000000002,0,0.95,0.3260000000000002,0,1,1,0,0,189,130,16,-4.422226618577555,189.0
1,855,0.49400000000000094,0.17800000000000007,0,0.6440000000000009,0.17800000000000007,0,1,0,0,0,266,209,14,1.0162379991588288,247.59167748982813
2,855,0.6280000000000004,0.15400000000000005,0,0.7780000000000005,0.15400000000000005,1,1,1,1,1,178,124,17,-5.423133565462804,178.0
3,855,0.8,0.3730000000000002,0,0.95,0.3730000000000002,0,1,0,0,0,222,166,12,0.1969207016140455,220.56486282189837
0,856,0.8,0.3280000000000002,0,0.95,0.3280000000000002,1,1,0,1,0,190,131,16,-4.370933324190005,190.0
1,856,0.49800000000000094,0.18000000000000008,0,0.6480000000000009,0.18000000000000008,0,1,0,0,0,266,209,14,1.0162379991588288,247.59167748982813
2,856,0.43800000000000044,0.1,8,0.5880000000000004,0.05,0,1,1,0,0,178,124,17,-5.423133565462804,178.0
3,856,0.8,0.3750000000000002,0,0.95,0.3750000000000002,0,1,0,0,0,222,166,12,0.1969207016140455,220.56486282189837
0,857,0.8,0.3300000000000002,0,0.95,0.3300000000000002,1,1,0,1,0,191,132,16,-4.3196400298024535,191.0
1,857,0.5020000000000009,0.18200000000000008,0,0.6520000000000009,0.18200000000000008,0,1,1,0,0,266,209,14,1.0162379991588288,247.59167748982813
2,857,0.44200000000000045,0.10200000000000001,7,0.5920000000000004,0.05,0,1,0,0,0,178,124,17,-5.423133565462804,178.0
3,857,0.8,0.3770000000000002,0,0.95,0.3770000000000002,1,1,0,1,0,223,167,12,0.24821399600159744,220.56486282189837
0,858,0.8,0.3320000000000002,0,0.95,0.3320000000000002,0,1,0,0,0,191,132,16,-4.3196400298024535,191.0
1,858,0.5060000000000009,0.18400000000000008,0,0.6560000000000009,0.18400000000000008,0,1,0,0,0,266,209,14,1.0162379991588288,247.59167748982813
2,858,0.44600000000000045,0.10400000000000001,6,0.5960000000000004,0.05,0,0,0,0,0,178,124,17,-5.423133565462804,178.0
3,858,0.8,0.3790000000000002,0,0.95,0.3790000000000002,1,1,0,1,0,224,168,12,0.2995072903891476,220.56486282189837
0,859,0.8,0.3340000000000002,0,0.95,0.3340000000000002,1,1,0,1,0,192,133,16,-4.268346735414903,192.0
1,859,0.5100000000000009,0.18600000000000008,0,0.6600000000000009,0.18600000000000008,0,0,0,0,0,266,209,14,1.0162379991588288,247.59167748982813
2,859,0.45000000000000046,0.10600000000000001,5,0.6000000000000004,0.05,0,1,0,0,0,178,124,17,-5.423133565462804,178.0
3,859,0.8,0.3810000000000002,0,0.95,0.3810000000000002,0,1,0,0,0,224,168,12,0.2995072903891476,220.56486282189837
0,860,0.8,0.3360000000000002,0,0.95,0.3360000000000002,0,1,0,0,0,192,133,16,-4.268346735414903,192.0
1,860,0.5140000000000009,0.18800000000000008,0,0.6640000000000009,0.18800000000000008,0,1,1,0,0,266,209,14,1.0162379991588288,247.59167748982813
2,860,0.45400000000000046,0.10800000000000001,4,0.6040000000000004,0.05,0,1,0,0,0,178,124,17,-5.423133565462804,178.0
3,860,0.8,0.38300000000000023,0,0.95,0.38300000000000023,1,1,0,1,0,225,169,12,0.35080058477669773,220.56486282189837
0,861,0.8,0.3380000000000002,0,0.95,0.3380000000000002,0,1,0,0,0,192,133,16,-4.268346735414903,192.0
1,861,0.5180000000000009,0.19000000000000009,0,0.6680000000000009,0.19000000000000009,0,1,0,0,0,266,209,14,1.0162379991588288,247.59167748982813
2,861,0.45800000000000046,0.11000000000000001,3,0.6080000000000004,0.05,0,1,0,0,0,178,124,17,-5.423133565462804,178.0
3,861,0.8,0.38500000000000023,0,0.95,0.38500000000000023,0,1,0,0,0,225,169,12,0.35080058477669773,220.56486282189837
0,862,0.8,0.3400000000000002,0,0.95,0.3400000000000002,0,0,0,0,0,192,133,16,-4.268346735414903,192.0
1,862,0.5220000000000009,0.1920000000000001,0,0.6720000000000009,0.1920000000000001,0,0,0,0,0,266,209,14,1.0162379991588288,247.59167748982813
2,862,0.46200000000000047,0.11200000000000002,2,0.6120000000000004,0.05,1,0,0,1,0,179,124,17,-5.423133565462804,179.0
3,862,0.8,0.38700000000000023,0,0.95,0.38700000000000023,0,1,0,0,0,225,169,12,0.35080058477669773,220.56486282189837
0,863,0.8,0.3420000000000002,0,0.95,0.3420000000000002,1,1,0,1,0,193,134,16,-4.217053441027352,193.0
1,863,0.5260000000000009,0.1940000000000001,0,0.6760000000000009,0.1940000000000001,0,0,0,0,0,266,209,14,1.0162379991588288,247.59167748982813
2,863,0.4720000000000005,0.11400000000000002,1,0.6220000000000004,0.05,0,1,0,0,0,179,124,17,-5.423133565462804,179.0
3,863,0.8,0.38900000000000023,0,0.95,0.38900000000000023,1,1,0,1,0,226,170,12,0.4020938791642479,220.56486282189837
0,864,0.8,0.3440000000000002,0,0.95,0.3440000000000002,0,1,0,0,0,193,134,16,-4.217053441027352,193.0
1,864,0.5300000000000009,0.1960000000000001,0,0.6800000000000009,0.1960000000000001,0,0,0,0,0,266,209,14,1.0162379991588288,247.59167748982813
2,864,0.4760000000000005,0.11600000000000002,0,0.6260000000000004,0.11600000000000002,0,0,0,0,0,179,124,17,-5.423133565462804,179.0
3,864,0.8,0.39100000000000024,0,0.95,0.39100000000000024,0,1,0,0,0,226,170,12,0.4020938791642479,220.56486282189837
0,865,0.8,0.3460000000000002,0,0.95,0.3460000000000002,0,1,0,0,0,193,134,16,-4.217053441027352,193.0
1,865,0.5340000000000009,0.1980000000000001,0,0.6840000000000009,0.1980000000000001,0,1,0,0,0,266,209,14,1.0162379991588288,247.59167748982813
2,865,0.4800000000000005,0.11800000000000002,0,0.6300000000000004,0.11800000000000002,0,0,0,0,0,179,124,17,-5.423133565462804,179.0
3,865,0.8,0.39300000000000024,0,0.95,0.39300000000000024,0,1,1,0,0,226,170,12,0.4020938791642479,220.56486282189837
0,866,0.8,0.3480000000000002,0,0.95,0.3480000000000002,0,1,0,0,0,193,134,16,-4.217053441027352,193.0
1,866,0.5380000000000009,0.2000000000000001,0,0.6880000000000009,0.2000000000000001,0,1,1,0,0,266,209,14,1.0162379991588288,247.59167748982813
2,866,0.4840000000000005,0.12000000000000002,0,0.6340000000000005,0.12000000000000002,0,0,1,0,0,179,124,17,-5.423133565462804,179.0
3,866,0.8,0.39500000000000024,0,0.95,0.39500000000000024,0,1,0,0,0,226,170,12,0.4020938791642479,220.56486282189837
0,867,0.8,0.3500000000000002,0,0.95,0.3500000000000002,0,1,0,0,0,193,134,16,-4.217053441027352,193.0
1,867,0.5420000000000009,0.2020000000000001,0,0.692000000000001,0.2020000000000001,0,1,0,0,0,266,209,14,1.0162379991588288,247.59167748982813
2,867,0.4880000000000005,0.12200000000000003,0,0.6380000000000005,0.12200000000000003,0,1,1,0,0,179,124,17,-5.423133565462804,179.0
3,867,0.8,0.39700000000000024,0,0.95,0.39700000000000024,0,1,0,0,0,226,170,12,0.4020938791642479,220.56486282189837
0,868,0.8,0.3520000000000002,0,0.95,0.3520000000000002,0,1,0,0,0,193,134,16,-4.217053441027352,193.0
1,868,0.5460000000000009,0.2040000000000001,0,0.696000000000001,0.2040000000000001,1,1,0,1,0,267,210,14,1.067531293546379,247.59167748982813
2,868,0.4920000000000005,0.12400000000000003,0,0.6420000000000005,0.12400000000000003,0,0,0,0,0,179,124,17,-5.423133565462804,179.0
3,868,0.8,0.39900000000000024,0,0.95,0.39900000000000024,1,1,0,1,0,227,171,12,0.45338717355179803,220.56486282189837
0,869,0.8,0.3540000000000002,0,0.95,0.3540000000000002,0,1,1,0,0,193,134,16,-4.217053441027352,193.0
1,869,0.5560000000000009,0.2060000000000001,0,0.706000000000001,0.2060000000000001,0,1,0,0,0,267,210,14,1.067531293546379,247.59167748982813
2,869,0.4960000000000005,0.12600000000000003,0,0.6460000000000005,0.12600000000000003,0,1,1,0,0,179,124,17,-5.423133565462804,179.0
3,869,0.8,0.40100000000000025,0,0.95,0.40100000000000025,1,1,0,1,0,228,172,12,0.50468046793935,220.56486282189837
0,870,0.8,0.3560000000000002,0,0.95,0.3560000000000002,0,1,0,0,0,193,134,16,-4.217053441027352,193.0
1,870,0.5600000000000009,0.2080000000000001,0,0.710000000000001,0.2080000000000001,0,1,0,0,0,267,210,14,1.067531293546379,247.59167748982813
2,870,0.5000000000000004,0.12800000000000003,0,0.6500000000000005,0.12800000000000003,0,0,1,0,0,179,124,17,-5.423133565462804,179.0
3,870,0.8,0.40300000000000025,0,0.95,0.40300000000000025,0,0,0,0,0,228,172,12,0.50468046793935,220.56486282189837
0,871,0.8,0.3580000000000002,0,0.95,0.3580000000000002,0,1,0,0,0,193,134,16,-4.217053441027352,193.0
1,871,0.564000000000001,0.2100000000000001,0,0.714000000000001,0.2100000000000001,0,1,0,0,0,267,210,14,1.067531293546379,247.59167748982813
2,871,0.5040000000000004,0.13000000000000003,0,0.6540000000000005,0.13000000000000003,0,1,0,0,0,179,124,17,-5.423133565462804,179.0
3,871,0.8,0.40500000000000025,0,0.95,0.40500000000000025,0,1,1,0,0,228,172,12,0.50468046793935,220.56486282189837
0,872,0.8,0.3600000000000002,0,0.95,0.3600000000000002,1,1,1,1,1,194,135,17,-4.858907327199748,194.0
1,872,0.568000000000001,0.2120000000000001,0,0.718000000000001,0.2120000000000001,0,1,0,0,0,267,210,14,1.067531293546379,247.59167748982813
2,872,0.5080000000000005,0.13200000000000003,0,0.6580000000000005,0.13200000000000003,0,1,0,0,0,179,124,17,-5.423133565462804,179.0
3,872,0.8,0.40700000000000025,0,0.95,0.40700000000000025,0,1,1,0,0,228,172,12,0.50468046793935,220.56486282189837
0,873,0.6100000000000001,0.1,8,0.7600000000000001,0.05,0,0,1,0,0,194,135,17,-4.858907327199748,194.0
1,873,0.572000000000001,0.2140000000000001,0,0.722000000000001,0.2140000000000001,0,1,0,0,0,267,210,14,1.067531293546379,247.59167748982813
2,873,0.5120000000000005,0.13400000000000004,0,0.6620000000000005,0.13400000000000004,1,1,0,1,0,180,125,17,-5.371840271075253,180.0
3,873,0.8,0.40900000000000025,0,0.95,0.40900000000000025,1,1,0,1,0,229,173,12,0.5559737623269001,220.56486282189837
0,874,0.6140000000000001,0.10200000000000001,7,0.7640000000000001,0.05,0,1,0,0,0,194,135,17,-4.858907327199748,194.0
1,874,0.576000000000001,0.2160000000000001,0,0.726000000000001,0.2160000000000001,1,0,0,1,0,268,210,14,1.067531293546379,247.59167748982813
2,874,0.5220000000000005,0.13600000000000004,0,0.6720000000000005,0.13600000000000004,0,1,0,0,0,180,125,17,-5.371840271075253,180.0
3,874,0.8,0.41100000000000025,0,0.95,0.41100000000000025,1,1,0,1,0,230,174,12,0.6072670567144502,220.56486282189837
0,875,0.6180000000000001,0.10400000000000001,6,0.7680000000000001,0.05,0,1,0,0,0,194,135,17,-4.858907327199748,194.0
1,875,0.586000000000001,0.2180000000000001,0,0.736000000000001,0.2180000000000001,0,1,0,0,0,268,210,14,1.067531293546379,247.59167748982813
2,875,0.5260000000000005,0.13800000000000004,0,0.6760000000000005,0.13800000000000004,1,1,0,1,0,181,126,17,-5.3205469766877025,181.0
3,875,0.8,0.41300000000000026,0,0.95,0.41300000000000026,1,0,0,1,0,231,174,12,0.6072670567144502,220.56486282189837
0,876,0.6220000000000001,0.10600000000000001,5,0.7720000000000001,0.05,0,1,0,0,0,194,135,17,-4.858907327199748,194.0
1,876,0.590000000000001,0.2200000000000001,0,0.740000000000001,0.2200000000000001,0,1,0,0,0,268,210,14,1.067531293546379,247.59167748982813
2,876,0.5360000000000005,0.14000000000000004,0,0.6860000000000005,0.14000000000000004,0,1,0,0,0,181,126,17,-5.3205469766877025,181.0
3,876,0.8,0.41500000000000026,0,0.95,0.41500000000000026,0,1,0,0,0,231,174,12,0.6072670567144502,220.56486282189837
0,877,0.6260000000000001,0.10800000000000001,4,0.7760000000000001,0.05,0,1,0,0,0,194,135,17,-4.858907327199748,194.0
1,877,0.594000000000001,0.22200000000000011,0,0.744000000000001,0.22200000000000011,0,1,0,0,0,268,210,14,1.067531293546379,247.59167748982813
2,877,0.5400000000000005,0.14200000000000004,0,0.6900000000000005,0.14200000000000004,0,0,0,0,0,181,126,17,-5.3205469766877025,181.0
3,877,0.8,0.41700000000000026,0,0.95,0.41700000000000026,1,1,0,1,0,232,175,12,0.6585603511020004,220.56486282189837
0,878,0.6300000000000001,0.11000000000000001,3,0.7800000000000001,0.05,0,0,0,0,0,194,135,17,-4.858907327199748,194.0
1,878,0.598000000000001,0.22400000000000012,0,0.748000000000001,0.22400000000000012,0,1,0,0,0,268,210,14,1.067531293546379,247.59167748982813
2,878,0.5440000000000005,0.14400000000000004,0,0.6940000000000005,0.14400000000000004,1,0,0,1,0,182,126,17,-5.3205469766877025,182.0
3,878,0.8,0.41900000000000026,0,0.95,0.41900000000000026,1,1,0,1,0,233,176,12,0.7098536454895505,220.56486282189837
0,879,0.6340000000000001,0.11200000000000002,2,0.7840000000000001,0.05,1,1,1,1,1,195,136,18,-5.500761213372142,195.0
1,879,0.602000000000001,0.22600000000000012,0,0.752000000000001,0.22600000000000012,0,1,0,0,0,268,210,14,1.067531293546379,247.59167748982813
2,879,0.5540000000000005,0.14600000000000005,0,0.7040000000000005,0.14600000000000005,0,0,0,0,0,182,126,17,-5.3205469766877025,182.0
3,879,0.8,0.42100000000000026,0,0.95,0.42100000000000026,0,1,1,0,0,233,176,12,0.7098536454895505,220.56486282189837
0,880,0.4440000000000001,0.1,8,0.5940000000000001,0.05,0,0,0,0,0,195,136,18,-5.500761213372142,195.0
1,880,0.606000000000001,0.22800000000000012,0,0.756000000000001,0.22800000000000012,0,1,0,0,0,268,210,14,1.067531293546379,247.59167748982813
2,880,0.5580000000000005,0.14800000000000005,0,0.7080000000000005,0.14800000000000005,0,0,0,0,0,182,126,17,-5.3205469766877025,182.0
3,880,0.8,0.42300000000000026,0,0.95,0.42300000000000026,0,1,0,0,0,233,176,12,0.7098536454895505,220.56486282189837
0,881,0.4480000000000001,0.10200000000000001,7,0.5980000000000001,0.05,0,1,1,0,0,195,136,18,-5.500761213372142,195.0
1,881,0.610000000000001,0.23000000000000012,0,0.760000000000001,0.23000000000000012,0,1,0,0,0,268,210,14,1.067531293546379,247.59167748982813
2,881,0.5620000000000005,0.15000000000000005,0,0.7120000000000005,0.15000000000000005,1,1,0,1,0,183,127,17,-5.2692536823001515,183.0
3,881,0.8,0.42500000000000027,0,0.95,0.42500000000000027,1,1,0,1,0,234,177,12,0.7611469398771025,220.56486282189837
0,882,0.4520000000000001,0.10400000000000001,6,0.6020000000000001,0.05,0,1,0,0,0,195,136,18,-5.500761213372142,195.0
1,882,0.614000000000001,0.23200000000000012,0,0.764000000000001,0.23200000000000012,0,1,0,0,0,268,210,14,1.067531293546379,247.59167748982813
2,882,0.5720000000000005,0.15200000000000005,0,0.7220000000000005,0.15200000000000005,0,1,0,0,0,183,127,17,-5.2692536823001515,183.0
3,882,0.8,0.42700000000000027,0,0.95,0.42700000000000027,1,1,0,1,0,235,178,12,0.8124402342646526,220.56486282189837
0,883,0.4560000000000001,0.10600000000000001,5,0.6060000000000001,0.05,0,1,0,0,0,195,136,18,-5.500761213372142,195.0
1,883,0.618000000000001,0.23400000000000012,0,0.768000000000001,0.23400000000000012,1,1,0,1,0,269,211,14,1.1188245879339291,247.59167748982813
2,883,0.5760000000000005,0.15400000000000005,0,0.7260000000000005,0.15400000000000005,0,1,1,0,0,183,127,17,-5.2692536823001515,183.0
3,883,0.8,0.42900000000000027,0,0.95,0.42900000000000027,0,1,0,0,0,235,178,12,0.8124402342646526,220.56486282189837
0,884,0.46000000000000013,0.10800000000000001,4,0.6100000000000001,0.05,0,0,0,0,0,195,136,18,-5.500761213372142,195.0
1,884,0.628000000000001,0.23600000000000013,0,0.778000000000001,0.23600000000000013,0,1,0,0,0,269,211,14,1.1188245879339291,247.59167748982813
2,884,0.5800000000000005,0.15600000000000006,0,0.7300000000000005,0.15600000000000006,0,1,0,0,0,183,127,17,-5.2692536823001515,183.0
3,884,0.8,0.43100000000000027,0,0.95,0.43100000000000027,1,1,0,1,0,236,179,12,0.8637335286522028,220.56486282189837
0,885,0.46400000000000013,0.11000000000000001,3,0.6140000000000001,0.05,0,1,0,0,0,195,136,18,-5.500761213372142,195.0
1,885,0.632000000000001,0.23800000000000013,0,0.782000000000001,0.23800000000000013,1,1,0,1,0,270,212,14,1.1701178823214793,247.59167748982813
2,885,0.5840000000000005,0.15800000000000006,0,0.7340000000000005,0.15800000000000006,0,1,0,0,0,183,127,17,-5.2692536823001515,183.0
3,885,0.8,0.4330000000000003,0,0.95,0.4330000000000003,0,1,0,0,0,236,179,12,0.8637335286522028,220.56486282189837
0,886,0.46800000000000014,0.11200000000000002,2,0.6180000000000001,0.05,0,1,0,0,0,195,136,18,-5.500761213372142,195.0
1,886,0.642000000000001,0.24000000000000013,0,0.792000000000001,0.24000000000000013,0,1,0,0,0,270,212,14,1.1701178823214793,247.59167748982813
2,886,0.5880000000000005,0.16000000000000006,0,0.7380000000000005,0.16000000000000006,0,1,1,0,0,183,127,17,-5.2692536823001515,183.0
3,886,0.8,0.4350000000000003,0,0.95,0.4350000000000003,1,0,0,1,0,237,179,12,0.8637335286522028,220.56486282189837
0,887,0.47200000000000014,0.11400000000000002,1,0.6220000000000001,0.05,0,1,0,0,0,195,136,18,-5.500761213372142,195.0
1,887,0.646000000000001,0.24200000000000013,0,0.796000000000001,0.24200000000000013,1,1,0,1,0,271,213,14,1.2214111767090312,247.59167748982813
2,887,0.5920000000000005,0.16200000000000006,0,0.7420000000000005,0.16200000000000006,0,0,0,0,0,183,127,17,-5.2692536823001515,183.0
3,887,0.8,0.4370000000000003,0,0.95,0.4370000000000003,0,1,0,0,0,237,179,12,0.8637335286522028,220.56486282189837
0,888,0.47600000000000015,0.11600000000000002,0,0.6260000000000001,0.11600000000000002,0,0,0,0,0,195,136,18,-5.500761213372142,195.0
1,888,0.656000000000001,0.24400000000000013,0,0.806000000000001,0.24400000000000013,1,1,0,1,0,272,214,14,1.2727044710965814,247.59167748982813
2,888,0.5960000000000005,0.16400000000000006,0,0.7460000000000006,0.16400000000000006,0,1,0,0,0,183,127,17,-5.2692536823001515,183.0
3,888,0.8,0.4390000000000003,0,0.95,0.4390000000000003,0,1,0,0,0,237,179,12,0.8637335286522028,220.56486282189837
0,889,0.48000000000000015,0.11800000000000002,0,0.6300000000000001,0.11800000000000002,0,1,0,0,0,195,136,18,-5.500761213372142,195.0
1,889,0.666000000000001,0.24600000000000014,0,0.8160000000000011,0.24600000000000014,0,0,0,0,0,272,214,14,1.2727044710965814,247.59167748982813
2,889,0.6000000000000005,0.16600000000000006,0,0.7500000000000006,0.16600000000000006,0,1,0,0,0,183,127,17,-5.2692536823001515,183.0
3,889,0.8,0.4410000000000003,0,0.95,0.4410000000000003,0,1,0,0,0,237,179,12,0.8637335286522028,220.56486282189837
0,890,0.48400000000000015,0.12000000000000002,0,0.6340000000000001,0.12000000000000002,0,1,1,0,0,195,136,18,-5.500761213372142,195.0
1,890,0.670000000000001,0.24800000000000014,0,0.8200000000000011,0.24800000000000014,1,1,0,1,0,273,215,14,1.3239977654841315,247.59167748982813
2,890,0.6040000000000005,0.16800000000000007,0,0.7540000000000006,0.16800000000000007,1,1,0,1,0,184,128,17,-5.217960387912601,184.0
3,890,0.8,0.4430000000000003,0,0.95,0.4430000000000003,1,1,0,1,0,238,180,12,0.9150268230397529,220.56486282189837
0,891,0.48800000000000016,0.12200000000000003,0,0.6380000000000001,0.12200000000000003,0,1,0,0,0,195,136,18,-5.500761213372142,195.0
1,891,0.680000000000001,0.2500000000000001,0,0.8300000000000011,0.2500000000000001,0,1,0,0,0,273,215,14,1.3239977654841315,247.59167748982813
2,891,0.6140000000000005,0.17000000000000007,0,0.7640000000000006,0.17000000000000007,0,0,0,0,0,184,128,17,-5.217960387912601,184.0
3,891,0.8,0.4450000000000003,0,0.95,0.4450000000000003,1,1,0,1,0,239,181,12,0.9663201174273048,220.56486282189837
0,892,0.49200000000000016,0.12400000000000003,0,0.6420000000000001,0.12400000000000003,0,1,0,0,0,195,136,18,-5.500761213372142,195.0
1,892,0.684000000000001,0.2520000000000001,0,0.8340000000000011,0.2520000000000001,0,1,0,0,0,273,215,14,1.3239977654841315,247.59167748982813
2,892,0.6180000000000005,0.17200000000000007,0,0.7680000000000006,0.17200000000000007,0,1,0,0,0,184,128,17,-5.217960387912601,184.0
3,892,0.8,0.4470000000000003,0,0.95,0.4470000000000003,1,1,0,1,0,240,182,12,1.017613411814855,220.56486282189837
0,893,0.49600000000000016,0.12600000000000003,0,0.6460000000000001,0.12600000000000003,0,0,0,0,0,195,136,18,-5.500761213372142,195.0
1,893,0.688000000000001,0.2540000000000001,0,0.8380000000000011,0.2540000000000001,0,1,0,0,0,273,215,14,1.3239977654841315,247.59167748982813
2,893,0.6220000000000006,0.17400000000000007,0,0.7720000000000006,0.17400000000000007,0,1,0,0,0,184,128,17,-5.217960387912601,184.0
3,893,0.8,0.4490000000000003,0,0.95,0.4490000000000003,1,1,0,1,0,241,183,12,1.0689067062024051,220.56486282189837
0,894,0.5000000000000001,0.12800000000000003,0,0.6500000000000001,0.12800000000000003,0,0,0,0,0,195,136,18,-5.500761213372142,195.0
1,894,0.6920000000000011,0.2560000000000001,0,0.8420000000000011,0.2560000000000001,0,1,0,0,0,273,215,14,1.3239977654841315,247.59167748982813
2,894,0.6260000000000006,0.17600000000000007,0,0.7760000000000006,0.17600000000000007,0,1,0,0,0,184,128,17,-5.217960387912601,184.0
3,894,0.8,0.4510000000000003,0,0.95,0.4510000000000003,0,1,0,0,0,241,183,12,1.0689067062024051,220.56486282189837
0,895,0.5040000000000001,0.13000000000000003,0,0.6540000000000001,0.13000000000000003,1,1,0,1,0,196,137,18,-5.449467918984592,196.0
1,895,0.6960000000000011,0.2580000000000001,0,0.8460000000000011,0.2580000000000001,0,0,0,0,0,273,215,14,1.3239977654841315,247.59167748982813
2,895,0.6300000000000006,0.17800000000000007,0,0.7800000000000006,0.17800000000000007,1,0,0,1,0,185,128,17,-5.217960387912601,185.0
3,895,0.8,0.4530000000000003,0,0.95,0.4530000000000003,1,1,0,1,0,242,184,12,1.1202000005899553,220.56486282189837
0,896,0.5140000000000001,0.13200000000000003,0,0.6640000000000001,0.13200000000000003,0,0,1,0,0,196,137,18,-5.449467918984592,196.0
1,896,0.7000000000000011,0.2600000000000001,0,0.8500000000000011,0.2600000000000001,0,1,1,0,0,273,215,14,1.3239977654841315,247.59167748982813
2,896,0.6400000000000006,0.18000000000000008,0,0.7900000000000006,0.18000000000000008,0,1,0,0,0,185,128,17,-5.217960387912601,185.0
3,896,0.8,0.4550000000000003,0,0.95,0.4550000000000003,0,1,0,0,0,242,184,12,1.1202000005899553,220.56486282189837
0,897,0.5180000000000001,0.13400000000000004,0,0.5180000000000001,0.13400000000000004,0,1,0,0,0,196,137,18,-5.449467918984592,196.0
1,897,0.7040000000000011,0.2620000000000001,0,0.7040000000000011,0.2620000000000001,0,1,0,0,0,273,215,14,1.3239977654841315,247.59167748982813
2,897,0.6440000000000006,0.18200000000000008,0,0.6440000000000006,0.18200000000000008,0,0,0,0,0,185,128,17,-5.217960387912601,185.0
3,897,0.8,0.4570000000000003,0,0.8,0.4570000000000003,1,1,0,1,0,243,185,12,1.1714932949775054,220.56486282189837
0,898,0.5220000000000001,0.13600000000000004,0,0.5220000000000001,0.13600000000000004,0,1,0,0,0,196,137,18,-5.449467918984592,196.0
1,898,0.7080000000000011,0.2640000000000001,0,0.7080000000000011,0.2640000000000001,1,0,0,1,0,274,215,14,1.3239977654841315,247.59167748982813
2,898,0.6480000000000006,0.18400000000000008,0,0.6480000000000006,0.18400000000000008,0,1,0,0,0,185,128,17,-5.217960387912601,185.0
3,898,0.8,0.4590000000000003,0,0.8,0.4590000000000003,0,0,0,0,0,243,185,12,1.1714932949775054,220.56486282189837
0,899,0.5260000000000001,0.13800000000000004,0,0.5260000000000001,0.13800000000000004,0,1,0,0,0,196,137,18,-5.449467918984592,196.0
1,899,0.7180000000000011,0.2660000000000001,0,0.7180000000000011,0.2660000000000001,0,0,1,0,0,274,215,14,1.3239977654841315,247.59167748982813
2,899,0.6520000000000006,0.18600000000000008,0,0.6520000000000006,0.18600000000000008,0,1,0,0,0,185,128,17,-5.217960387912601,185.0
3,899,0.8,0.4610000000000003,0,0.8,0.4610000000000003,1,0,0,1,0,244,185,12,1.1714932949775054,220.56486282189837
0,900,0.5300000000000001,0.14000000000000004,0,0.5300000000000001,0.14000000000000004,0,1,0,0,0,196,137,18,-5.449467918984592,196.0
1,900,0.7220000000000011,0.2680000000000001,0,0.7220000000000011,0.2680000000000001,1,1,0,1,0,275,216,14,1.3752910598716817,247.59167748982813
2,900,0.6560000000000006,0.18800000000000008,0,0.6560000000000006,0.18800000000000008,1,1,0,1,0,186,129,17,-5.166667093525051,186.0
3,900,0.8,0.4630000000000003,0,0.8,0.4630000000000003,1,1,0,1,0,245,186,12,1.2227865893650574,220.56486282189837
0,901,0.5340000000000001,0.14200000000000004,0,0.5340000000000001,0.14200000000000004,0,1,0,0,0,196,137,18,-5.449467918984592,196.0
1,901,0.7320000000000011,0.27000000000000013,0,0.7320000000000011,0.27000000000000013,0,1,1,0,0,275,216,14,1.3752910598716817,247.59167748982813
2,901,0.6660000000000006,0.19000000000000009,0,0.6660000000000006,0.19000000000000009,0,1,0,0,0,186,129,17,-5.166667093525051,186.0
3,901,0.8,0.4650000000000003,0,0.8,0.4650000000000003,1,1,0,1,0,246,187,12,1.2740798837526075,220.56486282189837
0,902,0.5380000000000001,0.14400000000000004,0,0.5380000000000001,0.14400000000000004,0,0,0,0,0,196,137,18,-5.449467918984592,196.0
1,902,0.7360000000000011,0.27200000000000013,0,0.7360000000000011,0.27200000000000013,1,1,0,1,0,276,217,14,1.4265843542592318,247.59167748982813
2,902,0.6700000000000006,0.1920000000000001,0,0.6700000000000006,0.1920000000000001,0,0,0,0,0,186,129,17,-5.166667093525051,186.0
3,902,0.8,0.4670000000000003,0,0.8,0.4670000000000003,0,1,0,0,0,246,187,12,1.2740798837526075,220.56486282189837
0,903,0.5420000000000001,0.14600000000000005,0,0.5420000000000001,0.14600000000000005,0,1,0,0,0,196,137,18,-5.449467918984592,196.0
1,903,0.7460000000000011,0.27400000000000013,0,0.7460000000000011,0.27400000000000013,0,1,0,0,0,276,217,14,1.4265843542592318,247.59167748982813
2,903,0.6740000000000006,0.1940000000000001,0,0.6740000000000006,0.1940000000000001,0,0,0,0,0,186,129,17,-5.166667093525051,186.0
3,903,0.8,0.4690000000000003,0,0.8,0.4690000000000003,0,1,0,0,0,246,187,12,1.2740798837526075,220.56486282189837
0,904,0.5460000000000002,0.14800000000000005,0,0.5460000000000002,0.14800000000000005,0,0,0,0,0,196,137,18,-5.449467918984592,196.0
1,904,0.7500000000000011,0.27600000000000013,0,0.7500000000000011,0.27600000000000013,0,1,0,0,0,276,217,14,1.4265843542592318,247.59167748982813
2,904,0.6780000000000006,0.1960000000000001,0,0.6780000000000006,0.1960000000000001,1,1,0,1,0,187,130,17,-5.1153737991375,187.0
3,904,0.8,0.4710000000000003,0,0.8,0.4710000000000003,1,0,0,1,0,247,187,12,1.2740798837526075,220.56486282189837
0,905,0.5500000000000002,0.15000000000000005,0,0.5500000000000002,0.15000000000000005,0,0,0,0,0,196,137,18,-5.449467918984592,196.0
1,905,0.7540000000000011,0.27800000000000014,0,0.7540000000000011,0.27800000000000014,0,1,0,0,0,276,217,14,1.4265843542592318,247.59167748982813
2,905,0.6880000000000006,0.1980000000000001,0,0.6880000000000006,0.1980000000000001,0,1,0,0,0,187,130,17,-5.1153737991375,187.0
3,905,0.8,0.4730000000000003,0,0.8,0.4730000000000003,1,1,0,1,0,248,188,12,1.3253731781401576,220.56486282189837
0,906,0.5540000000000002,0.15200000000000005,0,0.5540000000000002,0.15200000000000005,0,1,0,0,0,196,137,18,-5.449467918984592,196.0
1,906,0.7580000000000011,0.28000000000000014,0,0.7580000000000011,0.28000000000000014,1,1,0,1,0,277,218,14,1.4778776486467837,247.59167748982813
2,906,0.6920000000000006,0.2000000000000001,0,0.6920000000000006,0.2000000000000001,1,1,0,1,0,188,131,17,-5.06408050474995,188.0
3,906,0.8,0.4750000000000003,0,0.8,0.4750000000000003,0,1,0,0,0,248,188,12,1.3253731781401576,220.56486282189837
0,907,0.5580000000000002,0.15400000000000005,0,0.5580000000000002,0.15400000000000005,0,0,0,0,0,196,137,18,-5.449467918984592,196.0
1,907,0.7680000000000011,0.28200000000000014,0,0.7680000000000011,0.28200000000000014,1,1,0,1,0,278,219,14,1.5291709430343339,247.59167748982813
2,907,0.7020000000000006,0.2020000000000001,0,0.7020000000000006,0.2020000000000001,1,1,1,1,1,189,132,18,-5.705934390922344,189.0
3,907,0.8,0.4770000000000003,0,0.8,0.4770000000000003,1,0,1,1,0,249,188,12,1.3253731781401576,220.56486282189837
0,908,0.5620000000000002,0.15600000000000006,0,0.5620000000000002,0.15600000000000006,0,1,0,0,0,196,137,18,-5.449467918984592,196.0
1,908,0.7780000000000011,0.28400000000000014,0,0.7780000000000011,0.28400000000000014,0,1,0,0,0,278,219,14,1.5291709430343339,247.59167748982813
2,908,0.5120000000000007,0.1,8,0.5120000000000007,0.05,0,0,0,0,0,189,132,18,-5.705934390922344,189.0
3,908,0.8,0.5040000000000003,0,0.8,0.5040000000000003,0,1,0,0,0,249,188,12,1.3253731781401576,220.56486282189837
0,909,0.5660000000000002,0.15800000000000006,0,0.5660000000000002,0.15800000000000006,0,1,0,0,0,196,137,18,-5.449467918984592,196.0
1,909,0.7820000000000011,0.28600000000000014,0,0.7820000000000011,0.28600000000000014,1,0,0,1,0,279,219,14,1.5291709430343339,247.59167748982813
2,909,0.5160000000000007,0.10200000000000001,7,0.5160000000000007,0.05,0,1,0,0,0,189,132,18,-5.705934390922344,189.0
3,909,0.8,0.5060000000000003,0,0.8,0.5060000000000003,0,1,0,0,0,249,188,12,1.3253731781401576,220.56486282189837
0,910,0.5700000000000002,0.16000000000000006,0,0.5700000000000002,0.16000000000000006,0,0,0,0,0,196,137,18,-5.449467918984592,196.0
1,910,0.7920000000000011,0.28800000000000014,0,0.7920000000000011,0.28800000000000014,1,1,0,1,0,280,220,14,1.580464237421884,247.59167748982813
2,910,0.5200000000000007,0.10400000000000001,6,0.5200000000000007,0.05,0,1,0,0,0,189,132,18,-5.705934390922344,189.0
3,910,0.8,0.5080000000000003,0,0.8,0.5080000000000003,1,1,0,1,0,250,189,12,1.3766664725277078,220.56486282189837
0,911,0.5740000000000002,0.16200000000000006,0,0.5740000000000002,0.16200000000000006,0,1,0,0,0,196,137,18,-5.449467918984592,196.0
1,911,0.8,0.29000000000000015,0,0.8,0.29000000000000015,0,1,0,0,0,280,220,14,1.580464237421884,247.59167748982813
2,911,0.5240000000000007,0.10600000000000001,5,0.5240000000000007,0.05,0,0,1,0,0,189,132,18,-5.705934390922344,189.0
3,911,0.8,0.5100000000000003,0,0.8,0.5100000000000003,1,1,0,1,0,251,190,12,1.4279597669152597,220.56486282189837
0,912,0.5780000000000002,0.16400000000000006,0,0.5780000000000002,0.16400000000000006,1,0,0,1,0,197,137,18,-5.449467918984592,197.0
1,912,0.8,0.29200000000000015,0,0.8,0.29200000000000015,1,1,0,1,0,281,221,14,1.6317575318094342,247.59167748982813
2,912,0.5280000000000007,0.10800000000000001,4,0.5280000000000007,0.05,0,1,0,0,0,189,132,18,-5.705934390922344,189.0
3,912,0.8,0.5120000000000003,0,0.8,0.5120000000000003,1,0,0,1,0,252,190,12,1.4279597669152597,220.56486282189837
0,913,0.5880000000000002,0.16600000000000006,0,0.5880000000000002,0.16600000000000006,0,0,0,0,0,197,137,18,-5.449467918984592,197.0
1,913,0.8,0.29400000000000015,0,0.8,0.29400000000000015,0,1,0,0,0,281,221,14,1.6317575318094342,247.59167748982813
2,913,0.5320000000000007,0.11000000000000001,3,0.5320000000000007,0.05,0,0,0,0,0,189,132,18,-5.705934390922344,189.0
3,913,0.8,0.5140000000000003,0,0.8,0.5140000000000003,1,1,0,1,0,253,191,12,1.4792530613028099,220.56486282189837
0,914,0.5920000000000002,0.16800000000000007,0,0.5920000000000002,0.16800000000000007,0,0,0,0,0,197,137,18,-5.449467918984592,197.0
1,914,0.8,0.29600000000000015,0,0.8,0.29600000000000015,1,1,0,1,0,282,222,14,1.683050826196986,247.59167748982813
2,914,0.5360000000000007,0.11200000000000002,2,0.5360000000000007,0.05,0,0,0,0,0,189,132,18,-5.705934390922344,189.0
3,914,0.8,0.5160000000000003,0,0.8,0.5160000000000003,0,1,0,0,0,253,191,12,1.4792530613028099,220.56486282189837
0,915,0.5960000000000002,0.17000000000000007,0,0.5960000000000002,0.17000000000000007,0,0,0,0,0,197,137,18,-5.449467918984592,197.0
1,915,0.8,0.29800000000000015,0,0.8,0.29800000000000015,0,1,0,0,0,282,222,14,1.683050826196986,247.59167748982813
2,915,0.5400000000000007,0.11400000000000002,1,0.5400000000000007,0.05,0,1,0,0,0,189,132,18,-5.705934390922344,189.0
3,915,0.8,0.5180000000000003,0,0.8,0.5180000000000003,1,1,0,1,0,254,192,12,1.53054635569036,220.56486282189837
0,916,0.6000000000000002,0.17200000000000007,0,0.6000000000000002,0.17200000000000007,0,0,0,0,0,197,137,18,-5.449467918984592,197.0
1,916,0.8,0.30000000000000016,0,0.8,0.30000000000000016,1,0,0,1,0,283,222,14,1.683050826196986,247.59167748982813
2,916,0.5440000000000007,0.11600000000000002,0,0.5440000000000007,0.11600000000000002,0,1,0,0,0,189,132,18,-5.705934390922344,189.0
3,916,0.8,0.5200000000000004,0,0.8,0.5200000000000004,1,1,0,1,0,255,193,12,1.5818396500779102,220.56486282189837
0,917,0.6040000000000002,0.17400000000000007,0,0.6040000000000002,0.17400000000000007,0,1,0,0,0,197,137,18,-5.449467918984592,197.0
1,917,0.8,0.30200000000000016,0,0.8,0.30200000000000016,0,1,0,0,0,283,222,14,1.683050826196986,247.59167748982813
2,917,0.5480000000000007,0.11800000000000002,0,0.5480000000000007,0.11800000000000002,0,1,0,0,0,189,132,18,-5.705934390922344,189.0
3,917,0.8,0.5220000000000004,0,0.8,0.5220000000000004,1,0,0,1,0,256,193,12,1.5818396500779102,220.56486282189837
0,918,0.6080000000000002,0.17600000000000007,0,0.6080000000000002,0.17600000000000007,1,1,0,1,0,198,138,18,-5.398174624597042,198.0
1,918,0.8,0.30400000000000016,0,0.8,0.30400000000000016,1,1,0,1,0,284,223,14,1.7343441205845362,247.59167748982813
2,918,0.5520000000000007,0.12000000000000002,0,0.5520000000000007,0.12000000000000002,0,1,0,0,0,189,132,18,-5.705934390922344,189.0
3,918,0.8,0.5240000000000004,0,0.8,0.5240000000000004,0,1,1,0,0,256,193,12,1.5818396500779102,220.56486282189837
0,919,0.6180000000000002,0.17800000000000007,0,0.6180000000000002,0.17800000000000007,0,0,0,0,0,198,138,18,-5.398174624597042,198.0
1,919,0.8,0.30600000000000016,0,0.8,0.30600000000000016,1,1,0,1,0,285,224,14,1.7856374149720864,247.59167748982813
2,919,0.5560000000000007,0.12200000000000003,0,0.5560000000000007,0.12200000000000003,0,0,0,0,0,189,132,18,-5.705934390922344,189.0
3,919,0.8,0.5260000000000004,0,0.8,0.5260000000000004,1,1,0,1,0,257,194,12,1.6331329444654603,220.56486282189837
0,920,0.6220000000000002,0.18000000000000008,0,0.6220000000000002,0.18000000000000008,1,1,0,1,0,199,139,18,-5.346881330209491,199.0
1,920,0.8,0.30800000000000016,0,0.8,0.30800000000000016,1,1,0,1,0,286,225,14,1.8369307093596365,247.59167748982813
2,920,0.5600000000000007,0.12400000000000003,0,0.5600000000000007,0.12400000000000003,0,1,1,0,0,189,132,18,-5.705934390922344,189.0
3,920,0.8,0.5280000000000004,0,0.8,0.5280000000000004,0,0,0,0,0,257,194,12,1.6331329444654603,220.56486282189837
0,921,0.6320000000000002,0.18200000000000008,0,0.6320000000000002,0.18200000000000008,0,0,0,0,0,199,139,18,-5.346881330209491,199.0
1,921,0.8,0.31000000000000016,0,0.8,0.31000000000000016,0,1,0,0,0,286,225,14,1.8369307093596365,247.59167748982813
2,921,0.5640000000000007,0.12600000000000003,0,0.5640000000000007,0.12600000000000003,0,1,1,0,0,189,132,18,-5.705934390922344,189.0
3,921,0.8,0.5300000000000004,0,0.8,0.5300000000000004,1,0,0,1,0,258,194,12,1.6331329444654603,220.56486282189837
0,922,0.6360000000000002,0.18400000000000008,0,0.6360000000000002,0.18400000000000008,1,1,0,1,0,200,140,18,-5.2955880358219405,200.0
1,922,0.8,0.31200000000000017,0,0.8,0.31200000000000017,0,0,0,0,0,286,225,14,1.8369307093596365,247.59167748982813
2,922,0.5680000000000007,0.12800000000000003,0,0.5680000000000007,0.12800000000000003,0,1,0,0,0,189,132,18,-5.705934390922344,189.0
3,922,0.8,0.5320000000000004,0,0.8,0.5320000000000004,0,1,0,0,0,258,194,12,1.6331329444654603,220.56486282189837
0,923,0.6460000000000002,0.18600000000000008,0,0.6460000000000002,0.18600000000000008,0,1,0,0,0,200,140,18,-5.2955880358219405,200.0
1,923,0.8,0.31400000000000017,0,0.8,0.31400000000000017,0,1,0,0,0,286,225,14,1.8369307093596365,247.59167748982813
2,923,0.5720000000000007,0.13000000000000003,0,0.5720000000000007,0.13000000000000003,0,1,0,0,0,189,132,18,-5.705934390922344,189.0
3,923,0.8,0.5340000000000004,0,0.8,0.5340000000000004,1,1,1,1,1,259,195,13,0.9912790582930668,234.07827015586327
0,924,0.6500000000000002,0.18800000000000008,0,0.6500000000000002,0.18800000000000008,0,0,0,0,0,200,140,18,-5.2955880358219405,200.0
1,924,0.8,0.31600000000000017,0,0.8,0.31600000000000017,0,1,0,0,0,286,225,14,1.8369307093596365,247.59167748982813
2,924,0.5760000000000007,0.13200000000000003,0,0.5760000000000007,0.13200000000000003,0,0,0,0,0,189,132,18,-5.705934390922344,189.0
3,924,0.6100000000000001,0.23600000000000038,8,0.6100000000000001,0.05,0,0,0,0,0,259,195,13,0.9912790582930668,234.07827015586327
0,925,0.6540000000000002,0.19000000000000009,0,0.6540000000000002,0.19000000000000009,0,1,0,0,0,200,140,18,-5.2955880358219405,200.0
1,925,0.8,0.31800000000000017,0,0.8,0.31800000000000017,1,1,0,1,0,287,226,14,1.8882240037471867,247.59167748982813
2,925,0.5800000000000007,0.13400000000000004,0,0.5800000000000007,0.13400000000000004,0,0,0,0,0,189,132,18,-5.705934390922344,189.0
3,925,0.6140000000000001,0.23800000000000038,7,0.6140000000000001,0.05,0,1,0,0,0,259,195,13,0.9912790582930668,234.07827015586327
0,926,0.6580000000000003,0.1920000000000001,0,0.6580000000000003,0.1920000000000001,0,1,0,0,0,200,140,18,-5.2955880358219405,200.0
1,926,0.8,0.3200000000000002,0,0.8,0.3200000000000002,0,0,0,0,0,287,226,14,1.8882240037471867,247.59167748982813
2,926,0.5840000000000007,0.13600000000000004,0,0.5840000000000007,0.13600000000000004,0,0,0,0,0,189,132,18,-5.705934390922344,189.0
3,926,0.6180000000000001,0.24000000000000038,6,0.6180000000000001,0.05,0,1,0,0,0,259,195,13,0.9912790582930668,234.07827015586327
0,927,0.6620000000000003,0.1940000000000001,0,0.6620000000000003,0.1940000000000001,0,0,0,0,0,200,140,18,-5.2955880358219405,200.0
1,927,0.8,0.3220000000000002,0,0.8,0.3220000000000002,0,0,0,0,0,287,226,14,1.8882240037471867,247.59167748982813
2,927,0.5880000000000007,0.13800000000000004,0,0.5880000000000007,0.13800000000000004,0,1,0,0,0,189,132,18,-5.705934390922344,189.0
3,927,0.6220000000000001,0.24200000000000038,5,0.6220000000000001,0.05,0,1,0,0,0,259,195,13,0.9912790582930668,234.07827015586327
0,928,0.6660000000000003,0.1960000000000001,0,0.6660000000000003,0.1960000000000001,0,1,0,0,0,200,140,18,-5.2955880358219405,200.0
1,928,0.8,0.3240000000000002,0,0.8,0.3240000000000002,0,1,0,0,0,287,226,14,1.8882240037471867,247.59167748982813
2,928,0.5920000000000007,0.14000000000000004,0,0.5920000000000007,0.14000000000000004,1,0,0,1,0,190,132,18,-5.705934390922344,190.0
3,928,0.6260000000000001,0.24400000000000038,4,0.6260000000000001,0.05,0,1,0,0,0,259,195,13,0.9912790582930668,234.07827015586327
0,929,0.6700000000000003,0.1980000000000001,0,0.6700000000000003,0.1980000000000001,0,0,0,0,0,200,140,18,-5.2955880358219405,200.0
1,929,0.8,0.3260000000000002,0,0.8,0.3260000000000002,1,1,0,1,0,288,227,14,1.9395172981347386,247.59167748982813
2,929,0.6020000000000008,0.14200000000000004,0,0.6020000000000008,0.14200000000000004,1,1,0,1,0,191,133,18,-5.654641096534794,191.0
3,929,0.6300000000000001,0.24600000000000039,3,0.6300000000000001,0.05,0,1,0,0,0,259,195,13,0.9912790582930668,234.07827015586327
0,930,0.6740000000000003,0.2000000000000001,0,0.6740000000000003,0.2000000000000001,1,0,0,1,0,201,140,18,-5.2955880358219405,201.0
1,930,0.8,0.3280000000000002,0,0.8,0.3280000000000002,1,1,0,1,0,289,228,14,1.9908105925222888,247.59167748982813
2,930,0.6120000000000008,0.14400000000000004,0,0.6120000000000008,0.14400000000000004,0,1,0,0,0,191,133,18,-5.654641096534794,191.0
3,930,0.6340000000000001,0.2480000000000004,2,0.6340000000000001,0.05,0,1,0,0,0,259,195,13,0.9912790582930668,234.07827015586327
0,931,0.6840000000000003,0.2020000000000001,0,0.6840000000000003,0.2020000000000001,0,0,0,0,0,201,140,18,-5.2955880358219405,201.0
1,931,0.8,0.3300000000000002,0,0.8,0.3300000000000002,0,1,0,0,0,289,228,14,1.9908105925222888,247.59167748982813
2,931,0.6160000000000008,0.14600000000000005,0,0.6160000000000008,0.14600000000000005,0,1,0,0,0,191,133,18,-5.654641096534794,191.0
3,931,0.6380000000000001,0.2500000000000004,1,0.6380000000000001,0.05,0,1,1,0,0,259,195,13,0.9912790582930668,234.07827015586327
0,932,0.6880000000000003,0.2040000000000001,0,0.6880000000000003,0.2040000000000001,0,0,1,0,0,201,140,18,-5.2955880358219405,201.0
1,932,0.8,0.3320000000000002,0,0.8,0.3320000000000002,0,1,0,0,0,289,228,14,1.9908105925222888,247.59167748982813
2,932,0.6200000000000008,0.14800000000000005,0,0.6200000000000008,0.14800000000000005,0,0,0,0,0,191,133,18,-5.654641096534794,191.0
3,932,0.6420000000000001,0.2520000000000004,0,0.6420000000000001,0.2520000000000004,0,0,0,0,0,259,195,13,0.9912790582930668,234.07827015586327
0,933,0.6920000000000003,0.2060000000000001,0,0.6920000000000003,0.2060000000000001,0,1,0,0,0,201,140,18,-5.2955880358219405,201.0
1,933,0.8,0.3340000000000002,0,0.8,0.3340000000000002,0,0,0,0,0,289,228,14,1.9908105925222888,247.59167748982813
2,933,0.6240000000000008,0.15000000000000005,0,0.6240000000000008,0.15000000000000005,0,1,0,0,0,191,133,18,-5.654641096534794,191.0
3,933,0.6460000000000001,0.2540000000000004,0,0.6460000000000001,0.2540000000000004,1,0,0,1,0,260,195,13,0.9912790582930668,234.07827015586327
0,934,0.6960000000000003,0.2080000000000001,0,0.6960000000000003,0.2080000000000001,0,1,0,0,0,201,140,18,-5.2955880358219405,201.0
1,934,0.8,0.3360000000000002,0,0.8,0.3360000000000002,1,1,0,1,0,290,229,14,2.042103886909839,247.59167748982813
2,934,0.6280000000000008,0.15200000000000005,0,0.6280000000000008,0.15200000000000005,0,0,0,0,0,191,133,18,-5.654641096534794,191.0
3,934,0.6560000000000001,0.2560000000000004,0,0.6560000000000001,0.2560000000000004,0,1,0,0,0,260,195,13,0.9912790582930668,234.07827015586327
0,935,0.7000000000000003,0.2100000000000001,0,0.7000000000000003,0.2100000000000001,1,1,0,1,0,202,141,18,-5.2442947414343895,202.0
1,935,0.8,0.3380000000000002,0,0.8,0.3380000000000002,1,1,0,1,0,291,230,14,2.093397181297389,247.59167748982813
2,935,0.6320000000000008,0.15400000000000005,0,0.6320000000000008,0.15400000000000005,0,0,0,0,0,191,133,18,-5.654641096534794,191.0
3,935,0.6600000000000001,0.2580000000000004,0,0.6600000000000001,0.2580000000000004,0,0,1,0,0,260,195,13,0.9912790582930668,234.07827015586327
0,936,0.7100000000000003,0.2120000000000001,0,0.7100000000000003,0.2120000000000001,0,0,0,0,0,202,141,18,-5.2442947414343895,202.0
1,936,0.8,0.3400000000000002,0,0.8,0.3400000000000002,0,1,0,0,0,291,230,14,2.093397181297389,247.59167748982813
2,936,0.6360000000000008,0.15600000000000006,0,0.6360000000000008,0.15600000000000006,0,1,0,0,0,191,133,18,-5.654641096534794,191.0
3,936,0.6640000000000001,0.2600000000000004,0,0.6640000000000001,0.2600000000000004,0,1,0,0,0,260,195,13,0.9912790582930668,234.07827015586327
0,937,0.7140000000000003,0.2140000000000001,0,0.7140000000000003,0.2140000000000001,0,1,0,0,0,202,141,18,-5.2442947414343895,202.0
1,937,0.8,0.3420000000000002,0,0.8,0.3420000000000002,0,1,0,0,0,291,230,14,2.093397181297389,247.59167748982813
2,937,0.6400000000000008,0.15800000000000006,0,0.6400000000000008,0.15800000000000006,0,0,0,0,0,191,133,18,-5.654641096534794,191.0
3,937,0.6680000000000001,0.2620000000000004,0,0.6680000000000001,0.2620000000000004,1,1,0,1,0,261,196,13,1.042572352680617,234.07827015586327
0,938,0.7180000000000003,0.2160000000000001,0,0.7180000000000003,0.2160000000000001,0,0,0,0,0,202,141,18,-5.2442947414343895,202.0
1,938,0.8,0.3440000000000002,0,0.8,0.3440000000000002,1,1,0,1,0,292,231,14,2.144690475684941,247.59167748982813
2,938,0.6440000000000008,0.16000000000000006,0,0.6440000000000008,0.16000000000000006,0,1,0,0,0,191,133,18,-5.654641096534794,191.0
3,938,0.6780000000000002,0.2640000000000004,0,0.6780000000000002,0.2640000000000004,0,1,0,0,0,261,196,13,1.042572352680617,234.07827015586327
0,939,0.7220000000000003,0.2180000000000001,0,0.7220000000000003,0.2180000000000001,0,0,0,0,0,202,141,18,-5.2442947414343895,202.0
1,939,0.8,0.3460000000000002,0,0.8,0.3460000000000002,0,1,0,0,0,292,231,14,2.144690475684941,247.59167748982813
2,939,0.6480000000000008,0.16200000000000006,0,0.6480000000000008,0.16200000000000006,0,1,0,0,0,191,133,18,-5.654641096534794,191.0
3,939,0.6820000000000002,0.2660000000000004,0,0.6820000000000002,0.2660000000000004,0,1,0,0,0,261,196,13,1.042572352680617,234.07827015586327
0,940,0.7260000000000003,0.2200000000000001,0,0.7260000000000003,0.2200000000000001,0,1,0,0,0,202,141,18,-5.2442947414343895,202.0
1,940,0.8,0.3480000000000002,0,0.8,0.3480000000000002,1,1,0,1,0,293,232,14,2.195983770072491,247.59167748982813
2,940,0.6520000000000008,0.16400000000000006,0,0.6520000000000008,0.16400000000000006,0,1,0,0,0,191,133,18,-5.654641096534794,191.0
3,940,0.6860000000000002,0.2680000000000004,0,0.6860000000000002,0.2680000000000004,1,1,0,1,0,262,197,13,1.0938656470681671,234.07827015586327
0,941,0.7300000000000003,0.22200000000000011,0,0.7300000000000003,0.22200000000000011,1,0,0,1,0,203,141,18,-5.2442947414343895,203.0
1,941,0.8,0.3500000000000002,0,0.8,0.3500000000000002,0,1,0,0,0,293,232,14,2.195983770072491,247.59167748982813
2,941,0.6560000000000008,0.16600000000000006,0,0.6560000000000008,0.16600000000000006,1,1,0,1,0,192,134,18,-5.603347802147243,192.0
3,941,0.6960000000000002,0.2700000000000004,0,0.6960000000000002,0.2700000000000004,0,1,0,0,0,262,197,13,1.0938656470681671,234.07827015586327
0,942,0.7400000000000003,0.22400000000000012,0,0.7400000000000003,0.22400000000000012,0,1,0,0,0,203,141,18,-5.2442947414343895,203.0
1,942,0.8,0.3520000000000002,0,0.8,0.3520000000000002,1,1,0,1,0,294,233,14,2.2472770644600413,247.59167748982813
2,942,0.6660000000000008,0.16800000000000007,0,0.6660000000000008,0.16800000000000007,0,0,0,0,0,192,134,18,-5.603347802147243,192.0
3,942,0.7000000000000002,0.2720000000000004,0,0.7000000000000002,0.2720000000000004,1,1,0,1,0,263,198,13,1.1451589414557173,234.07827015586327
0,943,0.7440000000000003,0.22600000000000012,0,0.7440000000000003,0.22600000000000012,0,0,1,0,0,203,141,18,-5.2442947414343895,203.0
1,943,0.8,0.3540000000000002,0,0.8,0.3540000000000002,0,0,0,0,0,294,233,14,2.2472770644600413,247.59167748982813
2,943,0.6700000000000008,0.17000000000000007,0,0.6700000000000008,0.17000000000000007,0,1,0,0,0,192,134,18,-5.603347802147243,192.0
3,943,0.7100000000000002,0.2740000000000004,0,0.7100000000000002,0.2740000000000004,1,1,0,1,0,264,199,13,1.1964522358432692,234.07827015586327
0,944,0.7480000000000003,0.22800000000000012,0,0.7480000000000003,0.22800000000000012,1,1,0,1,0,204,142,18,-5.193001447046839,204.0
1,944,0.8,0.3560000000000002,0,0.8,0.3560000000000002,1,1,1,1,1,295,234,15,1.605423178287646,261.10508482379305
2,944,0.6740000000000008,0.17200000000000007,0,0.6740000000000008,0.17200000000000007,1,0,0,1,0,193,134,18,-5.603347802147243,193.0
3,944,0.7200000000000002,0.2760000000000004,0,0.7200000000000002,0.2760000000000004,0,0,0,0,0,264,199,13,1.1964522358432692,234.07827015586327
0,945,0.7580000000000003,0.23000000000000012,0,0.7580000000000003,0.23000000000000012,1,1,0,1,0,205,143,18,-5.141708152659288,205.0
1,945,0.6100000000000001,0.1,8,0.6100000000000001,0.05,0,1,0,0,0,295,234,15,1.605423178287646,261.10508482379305
2,945,0.6840000000000008,0.17400000000000007,0,0.6840000000000008,0.17400000000000007,0,0,1,0,0,193,134,18,-5.603347802147243,193.0
3,945,0.7240000000000002,0.2780000000000004,0,0.7240000000000002,0.2780000000000004,0,1,0,0,0,264,199,13,1.1964522358432692,234.07827015586327
0,946,0.7680000000000003,0.23200000000000012,0,0.7680000000000003,0.23200000000000012,1,0,0,1,0,206,143,18,-5.141708152659288,206.0
1,946,0.6140000000000001,0.10200000000000001,7,0.6140000000000001,0.05,0,1,1,0,0,295,234,15,1.605423178287646,261.10508482379305
2,946,0.6880000000000008,0.17600000000000007,0,0.6880000000000008,0.17600000000000007,0,1,0,0,0,193,134,18,-5.603347802147243,193.0
3,946,0.7280000000000002,0.2800000000000004,0,0.7280000000000002,0.2800000000000004,1,0,0,1,0,265,199,13,1.1964522358432692,234.07827015586327
0,947,0.7780000000000004,0.23400000000000012,0,0.7780000000000004,0.23400000000000012,0,1,1,0,0,206,143,18,-5.141708152659288,206.0
1,947,0.6180000000000001,0.10400000000000001,6,0.6180000000000001,0.05,0,1,0,0,0,295,234,15,1.605423178287646,261.10508482379305
2,947,0.6920000000000008,0.17800000000000007,0,0.6920000000000008,0.17800000000000007,0,1,0,0,0,193,134,18,-5.603347802147243,193.0
3,947,0.7380000000000002,0.2820000000000004,0,0.7380000000000002,0.2820000000000004,1,1,0,1,0,266,200,13,1.2477455302308194,234.07827015586327
0,948,0.7820000000000004,0.23600000000000013,0,0.7820000000000004,0.23600000000000013,1,1,0,1,0,207,144,18,-5.090414858271738,207.0
1,948,0.6220000000000001,0.10600000000000001,5,0.6220000000000001,0.05,0,0,0,0,0,295,234,15,1.605423178287646,261.10508482379305
2,948,0.6960000000000008,0.18000000000000008,0,0.6960000000000008,0.18000000000000008,0,0,0,0,0,193,134,18,-5.603347802147243,193.0
3,948,0.7480000000000002,0.2840000000000004,0,0.7480000000000002,0.2840000000000004,0,0,0,0,0,266,200,13,1.2477455302308194,234.07827015586327
0,949,0.7920000000000004,0.23800000000000013,0,0.7920000000000004,0.23800000000000013,1,0,1,1,0,208,144,18,-5.090414858271738,208.0
1,949,0.6260000000000001,0.10800000000000001,4,0.6260000000000001,0.05,0,1,0,0,0,295,234,15,1.605423178287646,261.10508482379305
2,949,0.7000000000000008,0.18200000000000008,0,0.7000000000000008,0.18200000000000008,0,1,0,0,0,193,134,18,-5.603347802147243,193.0
3,949,0.7520000000000002,0.2860000000000004,0,0.7520000000000002,0.2860000000000004,0,1,0,0,0,266,200,13,1.2477455302308194,234.07827015586327
0,950,0.8,0.2650000000000001,0,0.8,0.2650000000000001,0,1,0,0,0,208,144,18,-5.090414858271738,208.0
1,950,0.6300000000000001,0.11000000000000001,3,0.6300000000000001,0.05,1,1,0,1,0,296,235,15,1.6567164726751962,261.10508482379305
2,950,0.7040000000000008,0.18400000000000008,0,0.7040000000000008,0.18400000000000008,0,0,1,0,0,193,134,18,-5.603347802147243,193.0
3,950,0.7560000000000002,0.2880000000000004,0,0.7560000000000002,0.2880000000000004,0,1,0,0,0,266,200,13,1.2477455302308194,234.07827015586327
0,951,0.8,0.2670000000000001,0,0.8,0.2670000000000001,1,1,1,1,1,209,145,19,-5.732268744444133,209.0
1,951,0.6400000000000001,0.11200000000000002,2,0.6400000000000001,0.05,0,0,0,0,0,296,235,15,1.6567164726751962,261.10508482379305
2,951,0.7080000000000009,0.18600000000000008,0,0.7080000000000009,0.18600000000000008,0,0,0,0,0,193,134,18,-5.603347802147243,193.0
3,951,0.7600000000000002,0.2900000000000004,0,0.7600000000000002,0.2900000000000004,0,1,1,0,0,266,200,13,1.2477455302308194,234.07827015586327
0,952,0.6100000000000001,0.1,8,0.6100000000000001,0.05,0,0,0,0,0,209,145,19,-5.732268744444133,209.0
1,952,0.6440000000000001,0.11400000000000002,1,0.6440000000000001,0.05,0,1,0,0,0,296,235,15,1.6567164726751962,261.10508482379305
2,952,0.7120000000000009,0.18800000000000008,0,0.7120000000000009,0.18800000000000008,0,1,0,0,0,193,134,18,-5.603347802147243,193.0
3,952,0.7640000000000002,0.2920000000000004,0,0.7640000000000002,0.2920000000000004,0,0,0,0,0,266,200,13,1.2477455302308194,234.07827015586327
0,953,0.6140000000000001,0.10200000000000001,7,0.6140000000000001,0.05,0,1,0,0,0,209,145,19,-5.732268744444133,209.0
1,953,0.6480000000000001,0.11600000000000002,0,0.6480000000000001,0.11600000000000002,0,0,0,0,0,296,235,15,1.6567164726751962,261.10508482379305
2,953,0.7160000000000009,0.19000000000000009,0,0.7160000000000009,0.19000000000000009,1,1,0,1,0,194,135,18,-5.552054507759693,194.0
3,953,0.7680000000000002,0.2940000000000004,0,0.7680000000000002,0.2940000000000004,1,1,0,1,0,267,201,13,1.2990388246183695,234.07827015586327
0,954,0.6180000000000001,0.10400000000000001,6,0.6180000000000001,0.05,0,1,0,0,0,209,145,19,-5.732268744444133,209.0
1,954,0.6520000000000001,0.11800000000000002,0,0.6520000000000001,0.11800000000000002,0,1,0,0,0,296,235,15,1.6567164726751962,261.10508482379305
2,954,0.7260000000000009,0.1920000000000001,0,0.7260000000000009,0.1920000000000001,1,1,0,1,0,195,136,18,-5.500761213372142,195.0
3,954,0.7780000000000002,0.29600000000000043,0,0.7780000000000002,0.29600000000000043,0,0,0,0,0,267,201,13,1.2990388246183695,234.07827015586327
0,955,0.6220000000000001,0.10600000000000001,5,0.6220000000000001,0.05,0,0,0,0,0,209,145,19,-5.732268744444133,209.0
1,955,0.6560000000000001,0.12000000000000002,0,0.6560000000000001,0.12000000000000002,0,1,0,0,0,296,235,15,1.6567164726751962,261.10508482379305
2,955,0.7360000000000009,0.1940000000000001,0,0.7360000000000009,0.1940000000000001,0,0,0,0,0,195,136,18,-5.500761213372142,195.0
3,955,0.7820000000000003,0.29800000000000043,0,0.7820000000000003,0.29800000000000043,0,1,0,0,0,267,201,13,1.2990388246183695,234.07827015586327
0,956,0.6260000000000001,0.10800000000000001,4,0.6260000000000001,0.05,0,0,0,0,0,209,145,19,-5.732268744444133,209.0
1,956,0.6600000000000001,0.12200000000000003,0,0.6600000000000001,0.12200000000000003,0,0,0,0,0,296,235,15,1.6567164726751962,261.10508482379305
2,956,0.7400000000000009,0.1960000000000001,0,0.7400000000000009,0.1960000000000001,0,1,0,0,0,195,136,18,-5.500761213372142,195.0
3,956,0.7860000000000003,0.30000000000000043,0,0.7860000000000003,0.30000000000000043,1,1,0,1,0,268,202,13,1.3503321190059197,234.07827015586327
0,957,0.6300000000000001,0.11000000000000001,3,0.6300000000000001,0.05,0,1,0,0,0,209,145,19,-5.732268744444133,209.0
1,957,0.6640000000000001,0.12400000000000003,0,0.6640000000000001,0.12400000000000003,0,0,0,0,0,296,235,15,1.6567164726751962,261.10508482379305
2,957,0.7440000000000009,0.1980000000000001,0,0.7440000000000009,0.1980000000000001,0,1,0,0,0,195,136,18,-5.500761213372142,195.0
3,957,0.7960000000000003,0.30200000000000043,0,0.7960000000000003,0.30200000000000043,0,1,0,0,0,268,202,13,1.3503321190059197,234.07827015586327
0,958,0.6340000000000001,0.11200000000000002,2,0.6340000000000001,0.05,0,1,0,0,0,209,145,19,-5.732268744444133,209.0
1,958,0.6680000000000001,0.12600000000000003,0,0.6680000000000001,0.12600000000000003,0,1,0,0,0,296,235,15,1.6567164726751962,261.10508482379305
2,958,0.7480000000000009,0.2000000000000001,0,0.7480000000000009,0.2000000000000001,0,1,0,0,0,195,136,18,-5.500761213372142,195.0
3,958,0.8,0.30400000000000044,0,0.8,0.30400000000000044,0,1,0,0,0,268,202,13,1.3503321190059197,234.07827015586327
0,959,0.6380000000000001,0.11400000000000002,1,0.6380000000000001,0.05,0,1,0,0,0,209,145,19,-5.732268744444133,209.0
1,959,0.6720000000000002,0.12800000000000003,0,0.6720000000000002,0.12800000000000003,0,1,0,0,0,296,235,15,1.6567164726751962,261.10508482379305
2,959,0.7520000000000009,0.2020000000000001,0,0.7520000000000009,0.2020000000000001,0,1,0,0,0,195,136,18,-5.500761213372142,195.0
3,959,0.8,0.30600000000000044,0,0.8,0.30600000000000044,1,1,0,1,0,269,203,13,1.4016254133934698,234.07827015586327
0,960,0.6420000000000001,0.11600000000000002,0,0.6420000000000001,0.11600000000000002,1,1,0,1,0,210,146,19,-5.680975450056582,210.0
1,960,0.6760000000000002,0.13000000000000003,0,0.6760000000000002,0.13000000000000003,0,1,0,0,0,296,235,15,1.6567164726751962,261.10508482379305
2,960,0.7560000000000009,0.2040000000000001,0,0.7560000000000009,0.2040000000000001,0,1,0,0,0,195,136,18,-5.500761213372142,195.0
3,960,0.8,0.30800000000000044,0,0.8,0.30800000000000044,0,1,0,0,0,269,203,13,1.4016254133934698,234.07827015586327
0,961,0.6520000000000001,0.11800000000000002,0,0.8020000000000002,0.11800000000000002,0,1,0,0,0,210,146,19,-5.680975450056582,210.0
1,961,0.6800000000000002,0.13200000000000003,0,0.8300000000000002,0.13200000000000003,0,1,1,0,0,296,235,15,1.6567164726751962,261.10508482379305
2,961,0.7600000000000009,0.2060000000000001,0,0.9100000000000009,0.2060000000000001,0,1,1,0,0,195,136,18,-5.500761213372142,195.0
3,961,0.8,0.31000000000000044,0,0.95,0.31000000000000044,0,1,0,0,0,269,203,13,1.4016254133934698,234.07827015586327
0,962,0.6560000000000001,0.12000000000000002,0,0.8060000000000002,0.12000000000000002,0,1,0,0,0,210,146,19,-5.680975450056582,210.0
1,962,0.6840000000000002,0.13400000000000004,0,0.8340000000000002,0.13400000000000004,0,1,0,0,0,296,235,15,1.6567164726751962,261.10508482379305
2,962,0.7640000000000009,0.2080000000000001,0,0.9140000000000009,0.2080000000000001,1,1,0,1,0,196,137,18,-5.449467918984592,196.0
3,962,0.8,0.31200000000000044,0,0.95,0.31200000000000044,0,1,0,0,0,269,203,13,1.4016254133934698,234.07827015586327
0,963,0.6600000000000001,0.12200000000000003,0,0.8100000000000002,0.12200000000000003,0,1,0,0,0,210,146,19,-5.680975450056582,210.0
1,963,0.6880000000000002,0.13600000000000004,0,0.8380000000000002,0.13600000000000004,0,1,0,0,0,296,235,15,1.6567164726751962,261.10508482379305
2,963,0.7740000000000009,0.2100000000000001,0,0.9240000000000009,0.2100000000000001,0,1,0,0,0,196,137,18,-5.449467918984592,196.0
3,963,0.8,0.31400000000000045,0,0.95,0.31400000000000045,1,0,1,1,0,270,203,13,1.4016254133934698,234.07827015586327
0,964,0.6640000000000001,0.12400000000000003,0,0.8140000000000002,0.12400000000000003,1,1,0,1,0,211,147,19,-5.629682155669032,211.0
1,964,0.6920000000000002,0.13800000000000004,0,0.8420000000000002,0.13800000000000004,0,0,0,0,0,296,235,15,1.6567164726751962,261.10508482379305
2,964,0.7780000000000009,0.2120000000000001,0,0.9280000000000009,0.2120000000000001,0,1,0,0,0,196,137,18,-5.449467918984592,196.0
3,964,0.8,0.34100000000000047,0,0.95,0.34100000000000047,0,1,0,0,0,270,203,13,1.4016254133934698,234.07827015586327
0,965,0.6740000000000002,0.12600000000000003,0,0.8240000000000002,0.12600000000000003,0,1,1,0,0,211,147,19,-5.629682155669032,211.0
1,965,0.6960000000000002,0.14000000000000004,0,0.8460000000000002,0.14000000000000004,0,1,0,0,0,296,235,15,1.6567164726751962,261.10508482379305
2,965,0.7820000000000009,0.2140000000000001,0,0.9320000000000009,0.2140000000000001,0,1,0,0,0,196,137,18,-5.449467918984592,196.0
3,965,0.8,0.34300000000000047,0,0.95,0.34300000000000047,0,1,0,0,0,270,203,13,1.4016254133934698,234.07827015586327
0,966,0.6780000000000002,0.12800000000000003,0,0.8280000000000002,0.12800000000000003,0,1,0,0,0,211,147,19,-5.629682155669032,211.0
1,966,0.7000000000000002,0.14200000000000004,0,0.8500000000000002,0.14200000000000004,1,1,0,1,0,297,236,15,1.708009767062748,261.10508482379305
2,966,0.7860000000000009,0.2160000000000001,0,0.9360000000000009,0.2160000000000001,1,1,0,1,0,197,138,18,-5.398174624597042,197.0
3,966,0.8,0.3450000000000005,0,0.95,0.3450000000000005,0,1,0,0,0,270,203,13,1.4016254133934698,234.07827015586327
0,967,0.6820000000000002,0.13000000000000003,0,0.8320000000000002,0.13000000000000003,0,1,0,0,0,211,147,19,-5.629682155669032,211.0
1,967,0.7100000000000002,0.14400000000000004,0,0.8600000000000002,0.14400000000000004,0,0,0,0,0,297,236,15,1.708009767062748,261.10508482379305
2,967,0.7960000000000009,0.2180000000000001,0,0.946000000000001,0.2180000000000001,0,1,0,0,0,197,138,18,-5.398174624597042,197.0
3,967,0.8,0.3470000000000005,0,0.95,0.3470000000000005,0,1,0,0,0,270,203,13,1.4016254133934698,234.07827015586327
0,968,0.6860000000000002,0.13200000000000003,0,0.8360000000000002,0.13200000000000003,0,1,0,0,0,211,147,19,-5.629682155669032,211.0
1,968,0.7140000000000002,0.14600000000000005,0,0.8640000000000002,0.14600000000000005,0,0,0,0,0,297,236,15,1.708009767062748,261.10508482379305
2,968,0.8,0.2200000000000001,0,0.95,0.2200000000000001,0,1,0,0,0,197,138,18,-5.398174624597042,197.0
3,968,0.8,0.3490000000000005,0,0.95,0.3490000000000005,0,1,0,0,0,270,203,13,1.4016254133934698,234.07827015586327
0,969,0.6900000000000002,0.13400000000000004,0,0.8400000000000002,0.13400000000000004,0,1,0,0,0,211,147,19,-5.629682155669032,211.0
1,969,0.7180000000000002,0.14800000000000005,0,0.8680000000000002,0.14800000000000005,1,1,0,1,0,298,237,15,1.7593030614502982,261.10508482379305
2,969,0.8,0.22200000000000011,0,0.95,0.22200000000000011,0,1,0,0,0,197,138,18,-5.398174624597042,197.0
3,969,0.8,0.3510000000000005,0,0.95,0.3510000000000005,0,1,1,0,0,270,203,13,1.4016254133934698,234.07827015586327
0,970,0.6940000000000002,0.13600000000000004,0,0.8440000000000002,0.13600000000000004,1,1,0,1,0,212,148,19,-5.578388861281481,212.0
1,970,0.7280000000000002,0.15000000000000005,0,0.8780000000000002,0.15000000000000005,0,1,0,0,0,298,237,15,1.7593030614502982,261.10508482379305
2,970,0.8,0.22400000000000012,0,0.95,0.22400000000000012,0,1,0,0,0,197,138,18,-5.398174624597042,197.0
3,970,0.8,0.3530000000000005,0,0.95,0.3530000000000005,0,1,0,0,0,270,203,13,1.4016254133934698,234.07827015586327
0,971,0.7040000000000002,0.13800000000000004,0,0.8540000000000002,0.13800000000000004,0,1,1,0,0,212,148,19,-5.578388861281481,212.0
1,971,0.7320000000000002,0.15200000000000005,0,0.8820000000000002,0.15200000000000005,0,0,0,0,0,298,237,15,1.7593030614502982,261.10508482379305
2,971,0.8,0.22600000000000012,0,0.95,0.22600000000000012,1,1,0,1,0,198,139,18,-5.346881330209491,198.0
3,971,0.8,0.3550000000000005,0,0.95,0.3550000000000005,1,1,0,1,0,271,204,13,1.4529187077810217,234.07827015586327
0,972,0.7080000000000002,0.14000000000000004,0,0.8580000000000002,0.14000000000000004,1,1,0,1,0,213,149,19,-5.527095566893931,213.0
1,972,0.7360000000000002,0.15400000000000005,0,0.8860000000000002,0.15400000000000005,0,0,0,0,0,298,237,15,1.7593030614502982,261.10508482379305
2,972,0.8,0.22800000000000012,0,0.95,0.22800000000000012,1,1,0,1,0,199,140,18,-5.2955880358219405,199.0
3,972,0.8,0.3570000000000005,0,0.95,0.3570000000000005,0,1,0,0,0,271,204,13,1.4529187077810217,234.07827015586327
0,973,0.7180000000000002,0.14200000000000004,0,0.8680000000000002,0.14200000000000004,1,1,0,1,0,214,150,19,-5.47580227250638,214.0
1,973,0.7400000000000002,0.15600000000000006,0,0.8900000000000002,0.15600000000000006,0,1,0,0,0,298,237,15,1.7593030614502982,261.10508482379305
2,973,0.8,0.23000000000000012,0,0.95,0.23000000000000012,0,1,0,0,0,199,140,18,-5.2955880358219405,199.0
3,973,0.8,0.3590000000000005,0,0.95,0.3590000000000005,1,1,0,1,0,272,205,13,1.5042120021685719,234.07827015586327
0,974,0.7280000000000002,0.14400000000000004,0,0.8780000000000002,0.14400000000000004,0,1,0,0,0,214,150,19,-5.47580227250638,214.0
1,974,0.7440000000000002,0.15800000000000006,0,0.8940000000000002,0.15800000000000006,1,1,0,1,0,299,238,15,1.8105963558378484,261.10508482379305
2,974,0.8,0.23200000000000012,0,0.95,0.23200000000000012,1,1,0,1,0,200,141,18,-5.2442947414343895,200.0
3,974,0.8,0.3610000000000005,0,0.95,0.3610000000000005,1,1,0,1,0,273,206,13,1.555505296556122,234.07827015586327
0,975,0.7320000000000002,0.14600000000000005,0,0.8820000000000002,0.14600000000000005,0,1,0,0,0,214,150,19,-5.47580227250638,214.0
1,975,0.7540000000000002,0.16000000000000006,0,0.9040000000000002,0.16000000000000006,1,1,0,1,0,300,239,15,1.8618896502253985,261.10508482379305
2,975,0.8,0.23400000000000012,0,0.95,0.23400000000000012,1,1,0,1,0,201,142,18,-5.193001447046839,201.0
3,975,0.8,0.3630000000000005,0,0.95,0.3630000000000005,0,1,0,0,0,273,206,13,1.555505296556122,234.07827015586327
0,976,0.7360000000000002,0.14800000000000005,0,0.8860000000000002,0.14800000000000005,0,1,0,0,0,214,150,19,-5.47580227250638,214.0
1,976,0.7640000000000002,0.16200000000000006,0,0.9140000000000003,0.16200000000000006,0,1,0,0,0,300,239,15,1.8618896502253985,261.10508482379305
2,976,0.8,0.23600000000000013,0,0.95,0.23600000000000013,0,1,0,0,0,201,142,18,-5.193001447046839,201.0
3,976,0.8,0.3650000000000005,0,0.95,0.3650000000000005,0,1,0,0,0,273,206,13,1.555505296556122,234.07827015586327
0,977,0.7400000000000002,0.15000000000000005,0,0.8900000000000002,0.15000000000000005,0,1,0,0,0,214,150,19,-5.47580227250638,214.0
1,977,0.7680000000000002,0.16400000000000006,0,0.9180000000000003,0.16400000000000006,0,1,0,0,0,300,239,15,1.8618896502253985,261.10508482379305
2,977,0.8,0.23800000000000013,0,0.95,0.23800000000000013,0,1,0,0,0,201,142,18,-5.193001447046839,201.0
3,977,0.8,0.3670000000000005,0,0.95,0.3670000000000005,0,1,0,0,0,273,206,13,1.555505296556122,234.07827015586327
0,978,0.7440000000000002,0.15200000000000005,0,0.8940000000000002,0.15200000000000005,0,1,0,0,0,214,150,19,-5.47580227250638,214.0
1,978,0.7720000000000002,0.16600000000000006,0,0.9220000000000003,0.16600000000000006,0,1,0,0,0,300,239,15,1.8618896502253985,261.10508482379305
2,978,0.8,0.24000000000000013,0,0.95,0.24000000000000013,0,0,0,0,0,201,142,18,-5.193001447046839,201.0
3,978,0.8,0.3690000000000005,0,0.95,0.3690000000000005,0,1,0,0,0,273,206,13,1.555505296556122,234.07827015586327
0,979,0.7480000000000002,0.15400000000000005,0,0.8980000000000002,0.15400000000000005,0,1,0,0,0,214,150,19,-5.47580227250638,214.0
1,979,0.7760000000000002,0.16800000000000007,0,0.9260000000000003,0.16800000000000007,0,1,0,0,0,300,239,15,1.8618896502253985,261.10508482379305
2,979,0.8,0.24200000000000013,0,0.95,0.24200000000000013,0,1,1,0,0,201,142,18,-5.193001447046839,201.0
3,979,0.8,0.3710000000000005,0,0.95,0.3710000000000005,0,0,0,0,0,273,206,13,1.555505296556122,234.07827015586327
0,980,0.7520000000000002,0.15600000000000006,0,0.9020000000000002,0.15600000000000006,0,0,0,0,0,214,150,19,-5.47580227250638,214.0
1,980,0.7800000000000002,0.17000000000000007,0,0.9300000000000003,0.17000000000000007,0,1,0,0,0,300,239,15,1.8618896502253985,261.10508482379305
2,980,0.8,0.24400000000000013,0,0.95,0.24400000000000013,1,1,0,1,0,202,143,18,-5.141708152659288,202.0
3,980,0.8,0.3730000000000005,0,0.95,0.3730000000000005,0,1,0,0,0,273,206,13,1.555505296556122,234.07827015586327
0,981,0.7560000000000002,0.15800000000000006,0,0.9060000000000002,0.15800000000000006,1,1,0,1,0,215,151,19,-5.42450897811883,215.0
1,981,0.7840000000000003,0.17200000000000007,0,0.9340000000000003,0.17200000000000007,0,1,0,0,0,300,239,15,1.8618896502253985,261.10508482379305
2,981,0.8,0.24600000000000014,0,0.95,0.24600000000000014,0,1,0,0,0,202,143,18,-5.141708152659288,202.0
3,981,0.8,0.3750000000000005,0,0.95,0.3750000000000005,0,1,0,0,0,273,206,13,1.555505296556122,234.07827015586327
0,982,0.7660000000000002,0.16000000000000006,0,0.9160000000000003,0.16000000000000006,0,1,0,0,0,215,151,19,-5.42450897811883,215.0
1,982,0.7880000000000003,0.17400000000000007,0,0.9380000000000003,0.17400000000000007,0,1,0,0,0,300,239,15,1.8618896502253985,261.10508482379305
2,982,0.8,0.24800000000000014,0,0.95,0.24800000000000014,0,1,0,0,0,202,143,18,-5.141708152659288,202.0
3,982,0.8,0.3770000000000005,0,0.95,0.3770000000000005,0,0,0,0,0,273,206,13,1.555505296556122,234.07827015586327
0,983,0.7700000000000002,0.16200000000000006,0,0.9200000000000003,0.16200000000000006,0,1,1,0,0,215,151,19,-5.42450897811883,215.0
1,983,0.7920000000000003,0.17600000000000007,0,0.9420000000000003,0.17600000000000007,1,1,0,1,0,301,240,15,1.9131829446129487,261.10508482379305
2,983,0.8,0.2500000000000001,0,0.95,0.2500000000000001,1,1,1,1,1,203,144,19,-5.7835620388316835,203.0
3,983,0.8,0.3790000000000005,0,0.95,0.3790000000000005,0,1,0,0,0,273,206,13,1.555505296556122,234.07827015586327
0,984,0.7740000000000002,0.16400000000000006,0,0.9240000000000003,0.16400000000000006,0,1,0,0,0,215,151,19,-5.42450897811883,215.0
1,984,0.8,0.17800000000000007,0,0.95,0.17800000000000007,1,1,1,1,1,302,241,16,1.2713290584405552,274.6184921577579
2,984,0.6100000000000001,0.1,8,0.7600000000000001,0.05,0,1,0,0,0,203,144,19,-5.7835620388316835,203.0
3,984,0.8,0.3810000000000005,0,0.95,0.3810000000000005,1,1,0,1,0,274,207,13,1.6067985909436722,234.07827015586327
0,985,0.7780000000000002,0.16600000000000006,0,0.9280000000000003,0.16600000000000006,0,1,0,0,0,215,151,19,-5.42450897811883,215.0
1,985,0.6100000000000001,0.1,8,0.7600000000000001,0.05,0,1,0,0,0,302,241,16,1.2713290584405552,274.6184921577579
2,985,0.6140000000000001,0.10200000000000001,7,0.7640000000000001,0.05,0,1,0,0,0,203,144,19,-5.7835620388316835,203.0
3,985,0.8,0.3830000000000005,0,0.95,0.3830000000000005,0,1,1,0,0,274,207,13,1.6067985909436722,234.07827015586327
0,986,0.7820000000000003,0.16800000000000007,0,0.9320000000000003,0.16800000000000007,0,1,0,0,0,215,151,19,-5.42450897811883,215.0
1,986,0.6140000000000001,0.10200000000000001,7,0.7640000000000001,0.05,0,1,0,0,0,302,241,16,1.2713290584405552,274.6184921577579
2,986,0.6180000000000001,0.10400000000000001,6,0.7680000000000001,0.05,0,0,1,0,0,203,144,19,-5.7835620388316835,203.0
3,986,0.8,0.3850000000000005,0,0.95,0.3850000000000005,0,1,0,0,0,274,207,13,1.6067985909436722,234.07827015586327
0,987,0.7860000000000003,0.17000000000000007,0,0.9360000000000003,0.17000000000000007,0,1,1,0,0,215,151,19,-5.42450897811883,215.0
1,987,0.6180000000000001,0.10400000000000001,6,0.7680000000000001,0.05,0,1,0,0,0,302,241,16,1.2713290584405552,274.6184921577579
2,987,0.6220000000000001,0.10600000000000001,5,0.7720000000000001,0.05,0,1,0,0,0,203,144,19,-5.7835620388316835,203.0
3,987,0.8,0.3870000000000005,0,0.95,0.3870000000000005,0,1,0,0,0,274,207,13,1.6067985909436722,234.07827015586327
0,988,0.7900000000000003,0.17200000000000007,0,0.9400000000000003,0.17200000000000007,0,1,0,0,0,215,151,19,-5.42450897811883,215.0
1,988,0.6220000000000001,0.10600000000000001,5,0.7720000000000001,0.05,0,1,0,0,0,302,241,16,1.2713290584405552,274.6184921577579
2,988,0.6260000000000001,0.10800000000000001,4,0.7760000000000001,0.05,0,1,0,0,0,203,144,19,-5.7835620388316835,203.0
3,988,0.8,0.3890000000000005,0,0.95,0.3890000000000005,0,1,0,0,0,274,207,13,1.6067985909436722,234.07827015586327
0,989,0.7940000000000003,0.17400000000000007,0,0.9440000000000003,0.17400000000000007,0,1,0,0,0,215,151,19,-5.42450897811883,215.0
1,989,0.6260000000000001,0.10800000000000001,4,0.7760000000000001,0.05,0,1,0,0,0,302,241,16,1.2713290584405552,274.6184921577579
2,989,0.6300000000000001,0.11000000000000001,3,0.7800000000000001,0.05,0,1,0,0,0,203,144,19,-5.7835620388316835,203.0
3,989,0.8,0.3910000000000005,0,0.95,0.3910000000000005,1,1,0,1,0,275,208,13,1.658091885331224,234.07827015586327
0,990,0.7980000000000003,0.17600000000000007,0,0.9480000000000003,0.17600000000000007,0,1,0,0,0,215,151,19,-5.42450897811883,215.0
1,990,0.6300000000000001,0.11000000000000001,3,0.7800000000000001,0.05,0,1,0,0,0,302,241,16,1.2713290584405552,274.6184921577579
2,990,0.6340000000000001,0.11200000000000002,2,0.7840000000000001,0.05,0,1,0,0,0,203,144,19,-5.7835620388316835,203.0
3,990,0.8,0.3930000000000005,0,0.95,0.3930000000000005,0,1,0,0,0,275,208,13,1.658091885331224,234.07827015586327
0,991,0.8,0.17800000000000007,0,0.95,0.17800000000000007,0,1,0,0,0,215,151,19,-5.42450897811883,215.0
1,991,0.6340000000000001,0.11200000000000002,2,0.7840000000000001,0.05,0,1,0,0,0,302,241,16,1.2713290584405552,274.6184921577579
2,991,0.6380000000000001,0.11400000000000002,1,0.7880000000000001,0.05,0,0,0,0,0,203,144,19,-5.7835620388316835,203.0
3,991,0.8,0.3950000000000005,0,0.95,0.3950000000000005,1,1,0,1,0,276,209,13,1.7093851797187742,234.07827015586327
0,992,0.8,0.18000000000000008,0,0.95,0.18000000000000008,0,0,0,0,0,215,151,19,-5.42450897811883,215.0
1,992,0.6380000000000001,0.11400000000000002,1,0.7880000000000001,0.05,0,1,0,0,0,302,241,16,1.2713290584405552,274.6184921577579
2,992,0.6420000000000001,0.11600000000000002,0,0.7920000000000001,0.11600000000000002,0,1,0,0,0,203,144,19,-5.7835620388316835,203.0
3,992,0.8,0.3970000000000005,0,0.95,0.3970000000000005,0,1,0,0,0,276,209,13,1.7093851797187742,234.07827015586327
0,993,0.8,0.18200000000000008,0,0.95,0.18200000000000008,0,1,1,0,0,215,151,19,-5.42450897811883,215.0
1,993,0.6420000000000001,0.11600000000000002,0,0.7920000000000001,0.11600000000000002,0,1,0,0,0,302,241,16,1.2713290584405552,274.6184921577579
2,993,0.6460000000000001,0.11800000000000002,0,0.7960000000000002,0.11800000000000002,0,1,0,0,0,203,144,19,-5.7835620388316835,203.0
3,993,0.8,0.3990000000000005,0,0.95,0.3990000000000005,1,1,0,1,0,277,210,13,1.7606784741063244,234.07827015586327
0,994,0.8,0.18400000000000008,0,0.95,0.18400000000000008,0,1,0,0,0,215,151,19,-5.42450897811883,215.0
1,994,0.6460000000000001,0.11800000000000002,0,0.7960000000000002,0.11800000000000002,0,1,0,0,0,302,241,16,1.2713290584405552,274.6184921577579
2,994,0.6500000000000001,0.12000000000000002,0,0.8000000000000002,0.12000000000000002,0,1,0,0,0,203,144,19,-5.7835620388316835,203.0
3,994,0.8,0.4010000000000005,0,0.95,0.4010000000000005,0,1,0,0,0,277,210,13,1.7606784741063244,234.07827015586327
0,995,0.8,0.18600000000000008,0,0.95,0.18600000000000008,0,1,0,0,0,215,151,19,-5.42450897811883,215.0
1,995,0.6500000000000001,0.12000000000000002,0,0.8000000000000002,0.12000000000000002,1,1,0,1,0,303,242,16,1.3226223528281054,274.6184921577579
2,995,0.6540000000000001,0.12200000000000003,0,0.8040000000000002,0.12200000000000003,0,0,1,0,0,203,144,19,-5.7835620388316835,203.0
3,995,0.8,0.4030000000000005,0,0.95,0.4030000000000005,1,1,0,1,0,278,211,13,1.8119717684938745,234.07827015586327
0,996,0.8,0.18800000000000008,0,0.95,0.18800000000000008,1,1,0,1,0,216,152,19,-5.37321568373128,216.0
1,996,0.6600000000000001,0.12200000000000003,0,0.8100000000000002,0.12200000000000003,0,1,0,0,0,303,242,16,1.3226223528281054,274.6184921577579
2,996,0.6580000000000001,0.12400000000000003,0,0.8080000000000002,0.12400000000000003,0,1,0,0,0,203,144,19,-5.7835620388316835,203.0
3,996,0.8,0.4050000000000005,0,0.95,0.4050000000000005,1,1,0,1,0,279,212,13,1.8632650628814247,234.07827015586327
0,997,0.8,0.19000000000000009,0,0.95,0.19000000000000009,1,1,1,1,1,217,153,20,-6.015069569903674,217.0
1,997,0.6640000000000001,0.12400000000000003,0,0.8140000000000002,0.12400000000000003,0,1,0,0,0,303,242,16,1.3226223528281054,274.6184921577579
2,997,0.6620000000000001,0.12600000000000003,0,0.8120000000000002,0.12600000000000003,0,0,0,0,0,203,144,19,-5.7835620388316835,203.0
3,997,0.8,0.40700000000000053,0,0.95,0.40700000000000053,1,1,0,1,0,280,213,13,1.9145583572689766,234.07827015586327
0,998,0.6100000000000001,0.1,8,0.7600000000000001,0.05,0,1,1,0,0,217,153,20,-6.015069569903674,217.0
1,998,0.6680000000000001,0.12600000000000003,0,0.8180000000000002,0.12600000000000003,1,1,0,1,0,304,243,16,1.3739156472156555,274.6184921577579
2,998,0.6660000000000001,0.12800000000000003,0,0.8160000000000002,0.12800000000000003,0,1,0,0,0,203,144,19,-5.7835620388316835,203.0
3,998,0.8,0.40900000000000053,0,0.95,0.40900000000000053,1,1,0,1,0,281,214,13,1.9658516516565268,234.07827015586327
0,999,0.6140000000000001,0.10200000000000001,7,0.7640000000000001,0.05,0,0,0,0,0,217,153,20,-6.015069569903674,217.0
1,999,0.6780000000000002,0.12800000000000003,0,0.8280000000000002,0.12800000000000003,1,1,0,1,0,305,244,16,1.4252089416032057,274.6184921577579
2,999,0.6700000000000002,0.13000000000000003,0,0.8200000000000002,0.13000000000000003,0,1,0,0,0,203,144,19,-5.7835620388316835,203.0
3,999,0.8,0.41100000000000053,0,0.95,0.41100000000000053,0,1,1,0,0,281,214,13,1.9658516516565268,234.07827015586327
0,1000,0.6180000000000001,0.10400000000000001,6,0.7680000000000001,0.05,0,0,0,0,0,217,153,20,-6.015069569903674,217.0
1,1000,0.6880000000000002,0.13000000000000003,0,0.8380000000000002,0.13000000000000003,0,1,0,0,0,305,244,16,1.4252089416032057,274.6184921577579
2,1000,0.6740000000000002,0.13200000000000003,0,0.8240000000000002,0.13200000000000003,0,1,0,0,0,203,144,19,-5.7835620388316835,203.0
3,1000,0.8,0.41300000000000053,0,0.95,0.41300000000000053,0,1,1,0,0,281,214,13,1.9658516516565268,234.07827015586327
0,1001,0.6220000000000001,0.10600000000000001,5,0.7720000000000001,0.05,0,1,0,0,0,217,153,20,-6.015069569903674,217.0
1,1001,0.6920000000000002,0.13200000000000003,0,0.8420000000000002,0.13200000000000003,0,1,0,0,0,305,244,16,1.4252089416032057,274.6184921577579
2,1001,0.6780000000000002,0.13400000000000004,0,0.8280000000000002,0.13400000000000004,0,0,0,0,0,203,144,19,-5.7835620388316835,203.0
3,1001,0.8,0.41500000000000054,0,0.95,0.41500000000000054,1,1,0,1,0,282,215,13,2.017144946044077,234.07827015586327
0,1002,0.6260000000000001,0.10800000000000001,4,0.7760000000000001,0.05,0,1,0,0,0,217,153,20,-6.015069569903674,217.0
1,1002,0.6960000000000002,0.13400000000000004,0,0.8460000000000002,0.13400000000000004,0,0,0,0,0,305,244,16,1.4252089416032057,274.6184921577579
2,1002,0.6820000000000002,0.13600000000000004,0,0.8320000000000002,0.13600000000000004,0,1,0,0,0,203,144,19,-5.7835620388316835,203.0
3,1002,0.8,0.41700000000000054,0,0.95,0.41700000000000054,0,1,0,0,0,282,215,13,2.017144946044077,234.07827015586327
0,1003,0.6300000000000001,0.11000000000000001,3,0.7800000000000001,0.05,0,1,0,0,0,217,153,20,-6.015069569903674,217.0
1,1003,0.7000000000000002,0.13600000000000004,0,0.8500000000000002,0.13600000000000004,0,1,0,0,0,305,244,16,1.4252089416032057,274.6184921577579
2,1003,0.6860000000000002,0.13800000000000004,0,0.8360000000000002,0.13800000000000004,0,0,0,0,0,203,144,19,-5.7835620388316835,203.0
3,1003,0.8,0.41900000000000054,0,0.95,0.41900000000000054,1,1,0,1,0,283,216,13,2.068438240431627,234.07827015586327
0,1004,0.6340000000000001,0.11200000000000002,2,0.7840000000000001,0.05,0,1,1,0,0,217,153,20,-6.015069569903674,217.0
1,1004,0.7040000000000002,0.13800000000000004,0,0.8540000000000002,0.13800000000000004,0,1,0,0,0,305,244,16,1.4252089416032057,274.6184921577579
2,1004,0.6900000000000002,0.14000000000000004,0,0.8400000000000002,0.14000000000000004,0,1,1,0,0,203,144,19,-5.7835620388316835,203.0
3,1004,0.8,0.42100000000000054,0,0.95,0.42100000000000054,0,1,0,0,0,283,216,13,2.068438240431627,234.07827015586327
0,1005,0.6380000000000001,0.11400000000000002,1,0.7880000000000001,0.05,0,0,0,0,0,217,153,20,-6.015069569903674,217.0
1,1005,0.7080000000000002,0.14000000000000004,0,0.8580000000000002,0.14000000000000004,0,1,0,0,0,305,244,16,1.4252089416032057,274.6184921577579
2,1005,0.6940000000000002,0.14200000000000004,0,0.8440000000000002,0.14200000000000004,0,0,1,0,0,203,144,19,-5.7835620388316835,203.0
3,1005,0.8,0.42300000000000054,0,0.95,0.42300000000000054,1,1,0,1,0,284,217,13,2.119731534819177,234.07827015586327
0,1006,0.6420000000000001,0.11600000000000002,0,0.7920000000000001,0.11600000000000002,0,1,0,0,0,217,153,20,-6.015069569903674,217.0
1,1006,0.7120000000000002,0.14200000000000004,0,0.8620000000000002,0.14200000000000004,1,1,0,1,0,306,245,16,1.4765022359907576,274.6184921577579
2,1006,0.6980000000000002,0.14400000000000004,0,0.8480000000000002,0.14400000000000004,1,1,0,1,0,204,145,19,-5.732268744444133,204.0
3,1006,0.8,0.42500000000000054,0,0.95,0.42500000000000054,0,1,0,0,0,284,217,13,2.119731534819177,234.07827015586327
0,1007,0.6460000000000001,0.11800000000000002,0,0.7960000000000002,0.11800000000000002,0,0,0,0,0,217,153,20,-6.015069569903674,217.0
1,1007,0.7220000000000002,0.14400000000000004,0,0.8720000000000002,0.14400000000000004,0,1,0,0,0,306,245,16,1.4765022359907576,274.6184921577579
2,1007,0.7080000000000002,0.14600000000000005,0,0.8580000000000002,0.14600000000000005,1,0,0,1,0,205,145,19,-5.732268744444133,205.0
3,1007,0.8,0.42700000000000055,0,0.95,0.42700000000000055,1,1,1,1,1,285,218,14,1.4778776486467837,247.59167748982813
0,1008,0.6500000000000001,0.12000000000000002,0,0.8000000000000002,0.12000000000000002,0,1,0,0,0,217,153,20,-6.015069569903674,217.0
1,1008,0.7260000000000002,0.14600000000000005,0,0.8760000000000002,0.14600000000000005,0,1,0,0,0,306,245,16,1.4765022359907576,274.6184921577579
2,1008,0.7180000000000002,0.14800000000000005,0,0.8680000000000002,0.14800000000000005,0,1,0,0,0,205,145,19,-5.732268744444133,205.0
3,1008,0.6100000000000001,0.12900000000000056,8,0.7600000000000001,0.05,1,1,0,1,0,286,219,14,1.5291709430343339,247.59167748982813
0,1009,0.6540000000000001,0.12200000000000003,0,0.8040000000000002,0.12200000000000003,1,1,0,1,0,218,154,20,-5.963776275516124,218.0
1,1009,0.7300000000000002,0.14800000000000005,0,0.8800000000000002,0.14800000000000005,0,0,0,0,0,306,245,16,1.4765022359907576,274.6184921577579
2,1009,0.7220000000000002,0.15000000000000005,0,0.8720000000000002,0.15000000000000005,0,1,0,0,0,205,145,19,-5.732268744444133,205.0
3,1009,0.6200000000000001,0.13100000000000056,7,0.7700000000000001,0.05,0,1,0,0,0,286,219,14,1.5291709430343339,247.59167748982813
0,1010,0.6640000000000001,0.12400000000000003,0,0.8140000000000002,0.12400000000000003,0,1,0,0,0,218,154,20,-5.963776275516124,218.0
1,1010,0.7340000000000002,0.15000000000000005,0,0.8840000000000002,0.15000000000000005,0,1,0,0,0,306,245,16,1.4765022359907576,274.6184921577579
2,1010,0.7260000000000002,0.15200000000000005,0,0.8760000000000002,0.15200000000000005,0,1,0,0,0,205,145,19,-5.732268744444133,205.0
3,1010,0.6240000000000001,0.13300000000000056,6,0.7740000000000001,0.05,0,1,0,0,0,286,219,14,1.5291709430343339,247.59167748982813
0,1011,0.6680000000000001,0.12600000000000003,0,0.8180000000000002,0.12600000000000003,1,1,1,1,1,219,155,21,-6.605630161688518,219.0
1,1011,0.7380000000000002,0.15200000000000005,0,0.8880000000000002,0.15200000000000005,0,1,0,0,0,306,245,16,1.4765022359907576,274.6184921577579
2,1011,0.7300000000000002,0.15400000000000005,0,0.8800000000000002,0.15400000000000005,0,1,0,0,0,205,145,19,-5.732268744444133,205.0
3,1011,0.6280000000000001,0.13500000000000056,5,0.7780000000000001,0.05,0,1,0,0,0,286,219,14,1.5291709430343339,247.59167748982813
0,1012,0.47800000000000015,0.1,8,0.6280000000000001,0.05,0,0,1,0,0,219,155,21,-6.605630161688518,219.0
1,1012,0.7420000000000002,0.15400000000000005,0,0.8920000000000002,0.15400000000000005,1,1,0,1,0,307,246,16,1.5277955303783077,274.6184921577579
2,1012,0.7340000000000002,0.15600000000000006,0,0.8840000000000002,0.15600000000000006,0,1,0,0,0,205,145,19,-5.732268744444133,205.0
3,1012,0.6320000000000001,0.13700000000000057,4,0.7820000000000001,0.05,0,1,0,0,0,286,219,14,1.5291709430343339,247.59167748982813
0,1013,0.48200000000000015,0.10200000000000001,7,0.6320000000000001,0.05,0,1,0,0,0,219,155,21,-6.605630161688518,219.0
1,1013,0.7520000000000002,0.15600000000000006,0,0.9020000000000002,0.15600000000000006,1,1,0,1,0,308,247,16,1.5790888247658579,274.6184921577579
2,1013,0.7380000000000002,0.15800000000000006,0,0.8880000000000002,0.15800000000000006,0,1,0,0,0,205,145,19,-5.732268744444133,205.0
3,1013,0.6360000000000001,0.13900000000000057,3,0.7860000000000001,0.05,0,0,0,0,0,286,219,14,1.5291709430343339,247.59167748982813
0,1014,0.48600000000000015,0.10400000000000001,6,0.6360000000000001,0.05,0,0,0,0,0,219,155,21,-6.605630161688518,219.0
1,1014,0.7620000000000002,0.15800000000000006,0,0.9120000000000003,0.15800000000000006,1,1,0,1,0,309,248,16,1.630382119153408,274.6184921577579
2,1014,0.7420000000000002,0.16000000000000006,0,0.8920000000000002,0.16000000000000006,0,1,0,0,0,205,145,19,-5.732268744444133,205.0
3,1014,0.6400000000000001,0.14100000000000057,2,0.7900000000000001,0.05,0,0,1,0,0,286,219,14,1.5291709430343339,247.59167748982813
0,1015,0.49000000000000016,0.10600000000000001,5,0.6400000000000001,0.05,0,1,0,0,0,219,155,21,-6.605630161688518,219.0
1,1015,0.7720000000000002,0.16000000000000006,0,0.9220000000000003,0.16000000000000006,0,1,0,0,0,309,248,16,1.630382119153408,274.6184921577579
2,1015,0.7460000000000002,0.16200000000000006,0,0.8960000000000002,0.16200000000000006,0,1,1,0,0,205,145,19,-5.732268744444133,205.0
3,1015,0.6440000000000001,0.14300000000000057,1,0.7940000000000002,0.05,0,0,0,0,0,286,219,14,1.5291709430343339,247.59167748982813
0,1016,0.49400000000000016,0.10800000000000001,4,0.6440000000000001,0.05,0,1,0,0,0,219,155,21,-6.605630161688518,219.0
1,1016,0.7760000000000002,0.16200000000000006,0,0.9260000000000003,0.16200000000000006,0,1,0,0,0,309,248,16,1.630382119153408,274.6184921577579
2,1016,0.7500000000000002,0.16400000000000006,0,0.9000000000000002,0.16400000000000006,1,1,0,1,0,206,146,19,-5.680975450056582,206.0
3,1016,0.6480000000000001,0.14500000000000057,0,0.7980000000000002,0.14500000000000057,0,1,0,0,0,286,219,14,1.5291709430343339,247.59167748982813
0,1017,0.49800000000000016,0.11000000000000001,3,0.6480000000000001,0.05,0,1,0,0,0,219,155,21,-6.605630161688518,219.0
1,1017,0.7800000000000002,0.16400000000000006,0,0.9300000000000003,0.16400000000000006,0,1,0,0,0,309,248,16,1.630382119153408,274.6184921577579
2,1017,0.7600000000000002,0.16600000000000006,0,0.9100000000000003,0.16600000000000006,0,1,0,0,0,206,146,19,-5.680975450056582,206.0
3,1017,0.6520000000000001,0.14700000000000057,0,0.8020000000000002,0.14700000000000057,0,1,0,0,0,286,219,14,1.5291709430343339,247.59167748982813
0,1018,0.5020000000000001,0.11200000000000002,2,0.6520000000000001,0.05,0,1,0,0,0,219,155,21,-6.605630161688518,219.0
1,1018,0.7840000000000003,0.16600000000000006,0,0.9340000000000003,0.16600000000000006,0,1,0,0,0,309,248,16,1.630382119153408,274.6184921577579
2,1018,0.7640000000000002,0.16800000000000007,0,0.9140000000000003,0.16800000000000007,0,1,1,0,0,206,146,19,-5.680975450056582,206.0
3,1018,0.6560000000000001,0.14900000000000058,0,0.8060000000000002,0.14900000000000058,0,1,1,0,0,286,219,14,1.5291709430343339,247.59167748982813
0,1019,0.5060000000000001,0.11400000000000002,1,0.6560000000000001,0.05,0,0,0,0,0,219,155,21,-6.605630161688518,219.0
1,1019,0.7880000000000003,0.16800000000000007,0,0.9380000000000003,0.16800000000000007,0,0,1,0,0,309,248,16,1.630382119153408,274.6184921577579
2,1019,0.7680000000000002,0.17000000000000007,0,0.9180000000000003,0.17000000000000007,0,1,0,0,0,206,146,19,-5.680975450056582,206.0
3,1019,0.6600000000000001,0.15100000000000058,0,0.8100000000000002,0.15100000000000058,0,1,0,0,0,286,219,14,1.5291709430343339,247.59167748982813
0,1020,0.5100000000000001,0.11600000000000002,0,0.6600000000000001,0.11600000000000002,0,1,0,0,0,219,155,21,-6.605630161688518,219.0
1,1020,0.7920000000000003,0.17000000000000007,0,0.9420000000000003,0.17000000000000007,0,1,0,0,0,309,248,16,1.630382119153408,274.6184921577579
2,1020,0.7720000000000002,0.17200000000000007,0,0.9220000000000003,0.17200000000000007,0,1,0,0,0,206,146,19,-5.680975450056582,206.0
3,1020,0.6640000000000001,0.15300000000000058,0,0.8140000000000002,0.15300000000000058,0,1,0,0,0,286,219,14,1.5291709430343339,247.59167748982813
0,1021,0.5140000000000001,0.11800000000000002,0,0.6640000000000001,0.11800000000000002,0,1,0,0,0,219,155,21,-6.605630161688518,219.0
1,1021,0.7960000000000003,0.17200000000000007,0,0.9460000000000003,0.17200000000000007,0,1,0,0,0,309,248,16,1.630382119153408,274.6184921577579
2,1021,0.7760000000000002,0.17400000000000007,0,0.9260000000000003,0.17400000000000007,0,1,1,0,0,206,146,19,-5.680975450056582,206.0
3,1021,0.6680000000000001,0.15500000000000058,0,0.8180000000000002,0.15500000000000058,0,1,0,0,0,286,219,14,1.5291709430343339,247.59167748982813
0,1022,0.5180000000000001,0.12000000000000002,0,0.6680000000000001,0.12000000000000002,0,1,0,0,0,219,155,21,-6.605630161688518,219.0
1,1022,0.8,0.17400000000000007,0,0.95,0.17400000000000007,0,1,0,0,0,309,248,16,1.630382119153408,274.6184921577579
2,1022,0.7800000000000002,0.17600000000000007,0,0.9300000000000003,0.17600000000000007,0,1,0,0,0,206,146,19,-5.680975450056582,206.0
3,1022,0.6720000000000002,0.15700000000000058,0,0.8220000000000002,0.15700000000000058,0,0,0,0,0,286,219,14,1.5291709430343339,247.59167748982813
0,1023,0.5220000000000001,0.12200000000000003,0,0.6720000000000002,0.12200000000000003,0,1,0,0,0,219,155,21,-6.605630161688518,219.0
1,1023,0.8,0.17600000000000007,0,0.95,0.17600000000000007,0,1,0,0,0,309,248,16,1.630382119153408,274.6184921577579
2,1023,0.7840000000000003,0.17800000000000007,0,0.9340000000000003,0.17800000000000007,0,1,0,0,0,206,146,19,-5.680975450056582,206.0
3,1023,0.6760000000000002,0.15900000000000059,0,0.8260000000000002,0.15900000000000059,0,1,1,0,0,286,219,14,1.5291709430343339,247.59167748982813
0,1024,0.5260000000000001,0.12400000000000003,0,0.6760000000000002,0.12400000000000003,0,0,1,0,0,219,155,21,-6.605630161688518,219.0
1,1024,0.8,0.17800000000000007,0,0.95,0.17800000000000007,0,1,0,0,0,309,248,16,1.630382119153408,274.6184921577579
2,1024,0.7880000000000003,0.18000000000000008,0,0.9380000000000003,0.18000000000000008,0,0,0,0,0,206,146,19,-5.680975450056582,206.0
3,1024,0.6800000000000002,0.1610000000000006,0,0.8300000000000002,0.1610000000000006,0,1,0,0,0,286,219,14,1.5291709430343339,247.59167748982813
