reference,configuration,segment,start_fs,end_fs,W_meV,W_pred_meV,kappa_eV_A2,speed_A_fs,signed_cumulative_error_percent,empirical_scale_percent,delta_H_meV_atom,W_pred_cum_meV_atom
MACE,1,0,0,1,1.692302534112275,1.715882172667929,0.9964367586030414,0.05868591209118389,0.0029784020027683413,0.00045859304011502386,0.02644327269329949,0.02681065894793639
MACE,1,1,1,2,1.631938561687112,1.659265339059047,0.9637631710040258,0.05867968249376566,0.006430114303687364,0.0009218525131553685,0.05194389159246526,0.052736679870734
MACE,1,2,2,3,1.5686161122195983,1.5977796857845725,0.9295974416409561,0.058630822341478324,0.01011383683865273,0.0013874861629467898,0.07645546280610205,0.07770198746111795
MACE,1,3,3,4,1.5067507655319186,1.5362224159550504,0.8964443578132872,0.05854372844920368,0.013836473317492931,0.0018534081692479728,0.10000059298054254,0.10170546271041561
MACE,1,4,4,5,1.4490202294068832,1.4778855565852542,0.8659462798688441,0.05842381666559732,0.017482523619566304,0.002317913706782713,0.12264375159531937,0.1247974245320602
MACE,1,5,5,6,1.3966997595579382,1.424229238702458,0.8387134158249729,0.058277129439767365,0.02095983967874508,0.0027796882331326497,0.14446937089562795,0.14705100638678612
MACE,1,6,6,7,1.3508007691736041,1.3765374225097784,0.8152974910564473,0.05811001080715756,0.02421069951105728,0.0032378716267335047,0.1655777270315184,0.16855940361350139
MACE,1,7,7,8,1.3123587981812093,1.3355564794593686,0.79598016517399,0.057928862973917306,0.02714085555290569,0.0036920162007548557,0.18608531560015962,0.18942747360505402
MACE,1,8,8,9,1.2817937875182361,1.302136879700634,0.7811479499632441,0.05773998528156028,0.029710441441830458,0.0041420521220513545,0.20611522327129705,0.2097733623503764
MACE,1,9,9,10,1.258733146538929,1.2761906096292386,0.7706597189949667,0.0575494848320704,0.03191553643973339,0.004588192223237689,0.2257847322031381,0.22971384062583325
MACE,1,10,10,11,1.241923097810415,1.2567775411058644,0.7638724453340229,0.05736325426791925,0.03379183762037922,0.005030785437013677,0.24519153524149573,0.2493509897056124
MACE,1,11,11,12,1.2297837261763684,1.2423962175624765,0.7597935759733121,0.0571869914628174,0.035384952354331534,0.005470181861024946,0.264408625139545,0.2687634306050261
MACE,1,12,12,13,1.2195722510038873,1.2309073304349836,0.7570177133642253,0.05702622930280987,0.0368167140498907,0.0059066340319597265,0.28346611455365434,0.28799635764307274
MACE,1,13,13,14,1.2101163077160981,1.220072390927926,0.7540491443242949,0.05688633727737011,0.03807429134938356,0.006340120327688501,0.3023757682694139,0.30705998875132157
MACE,1,14,14,15,1.201064731931661,1.2097326748169532,0.7506606319146685,0.05677248226820352,0.03916916048355209,0.006770424842537453,0.3211438323642568,0.3259620617953365
MACE,1,15,15,16,1.1931770677998215,1.1999870403419592,0.7467949492316832,0.05668949519032149,0.040029344824818715,0.00719713574589675,0.3397883982083627,0.3447118593006796
MACE,1,16,16,17,1.188445248670237,1.1925895949384038,0.7434453542551271,0.05664166092188395,0.04055282737083569,0.007619763160262714,0.35835866806532835,0.36334607172159217
MACE,1,17,17,18,1.1894418749539213,1.1899817669159451,0.7420612317667674,0.05663244083392015,0.040621022449279114,0.008037870845113478,0.3769440434497895,0.38193953682965376
MACE,1,18,18,19,1.1991103705248882,1.1951097557232746,0.7444248316297096,0.05666416167557783,0.040115694977472985,0.008455754916024141,0.39567993558531356,0.40061312676282995
MACE,1,19,19,20,1.2196769913033079,1.210626658960745,0.7521361817950389,0.056737719237082124,0.0389725252926966,0.008880423740174833,0.4147365746316467,0.41952916830909165
MACE,1,20,20,21,1.2519426373867395,1.2378648194913757,0.7659606339066449,0.056852345029056305,0.037194321571923046,0.0093125209845303,0.43429674942618846,0.4388708061136444
MACE,1,21,21,22,1.2952235268276004,1.2768349990589345,0.7858351265592514,0.05700548805197977,0.03487162150996541,0.009752123751324216,0.45453261468786366,0.4588213529739402
MACE,1,22,22,23,1.346891419758016,1.3254236786280755,0.8104035959486521,0.05719284236431637,0.03215997845295192,0.010198805912237237,0.4755753068756974,0.4795310979525039
MACE,1,23,23,24,1.4039353950249036,1.3805196002770124,0.8377602046970296,0.057408529541698526,0.029202271963561767,0.010651783627600156,0.49750895618227986,0.5011017167068322
MACE,1,24,24,25,1.4633244561759704,1.4395266435844383,0.8664032484669444,0.057645421037867746,0.02619631186299317,0.011109842831805333,0.5203703607037369,0.523594320512839
MACE,1,25,25,26,1.5205094718174634,1.498084075388615,0.8938730412517599,0.05789554838236227,0.02336370501539838,0.011571585457714487,0.5441252477558223,0.5470018841907862
MACE,1,26,26,27,1.5710539535714088,1.5517550490989245,0.9177940953851218,0.05815056673890297,0.020926013038211608,0.012035556156090085,0.5686700168103798,0.5712480568329569
MACE,1,27,27,28,1.6106375845686876,1.5961094325788092,0.9359093135172671,0.05840223202628817,0.01909092651298576,0.012500373422667823,0.5938335407646989,0.5961872667170007
MACE,1,28,28,29,1.6353687758464608,1.6270439445258063,0.9462357466073621,0.05864283587476646,0.01803939664243137,0.012964838339717217,0.6193838547492447,0.6216098283502165
MACE,1,29,29,30,1.642314461212541,1.6411854260743082,0.947250790403398,0.0588655675393479,0.017896785443834246,0.01342928637874015,0.6450431291620262,0.6472533506326276
MACE,1,30,30,31,1.6298524861201191,1.63638223276543,0.9381181418999347,0.059064782384160165,0.018721573764488984,0.013894183374016126,0.6705081515425704,0.6728218230195875
MACE,1,31,31,32,1.5982019782447066,1.61219217377807,0.9189098373595859,0.059236167390016484,0.020488709689721336,0.014359011481864206,0.69547910519141,0.6980123257348698
MACE,1,32,32,33,1.5497263941916883,1.5699019727782206,0.8905716378135946,0.05937680643110352,0.02303713652532815,0.014823212666228514,0.7196930780546396,0.7225420440595294
MACE,1,33,33,34,1.4893000136737287,1.5139524398990183,0.8557067702514505,0.05948515942924274,0.026151044970922008,0.01528632060091473,0.7429633006754699,0.7461975509329516
MACE,1,34,34,35,1.422485304936258,1.4494485732828617,0.8171643010044677,0.05956096295138058,0.02955684155491791,0.01575227310011298,0.7651899062919298,0.7688451848904964
MACE,1,35,35,36,1.3563920918212757,1.3830890217026854,0.7785986659021814,0.059605074793184484,0.032928996273866765,0.016221172853617283,0.786384109420446,0.7904559508546009
MACE,1,36,36,37,1.2977204435929788,1.3219816772107238,0.7438440058313187,0.05961928755088814,0.03599349222134156,0.01669171487419877,0.8066618060897923,0.8111119145610184
MACE,1,37,37,38,1.2516911526550527,1.2718815909864891,0.7159704512782736,0.05960611125550447,0.03854379602778823,0.017162696509098005,0.8262204611693136,0.8309850644201823
MACE,1,38,38,39,1.2208547547139688,1.2364213730269031,0.6968870639827862,0.05956855266985407,0.04051005378233963,0.017633056392029747,0.8452973870483049,0.8503041483737277
MACE,1,39,39,40,1.2060268859108205,1.2167450319690623,0.6871493106363422,0.05950990145513675,0.04186388910981865,0.018101853224429372,0.8641426401787555,0.8693157894982443
MACE,1,40,40,41,1.2063614762869712,1.2126323834693264,0.6865876377165638,0.05943353868912346,0.042655982782799196,0.018568320494318596,0.8829930614808745,0.8882631704899525
MACE,1,41,41,42,1.2195293699226832,1.2221593894361797,0.6941005155183699,0.059342759648209384,0.042988187000765864,0.019031914610356502,0.9020491121249918,0.9073594109498928
MACE,1,42,42,43,1.241890410763765,1.2420978554137219,0.7078586891323806,0.05924062340235174,0.043014389843503975,0.019492343141014976,0.921454395379051,0.9267671899407322
MACE,1,43,43,44,1.269461294147092,1.2684146182862894,0.725567452211539,0.05912984230167248,0.04288218164732209,0.01994958110802323,0.94129030292045,0.9465861683514555
MACE,1,44,44,45,1.297973438655971,1.297016522548418,0.7448762974353981,0.05901272572917827,0.042761311225814565,0.020403890023346364,0.9615715584274653,0.9668520515162746
MACE,1,45,45,46,1.3232333103843146,1.3235087220590138,0.76323143897736,0.05889118265578074,0.042796099150216954,0.0208557114238606,0.9822473884710803,0.9875318752984467
MACE,1,46,46,47,1.3428254985430825,1.3446726811711167,0.7787223240149107,0.05876679096656257,0.04302942132035248,0.0213055488315205,1.0032292991608571,1.0085423859417453
MACE,1,47,47,48,1.3561289543052444,1.3595207115320644,0.790704544126621,0.05864092261920872,0.04345784249794693,0.021753935971410204,1.0244191018076165,1.0297848970594337
MACE,1,48,48,49,1.363931770774136,1.36830846836414,0.7992473488728185,0.05851489135842806,0.0440106739095401,0.022201349374845143,1.0457309198361742,1.0511647168776233
MACE,1,49,49,50,1.3676084333285712,1.3724292000993141,0.8050844515560187,0.05839010456770792,0.044619596788954524,0.022648140720729355,1.0671003386582,1.072608923129175
MACE,1,50,50,51,1.3696092302194853,1.373963575038036,0.8093606128889586,0.05826819629034454,0.045169604767138945,0.023094480306114794,1.0885012049044462,1.0940771039891446
MACE,1,51,51,52,1.3722795555291432,1.3753789303772572,0.8134598244909024,0.058151125795875974,0.04556109440906728,0.02354036328532533,1.1099439841899539,1.1155673997762892
MACE,1,52,52,53,1.3772579756073624,1.3788277526968993,0.8185911653149831,0.058041212890080914,0.04575937680497173,0.023985689038793175,1.1314647180089565,1.1371115834121783
MACE,1,53,53,54,1.3853334593055353,1.3850930291671617,0.8251544429350555,0.0579411150059798,0.045729007484256,0.02443020175933393,1.153111753170677,1.158753661992915
MACE,1,54,54,55,1.3972188813231732,1.3950916244491092,0.8336228630812119,0.0578537553801879,0.04546030844889287,0.02487372450748806,1.1749445612174725,1.1805519686249324
MACE,1,55,55,56,1.4120717721279532,1.4084553909988033,0.8436938279371775,0.057782204907354855,0.04500351447504077,0.025316425087639875,1.197009444855901,1.2025590841092888
MACE,1,56,56,57,1.4301122659144228,1.4246708408654178,0.8549652277008952,0.05772953238302495,0.04431619472560451,0.0257581228327171,1.219356149187334,1.224819565997811
MACE,1,57,57,58,1.4512643188115644,1.4441087213539872,0.8675580095528825,0.057698653919186216,0.04341235365321699,0.02619867586219256,1.2420332393840994,1.247383764768967
MACE,1,58,58,59,1.4744519131545306,1.4656919234105046,0.8807222464691709,0.05769216832364756,0.04230585785446859,0.026638118838941748,1.2650724786054113,1.2702852010722563
MACE,1,59,59,60,1.4996855290427868,1.4891439536534665,0.8941928036010479,0.057712216460830475,0.040974325601428344,0.027076582211084266,1.288505802133244,1.2935530753480915
MACE,1,60,60,61,1.5262849694491278,1.5140714243217634,0.9076458362744689,0.05776037038160747,0.03943160274830295,0.02751423124374172,1.3123545221214172,1.3172104413531192
MACE,1,61,61,62,1.5531631368951895,1.539571461881092,0.9204714104996173,0.05783753455000499,0.037714804927699484,0.027951217154037894,1.3366229653248851,1.341266245445011
MACE,1,62,62,63,1.578656051287981,1.5642786777944944,0.9318136376538758,0.057943874221951096,0.035898763604314515,0.028387776094869668,1.3612894562591293,1.36570809978555
MACE,1,63,63,64,1.6002127645664044,1.5859694874357262,0.9403513010365898,0.0580787615116275,0.03409966032154498,0.028828835705560038,1.3862924570933188,1.3904888730267333
MACE,1,64,64,65,1.6153874679458315,1.6022398280721466,0.9447214758769276,0.05824073744167148,0.032438949669045564,0.029274946897354628,1.4115322110939132,1.4155238703403605
MACE,1,65,65,66,1.6214527816781352,1.6103746359815803,0.9434577630173174,0.05842748969504633,0.031039641903928567,0.029726652377926883,1.4368663497954515,1.4406859740275728
MACE,1,66,66,67,1.6175546346732481,1.6088000935952007,0.9358490635868316,0.05863583771628006,0.029933834339549163,0.030184458554260198,1.4621391707638765,1.4658234754899977
MACE,1,67,67,68,1.6045735170801094,1.5978302559641373,0.9223473297207202,0.058861736567303306,0.029082076482209757,0.030648767923445442,1.487208746586255,1.4907895732394372
MACE,1,68,68,69,1.5851711617766413,1.579548584816311,0.9044483826318581,0.05910028823709694,0.028371874990365805,0.031119786132033263,1.5119747654637195,1.515470019877192
MACE,1,69,69,70,1.56325437704956,1.5576100395201518,0.8845230067662648,0.0593457742129543,0.027658924867648208,0.03159741286073397,1.5363979899971625,1.5398076767446944
MACE,1,70,70,71,1.5431028333006491,1.5362271148848075,0.865194089219871,0.059591722524238645,0.026790436003754928,0.03208117552927641,1.5605060847869723,1.5638112254147696
MACE,1,71,71,72,1.528358202959977,1.5194718017869495,0.8489258659034251,0.05983102418398468,0.025667972867236585,0.03257016491568143,1.584383645595544,1.5875529723176907
MACE,1,72,72,73,1.520513576328594,1.509961369027959,0.8373007189689667,0.06005610801596935,0.02433509767139089,0.03306298917600049,1.6081386203552483,1.6111461187087526
MACE,1,73,73,74,1.518723414373744,1.5072461406162576,0.830171381425864,0.06025917883763491,0.022885375061566512,0.033557958957515836,1.6318657599292408,1.6346968396558816
MACE,1,74,74,75,1.520805053554287,1.5098298098965746,0.8268306342131988,0.060432521642810405,0.02149906510546403,0.03405313730872763,1.6556257135675878,1.6582879304355156
MACE,1,75,75,76,1.522966263594154,1.5143499645727128,0.8255771748520874,0.06056884401834834,0.020410719234455844,0.03454649902876643,1.6794198668730331,1.6819496486319643
MACE,1,76,76,77,1.5207249763290205,1.5162972681090476,0.8241119507975211,0.060661628920143214,0.01985144454502771,0.03503610331760919,1.7031795519750759,1.705641793446168
MACE,1,77,77,78,1.509733853456362,1.511185598611872,0.8201477509997801,0.060705473614643124,0.020034818037733066,0.035521943123291676,1.72676814511874,1.7292540684244786
MACE,1,78,78,79,1.4873770811766278,1.4951758348309567,0.8117020191627086,0.060696384095034375,0.02101989774742951,0.03600296208670516,1.750008115256385,1.7526161908437121
MACE,1,79,79,80,1.4541565160750471,1.4679246428476802,0.7986010586729757,0.06063200608988133,0.02275898362260914,0.036484888576703726,1.7727297340845993,1.775552513388207
MACE,1,80,80,81,1.4121897324051897,1.430924574451201,0.7815687008553399,0.06051176066085412,0.025125427490681414,0.03697132926188895,1.7947963236650821,1.797910709864007
MACE,1,81,81,82,1.3644818073152918,1.3867527041721885,0.7618392713898263,0.0603368774109024,0.027938519118251043,0.037460756270452526,1.8161181257454473,1.8195787208666974
MACE,1,82,82,83,1.3150038474004713,1.3391474207967706,0.7412419118852047,0.0601103433479235,0.030988153114454922,0.037951460771064524,1.8366674028813534,1.840502899316647
MACE,1,83,83,84,1.2675677808537626,1.2919695947903642,0.7216820125098473,0.059836778505802365,0.03407040610694311,0.03844165070424746,1.8564759562851307,1.8606899242352464
MACE,1,84,84,85,1.2252839199420953,1.2486091310839456,0.7048518253553419,0.05952224960775657,0.03701667075879134,0.038929522804422564,1.8756241707365007,1.880199441908433
MACE,1,85,85,86,1.1909462210483723,1.212130273933278,0.6923359223431326,0.05917403905300226,0.03969248045749533,0.03941347001251529,1.8942360783453793,1.8991389774386405
MACE,1,86,86,87,1.1657348178235432,1.1837226324223762,0.6847304485195693,0.05880038277656114,0.041964565455750884,0.039891905880622976,1.9124541530084471,1.9176346435702403
MACE,1,87,87,88,1.152289039271342,1.1661761227204959,0.6836234365980914,0.058410187287629284,0.043718677040623,0.04036359041722669,1.9304621154434543,1.9358561454877479
MACE,1,88,88,89,1.1508324502278229,1.160488304779188,0.6896424560598631,0.05801274117765706,0.044938331721348784,0.04082762303094465,1.9484471936275227,1.9539887752499228
MACE,1,89,89,90,1.1605003567485666,1.166125187975946,0.702534442561894,0.057617415747471014,0.04564881795519499,0.041283461719158684,1.9665831247204224,1.972209481312047
MACE,1,90,90,91,1.179430348067897,1.1817054187791014,0.7215062645598961,0.05723340156753505,0.04593618771901463,0.041730984169326774,1.9850145698505628,1.9906736284804705
MACE,1,91,91,92,1.2048467868584594,1.2043305817430952,0.7447614170716814,0.056869481720219536,0.04587098458429263,0.04217030869571061,2.003842847646098,2.0094912938202065
MACE,1,92,92,93,1.2360406969983253,1.2329657798002287,0.7715494932541888,0.05653385676673414,0.04548258424814916,0.04260232345235184,2.0231582244312207,2.028756384129585
MACE,1,93,93,94,1.2712283704710432,1.2660801732284297,0.800742589862028,0.056234020846505084,0.04483230282242432,0.04302794062484225,2.043023117533238,2.0485388868362793
MACE,1,94,94,95,1.3094197641691767,1.3024429032349487,0.8313321050040399,0.05597667118436662,0.04395103839886264,0.043447984299115665,2.063484490238743,2.0688895571993253
MACE,1,95,95,96,1.3487564302640145,1.3407181404161699,0.8621888267742527,0.05576767584912723,0.04293570228481893,0.043863328732360436,2.084560273038605,2.089838278143328
MACE,1,96,96,97,1.3876919102322125,1.3786392800834801,0.8915434220701436,0.05561207142914212,0.0417922423585072,0.04427502664777632,2.1062442289041527,2.1113795168946323
MACE,1,97,97,98,1.426297453686812,1.4162950502590368,0.9191305550863057,0.05551409504406103,0.04052881423888325,0.04468402784437151,2.1285312194976314,2.1335091270549293
MACE,1,98,98,99,1.4639317022783032,1.4531930203571333,0.9443308714568661,0.05547720282099977,0.039172384976169414,0.04509112855412541,2.1514060632750187,2.1562152679980096
MACE,1,99,99,100,1.499880583147116,1.4885121473887906,0.9663467133805447,0.05550405367169901,0.03773640996107231,0.045496978143671714,2.174842395078258,2.1794732703009596
MACE,1,100,100,101,1.5335569839138534,1.5217920611769307,0.9846706787367161,0.055596461591384615,0.03625035370285782,0.045902031364830426,2.198804651708741,2.203251271256849
MACE,1,101,101,102,1.5646342999081786,1.5522402345035757,0.9986576018535526,0.05575530037341727,0.034684828890576086,0.04630669694378485,2.22325214706931,2.227505024920967
MACE,1,102,102,103,1.5939234119939778,1.58064308919833,1.0087703059228195,0.055980369578105114,0.03300735873264262,0.046716875987710064,2.24815685326174,2.252202573189691
MACE,1,103,103,104,1.6214312655461558,1.6073549066459072,1.0152767074046047,0.05627022823111772,0.03122933930112195,0.04713555716465292,2.2734908508414975,2.2773174936060334
MACE,1,104,104,105,1.6464731834548545,1.631759114286302,1.0179238964412858,0.05662202099820079,0.029370769120877167,0.0475642388327831,2.2992155364711664,2.302813729766757
MACE,1,105,105,106,1.6683644940221456,1.6534608690256858,1.0167089302348185,0.05703134834807188,0.027488255678900765,0.048004114735559066,2.325281633314802,2.328649055845283
MACE,1,106,106,107,1.6857692012153744,1.6713469847950364,1.0112968915724887,0.05749220596485083,0.02566655013539516,0.04845597969782469,2.3516190228365375,2.3547638524827055
MACE,1,107,107,108,1.6960800244151877,1.68334798860108,1.0009045689055078,0.05799701131092081,0.024058335451418857,0.04892020042020898,2.3781168851453316,2.3810661648045977
MACE,1,108,108,109,1.6974113635000931,1.6870705250080924,0.9847053441151092,0.05853673151858139,0.022752158768422445,0.04939676280462379,2.4046349761217556,2.4074266417578496
MACE,1,109,109,110,1.6881353248999944,1.6810766703260165,0.9625563853232717,0.059101114235699345,0.021860562789528852,0.04988522060361641,2.4310076500775324,2.4336934647316935
MACE,1,110,110,111,1.6666609523474234,1.6637091326932978,0.9342532333297757,0.05967898021317645,0.021487711206205875,0.05038502779880768,2.457044427885968,2.4596889199300263
MACE,1,111,111,112,1.6327287873467606,1.6338851563689116,0.8999408298889493,0.06025856476708597,0.021633775014749185,0.05089622296625321,2.4825507920951395,2.4852183754982904
MACE,1,112,112,113,1.5876834975613077,1.592806137915958,0.8609691653995613,0.06082787700664535,0.022280828287247045,0.05141756953244398,2.5073532398058873,2.5101059714032274
MACE,1,113,113,114,1.5331967925856123,1.5418623522633035,0.8186384536577975,0.061375031726990756,0.023375396392615884,0.05194763174811116,2.5313043828276705,2.5341975706573416
MACE,1,114,114,115,1.4720154944135606,1.4833736265186075,0.7745689918007974,0.061888537651560264,0.024810069927985554,0.05248480187206865,2.5542997404768286,2.5573752835716945
MACE,1,115,115,116,1.4081467033021478,1.4209338045721476,0.7308461742828485,0.062357533984322325,0.026425240064808394,0.05302735270474033,2.5762974277716566,2.5795773742681343
MACE,1,116,116,117,1.3464729520316658,1.3591831631001845,0.6898847776118451,0.06277196294668176,0.0280306980116185,0.05357346295149086,2.597331834610195,2.600814611191575
MACE,1,117,117,118,1.2926168787154384,1.3033728086295426,0.6542259909531783,0.06312267996124057,0.029389305910640855,0.05412119636829911,2.617525193882031,2.6211798113264115
MACE,1,118,118,119,1.252406017186269,1.2594416943734983,0.6266265292898037,0.06340151599457515,0.030277999559435144,0.054668455643660616,2.6370907917145914,2.6408585878009974
MACE,1,119,119,120,1.232726200466547,1.2338821422750506,0.6100586345853076,0.06360130811420858,0.030424009405574427,0.05521302819446664,2.6563495079496846,2.660137996274045
MACE,1,120,120,121,1.2383132291057788,1.232574180418125,0.6072213707767826,0.06371592712992576,0.029699096084068306,0.0557547516479627,2.675696228314983,2.679396967843078
MACE,1,121,121,122,1.2709226236221804,1.2583295489403878,0.619435419375237,0.06374031098318608,0.028108433921680373,0.056291399096685034,2.695553279629337,2.6990583670452715
MACE,1,122,122,123,1.328906074620029,1.310840370623734,0.6466994605669998,0.06367055749619549,0.025826510522516,0.056820242987379796,2.7163172418891435,2.7195402478362674
MACE,1,123,123,124,1.4066666007947006,1.3857627658164104,0.6872511519164347,0.06350409096183847,0.023186095835160694,0.05735184780115528,2.738297246013488,2.741192791052149
MACE,1,124,124,125,1.495047900428058,1.4750865432953164,0.7376748886058839,0.06323991077280715,0.02066472783701232,0.057887987002216236,2.7616593430321856,2.764241018291138
MACE,1,125,125,126,1.58365550058894,1.5682243374334346,0.7932827776502211,0.06287892086281172,0.0187155797557589,0.058427151553224525,2.7864071424907877,2.7887445235635355
MACE,1,126,126,127,1.6629000552673654,1.6553270663611162,0.8495838868219577,0.062424313140655455,0.01775901694534605,0.05896757717978301,2.8123943735494095,2.814609008975428
MACE,1,127,127,128,1.724532318406309,1.7269394529523021,0.9019431475150684,0.06188194732806343,0.018063068016179774,0.059509896137229304,2.8393458078825873,2.8415924379278077
MACE,1,128,128,129,1.7646570425714319,1.777467650617201,0.9472576355216438,0.06126067718042137,0.01968120735152807,0.060052761235114036,2.8669252730537664,2.8693653699687016
MACE,1,129,129,130,1.7829879306641645,1.805341698464039,0.9840960980669649,0.06057256289552693,0.022504766611243714,0.0605933677438157,2.8947920369581936,2.8975738340072024
MACE,1,130,130,131,1.7824031252167711,1.8122131640868582,1.0124166921404782,0.05983289130729775,0.026270145765114595,0.06112836687911407,2.922650258136983,2.9258896646960597
MACE,1,131,131,132,1.7678865143657434,1.8025187059114685,1.0335306275765592,0.05905996870653979,0.030644622855447744,0.061654107560103824,2.9502818989923796,2.9540540194759264
MACE,1,132,132,133,1.7446591288554045,1.7815388780540644,1.049218291042337,0.05827465666090182,0.03530299446770233,0.06216691764570296,2.9775504563307464,2.9818905644455214
MACE,1,133,133,134,1.718029899616581,1.754692841921681,1.061453079167083,0.05749964315293386,0.03993398066925739,0.06266343808354236,3.004402366036274,3.0093076401005474
MACE,1,134,134,135,1.6915191497747037,1.7263077344922435,1.0717334081563856,0.0567584754433584,0.04432821216486069,0.06314094141064887,3.03083909148949,3.036281198451989
MACE,1,135,135,136,1.6671260624446005,1.6989737080023677,1.0806558884622068,0.05607439734789827,0.04835096641907999,0.06359760488361949,3.056893390532167,3.062827662639526
MACE,1,136,136,137,1.6449379116337233,1.6733365593557894,1.0877052919453056,0.055469088190959054,0.05193806929394711,0.06403260808102831,3.0825994714174243,3.08897354637946
MACE,1,137,137,138,1.6253842938676404,1.6499061650567854,1.09237936374975,0.05496141140886943,0.055035487012585746,0.06444628648471969,3.1079983604609396,3.114753330208472
MACE,1,138,138,139,1.6077044960637479,1.6282393638409733,1.093702316384696,0.05456630633665484,0.05762929654744841,0.06484010311945616,3.1331193114940703,3.1401945702684873
MACE,1,139,139,140,1.5906788608764242,1.6073352713786944,1.0905204313245345,0.054293936665163384,0.059733208627432234,0.06523322289012985,3.15797262958295,3.165309183883779
MACE,1,140,140,141,1.5764211737604077,1.5879559563286298,1.0831386842227422,0.05414921819745256,0.06119019531624865,0.06563506902344234,3.1826017381284544,3.190120995701414
MACE,1,141,141,142,1.5670724457532486,1.5727580173956452,1.0734637981532584,0.05413177279994662,0.06190835382095298,0.06604537000446431,3.2070835784301366,3.214695339723221
MACE,1,142,142,143,1.5648334530399322,1.5640336122772729,1.0634001088253524,0.05423625434126071,0.06180732397167105,0.06646351670334165,3.2315295179135006,3.2391333649150535
MACE,1,143,143,144,1.5705232040704498,1.563513293507096,1.0545994787904314,0.05445302497693191,0.060921884968361414,0.0668903685912881,3.25606372687659,3.263563260126102
MACE,1,144,144,145,1.5833009203806954,1.5707849224868573,1.0473118602856273,0.054769067785358186,0.05934095856418151,0.0673254560727247,3.2807972211204017,3.288106774539959
MACE,1,145,145,146,1.601222201247015,1.5848297409746281,1.0414107864301978,0.055169019865984194,0.0572703866853827,0.06776779672547914,3.3058106051973013,3.3128697392426876
MACE,1,146,146,147,1.6196512182464624,1.6019136091435489,1.035032975955005,0.05563619876919539,0.05502990575724009,0.06821638753396517,3.3311120069718925,3.3378996393855553
MACE,1,147,147,148,1.6318068933310164,1.6159345059421832,1.0249425551622995,0.056153536457281966,0.05302502556045351,0.06867033327451465,3.3566035575374187,3.363148616040902
MACE,1,148,148,149,1.6328348038920983,1.6204674065891167,1.0079457867580868,0.056704374093615985,0.05146286926152247,0.0691289670476604,3.3821115049956774,3.388468419268857
MACE,1,149,149,150,1.6189796489088601,1.6122642510217606,0.9830259493600246,0.05727309054062816,0.050614630876989315,0.06959170438097809,3.407403387143404,3.413660048191072
MACE,1,150,150,151,1.5902221248121315,1.5882418768439979,0.9493079992725444,0.05784552259819634,0.05036450089724654,0.07005905925515137,3.4322464166791633,3.4384763275167596
MACE,1,151,151,152,1.5512048882748117,1.5526043240986216,0.910181216259939,0.05840922706681283,0.05054126706991467,0.07053107051257061,3.456480323762001,3.4627357700808004
MACE,1,152,152,153,1.5075728483085142,1.5101929617538592,0.8690452297062399,0.058953559053238645,0.05087222002810684,0.07100701334547824,3.48003302011346,3.486332535108205
MACE,1,153,153,154,1.4663166218302128,1.467733613171079,0.8300168746812435,0.059469619121753726,0.05105120368120991,0.0714861858090051,3.5029416258449686,3.5092658728140025
MACE,1,154,154,155,1.4333261727213584,1.4318589839902165,0.7968014396769643,0.05995012143805739,0.050865879472572935,0.07196814524802876,3.525335269801033,3.5316386694388497
MACE,1,155,155,156,1.4115865997737786,1.406640024230406,0.771426084847896,0.06038920650531088,0.05024106537839365,0.07245369345804314,3.54738970460744,3.5536174198174497
MACE,1,156,156,157,1.401867056623228,1.3937686321072393,0.7545139606357931,0.060782239991326086,0.049218133506865644,0.07294250290927239,3.5692926867021413,3.5753950546941256
MACE,1,157,157,158,1.4022105281385615,1.3922595297049984,0.7452526711891709,0.06112562697406709,0.04796119847819183,0.07343409152787762,3.5912013878487414,3.597149109845766
MACE,1,158,158,159,1.4087389229896878,1.3988681611986962,0.7417107428922227,0.061416647452279406,0.046714398336716,0.07392784465100478,3.61321238600798,3.6190064248644958
MACE,1,159,159,160,1.417338879155976,1.4092064638479778,0.7414665273726356,0.06165332964881408,0.04568717300484685,0.07442306626692065,3.635358000148692,3.6410252758621207
MACE,1,160,160,161,1.4248533643838914,1.4197485535329102,0.7426456803228113,0.061834362212558884,0.045042371820705286,0.07491893919614448,3.6576212396148833,3.6632088470110724
MACE,1,161,161,162,1.4296521283794303,1.4276931217899658,0.7437989199698771,0.061959037090106084,0.04479492489162169,0.07541658838633968,3.679959665308097,3.6855165520390405
MACE,1,162,162,163,1.4346636655048128,1.4346018222848351,0.745755901278596,0.06202722294575493,0.04478711332276305,0.07591733601615683,3.7023766169488326,3.707932205512241
MACE,1,163,163,164,1.4440855046636991,1.4441640400083546,0.750433022321739,0.06203935770394362,0.044797033314846815,0.07642027610446446,3.72494103747556,3.7304972686373716
MACE,1,164,164,165,1.4623595022933222,1.4608169604591534,0.7601378549484369,0.06199643524801587,0.044602191070874375,0.07692476179357527,3.747791281277557,3.753322533644546
MACE,1,165,165,166,1.4933891593808586,1.4886826541863165,0.777053082332843,0.061900009850139014,0.04400770085151082,0.07743089849786058,3.771126691851201,3.776583200116207
MACE,1,166,166,167,1.5392682426413062,1.5308086472930889,0.8028710812460682,0.06175221551455005,0.04293914860596766,0.07793808551275952,3.7951793150252655,3.800502085230162
MACE,1,167,167,168,1.5982091122822748,1.5869192676824087,0.837619931779326,0.06155579049372213,0.041513100632932814,0.07844540324118955,3.8201532464627874,3.825297698787699
MACE,1,168,168,169,1.665034846790336,1.6528532026943974,0.8793128531479739,0.06131411003880847,0.03997440727736165,0.07895167610979267,3.8461716723752204,3.851123530079799
MACE,1,169,169,170,1.7324063845281923,1.7219662458329918,0.9245922660745667,0.06103123900092455,0.038655687742048514,0.07945556988114899,3.873243086885303,3.8780292526709395
MACE,1,170,170,171,1.7921945913121027,1.7863092471538886,0.9692541830360473,0.06071199150643969,0.03791229548069418,0.07995571923893133,3.901248952909775,3.905940334657719
MACE,1,171,171,172,1.8370769941886038,1.8379433992145922,1.0088697627843963,0.06036198475780963,0.03802173322540438,0.08045282656949002,3.929956311787386,3.9346582002704475
MACE,1,172,172,173,1.8617841924968075,1.8708917413043336,1.039811376688192,0.059987677000806636,0.03917213006226097,0.08094663895318359,3.9590498676425057,3.963890883728328
MACE,1,173,173,174,1.865281545264098,1.8818416692999456,1.0596767933628592,0.05959637256706062,0.041263879962415116,0.08143628894433863,3.988198162597989,3.9932946598111396
MACE,1,174,174,175,1.8509434474220732,1.8733827488208512,1.0692248414699663,0.059196187356104046,0.044098243180880035,0.08192093425932499,4.017122460377998,4.0225662652614655
MACE,1,175,175,176,1.8230055380173684,1.8494650489334645,1.0699942031552436,0.05879594157066154,0.04744040892777078,0.08239978678856892,4.045610200058114,4.0514641566510505
MACE,1,176,176,177,1.7864166400788812,1.8144920785101961,1.0638620039637978,0.05840498099918778,0.0509866864440721,0.08287202935366464,4.073526135432104,4.079815595377773
MACE,1,177,177,178,1.7466550158950906,1.774347713652228,1.05370608160182,0.058032946315593456,0.05448461904669631,0.08333697928492964,4.100820603579081,4.107539778403589
MACE,1,178,178,179,1.7072791938996479,1.7331295899460668,1.041520500555708,0.057689477433221364,0.05774984599982731,0.08379400851317555,4.127499524335221,4.134619928246496
MACE,1,179,179,180,1.6708484576200737,1.6937967085112555,1.0287545412783636,0.057383859890693924,0.060648495877475124,0.08424257518493439,4.153608792056396,4.161085501816985
MACE,1,180,180,181,1.6387451282365695,1.658220154645706,1.0163080954611439,0.05712462998887868,0.06310843424862674,0.0846822666950162,4.179215893118204,4.186995191733324
MACE,1,181,181,182,1.611642664532952,1.627245978808063,1.0045381673936702,0.05691914661756469,0.0650793271602007,0.08511285119281169,4.204398842593271,4.2124209101522005
MACE,1,182,182,183,1.589430691055587,1.6012816826347467,0.9935999736226174,0.056773161602204636,0.06657625498506323,0.08553441012539531,4.22923395571928,4.2374409364433685
MACE,1,183,183,184,1.572883044085374,1.580299779797099,0.9834449221157482,0.056690425476973005,0.06751308107108091,0.08595660309282242,4.253809677755349,4.262133120502699
MACE,1,184,184,185,1.5631918497611574,1.5661861669583619,0.9752823131020456,0.05667238835759678,0.06789130062334536,0.08638466900531704,4.278233132807507,4.286604779361423
MACE,1,185,185,186,1.5595863602938311,1.5587496510269778,0.9690904058170886,0.056718016610380007,0.0677856138228353,0.08681925654219379,4.302599460883627,4.3109602426587195
MACE,1,186,186,187,1.56023767270401,1.5566374735728197,0.964177864318944,0.05682378521223046,0.06733086383685084,0.08726079623667471,4.326975284497436,4.335282703183295
MACE,1,187,187,188,1.5615830545705123,1.5573361003820663,0.9591981414717823,0.05698387898562663,0.06679442063265678,0.08770891590228211,4.3513716095855415,4.359616079751764
MACE,1,188,188,189,1.5583484513708987,1.5557553262113903,0.9513103668655418,0.057190583997682724,0.06646687663106916,0.08816286488399831,4.375717069715179,4.383924756723817
MACE,1,189,189,190,1.5449518299860587,1.5464685637574052,0.9376055761686338,0.05743484523685329,0.06665845899530186,0.08862205518489273,4.399853095820028,4.408088328032527
MACE,1,190,190,191,1.5177690932159267,1.5246967553167616,0.915709458095418,0.05770691875830196,0.06753350899349964,0.08908539166484387,4.423564488310383,4.43191171483435
MACE,1,191,191,192,1.475247326571544,1.4882251218940008,0.884885245613377,0.05799704101313382,0.06917276616398985,0.08955172966308701,4.446611755980712,4.455165232363944
MACE,1,192,192,193,1.4183128730952728,1.4367359384619074,0.845530211452529,0.05829602067599051,0.07149982875469095,0.09001989868782197,4.468769839098385,4.477614231402412
MACE,1,193,193,194,1.3524463471302388,1.3738836634977034,0.8002919268695071,0.05859570172864135,0.0742076287853036,0.09048879837468096,4.489899261351127,4.499081163644563
MACE,1,194,194,195,1.2854690110794837,1.3070700020322186,0.7538009786476333,0.05888925675465163,0.07693610295438622,0.09095762360230397,4.509982701025983,4.519504132426317
MACE,1,195,195,196,1.22523231044505,1.2441499994522642,0.7106909573285716,0.05917128147020765,0.07932564267077533,0.09142586096062032,4.529125469665551,4.538943976167759
MACE,1,196,196,197,1.17928822267231,1.1929274494500048,0.6753353967490199,0.059437735792095006,0.08104844687131542,0.09189328902067605,4.547550845327208,4.557583467565415
MACE,1,197,197,198,1.153189987666058,1.159793445512563,0.6511317645489443,0.05968578108632516,0.08188254583465643,0.09235993027817331,4.565568858187596,4.575705240151549
MACE,1,198,198,199,1.1494741774403638,1.1485574442130813,0.6399300561925529,0.059913557015470256,0.08176675101135164,0.092826452075242,4.583529169564393,4.5936514502173775
MACE,1,199,199,200,1.167668705757758,1.1596092027458662,0.6416590760098153,0.06011995594822964,0.08074873541050688,0.09329608712287416,4.601774073280218,4.611770344010282
MACE,1,200,200,201,1.2050209538878622,1.1911013757520799,0.6550585847678997,0.0603044401115341,0.07899051934203524,0.09377156373273225,4.620602869839452,4.630381303006408
MACE,1,201,201,202,1.2571285311517977,1.2390317341246955,0.6777612596740719,0.060466919235048565,0.07670466850585739,0.09425203088545255,4.640246083850386,4.649741173852107
MACE,1,202,202,203,1.3183556711348319,1.298138262246682,0.7067981758164005,0.06060769441278759,0.07415095798221522,0.09473665887061011,4.660846186217427,4.6700245841997114
MACE,1,203,203,204,1.3829360149603434,1.3626507961507528,0.7390001147490896,0.06072744817858771,0.07158868222101228,0.09522458271978919,4.682455543079556,4.691316002889567
MACE,1,204,204,205,1.445699989217156,1.4268189228811454,0.7712627672306221,0.060827258748925056,0.06920376840408307,0.09571494422411925,4.705045731049573,4.713610048559585
MACE,1,205,205,206,1.502963904876413,1.4866743875917363,0.801472373924412,0.06090860445022879,0.06714619950665074,0.09620680180554748,4.728530748906223,4.736839335865707
MACE,1,206,206,207,1.5526175286102692,1.5393385217559306,0.8281030357499004,0.060973324954047364,0.06546889556849288,0.0966991701185984,4.752791601003281,4.7608915002681425
MACE,1,207,207,208,1.5942298955250247,1.5837943464116861,0.8506173182130289,0.061023523716616686,0.06415075575452604,0.09719109120273864,4.777702543988127,4.785638286930825
MACE,1,208,208,209,1.6293482429659347,1.6209156737143184,0.8694744803863039,0.06106140441305108,0.06308561724155784,0.0976817378845482,4.803162010638573,4.810965094332611
MACE,1,209,209,210,1.6609914053959187,1.6532555844199954,0.8860191980905735,0.06108905836499913,0.062108486712887254,0.0981705233139386,4.82911562009658,4.836797212839174
MACE,1,210,210,211,1.6932220262184852,1.6846780185895662,0.9022928100333407,0.06110822994039311,0.061029272145048254,0.09865715549502267,4.855572504286698,4.863120306879636
MACE,1,211,211,212,1.729325170800565,1.719018545880729,0.9203275444518298,0.06112010178483421,0.059727417062300996,0.0991422304318463,4.882593169822869,4.889979971659022
MACE,1,212,212,213,1.7697313451641854,1.7576364657185655,0.9408475661928312,0.06112514355490682,0.058199683162603925,0.09962990987973773,4.910244906409567,4.917443041435876
MACE,1,213,213,214,1.8144422840438479,1.8009639416912826,0.9641056187561015,0.061123075693736775,0.05649720066856027,0.10011915207166323,4.9385950817937285,4.945583103024801
MACE,1,214,214,215,1.8623571429417385,1.8481150830214381,0.9896737652994022,0.061112981859795565,0.05469825113462017,0.10060847786767624,4.967693900291614,4.974459901197012
MACE,1,215,215,216,1.9090227555127954,1.8962208555628721,1.016080921393735,0.06109354256652466,0.05308121174022502,0.10109604973687211,4.997522003724164,5.004088352065181
MACE,1,216,216,217,1.9473743868523756,1.9388957399247042,1.0399751676381268,0.061063366151155235,0.0520102530429346,0.10158003342333527,5.027949636259521,5.034383598001505
MACE,1,217,217,218,1.9700973536996824,1.9686088771026897,1.057365349290905,0.06102140182735555,0.05182223991172848,0.10206523406501512,5.0587327117925796,5.065143111706234
MACE,1,218,218,219,1.9710857465689446,1.9785313384161063,1.0645796849626818,0.06096735827737308,0.05276271088701678,0.1025546200189677,5.089531673924341,5.0960576638689865
MACE,1,219,219,220,1.947147525588291,1.964198185045724,1.0591357942960153,0.06090203825475956,0.0549164215198866,0.10304778642146245,5.119957013990373,5.126748260510326
MACE,1,220,220,221,1.899043671550565,1.9247751692522277,1.0404227830616106,0.06082751502000081,0.05816663013135341,0.10354339339596574,5.149631026722723,5.156822872529892
MACE,1,221,221,222,1.8320846747501875,1.8638503594361973,1.0101595833417893,0.06074709643774189,0.06217903170675554,0.10403931166543309,5.178258907000632,5.185945534396083
MACE,1,222,222,223,1.7545702702615675,1.789004979149642,0.9722198290985893,0.06066504655215931,0.0665285642780423,0.10453298876437393,5.205675480878469,5.213898737195296
MACE,1,223,223,224,1.6753795738322241,1.7090695921401993,0.9312023596393012,0.06058607771017213,0.07078403315492694,0.10502179562203566,5.231854291152693,5.240602949572486
MACE,1,224,224,225,1.603228082294638,1.6329607244949136,0.8918342350990519,0.06051468787915219,0.07453963614552753,0.10550344105242178,5.256905080658569,5.2661179608927196
MACE,1,225,225,226,1.5439682733574596,1.567955463340484,0.8580394648853648,0.060454443469391064,0.07756951696908637,0.10598427012115243,5.281029095532297,5.290617265007414
MACE,1,226,226,227,1.501381026797437,1.5181994083633266,0.8321082448391599,0.06040730966426437,0.07969388801154054,0.10647078329529759,5.3044867471241375,5.314339130763091
MACE,1,227,227,228,1.4771980251626489,1.486678507387087,0.8157543008339678,0.06037315100820768,0.08089139098334522,0.1069631810007175,5.327565610690144,5.337568482441015
MACE,1,228,228,229,1.4691669740162314,1.472520288678526,0.8086201078576776,0.06034945787480394,0.08131495638628887,0.10746085727277906,5.3505181783366496,5.3605766119516165
MACE,1,229,229,230,1.474683823510548,1.4729682485166802,0.8093516922242547,0.060331351044794604,0.08109825789934746,0.10796250063090898,5.373556350043884,5.38359174083469
MACE,1,230,230,231,1.4894677977318986,1.484668300400857,0.8163073094036802,0.060311880960780384,0.08049202161505004,0.1084667542250953,5.396825209772693,5.406789683028453
MACE,1,231,231,232,1.5090639740406182,1.5029863577688527,0.827183458171264,0.06028254745319513,0.07972434299125944,0.10897055748789691,5.420400273473902,5.430273844868591
MACE,1,232,232,233,1.5299706817983008,1.5241207282500557,0.8401677003455106,0.060233998241416974,0.07898542100468736,0.1094707073513574,5.444302349901342,5.454088231247498
MACE,1,233,233,234,1.5499533547626339,1.5453755206671145,0.8540718973408217,0.06015680968961111,0.07840718354755863,0.10996412837330914,5.4685173095583295,5.478234723757922
MACE,1,234,234,235,1.568225132260766,1.5655586626761782,0.8685307256450071,0.06004226641339798,0.07807037523167573,0.11044826142258742,5.493018686051343,5.5026965778622365
MACE,1,235,235,236,1.584037301523373,1.584006698930383,0.8834435289958738,0.05988307700055472,0.07806650974306628,0.1109212630927815,5.517768254274635,5.527446682533024
MACE,1,236,236,237,1.59626859181476,1.5997071708603532,0.8984632999351463,0.059673989379462195,0.07850084509947555,0.11138543370878635,5.5427102013254625,5.552442107077717
MACE,1,237,237,238,1.603097835017902,1.6109823470854872,0.9127841670431264,0.05941229645690218,0.07949675716477378,0.11185710497190271,5.567760191654614,5.5776137062509275
MACE,1,238,238,239,1.60283171774864,1.6156737244530033,0.9251981702277818,0.05909822624584779,0.08111886254173126,0.11233559500741531,5.592807363354879,5.602858608195506
MACE,1,239,239,240,1.5941753769065634,1.6123384915069885,0.9347360514013849,0.05873522169184364,0.0834130901133174,0.11281970022983852,5.6177205555343335,5.628051397125303
MACE,1,240,240,241,1.5767811721674523,1.5999238457111342,0.9404679100337092,0.058330092179835404,0.08633629799325278,0.11330765833360912,5.64236310606514,5.653050207214538
MACE,1,241,241,242,1.551854672932571,1.5787161459344796,0.9420664734751012,0.057893025838803416,0.0897292365574874,0.1137972101928294,5.666617126129481,5.677717646994765
MACE,1,242,242,243,1.5224004235351907,1.5510932046873576,0.9403248153265881,0.05743742964404493,0.09335349214761882,0.11428566611388945,5.690411605157486,5.701953478318005
MACE,1,243,243,244,1.4925664221898258,1.5205971842510408,0.9367116576560015,0.05697956458525797,0.09689412648199147,0.11476999155322631,5.713740285058222,5.725712809321927
MACE,1,244,244,245,1.4680757441247905,1.4923928471099699,0.9337555029205907,0.056537941237541224,0.09996567942635226,0.1152469818155997,5.736686282205028,5.74903144755802
MACE,1,245,245,246,1.4548916812988903,1.4725082629814916,0.9346727408816478,0.05613246052391648,0.10219087308407312,0.11571350543892998,5.759425861093348,5.772039389167106
MACE,1,246,246,247,1.4584920729965434,1.4668461964673376,0.9427708079393644,0.05578330277979034,0.10324610291798512,0.11616681885543263,5.782220876524136,5.794958860986909
MACE,1,247,247,248,1.4823104739471131,1.4796690095417315,0.9604128358975029,0.055509626981474706,0.1029124530676424,0.11660573446161845,5.805386863564799,5.818078689260998
MACE,1,248,248,249,1.5285933829975105,1.5139346946531844,0.9891093761250596,0.05532818316764434,0.10106087817519228,0.1170318503294934,5.829274522655581,5.8417339188649535
MACE,1,249,249,250,1.596715354171654,1.5702070327228104,1.0287056282150076,0.05525198674443029,0.09771254705014493,0.11744486775587631,5.854224872725133,5.866268403751247
MACE,1,250,250,251,1.6841178736059035,1.646695963580779,1.0773646773417813,0.05528920458247657,0.09298569377361235,0.1178477539195588,5.88053906616004,5.891998028182198
MACE,1,251,251,252,1.7860143993640598,1.7397524921032044,1.1319653932651372,0.05544241720832236,0.08714223875574159,0.11826876522370493,5.9084435809584335,5.919181660871311
MACE,1,252,252,253,1.8954929428639868,1.8432113461439608,1.1878580951274005,0.05570834859607312,0.08053842199191276,0.11870810231885566,5.938057004136077,5.94798183815481
MACE,1,253,253,254,2.0045768027979247,1.9496629936700443,1.2399464291507702,0.05607810260972614,0.07360212402025028,0.11916504340256642,5.969373377107345,5.978445322430905
MACE,1,254,254,255,2.10463430050456,2.0508397213509832,1.283166643342009,0.05653785495749862,0.06680719873287035,0.11963813889531599,6.002251934595471,6.010489693077014
MACE,1,255,255,256,2.1870282427773664,2.138245464603231,1.3130269453059196,0.05706987986188241,0.0606453263245416,0.1201254057383374,6.036416992248661,6.04389977846144
MACE,1,256,256,257,2.244001931424697,2.2037554133796315,1.3259834932513397,0.05765375988614311,0.05556168987833616,0.12062457122013229,6.071471677979723,6.078333456795496
MACE,1,257,257,258,2.270392283660522,2.2409274544937445,1.3200886360582142,0.058267629529028385,0.05183991500912327,0.1211334052586347,6.106938438729337,6.113347948271961
MACE,1,258,258,259,2.2665232973928457,2.2483211949429593,1.2966274678340668,0.058889323644098865,0.049540762786608114,0.1216497232064279,6.14234476581732,6.148477966942944
MACE,1,259,259,260,2.2362500857765877,2.228461548574226,1.2590417266344487,0.0594973343437881,0.04855697354202751,0.12217143218862873,6.177278363689531,6.183297678639416
MACE,1,260,260,261,2.1873251978079042,2.187613765919521,1.2124483819293648,0.06007152987245222,0.04859342328825862,0.1226981702808962,6.2114480514514625,6.217479143731909
MACE,1,261,261,262,2.130026763910871,2.135437679389655,1.1632215748206507,0.06059366537909294,0.04927688929901967,0.12322734314362345,6.2447232307363265,6.250845357472373
MACE,1,262,262,263,2.0739322469646417,2.0818043146998537,1.1172001770589068,0.061047720482374015,0.0502712294901615,0.12375572567884698,6.277122939827073,6.283373549889558
MACE,1,263,263,264,2.027244053202346,2.035471684162172,1.079129589930472,0.061420129793987525,0.05131048174464135,0.1242801208270527,6.308794366322701,6.315177794954591
MACE,1,264,264,265,1.9938270838400274,2.001966475138609,1.0517604491159318,0.061699973912239275,0.052338588230997886,0.12479755478112882,6.33994506644342,6.346458521128633
MACE,1,265,265,266,1.9726825884002277,1.9816594117492285,1.0350710197089066,0.061879162959318806,0.05347247281443018,0.12530536981801768,6.370766955931195,6.377421949437214
MACE,1,266,266,267,1.959436122665084,1.9708722103107152,1.026995815357973,0.061952650841396936,0.054916993105408735,0.12580780501355215,6.401383549837547,6.40821682772332
MACE,1,267,267,268,1.9484813310060136,1.9642105744992695,1.0246482624085242,0.06191866957796557,0.056903792445516126,0.12632435504442432,6.431830691790097,6.43890761794987
MACE,1,268,268,269,1.933877205874344,1.955115465047739,1.0245223751134682,0.0617789438542575,0.059586449073523874,0.12685305999212942,6.462051310213823,6.469456297091241
MACE,1,269,269,270,1.9111768899189394,1.9388886093565143,1.0239631630752282,0.061538833658330565,0.06308678435127717,0.12739131435104994,6.491918760490378,6.499751431612436
MACE,1,270,270,271,1.876726205123986,1.9108962351892282,1.0201401423871497,0.06120735769928332,0.06740288469101578,0.12793568110361728,6.521249206743462,6.529609185287269
MACE,1,271,271,272,1.8306714576374477,1.8701112864737075,1.0118873651604998,0.060797068196020314,0.07238462624390271,0.1284821528407781,6.549861016724279,6.55882967413842
MACE,1,272,272,273,1.7753736022816033,1.8179519317933879,0.9991617151772602,0.06032374610204354,0.07776279951798036,0.12902633959574128,6.577609387085737,6.587235173072692
MACE,1,273,273,274,1.7156705674003028,1.7586848439719311,0.9833999638258794,0.059805884023301975,0.0831960383348599,0.12956382916866901,6.604425073678755,6.614714623759753
MACE,1,274,274,275,1.6572023919691585,1.6978386123164735,0.966818351439112,0.05926397237766103,0.0883288990350659,0.1300904990243363,6.630326953633414,6.641243352077199
MACE,1,275,275,276,1.605850092155893,1.6413431615266016,0.9520573054011291,0.058719608038014744,0.09281211571578837,0.13060282061460698,6.65542582047518,6.666889338976052
MACE,1,276,276,277,1.5662776673114749,1.5945671910530776,0.9416929302812839,0.058194475039550206,0.09638543487292825,0.13109813294294959,6.679905394768149,6.691804451336256
MACE,1,277,277,278,1.5415613166357942,1.5611042270337174,0.9374992968203604,0.05770925560342409,0.09885394783726881,0.1315746984249737,6.703997534043715,6.716196704883657
MACE,1,278,278,279,1.5343458444258629,1.544059074889093,0.9411288578029291,0.057282558689646455,0.10008084981020418,0.132031850640404,6.72797550616977,6.7403226279287995
MACE,1,279,279,280,1.5450998965962377,1.544815314330325,0.9532899754686879,0.0569299454701536,0.10004490352592393,0.13247000284428026,6.752119990791172,6.764460367215211
MACE,1,280,280,281,1.5726132983301129,1.5627944235365197,0.9734883312280341,0.05666312849267777,0.0988046573584034,0.13289334778412448,6.776692846695909,6.788879030082969
MACE,1,281,281,282,1.6132827626930308,1.595762206871489,1.0001466893982012,0.0564894354690488,0.09659159296280934,0.13331456520729593,6.801899711481596,6.813812814565335
MACE,1,282,282,283,1.6638306708266328,1.6394701102512967,1.0303787822077202,0.05641158417878834,0.09351455078360499,0.13374619802946203,6.827895082064828,6.839429535038011
MACE,1,283,283,284,1.7208223240695744,1.691757991438106,1.06262971174366,0.05642780264343107,0.08984336361445587,0.13418762404559667,6.854779843814107,6.865863253654232
MACE,1,284,284,285,1.7789366696006832,1.747671827037623,1.093698375081942,0.05653223518824848,0.08589422463650802,0.1346377672264187,6.882571781748226,6.8931706259516945
MACE,1,285,285,286,1.8328227506810923,1.801943860036767,1.1203816040753607,0.056715614418702376,0.08199383619241668,0.13509520922990942,6.911205097465789,6.92132599876477
MACE,1,286,286,287,1.8773724019888594,1.849356490142473,1.1397700495374918,0.05696612722108514,0.07845507762511666,0.13555834316270718,6.940534184872504,6.950222193923246
MACE,1,287,287,288,1.9087580517989844,1.8854114162807778,1.149677778325815,0.05727037086556876,0.07550610680772239,0.13602553808734125,6.970353627114179,6.9796817473026325
MACE,1,288,288,289,1.9249905492840624,1.9075461517539678,1.1493289315212571,0.057614308714645415,0.07330266215278886,0.13649524365810164,7.000426902567192,7.009487155923789
MACE,1,289,289,290,1.925499519014668,1.9144291577046852,1.1388088508279464,0.057984141436709366,0.07190433765264016,0.13696615360785233,7.03050854067655,7.039400111512924
MACE,1,290,290,291,1.9118536528212953,1.9068251520652133,1.1194523687607365,0.058367033911215824,0.07126917538382559,0.13743728768017052,7.060377531721507,7.069194254513943
MACE,1,291,291,292,1.8868283305135884,1.8870183734945922,1.0933665563765143,0.05875166372126196,0.07129318017906018,0.13790955331547058,7.089856173737807,7.098678916599796
MACE,1,292,292,293,1.8530342602897496,1.8577271076981297,1.062715880224653,0.05912856944662637,0.07188594524994182,0.13838242106577275,7.118807496997448,7.127705902657579
MACE,1,293,293,294,1.813137196655022,1.821339655408039,1.029267975352158,0.059490311009500564,0.07292201794121522,0.13885568503347462,7.147136121987252,7.1561643347733295
MACE,1,294,294,295,1.770307691471904,1.7808974654030676,0.9949689921188365,0.05983147129865404,0.07425963827033934,0.13932950493466573,7.174796155262619,7.183990857670252
MACE,1,295,295,296,1.7267114907942362,1.7389864357252782,0.9613387436215567,0.060148509843121006,0.07581011668332248,0.13980437761827053,7.201775502319485,7.211162520728459
MACE,1,296,296,297,1.6832291007709506,1.6968205855726386,0.9290181895589973,0.06043949839739852,0.07752689047772982,0.1402810029123773,7.228075802272471,7.237675342378032
MACE,1,297,297,298,1.640060266006899,1.6547398088064669,0.8981069755491524,0.06070379192561473,0.0793810995475916,0.14076118726988834,7.253701809646351,7.263530651890633
MACE,1,298,298,299,1.597092319219285,1.612667674083062,0.8684525980946747,0.06094167387650863,0.08134846083731662,0.14124594513343286,7.278656533211247,7.288728584298181
MACE,1,299,299,300,1.5546943938439763,1.5705559420757862,0.839911549045451,0.0611540081051751,0.08335197191358376,0.14173397714567618,7.302948779486229,7.313268520893115
MACE,1,300,300,301,1.5138061861880439,1.5293273557557505,0.8128596234765029,0.061341932036098404,0.08531248892560897,0.142224301418016,7.326602077136535,7.337164260826799
MACE,1,301,301,302,1.47623970167665,1.4902951769161847,0.7878775318328269,0.06150660955183285,0.08708787049070311,0.14271641286224762,7.349668313008095,7.360450122966114
MACE,1,302,302,303,1.4442223817326478,1.4557761383890044,0.7660755354172434,0.06164906573420211,0.08854725384314807,0.14321082348745268,7.372234219277907,7.383196625128442
MACE,1,303,303,304,1.4194629145064461,1.427890899083394,0.7484595189548915,0.061770106843680464,0.0896118132546096,0.14370662074713003,7.39441326070267,7.40550742042662
MACE,1,304,304,305,1.4031651428478404,1.4079993060740785,0.73564380010373,0.061870329458642,0.09022242827318816,0.14420305065469993,7.416337732339073,7.427507409584028
MACE,1,305,305,306,1.394771744439706,1.3965983640578383,0.7278064609521678,0.061950213725277745,0.09045315307908798,0.14470164127391588,7.438131223173272,7.449329259022432
MACE,1,306,306,307,1.3927331779689132,1.3922918401313595,0.7241574613263786,0.062010271363998844,0.09039740661392634,0.14520274918505585,7.45989309418249,7.471083819024484
MACE,1,307,307,308,1.3949511644043167,1.3932872278658264,0.7237188166686628,0.062051229852927915,0.09018723070698774,0.14570651857629194,7.481689887661069,7.492853931959886
MACE,1,308,308,309,1.3989825856238327,1.3971536336286687,0.7251901766196176,0.06207419895501161,0.08995621129282216,0.14621274100981735,7.503549929669617,7.514684457485335
MACE,1,309,309,310,1.4032977776432505,1.4019446957729946,0.7275226302471558,0.06208078291167697,0.08978530020176502,0.14672077117434762,7.525477596209917,7.536589843356788
MACE,1,310,310,311,1.4073370765411026,1.4068419398202932,0.7302445168321134,0.06207310911564314,0.08972275826765426,0.14722963454811988,7.5474684733229935,7.55857174866648
MACE,1,311,311,312,1.4099084338020238,1.4108372980378507,0.732775461264497,0.06205374623380875,0.08984008538841387,0.1477380622587303,7.569499489460618,7.580616081448321
MACE,1,312,312,313,1.4124225961410701,1.4142026654393276,0.7351920919252383,0.062025519452180614,0.09006493030919088,0.14824471076819856,7.591569605418513,7.602712998095811
MACE,1,313,313,314,1.4153298666432315,1.4177115104842448,0.7378310431856318,0.06199126072556277,0.09036576158653266,0.1487483023583453,7.61368483121494,7.624864740447127
MACE,1,314,314,315,1.4215627503420372,1.423656574966738,0.7418284538130786,0.061953503833015365,0.09063023771244678,0.1492479478678971,7.635897037658879,7.647109374430983
MACE,1,315,315,316,1.4321918095756845,1.4338249629062705,0.7480755449873566,0.06191421024641824,0.09083652531686297,0.149745806451416,7.658274884768446,7.669512889476393
MACE,1,316,316,317,1.4466674335187604,1.4481307149757878,0.7565081842976198,0.061874551643117566,0.09102135598811935,0.15024622700512355,7.680878519439993,7.6921399318978905
MACE,1,317,317,318,1.4638511774783112,1.4655555169947931,0.7665946945170556,0.061834838459126205,0.0912366352943439,0.15074836026461885,7.703750374663976,7.7150392368509335
MACE,1,318,318,319,1.480753456215996,1.4837752369928825,0.7771356733992107,0.06179461554975265,0.09161832383874476,0.1512508803970638,7.726886234872943,7.738223224928948
MACE,1,319,319,320,1.4940836174992578,1.499434403480029,0.7863982050254115,0.061752916949125373,0.09229419474507353,0.15175219881307486,7.750230500547239,7.761651887483324
MACE,1,320,320,321,1.499858721622895,1.5087109084598644,0.7923986349695509,0.061708665378223254,0.09341233618485348,0.15225074194458826,7.77366533524404,7.785225495428009
MACE,1,321,321,322,1.4938638512981481,1.5074114425307903,0.7929370787043977,0.06166113838733493,0.09512356567485401,0.15274597119426817,7.79700700157715,7.808778799217553
MACE,1,322,322,323,1.4722011529805912,1.491167870116606,0.7856843077083402,0.06161042816786301,0.0975192982544911,0.15324602502117857,7.820010782388032,7.832078297188126
MACE,1,323,323,324,1.4346693843841847,1.4578589778735431,0.7694478693245539,0.061557809170276895,0.10044843270789126,0.15375044465268972,7.842428707311555,7.854857343717399
MACE,1,324,324,325,1.3859012515479763,1.4109371144289995,0.7459396777195937,0.06150592755480857,0.1036107739783003,0.15425772292360154,7.864085071743077,7.876903236130352
MACE,1,325,325,326,1.3326329069747993,1.35632306910404,0.7181684689733125,0.06145870504632669,0.10660313648483746,0.15476536953200765,7.884909311062671,7.898095784085103
MACE,1,326,326,327,1.2839541097850624,1.3025852201503245,0.6905629895896743,0.061420934736501745,0.10895647774979036,0.15527024775859705,7.904972803602028,7.918448678149953
MACE,1,327,327,328,1.2495278966081838,1.2596052233553086,0.6682847042094828,0.061397609702982914,0.11022936961771895,0.15576909815979897,7.924497874031822,7.93813000976488
MACE,1,328,328,329,1.2369594452806503,1.2361180665931009,0.6559209339175587,0.06139305272855137,0.11012309301122354,0.15625968191385678,7.9438256940118634,7.957444354555396
MACE,1,329,329,330,1.2514924590075056,1.2388230755993364,0.6569940033883432,0.06140997749279902,0.10852279210637004,0.15675637081894497,7.96337944347858,7.976800965111636
MACE,1,330,330,331,1.2938647063945943,1.2698434510971364,0.6725980874843903,0.0614486400246786,0.10548860840935984,0.15726596128142936,7.983593955553481,7.9966422690350285
MACE,1,331,331,332,1.3623876635692218,1.3288167128825903,0.7025171781304335,0.06150622386271854,0.10124817925588052,0.15778838387381816,8.004877838867053,8.01740503017382
MACE,1,332,332,333,1.4522174216934463,1.4118356990522924,0.7447028855024806,0.06157657926321839,0.09614746478539475,0.15832197185077093,8.027564184269309,8.039464962971511
MACE,1,333,333,334,1.5561269106906268,1.5125635870658998,0.7959253962876562,0.06165036287859684,0.09064487448805449,0.158863579556586,8.05187331255297,8.063098769019415
MACE,1,334,334,335,1.6659049046363652,1.6229004174830206,0.8521817917536496,0.06171557910681577,0.08521287219661842,0.15940886904224383,8.077897360623254,8.088456588042588
MACE,1,335,335,336,1.7717226464769067,1.733624776145682,0.909059250376498,0.06175845960051741,0.08040063671523445,0.15995271742920988,8.105574957859574,8.115544475169864
MACE,1,336,336,337,1.864136208860897,1.8347427508697207,0.9618921278633186,0.061764567238366715,0.07668787691433349,0.1604897111529043,8.134697188233453,8.144212330652204
MACE,1,337,337,338,1.9344354319344839,1.9173607670409236,1.0066574748273651,0.061720019526717594,0.07453113409592486,0.16101455054360472,8.16491900241001,8.174171092637218
MACE,1,338,338,339,1.9746008260308725,1.9728433926343254,1.039398534841503,0.06161270178585098,0.07430914837143406,0.1615246955009368,8.195769965086974,8.20499677064713
MACE,1,339,339,340,1.9787057881900059,1.994367647330837,1.0568816908907057,0.061433381478384806,0.07628743622864728,0.16201984041962675,8.226686922959914,8.236158765136675
MACE,1,340,340,341,1.943581838625197,1.9768158327857563,1.0563912146746006,0.06117665299304266,0.08048530357653615,0.16252470586609402,8.257057082944108,8.267046512523953
MACE,1,341,341,342,1.8730243982975983,1.9219286916841596,1.0384011867263538,0.060841658633884986,0.0866625248695054,0.16304295064206167,8.286326802569022,8.297076648331517
MACE,1,342,342,343,1.7727283807485081,1.8342931139375438,1.004516370501669,0.0604325411278905,0.0944389173785481,0.1635717366454099,8.31403127455932,8.325737478236793
MACE,1,343,343,344,1.651554321167193,1.7216956431575168,0.9578198874618868,0.05995856951905985,0.1032986398632554,0.16410712111978976,8.339843998936836,8.352638972661127
MACE,1,344,344,345,1.5200856205198403,1.594312353721695,0.9026803044896266,0.059433967180825616,0.11267440066236843,0.16464444189743924,8.36360371930489,8.377550103188028
MACE,1,345,345,346,1.3875759902774036,1.4617859373269273,0.843366381992829,0.058877416466284194,0.12204804116139276,0.16517866303223488,8.385293677473982,8.400390508458761
MACE,1,346,346,347,1.2619947034052323,1.3325952016486653,0.7838332412546887,0.05831124065195531,0.13096576332530024,0.16570477417930052,8.405021584122707,8.421212308484522
MACE,1,347,347,348,1.1500106481509118,1.2136537295478582,0.7275552562058375,0.057760295171175986,0.1390046770960782,0.16621807597874483,8.42299934025803,8.440175648008706
MACE,1,348,348,349,1.0575243773866885,1.111443914055331,0.6781995620255786,0.057250597212596684,0.1458153860737914,0.16671463102125328,8.439531075087103,8.457541959165821
MACE,1,349,349,350,0.9886683320874197,1.0305116667171323,0.6386571285700687,0.05680774788952416,0.1511007203408749,0.16719147618372038,8.454985558069339,8.473643703958276
MACE,1,350,350,351,0.9472665513185624,0.974844210695846,0.6117254401583163,0.056455250038329116,0.1545841221634728,0.16764682023319374,8.469791409350336,8.488875644750399
MACE,1,351,351,352,0.9365064260397228,0.9480229102940423,0.6000360771259721,0.05621286657236518,0.15603879754736205,0.16808015795622336,8.484427169991093,8.503688502723744
MACE,1,352,352,353,0.958775485462797,0.9528703511274031,0.6056376798012355,0.05609516906815136,0.15529290554016945,0.16849509882907532,8.49940881008493,8.51857710196011
MACE,1,353,353,354,1.0152908476471125,0.9914019795695926,0.6297851067442781,0.056110442753151066,0.15227544399774504,0.16891727927826167,8.51527143620423,8.534067757890885
MACE,1,354,354,355,1.1047944868068007,1.0636611577436468,0.6720980996811355,0.05626007595938855,0.1470797922758975,0.16936004736808047,8.532530604616895,8.55068746348063
MACE,1,355,355,356,1.2227726010855915,1.1666092459360122,0.7299057343183901,0.056538504539791624,0.13998566108025257,0.16982323816358155,8.551631433729057,8.56891573294838
MACE,1,356,356,357,1.3620636938381816,1.2942170443347134,0.7985426510189052,0.05693371155230695,0.13141578430774384,0.1703057591082321,8.572907215016912,8.589137874266111
MACE,1,357,357,358,1.5123110163427176,1.4377841451876991,0.8719132359339987,0.05742820046668149,0.12200211234732528,0.1708056356520465,8.596529467855163,8.61160325153467
MACE,1,358,358,359,1.660978228063048,1.5852450430126876,0.9424667250713019,0.058000292910777095,0.11243606791888207,0.17132025454036137,8.62247387106052,8.636372705331743
MACE,1,359,359,360,1.7958749504333773,1.7244617864426532,1.0034804227557172,0.05862560442239758,0.10341569595041543,0.17184652903733397,8.650525647092344,8.66331742074491
MACE,1,360,360,361,1.9061678447703512,1.8438741281855908,1.0494610202104546,0.0592785370432146,0.09554722375996935,0.17238106180745857,8.680300756997106,8.692127953997808
MACE,1,361,361,362,1.9837746419732425,1.9343314945729821,1.0770090722103043,0.059933655686219285,0.08930193849435639,0.1729203654342619,8.711288865021594,8.722351883600512
MACE,1,362,362,363,2.0244458631666404,1.9900548799376916,1.0849874699604303,0.06056687452534735,0.08495792901836242,0.17346103768566073,8.742913209720982,8.753446491099538
MACE,1,363,363,364,2.027653632117217,2.0091842758968825,1.0743995088719516,0.06115640986425001,0.08262501931634766,0.1739998441606667,8.774588737249012,8.784839995410428
MACE,1,364,364,365,1.9948032282085058,1.9921890646859797,1.047183348138893,0.061683486052055335,0.08229481790750595,0.17453546650631888,8.805752291474178,8.815967949546145
MACE,1,365,365,366,1.9330505386190837,1.9439113735951041,1.0070810125460035,0.06213281414188601,0.08366667662230201,0.1750681618185162,8.835952450986007,8.84634156475857
MACE,1,366,366,367,1.8500974993528796,1.8721929469052105,0.9587813982393099,0.062492874357008815,0.08645760681771611,0.17559536645709933,8.864858054713487,8.875594579553963
MACE,1,367,367,368,1.7558726187591212,1.785299004397209,0.9066312726829956,0.06275598226749526,0.09017452579049225,0.17611489982082454,8.892292984531203,8.903489876497668
MACE,1,368,368,369,1.6605515675360447,1.6942441267292838,0.8559594245036057,0.06291821645860206,0.09443031561282911,0.17664038240168908,8.918240032305569,8.929962440977812
MACE,1,369,369,370,1.5717256780854596,1.6069157398079026,0.8102685462845873,0.06297918844469122,0.09887525865401639,0.1771778927172878,8.942800530661543,8.955070499412312
MACE,1,370,370,371,1.4955930133108852,1.530136835852045,0.7724727041390851,0.06294171350674728,0.10323857363855393,0.1777238636130148,8.9661725985275,8.978978887472499
MACE,1,371,371,372,1.4343340388882293,1.4674346298208545,0.74389499204412,0.06281141282968537,0.10741959049739408,0.17827464696499132,8.98858838558425,9.00190755356345
MACE,1,372,372,373,1.3884689304371929,1.4193860188365512,0.724492206968518,0.06259626207920707,0.11132480379364854,0.17882664508266874,9.010288153501023,9.02408546010777
MACE,1,373,373,374,1.356739756061362,1.385506151800876,0.7138005556509388,0.0623061313344842,0.11495835782293416,0.17937657215148722,9.031492513141615,9.045733993729659
MACE,1,374,374,375,1.3362105771180504,1.363054466263341,0.7102776667735498,0.061952312677502744,0.1183490753270943,0.17992148699205687,9.052376222832947,9.067031719765025
MACE,1,375,375,376,1.324933620885302,1.3495630190714196,0.7125386908473248,0.06154706629304753,0.12146007504455698,0.1804588817927919,9.07308364075643,9.088118641938015
MACE,1,376,376,377,1.3210399225908314,1.3433056076494403,0.7195764839602379,0.06110319657773649,0.1242725083570968,0.1809867872369593,9.093729960829577,9.109107792057538
MACE,1,377,377,378,1.323059217149469,1.3424659687941287,0.7303076995372522,0.060633648361112874,0.1267238227752231,0.18150369932776012,9.114407442826433,9.130083822819946
MACE,1,378,378,379,1.3305646650578866,1.346474493593457,0.7442868592437214,0.06015114346253204,0.12873343225512252,0.1820085729318947,9.135201711520047,9.151122486782345
MACE,1,379,379,380,1.3441204564337916,1.3555600896862001,0.7614965879255569,0.0596678520113605,0.13017840040039286,0.18250077567835965,9.156207236655334,9.172303113183691
MACE,1,380,380,381,1.3646477470396325,1.370827499665177,0.7824225771124858,0.05919509406436482,0.13095898011763885,0.18298001418325716,9.177532901254004,9.19372229286596
MACE,1,381,381,382,1.3936150060160999,1.3938082547536736,0.8078296372498761,0.058743067722750356,0.1309833898398517,0.1834463420663145,9.199310552364004,9.215500546846487
MACE,1,382,382,383,1.4322500048088056,1.4259948723547047,0.8385015245477856,0.05832060915087641,0.130193288711503,0.18390182488733434,9.221691239006624,9.23778171672703
MACE,1,383,383,384,1.4811422051742833,1.4684651390684431,0.8750074934513022,0.05793498944402951,0.12859201738625586,0.18434744984091794,9.244835238575,9.260726484524973
MACE,1,384,384,385,1.5397687460095684,1.521284983497111,0.9173176910198355,0.05759176685346321,0.1262572879901347,0.1847840018635529,9.268894678895023,9.284496562392116
MACE,1,385,385,386,1.6063945909377524,1.5832552342916981,0.9646101960950845,0.05729471190303436,0.12333449907567723,0.1852123932131373,9.29399459876823,9.309234925427923
MACE,1,386,386,387,1.6780450620623562,1.6519568481151898,1.01526869470278,0.057045822934302506,0.12003923275997463,0.18564131988449967,9.320213576412328,9.335046751179723
MACE,1,387,387,388,1.750603270673456,1.7236340375872867,1.066801974969402,0.056845438796209145,0.11663268275508866,0.1860705803545712,9.34756587693819,9.361978533017023
MACE,1,388,388,389,1.819421108110515,1.79375792352017,1.1162036963966857,0.05669244480110037,0.11339110294033068,0.18649978262714056,9.375993149900452,9.390006000572026
MACE,1,389,389,390,1.8800610088540932,1.8576949982830318,1.1604023886370085,0.0565845539413648,0.11056599726614663,0.1869285441333902,9.405367706459167,9.419032484920198
MACE,1,390,390,391,1.928665085975796,1.9112487888034495,1.1966410029519077,0.05651863564768466,0.10836610203634946,0.18735656323178979,9.435501570136395,9.448895747245253
MACE,1,391,391,392,1.962522874028639,1.9511235112203893,1.22280012073464,0.05649104940630524,0.10692622054969145,0.1877836853593097,9.466164399842825,9.479382052108072
MACE,1,392,392,393,1.980264109576609,1.975312560105252,1.2376573576373928,0.056497950846750106,0.10630077818646405,0.1882100920504321,9.497104429606829,9.510246310859717
MACE,1,393,393,394,1.9826794718109932,1.9837235772036232,1.2412750512060258,0.05653554227227873,0.10643266170050396,0.18863763942549663,9.528082235964241,9.541241991753523
MACE,1,394,394,395,1.972523785828067,1.978285876993406,1.235043479416079,0.05660025653227238,0.10716048557390528,0.1890661910245814,9.558901434122191,9.572152708581546
MACE,1,395,395,396,1.95386901647557,1.962699683538559,1.2214853121959235,0.05668886991589713,0.1082759087982312,0.18949550214270217,9.589429265804306,9.602819891136836
MACE,1,396,396,397,1.931177154802623,1.9413362416075812,1.2035277222335956,0.05679856058529195,0.10955912797967746,0.18992520347897324,9.619602702031216,9.633153269911954
MACE,1,397,397,398,1.9088471489657624,1.9184649442541366,1.1839902657167916,0.056926943418490555,0.11077397530150973,0.19035475219095654,9.649427461935645,9.663129284665926
MACE,1,398,398,399,1.8912752055889184,1.8987537566897554,1.1658716325378609,0.057072113174945156,0.11171860944100116,0.1907835322713907,9.678977971059766,9.692797312114203
MACE,1,399,399,400,1.8806784873464226,1.8854230304322852,1.1511983945584672,0.05723271046954644,0.11231790431975008,0.1912110540408673,9.70836330382241,9.722257046964708
MACE,1,400,400,401,1.8768309235163887,1.8784579171114066,1.1399514284815018,0.05740801880564023,0.11252341387285265,0.1916401604515967,9.737688993484817,9.751607951919574
MACE,1,401,401,402,1.880181964225551,1.8788371361617973,1.132668488442362,0.057598099865870334,0.11235354534034697,0.1920759062944621,9.767067567772791,9.7809647821721
MACE,1,402,402,403,1.888315040922664,1.8847151054590934,1.128135086408398,0.057803921187195254,0.11189882865886652,0.19251862938642533,9.796573743894754,9.8104134556949
MACE,1,403,403,404,1.8987256212039538,1.8935497004360156,1.124709072294944,0.05802741886163594,0.11124504540663337,0.19296855837314408,9.826243035600868,9.840000169764211
MACE,1,404,404,405,1.9094293722002433,1.9031188815892839,1.1209442227745794,0.058271467491062594,0.11044795185366092,0.19342473512071753,9.8560798716667,9.869736402289044
MACE,1,405,405,406,1.9195786309562797,1.9118364189573414,1.115783436747768,0.05853968859759585,0.10947001405919181,0.193885716536964,9.886075351038137,9.899608846335253
MACE,1,406,406,407,1.9306775370825329,1.9204809003969943,1.1095647987178507,0.058836070398668096,0.10818205186019417,0.19434964047143147,9.916244004750219,9.929616360403955
MACE,1,407,407,408,1.9446409004833751,1.9312249514322846,1.1034231707430289,0.05916438848189661,0.10648745041715277,0.19481429866082733,9.94663023877873,9.959791750270085
MACE,1,408,408,409,1.9633237981366023,1.945472374637446,1.098045425501224,0.05952746364653012,0.10423259331335702,0.19527758187479305,9.977307439549499,9.990189756123796
MACE,1,409,409,410,1.9893862674327114,1.9662408893814445,1.0950423596694718,0.05992636012211392,0.10130904382043257,0.19575385514366592,10.008390594570038,10.02091227002038
MACE,1,410,410,411,2.0232452254059092,1.9950242474112827,1.095179218429466,0.06035961902176913,0.09774438284478236,0.19624979359121092,10.040001293678102,10.052084523886181
MACE,1,411,411,412,2.0631575437134124,2.0308950080084873,1.0979610111217517,0.060822641108608674,0.09366922279806938,0.19676653520107862,10.072234016692327,10.083817258386315
MACE,1,412,412,413,2.1047325446815357,2.070826744686257,1.101916391447563,0.061307352050061346,0.08938649800680297,0.1973036506518907,10.105114791884695,10.116173926272037
MACE,1,413,413,414,2.1410812627690423,2.1086947833303453,1.104169295447442,0.06180221301036367,0.08529568232295948,0.1978591216180946,10.138562171071008,10.149122282261574
MACE,1,414,414,415,2.1645326442618282,2.1373029223332676,1.1015977432235011,0.06229260871980457,0.08185622933323573,0.19842943150058245,10.172374996253453,10.18251764042303
MACE,1,415,415,416,2.167857150561753,2.149087324719452,1.0911798077734778,0.06276158007714722,0.07948536657601518,0.1990098704302202,10.206239269074047,10.216097129871772
MACE,1,416,416,417,2.14568525991698,2.137951186088926,1.0708282786858017,0.06319081760452744,0.07850845673387896,0.19959499477829368,10.239757167292751,10.24950261715441
MACE,1,417,417,418,2.096975658268921,2.100969001925354,1.0400571241933663,0.06356180529625985,0.07901286576949627,0.20018246222100688,10.272514623353324,10.282330257809495
MACE,1,418,418,419,2.027552532235558,2.041287826403791,1.0011917730515205,0.06385699602109024,0.0807478044778535,0.20076639335149013,10.304188546340853,10.314225380097055
MACE,1,419,419,420,1.9496148471030297,1.968873197153172,0.9595369573577621,0.0640608973623911,0.08318037392644685,0.2013406031217461,10.334646385629753,10.344989023802574
MACE,1,420,420,421,1.8792416476039602,1.898706755650397,0.9224567686031796,0.06416097201194632,0.08563905948486934,0.2018993952827635,10.364006724891794,10.37465631685961
MACE,1,421,421,422,1.832577266144105,1.8471949693166612,0.8977846599513165,0.06414831839741332,0.08748545743970883,0.20243802917358783,10.392640284992538,10.403518738255183
MACE,1,422,422,423,1.820404818784236,1.8275281423199603,0.8918419584592565,0.06401814476092793,0.08838522191383731,0.2029860273274073,10.421086141342961,10.432073865478934
MACE,1,423,423,424,1.8442769212328007,1.8446205652930459,0.9072001230245552,0.0637700813055915,0.08842862843827821,0.20354922136417042,10.449907493143229,10.460896061811637
MACE,1,424,424,425,1.8952756607296048,1.8928439539455821,0.9415671723648933,0.06340839343483579,0.08812147358776667,0.20412545895407436,10.479528060240995,10.490471748592038
MACE,1,425,425,426,1.9566080674240685,1.9574384818679893,0.9881779981638842,0.0629421348082932,0.08822636527374668,0.20471186918968076,10.510109038436966,10.521056724871224
MACE,1,426,426,427,2.010040758544874,2.019287853478828,1.0376827264446833,0.0623852357470413,0.08939438852423341,0.20530447623793754,10.541526588727201,10.552608097581832
MACE,1,427,427,428,2.0420414270103677,2.0626077675606957,1.0816376178423726,0.061756465310711016,0.09199217346229069,0.20589820303689838,10.573445297863415,10.584836343949968
MACE,1,428,428,429,2.0449613148342887,2.077216728181319,1.1135921167814387,0.061079128196089544,0.09606643386650207,0.20648702340805924,10.605410131836024,10.6172928553278
MACE,1,429,429,430,2.0195430117812725,2.0606660675965656,1.1304361153028577,0.06038037358116485,0.1012607879492051,0.20706435489951058,10.636977585335217,10.649490762633997
MACE,1,430,430,431,1.9711035212735644,2.0177573928924275,1.132647925042191,0.059690058506417676,0.10715375294688952,0.2076238827397517,10.667787204446277,10.681018221897942
MACE,1,431,431,432,1.9051013986145278,1.95345677147405,1.1208664027725952,0.05903913345597533,0.11326163874121511,0.2081598474134761,10.697563865780246,10.711540983952224
MACE,1,432,432,433,1.83265879600834,1.877956339166074,1.0990882639673878,0.058457664187706045,0.1189832825629831,0.20866791117100106,10.726206337993816,10.740884051751694
MACE,1,433,433,434,1.7611513934229999,1.8006018380409097,1.0715220722198318,0.057972667181044324,0.12396636502129796,0.2091457418259928,10.753728803233109,10.769018455471082
MACE,1,434,434,435,1.6962500638499634,1.7272121602590973,1.0409766022777225,0.057605951873462825,0.1278772633897023,0.20959298259133435,10.780234264619715,10.79600614547513
MACE,1,435,435,436,1.6442324173135976,1.664720136489758,1.0115003179268756,0.05737234514675193,0.13046511746907702,0.21003336389913912,10.805924044023918,10.822017397607784
MACE,1,436,436,437,1.6096229831690503,1.6181857466172396,0.9864491540922682,0.05727852571733749,0.1315467011304688,0.21049198572109667,10.831070381519758,10.847301549898678
MACE,1,437,437,438,1.5963672835783649,1.59221380626527,0.9691231265818882,0.05732264371646311,0.13102206521976234,0.21096876022149746,10.856007353448938,10.872179890621572
MACE,1,438,438,439,1.6061362181225403,1.589547250007341,0.9617150865489924,0.057494791633111844,0.12892667195317126,0.21146364291803832,10.881095278378439,10.897016566402938
MACE,1,439,439,440,1.637722634673061,1.6104940659153955,0.964852169284259,0.0577782220343565,0.12548736462329277,0.2119728325926692,10.906675686155332,10.922180536182866
MACE,1,440,440,441,1.6855946142936276,1.6512736578136775,0.9766366952864387,0.05815110948669222,0.1211522003977878,0.21249186617676763,10.933003682673359,10.947981687086205
MACE,1,441,441,442,1.740664929402844,1.7039686356180659,0.9928085311431718,0.05858858994476065,0.11651700148900083,0.21301608693058732,10.960192345847553,10.974606197017737
MACE,1,442,442,443,1.791573561504691,1.7579040165520983,1.0077837677382615,0.05906482173960988,0.1122641186518695,0.21354106270140086,10.98817717141376,11.002073447276363
MACE,1,443,443,444,1.8271350416236165,1.8013198007189846,1.0157494637451996,0.05955484634168581,0.10900333223095694,0.21406300491579555,11.016718773271705,11.030219069162596
MACE,1,444,444,445,1.8384826286236702,1.8243322032016054,1.0122992023610597,0.060036105582278225,0.10721595727533038,0.21457894051498794,11.045439100223042,11.058724259837621
MACE,1,445,445,446,1.8199828287193027,1.8195457490797338,0.9945633779687313,0.06048953637817927,0.10716074867360441,0.2150890706254798,11.073871958776849,11.087154662166991
MACE,1,446,446,447,1.7717006300380826,1.7847591101845828,0.9624353657636583,0.060900241514225344,0.10881019734219396,0.21559432125848588,11.101552051835384,11.115041523263626
MACE,1,447,447,448,1.698850622113621,1.722893203630649,0.918260503781742,0.06125777584260987,0.11184707480632569,0.2160937835893359,11.128095461364396,11.141961729570355
MACE,1,448,448,449,1.611004085949226,1.642234595340145,0.8668084769429792,0.061556089337934106,0.11579187707705789,0.2165923742726159,11.153267733188699,11.167621645122544
MACE,1,449,449,450,1.5194339819560396,1.553354055621939,0.8136151877448208,0.06179320230003678,0.12007640481068338,0.21710514093068262,11.177010490457384,11.191892802241638
MACE,1,450,450,451,1.435375568111844,1.4676690427842753,0.7643381500154399,0.0619706849482347,0.12415547283429625,0.21762855908222825,11.199440862515786,11.214825131035143
MACE,1,451,451,452,1.3676370774613054,1.3951110615445386,0.7236910319401644,0.062093021498579655,0.12762577917611703,0.21815918108654078,11.22081358230087,11.236623741371776
MACE,1,452,452,453,1.3216319795916216,1.3418889307233923,0.6944290557955427,0.062166918545723863,0.13018448437757482,0.21869370477224903,11.241467961391471,11.257590755914329
MACE,1,453,453,454,1.300136015618481,1.3122388945902437,0.6783495301940463,0.062200616122427,0.13171322871704724,0.21922929922652365,11.26178669365352,11.278094488642301
MACE,1,454,454,455,1.3023362603480109,1.3063184315442888,0.6752322482932722,0.06220323009686354,0.13221622653180878,0.21976359706573861,11.282139794184687,11.29850571413518
MACE,1,455,455,456,1.3255776206222998,1.322067744156859,0.6837923514585919,0.06218415442420543,0.13177288542335774,0.22029574682006772,11.30285582309476,11.319163022637632
MACE,1,456,456,457,1.3656512778750276,1.3558257979059052,0.7019660244323547,0.06215254234887354,0.13053180493990915,0.22082518159950307,11.324197613429732,11.340347800729912
MACE,1,457,457,458,1.4180076724284139,1.403255275707995,0.7273570272258028,0.062116863728886085,0.1286683935125447,0.22135053162535603,11.346356949500702,11.362273664412848
MACE,1,458,458,459,1.47772809383033,1.4595018200419272,0.7572993910645872,0.06208454669103752,0.12636618814895287,0.22187083882864322,11.369448797836412,11.385078380351004
MACE,1,459,459,460,1.5400769324060426,1.51994755469584,0.7892439164228728,0.06206170145708772,0.12382359705939727,0.22238552371149994,11.393514166846863,11.408827560893126
MACE,1,460,460,461,1.600564252538312,1.5801975469493756,0.8207611655574953,0.06205292956696519,0.121251028503153,0.22289430532998755,11.418523943009795,11.433518147564211
MACE,1,461,461,462,1.6541281645547183,1.6354692639514086,0.8492426191280247,0.0620612188482921,0.11889417698504406,0.22339719710908015,11.444369951474798,11.459072354813452
MACE,1,462,462,463,1.6964452136735524,1.681258045711082,0.8722682892164072,0.06208792467558276,0.11697584853530814,0.2239011797485395,11.470876491837423,11.485342011777687
MACE,1,463,463,464,1.7236011594307445,1.7131132046994453,0.887510790529331,0.0621328404482135,0.11565108923915027,0.22441005889366739,11.497806735414784,11.512109405601116
MACE,1,464,464,465,1.7358646758135303,1.7300560723997032,0.8945166878403636,0.062194340056949925,0.1149173902895164,0.22492338705798734,11.524928076873664,11.539141531732362
MACE,1,465,465,466,1.7343622168773423,1.733170046836628,0.8939623720419678,0.06226958418225491,0.11476680436647424,0.22544145943413565,11.552025533715593,11.566222313714183
MACE,1,466,466,467,1.7216056956056471,1.7239345212424078,0.8867715317370684,0.06235474532992781,0.1150609640468381,0.22596360835533205,11.578923390223927,11.593158790608596
MACE,1,467,467,468,1.7031794222006278,1.7072622170644032,0.8756510779842193,0.062445273070474094,0.11557667188393915,0.2264885146905176,11.605533196855866,11.619834762750228
MACE,1,468,468,469,1.6843606634281745,1.6886823655462113,0.8636055285648203,0.06253616934093047,0.11612255668252706,0.22701480479224714,11.631848964842817,11.646220424711888
MACE,1,469,469,470,1.669341098709514,1.6727749038550974,0.8531200211858776,0.06262225219653879,0.11655628903591249,0.22754112421332998,11.657930196588673,11.672357532584623
MACE,1,470,470,471,1.6605601904376432,1.6627666981146718,0.8459565405492133,0.06269842487256508,0.11683499843465386,0.22806628001286913,11.683874499579971,11.698338262242666
MACE,1,471,471,472,1.6577538937410443,1.6591450179587348,0.8424599784122594,0.06275994180039093,0.11701071474795909,0.2285892212711705,11.709775336786521,11.724262403148272
MACE,1,472,472,473,1.6597461904295108,1.6611258976322827,0.8423185650477029,0.06280266684750169,0.11718498895009626,0.22910913355979404,11.735707771507009,11.750217495298774
MACE,1,473,473,474,1.6625303652269197,1.6657502545343261,0.8441083293009821,0.06282331500326656,0.11759170106908129,0.22962552330430738,11.761684234216752,11.776244843025873
MACE,1,474,474,475,1.6612006060405586,1.6674891005464973,0.8450880046799482,0.06281965270690872,0.11838601624005723,0.2301378956598589,11.787640473420957,11.802299360221912
MACE,1,475,475,476,1.653532414641192,1.6634330663263173,0.8438108252182767,0.06279066992732533,0.11963659184740123,0.23065449897417653,11.813477447821796,11.828290501883261
MACE,1,476,476,477,1.6386902097419875,1.6521012171769724,0.8395054161373492,0.0627366857710942,0.12133056910278718,0.23117492847135512,11.839083028130304,11.85410458340165
MACE,1,477,477,478,1.6171042942854166,1.6333655122361355,0.8320348115295852,0.0626593578752942,0.12338456344190991,0.23169813536650433,11.864351777527204,11.87962591953034
MACE,1,478,478,479,1.5906820306207285,1.608589547695801,0.8219766618045491,0.06256160409225729,0.12564650586291512,0.2322228080297363,11.889208033102783,11.904760131213088
MACE,1,479,479,480,1.5621460455661302,1.5804301649377974,0.8105429632987419,0.062447439087156074,0.1279560178440634,0.23274754208312254,11.913618648441648,11.92945435254024
MACE,1,480,480,481,1.5340281628404493,1.5512541483452438,0.7987924612778807,0.06232172950337861,0.13013187434016887,0.23327079480322815,11.937590018609612,11.953692698608135
MACE,1,481,481,482,1.5093145304472684,1.524512249638144,0.7883541749736576,0.06218988747921945,0.13205153554145393,0.23379114326459388,11.96117518398232,11.97751320250873
MACE,1,482,482,483,1.4888046287965069,1.50171202036025,0.7798800908574566,0.062057519091288524,0.13368189984043297,0.23430732492620643,11.984439673918601,12.00097745282686
MACE,1,483,483,484,1.4720683126916139,1.4828563120630747,0.7732612449710978,0.06193004716291429,0.13504455851130212,0.23481824508640822,12.007442300816074,12.024147082702845
MACE,1,484,484,485,1.4579237247297083,1.4672018311467554,0.7680144017807633,0.061812348715401914,0.1362164988983105,0.23532304937059728,12.030223424853936,12.047072111314513
MACE,1,485,485,486,1.4459554793520273,1.4534233441052766,0.763366901150222,0.061708416308192814,0.13715978321901723,0.23582099364666462,12.052816936737543,12.069781851066159
MACE,1,486,486,487,1.436523272233899,1.4423560299357592,0.759703467003969,0.06162106229241126,0.1378965331560394,0.23631548043805495,12.075262377962304,12.092318664033906
MACE,1,487,487,488,1.4296836224904326,1.433910610557192,0.7569593159701025,0.06155165970381997,0.1384304543904128,0.2368145773792993,12.097600211379067,12.114723517323862
MACE,1,488,488,489,1.4253370631516562,1.4281858168055375,0.7552054091760887,0.06149995666664757,0.13879028745435426,0.23731862430215392,12.119869390663673,12.137038920711447
MACE,1,489,489,490,1.4228828633734008,1.424632346161636,0.7542083963407267,0.06146398535904501,0.13901126891800095,0.2378274938597973,12.142099533039463,12.159298801120222
MACE,1,490,490,491,1.422660323169054,1.4233691004922469,0.7541260538016541,0.06144008276312494,0.13910079632080363,0.23834056483443877,12.164325613085225,12.181538943315415
MACE,1,491,491,492,1.4244437941907349,1.4243463710633708,0.7550628670462253,0.06142303166234112,0.13908849056654143,0.2388566785822653,12.186579135708087,12.203794355363279
MACE,1,492,492,493,1.428226722025511,1.4275558272071913,0.7571762719733623,0.061406317036333896,0.13900374819588066,0.23937415553113556,12.20889155618643,12.226099915163392
MACE,1,493,493,494,1.4340401477572953,1.4328827445623458,0.7605913948071923,0.061382506772052634,0.13885755375843364,0.23989080707190202,12.231294858703556,12.248488708047178
MACE,1,494,494,495,1.4425729231727853,1.440822500198844,0.7657729681310297,0.06134373611279217,0.13863645353762347,0.24040406193453775,12.253831820346228,12.271001559612785
MACE,1,495,495,496,1.4544237033217202,1.4521842394005247,0.7733604983314983,0.061282272921153604,0.1383535813548174,0.2409112002166252,12.276554579455201,12.293691938353419
MACE,1,496,496,497,1.4695960853839205,1.467241376599793,0.7837086870970342,0.06119112676428705,0.13805615231060078,0.24140964235596382,12.29951530895157,12.31661758486279
MACE,1,497,497,498,1.486810995892018,1.4850201960684741,0.7964936512125251,0.061064670586506754,0.1378299519908456,0.2418971375172842,12.322746142223728,12.33982102542636
MACE,1,498,498,499,1.5055492264287769,1.504806838714916,0.8114974936778749,0.060899227617595676,0.1377361791771286,0.24238288441357414,12.346271017926291,12.36333363228128
MACE,1,499,499,500,1.5246616139498008,1.525511132412904,0.8282473152128395,0.06069356812673089,0.1378434839386466,0.24287609386382641,12.370095814020488,12.387169743725233
MACE,2,0,0,1,1.4086484380756574,1.444987442776353,0.842164955076712,0.058579876496929605,0.0051293199113299544,0.0005146776712979912,0.02201141918867222,0.022577928793380515
MACE,2,1,1,2,1.338947960874321,1.375265323391616,0.8064054979336363,0.058402508878710194,0.010255584987142097,0.00102752470397596,0.042933905688435914,0.044066449471374516
MACE,2,2,2,3,1.272176929559856,1.308108092181757,0.7722316170946854,0.05820536601911892,0.01532733721018039,0.0015374450215208096,0.06281314956257944,0.06450563841171446
MACE,2,3,3,4,1.2082701803904257,1.2435966940324585,0.7395206081815562,0.05799354231354248,0.02031374207499169,0.0020434544053416818,0.08169382686329385,0.08393683675597163
MACE,2,4,4,5,1.1477086671983165,1.1818445956713644,0.7081894128115593,0.05777240800204153,0.025132093569499976,0.002544666766700858,0.09962813867758769,0.10240315856333669
MACE,2,5,5,6,1.0921333061018785,1.1240800211904767,0.6788526387895761,0.05754741989481289,0.029641433413978315,0.0030403545554115916,0.11669393935687111,0.1199669088944379
MACE,2,6,6,7,1.0439437246939112,1.0723688410856635,0.6526828972387041,0.0573239323456584,0.033653692877080706,0.003529968973351598,0.13300659451598307,0.1367226720364014
MACE,2,7,7,8,1.0062346080292537,1.0295504672368156,0.6313915335206091,0.057107012471095876,0.03694477093131329,0.00401316528080255,0.1487298433682227,0.15280939808697663
MACE,2,8,8,9,0.982703245810462,0.9995468862752496,0.6174320999698426,0.05690127278059697,0.039322282949788165,0.004489942083200616,0.16408521272470722,0.16842731818502743
MACE,2,9,9,10,0.9751454938638147,0.9848083850455893,0.6124226620897817,0.05671073032512427,0.04068621849364591,0.004960657494853225,0.17932230905248758,0.18381494920136476
MACE,2,10,10,11,0.9834122345622927,0.9861457673162112,0.6169917543403565,0.056538707397910296,0.041072061862181486,0.0054260163208485,0.1946884220496159,0.19922347681568056
MACE,2,11,11,12,1.0051078981518098,1.0019511850364096,0.6302403427686945,0.05638780375774438,0.04062648577746092,0.005887988314348283,0.21039342117123994,0.21487896408187446
MACE,2,12,12,13,1.0365369890776521,1.0289093813912626,0.650142554225065,0.056259940015817245,0.039549834385826585,0.006348025517005013,0.2265894386521694,0.2309556731661129
MACE,2,13,13,14,1.073880357092816,1.06335217947157,0.674384505528363,0.05615646594760647,0.03806376200857067,0.006806650072081487,0.24336893081411404,0.2475705509703562
MACE,2,14,14,15,1.1128814938594453,1.1010838703152244,0.7002620786021414,0.05607830701027155,0.03639850491498301,0.007264365546066565,0.2607578378688302,0.26477498644403163
MACE,2,15,15,16,1.1507141511493666,1.1386746521752176,0.7255185904385192,0.056026120598329385,0.03469910664254333,0.007721647974402636,0.278737928432804,0.2825667778842694
MACE,2,16,16,17,1.184989508499559,1.1737893939917132,0.748578314350835,0.056000443627024755,0.033118189090523276,0.0081788289746881,0.29725362743882044,0.3009072371653899
MACE,2,17,17,18,1.2138822317266582,1.2043130050748094,0.7680074881976111,0.056001796446902195,0.0317674744739389,0.008636128103601176,0.31622082179172395,0.3197246278696838
MACE,2,18,18,19,1.2359182300131764,1.228638235676691,0.7827106629812386,0.056030743576902804,0.03073988937049249,0.009093638211306591,0.33553234565442125,0.3389221003021321
MACE,2,19,19,20,1.2503212340141419,1.2457626090966067,0.7920031068825768,0.056087902740570315,0.030096430757622177,0.009551314031216786,0.3550688867166585,0.3583871410692666
MACE,2,20,20,21,1.2566328150848232,1.2548431518100283,0.7953353194278735,0.05617390115319064,0.02984381636860439,0.010009605468777738,0.37470395682248636,0.3779940653162983
MACE,2,21,21,22,1.255659135514539,1.256426090129494,0.7930773235330467,0.05628928144395564,0.029952073477184454,0.010468796753966945,0.3943236566321673,0.39762572297457166
MACE,2,22,22,23,1.2485186043495962,1.2512950448135887,0.7857825909196399,0.05643436709278195,0.03034397335093931,0.010932219068687823,0.413831562237732,0.41717720804978403
MACE,2,23,23,24,1.2371757019268683,1.241090680092708,0.7745706659446495,0.05660909763631158,0.03089657999561384,0.01140124366417999,0.4331619487274452,0.4365692499262326
MACE,2,24,24,25,1.2235919333773315,1.2277420502951062,0.7607533373198718,0.05681285706476337,0.031482376924176415,0.011876591449805742,0.45227975224282346,0.4557527194620936
MACE,2,25,25,26,1.211378600089047,1.2141959010041845,0.7462668382521097,0.05704430684984484,0.03188004432864295,0.01235878524992151,0.4712063513503395,0.474724530415284
MACE,2,26,26,27,1.2037923150771956,1.20408274676058,0.7334290993899074,0.05730125001095502,0.031921039315399864,0.012848192082834263,0.49001403043558156,0.49353832333341807
MACE,2,27,27,28,1.2031285591582972,1.2000609994283553,0.7239059042257459,0.05758052222748392,0.03148804740129595,0.013345686621812061,0.508810964342743,0.5122892764494861
MACE,2,28,28,29,1.2105419108370332,1.2039131127858422,0.7187847783419954,0.05787794922119228,0.03055237989713043,0.013851817907200267,0.5277233937741599,0.531100418836765
MACE,2,29,29,30,1.2251642600311832,1.2155502365085493,0.7180097997667156,0.0581883802272065,0.029195342116684637,0.014366161736468142,0.5468640189301155,0.550093391282211
MACE,2,30,30,31,1.2446813999702506,1.2331723639844416,0.7205363347345406,0.058505803276294226,0.027570819708092272,0.014887913368028492,0.5663094015337933,0.569361709469468
MACE,2,31,31,32,1.2654583464581788,1.2537209786549492,0.724650428554515,0.058823541470642594,0.025914067827418005,0.015415931662680462,0.5860793207386195,0.5889510997609515
MACE,2,32,32,33,1.2824032853985292,1.2726676824804575,0.7278854191736845,0.05913450910366139,0.024539868883121894,0.015948839427303664,0.6061140020294786,0.6088365322997087
MACE,2,33,33,34,1.2909817525898168,1.2847340562535419,0.7274610635818555,0.05943150656417008,0.023657994613819584,0.01648526758241945,0.6262828207539428,0.6289105019286703
MACE,2,34,34,35,1.2881951168314896,1.2867657120520704,0.7218903115314323,0.059707533528364554,0.023456231399421882,0.017024527727086864,0.6464082882597921,0.6490162161794839
MACE,2,35,35,36,1.2721454593335422,1.2760871438518822,0.7099765018178593,0.059956072621042314,0.024012607696753854,0.01756656663389757,0.6662832461428181,0.6689550778021696
MACE,2,36,36,37,1.2444275117450572,1.2530290186465562,0.69216875118804,0.06017132402693714,0.025226726822489214,0.018110096384074854,0.6857254381511524,0.688533656218522
MACE,2,37,37,38,1.2091341085742386,1.220766460300744,0.6703959485158527,0.06034837797372915,0.0268686554833811,0.01865370076562567,0.7046165453745701,0.7076081321607213
MACE,2,38,38,39,1.1725471201454574,1.1848162865230605,0.6477538177226662,0.06048330506931442,0.028600471748421945,0.019195825366623592,0.7229363961211988,0.7261208866376441
MACE,2,39,39,40,1.14255372328367,1.1526718281538901,0.6283112802032265,0.06057318486067451,0.030028661573740727,0.019734870038380682,0.7407880540144518,0.7441313839525486
MACE,2,40,40,41,1.126615757388167,1.1320242748021154,0.6161832180078065,0.06061609219240919,0.030792084135548247,0.02026923109247862,0.758391176155726,0.7618192632463316
MACE,2,41,41,42,1.130880323508974,1.1297053317311034,0.615022942950285,0.06061106687314457,0.030626231802180288,0.02080344736728152,0.7760614689171774,0.7794709090546301
MACE,2,42,42,43,1.1583198145348923,1.1500977830389594,0.6272205673717757,0.06055809926010451,0.029465676354637604,0.021343147755412375,0.7941610799946375,0.7974411869146139
MACE,2,43,43,44,1.2079125610333294,1.1934900603005187,0.6530390421359903,0.060458146386019436,0.027429912833063737,0.021887511326702247,0.8130361780889217,0.8160894691068095
MACE,2,44,44,45,1.2754749442298892,1.2567017070643791,0.6909355778420594,0.06031319321302758,0.024780034555265788,0.022435384574498927,0.8329675368372591,0.8357254332796904
MACE,2,45,45,46,1.3549689224044625,1.3342771589165918,0.7381531802310732,0.06012634105916065,0.021859352623191993,0.02298522037182352,0.8541415465010971,0.8565735138877622
MACE,2,46,46,47,1.4388718194532617,1.4190570565555725,0.7909496635959737,0.05990188703881799,0.019062460999260032,0.023535097036736643,0.8766270097986251,0.878746280396443
MACE,2,47,47,48,1.5186888222085269,1.502895246305043,0.8449003687671797,0.059645351649266286,0.016833167598957016,0.024082780509265093,0.9003599543380147,0.9022290186199593
MACE,2,48,48,49,1.5876065970678301,1.5774229490981984,0.8952415206258459,0.05936342736875107,0.015395726239986408,0.024626142738158305,0.9251699164973815,0.9268762521996186
MACE,2,49,49,50,1.6410513252016643,1.6380498057549278,0.9391041230645131,0.05906383952863107,0.014972056037976295,0.025163745556715602,0.9508149501877838,0.9524707804145394
MACE,2,50,50,51,1.6740815967170455,1.679522904965994,0.9730271189186492,0.05875508935618583,0.015740107088765866,0.025696049635018297,0.9769759058952943,0.978713325804633
MACE,2,51,51,52,1.6839931578326888,1.6980932958344568,0.9942146492775865,0.058446120957699126,0.01773036849522606,0.0262217449924306,1.003291406472151,1.0052460335520463
MACE,2,52,52,53,1.6706328735641844,1.692215792183734,1.0010287067486812,0.05814596782759997,0.020776838676005396,0.026739711799307054,1.0293977212700867,1.0316869053049171
MACE,2,53,53,54,1.638281446942433,1.6648602084105104,0.994489005953699,0.05786339234556226,0.024528481615584612,0.02724921065331847,1.0549980534833026,1.0577003460613315
MACE,2,54,54,55,1.5940550567350469,1.6221398356001007,0.9776303946986274,0.05760654050170242,0.028492701786839415,0.027749824015579714,1.0799068325182404,1.083046280992583
MACE,2,55,55,56,1.5464743330590915,1.5724070411582813,0.9550678339640238,0.0573826206519308,0.03215315305961013,0.02824148631736742,1.1040716476973245,1.1076151410106811
MACE,2,56,56,57,1.50335271613936,1.5242354537375429,0.9318075156079031,0.05719761536022535,0.035100791352064196,0.028724499191994254,1.1275621832034233,1.1314313199753303
MACE,2,57,57,58,1.4697655788927415,1.4840773399416634,0.9117657891042051,0.05705603901243644,0.03712092375577384,0.029199506447250587,1.1505274255840803,1.1546200284119188
MACE,2,58,58,59,1.4465645446865805,1.4547673190692434,0.8967513562465761,0.056960756011548486,0.03827876102500247,0.029673532525155904,1.1731296629866605,1.1773507677723756
MACE,2,59,59,60,1.4302783683177749,1.434291044232204,0.8856175547932017,0.05691287604541904,0.038845157893467125,0.030150503457051288,1.195476943537166,1.1997615653385039
MACE,2,60,60,61,1.415839832830541,1.4180400520344618,0.8756180162939262,0.05691174503155101,0.03915572303593361,0.030631491799412287,1.2175981503972366,1.2219184411515422
MACE,2,61,61,62,1.3982393772293604,1.4006078148186258,0.863539787248403,0.05695503122331469,0.03949003252474381,0.031117192279425467,1.2394439138301294,1.2438029382580833
MACE,2,62,62,63,1.3755173454938,1.3786435021547074,0.8475003215635275,0.05703888812773034,0.039931295507558064,0.0316077263776719,1.2609342743505891,1.2653442429792505
MACE,2,63,63,64,1.3486633831338406,1.3521465570579227,0.8277458116554421,0.0571581791354101,0.04042295215887737,0.0321027076457695,1.2820047645556443,1.2864715329332805
MACE,2,64,64,65,1.322083276482638,1.323706179235632,0.8061397068708991,0.05730673153784826,0.04065202798177477,0.032601109556828614,1.3026597821532704,1.3071544419838375
MACE,2,65,65,66,1.3027579207414708,1.3004032493695632,0.7872462091085618,0.05747761404560495,0.040319661620834446,0.033102366114620994,1.3230128095713667,1.3274732427552367
MACE,2,66,66,67,1.2947888533726277,1.2875073810203101,0.7744246358460505,0.0576634046986495,0.039291867892630714,0.0336067693335144,1.343241409340834,1.347590545583679
MACE,2,67,67,68,1.2977327776199956,1.286549678964544,0.7686930863691029,0.057856451110384455,0.03771335216067185,0.03411329126285317,1.363516195569403,1.3676928843175
MACE,2,68,68,69,1.3059578272384427,1.2938721813183625,0.7679442457081256,0.058049146720526475,0.036007440158685594,0.034620745501733954,1.3839197532306002,1.3879096371505995
MACE,2,69,69,70,1.3105876036391502,1.3013854082698668,0.7675019112693012,0.0582342157949063,0.034708532708567406,0.035128032454842854,1.4043959401446315,1.408243784154816
MACE,2,70,70,71,1.3025190458512415,1.299753781968787,0.7620634986107253,0.05840499116997585,0.034318210430640976,0.035634922827883636,1.4247463478529454,1.4285524369980784
MACE,2,71,71,72,1.2742043081814025,1.28035682594998,0.7468329167621677,0.058555646834809315,0.03518665006334705,0.03614330843546276,1.4446546166393404,1.4485580124035469
MACE,2,72,72,73,1.2272755089690335,1.2408694115868615,0.7207021869901464,0.05868135281913714,0.03710545537858925,0.03665258808771967,1.4638298868163702,1.4679465969595917
MACE,2,73,73,74,1.168564409721411,1.186937334543268,0.6871048760687963,0.05877834827677236,0.03969882880459059,0.037161840383293135,1.4820880508779055,1.4864924928118302
MACE,2,74,74,75,1.1072938604628022,1.1270832140626839,0.651003594708816,0.058843879218429436,0.04249213385761203,0.03766993987537488,1.4993891211068089,1.5041031680315597
MACE,2,75,75,76,1.0522250079579611,1.070352935979571,0.6175600094289679,0.058876084181493114,0.04505092551737975,0.038175646601801186,1.5158300171078665,1.5208274326562405
MACE,2,76,76,77,1.0105539850840612,1.0247869190418655,0.5913142019162443,0.05887387609602789,0.047059931326639395,0.03868114033508008,1.5316201056503331,1.5368397282662696
MACE,2,77,77,78,0.9853073325484102,0.9949703102984712,0.5748322822296608,0.05883685952006144,0.04842387908977605,0.03918818366130928,1.547016043460303,1.5523861393646832
MACE,2,78,78,79,0.9756328727180521,0.9812556378293333,0.568290454224839,0.05876529217794415,0.049217543123218174,0.039696477308383896,1.5622611624745986,1.5677182587057665
MACE,2,79,79,80,0.978108121593815,0.9810037579265651,0.5701839958336277,0.05866010307343774,0.04962626772148053,0.04020570757237851,1.5775453017994323,1.583046442423369
MACE,2,80,80,81,0.9879246722503164,0.9897077846293314,0.5779425855675961,0.058522940965626234,0.04987795743904853,0.04071543777641202,1.5929831486340973,1.5985106265582023
MACE,2,81,81,82,1.000177629762686,1.0023234779118109,0.5886586929308456,0.05835622210129656,0.05018084800329631,0.04122504212002867,1.6086127315739773,1.6141719309005742
MACE,2,82,82,83,1.011358824863231,1.0146875951618597,0.5998828889617286,0.058163152301354167,0.05065071028801301,0.041733657506326655,1.624417246413934,1.6300264245749785
MACE,2,83,83,84,1.0202762855852574,1.0248671089097783,0.6104148030311592,0.05794770587027404,0.05129871376751978,0.042240281668016355,1.6403612520532462,1.6460399731516937
MACE,2,84,84,85,1.0269777358545225,1.0324858717779666,0.6199312717982142,0.057714546093095585,0.05207619767218746,0.0427438445678506,1.6564100465394915,1.6621725648982244
MACE,2,85,85,86,1.0327924417788281,1.038712183359764,0.6290130023532039,0.05746888871749311,0.05291178050146731,0.04324337988662446,1.6725496962939346,1.678402442763221
MACE,2,86,86,87,1.0382912495123584,1.044440097177445,0.6380776656337095,0.05721632957003415,0.05377970209205672,0.043738131322835265,1.6887751909715476,1.6947218192816185
MACE,2,87,87,88,1.0421043311579152,1.0492486411391204,0.6467374463509157,0.05696265217486656,0.054788135089634336,0.04422758338837126,1.7050601243235874,1.7111163292994171
MACE,2,88,88,89,1.0437368050648312,1.0516962483156405,0.6539509272064685,0.05671364759003855,0.055911625704904135,0.04471132454980296,1.721370368596098,1.727549083179349
MACE,2,89,89,90,1.0425343323471432,1.0518073333146924,0.6595597890277523,0.056474970123527125,0.05722052750043742,0.04518923357325454,1.737661583619321,1.7439835727623911
MACE,2,90,90,91,1.0372389951998915,1.0480936945813213,0.6624517742528535,0.05625199353121981,0.05875268904771291,0.04566131318260357,1.7538697883470178,1.7603600367402243
MACE,2,91,91,92,1.0282811165841796,1.0403344473273302,0.6623025551492385,0.05604969737104687,0.06045403970076214,0.04612769237964343,1.769937740284,1.7766152624797138
MACE,2,92,92,93,1.0172479104153098,1.0296125423184976,0.6596390886642769,0.05587257903136106,0.062199331107053016,0.0465885935548113,1.7858330127031863,1.7927029584534402
MACE,2,93,93,94,1.0074652887643163,1.0187032285119257,0.6561213834224878,0.05572457220929048,0.06378558776390186,0.04704437836433692,1.8015751624238519,1.8086201963989392
MACE,2,94,94,95,1.0030253551488395,1.0114256534395898,0.654145127420168,0.055608979441976424,0.06497130590997514,0.047495566144973925,1.8172477006670462,1.8244237222339328
MACE,2,95,95,96,1.00799724791574,1.0120200984888117,0.6564301588413579,0.055528418385518225,0.06553913895093806,0.04794288919329043,1.832997732137187,1.8402365362728206
MACE,2,96,96,97,1.0251527772632707,1.0239027700315548,0.6651823933102491,0.05548479478587789,0.06536269804300027,0.04838890919197545,1.8490156801176383,1.8562350170545636
MACE,2,97,97,98,1.055014803046119,1.0483930328973905,0.6812271738592544,0.05547931359068699,0.06442802254068872,0.0488365040453941,1.8655001403198312,1.8726161581935854
MACE,2,98,98,99,1.0960256492793998,1.0847392293147309,0.7040008267821258,0.05551253839202329,0.06283492280861762,0.049285658553123717,1.8826253649839586,1.8895652086516281
MACE,2,99,99,100,1.1443885079460772,1.1299304217861026,0.7314326805244256,0.05558449549821099,0.060794136336040895,0.0497363725281904,1.9005062656196614,1.907220371492036
MACE,2,100,100,101,1.1950539765236758,1.1790281278223302,0.7601946808049713,0.05569480242582021,0.05853205718674047,0.050188882176422915,1.9191788338233096,1.92564268598926
MACE,2,101,101,102,1.2435866824617552,1.2274697753379253,0.787238803737084,0.05584279601141964,0.05625712496720904,0.050643680778793575,1.9386097311251405,1.944821901228915
MACE,2,102,102,103,1.2865459244188435,1.2710752008630906,0.8098356294099605,0.056027620795319595,0.054073402792350254,0.05110171107365535,1.9587118269335235,1.9646824512424008
MACE,2,103,103,104,1.3232546909143634,1.3083069841048285,0.8270307626735038,0.05624824747239628,0.05196350543004296,0.05156423452522163,1.9793873875713075,1.9851247478690388
MACE,2,104,104,105,1.3544277813642633,1.3394565566049341,0.8390916838101192,0.05650340313048501,0.04985028846420918,0.05203272720677498,2.000549831450371,2.0060537565659913
MACE,2,105,105,106,1.3819876838926624,1.365983454861284,0.847051989341314,0.05679141426967839,0.04759126097261242,0.05250876155542028,2.022142613547828,2.0273972480481985
MACE,2,106,106,107,1.4091762152618341,1.3911007073841315,0.853029736375239,0.05711000499554414,0.045039868516265694,0.05299370476489944,2.044159855654648,2.0491331966010757
MACE,2,107,107,108,1.4381086446547606,1.4174358107720813,0.8587392149135098,0.057456087658969854,0.04212185853411519,0.05348853002856131,2.0666287585511256,2.0712806311443894
MACE,2,108,108,109,1.4693033718458994,1.4462422209845953,0.8650293382772372,0.05782559327631125,0.03886673304938204,0.05399372176009341,2.0895846599628953,2.093878165847274
MACE,2,109,109,110,1.502604159354569,1.477591675340213,0.8720442351407766,0.05821339900857914,0.03533617316356868,0.05450924168762981,2.1130604952110943,2.1169655357744643
MACE,2,110,110,111,1.5365866724723325,1.5104838970534076,0.8793315597247645,0.05861337342632519,0.03165171656383403,0.055034638074050554,2.137066979958746,2.140566846665924
MACE,2,111,111,112,1.5701230772800796,1.5440861287408332,0.8865940665513863,0.05901852459158554,0.02797655155387782,0.05556902822267891,2.161597228807821,2.1646931924274995
MACE,2,112,112,113,1.6003517699438308,1.5758210666143373,0.892593162042685,0.0594212346292766,0.02451399593180568,0.056111375413040135,2.1865996508996233,2.189315396593348
MACE,2,113,113,114,1.6258916915235093,1.6037459997834063,0.8965337665846536,0.05981353433200705,0.021388089250313297,0.05666063538724782,2.2120010673640778,2.214373927839964
MACE,2,114,114,115,1.6461422592688875,1.6267036216313877,0.8981056023884306,0.06018739015369212,0.018644288425156235,0.057215929075290675,2.2377188993383257,2.2397911719279544
MACE,2,115,115,116,1.6632033827701092,1.6459457129930817,0.8983246385746124,0.0605349371309135,0.01620833537857291,0.05777655385224461,2.2637033578032373,2.2655090736934715
MACE,2,116,116,117,1.6811266674545844,1.66466588948069,0.8991978865921011,0.06084864327791287,0.013884865131853079,0.05834199878139962,2.2899679405288254,2.2915194782166073
MACE,2,117,117,118,1.7059410594052835,1.6882830125593458,0.9038344854699651,0.06112138255193181,0.011392398097379446,0.0589117356691512,2.3166203405633468,2.3178989002878474
MACE,2,118,118,119,1.7434719660701339,1.7229337914153346,0.9156299319603131,0.0613464310076007,0.00849339552240747,0.05948495127114226,2.3438592803763925,2.344819740778712
MACE,2,119,119,120,1.7972598864740927,1.7732351723794308,0.9371306165513336,0.061517418557172805,0.005102261247136555,0.06006027084116338,2.3719388242327,2.3725265403471405
MACE,2,120,120,121,1.8659418574979267,1.839914483934719,0.9688740100139799,0.06162829657596145,0.0014284477633338484,0.060635489541743005,2.4010917736321247,2.4012752041586207
MACE,2,121,121,122,1.9410761477013736,1.9172620570547902,1.0081286965375367,0.061673379647633954,-0.0019329566100060496,0.06120747168434976,2.4314190635559285,2.4312324238001017
MACE,2,122,122,123,2.0061347648903207,1.9916192916920927,1.0481057557672653,0.061647519555695404,-0.003981843372626241,0.06177228182896748,2.4627634063127957,2.4623514752327904
MACE,2,123,123,124,2.0387628179415005,2.0420622397165,1.0781843295101186,0.0615464456931698,-0.003516123688067665,0.06233020170444855,2.494618228408463,2.4942586977283607
MACE,2,124,124,125,2.0169659852979396,2.045445328747261,1.0862862041615329,0.0613672700365635,0.0005037900277698574,0.06288235483104462,2.5261332844586093,2.5262187809900367
MACE,2,125,125,126,1.9271240847881719,1.9837868262047764,1.062461780928745,0.06110909338090687,0.008501844189478058,0.06344236351130847,2.556245471842189,2.5572154501494864
MACE,2,126,126,127,1.7725947490414562,1.8534394160876841,1.003641278092913,0.06077359645711924,0.019913223334849163,0.06400870195547932,2.583944080081224,2.5861754410258566
MACE,2,127,127,128,1.5763782921344864,1.6704215999350502,0.9168095973646576,0.06036545395671842,0.03318761582858558,0.06457744007491051,2.6085776985977915,2.612275778524842
MACE,2,128,128,129,1.3758033363549873,1.4681264942581076,0.8185587875603125,0.05989241129297915,0.0462192058792694,0.06514368316822516,2.630078099482347,2.635215254997625
MACE,2,129,129,130,1.209945545339014,1.2870576661995177,0.7304113981845598,0.059364966874968436,0.05710372900235579,0.06570279092766565,2.648987555960325,2.655325531031992
MACE,2,130,130,131,1.10609709199928,1.1599392928994254,0.6710791595587111,0.05879572528444511,0.06470365848368412,0.06625138165080459,2.666274764080434,2.673449582483546
MACE,2,131,131,132,1.0695394434509509,1.1015803961974617,0.6504605089788689,0.05819861235911845,0.0692263001535457,0.06678830877420246,2.6829909653187656,2.690661776174131
MACE,2,132,132,133,1.0800610106644626,1.0995533288980823,0.6631008786576724,0.05758817888144915,0.07197767809736075,0.06731428022956647,2.6998716455759464,2.7078422969381637
MACE,2,133,133,134,1.1027084285449713,1.1227345520587315,0.6916305876671982,0.056979212941466295,0.07480440367589367,0.06783132649836718,2.717106223229848,2.725385024314081
MACE,2,134,134,135,1.1023933021651906,1.1328643029264562,0.7126134234925023,0.05638673453503056,0.07910544362484745,0.0683411180610729,2.7343359067932838,2.7430860290473067
MACE,2,135,135,136,1.0640062843064648,1.1054103286276717,0.7093755508182062,0.05582627478077062,0.08494970355149015,0.06884374008168138,2.7509658210318477,2.760358065432114
MACE,2,136,136,137,0.9995741539026558,1.0430323209048553,0.6817973569228049,0.05531414761383424,0.09108390681738253,0.06933754593741019,2.7665889509371766,2.7766554454462526
MACE,2,137,137,138,0.9386272258944811,0.971484985228079,0.6454140596810126,0.054867330832182266,0.09572184229689461,0.06981991139371908,2.78125958334563,2.7918348983404413
MACE,2,138,138,139,0.9092846323131678,0.9224858055073442,0.6210874835083035,0.054502754984405474,0.09758521310397972,0.07028825726823104,2.7954712353546185,2.806248739051494
MACE,2,139,139,140,0.9229135036719219,0.9153482112461835,0.6223576001842412,0.054236064392162206,0.09651735763039183,0.07074392149608377,2.80989492581174,2.8205510548522152
MACE,2,140,140,141,0.970655431164012,0.9487865620254156,0.6488184018554306,0.054080124270062764,0.0934305249877596,0.07118690228619201,2.825063218121038,2.8353758448838624
MACE,2,141,141,142,1.0301266177687296,1.0043278113372451,0.6877283852722311,0.05404359957564792,0.08978897419110206,0.07161360685033129,2.841158986094605,2.851068466936007
MACE,2,142,142,143,1.0761396790599909,1.0563199499853613,0.7210270549031872,0.05412986680037892,0.08699138158181087,0.07205761800342331,2.8579717139649574,2.867573466154528
MACE,2,143,143,144,1.0924017830539738,1.0836547708093882,0.7340720222590953,0.05433643429733805,0.08575672409902237,0.07252082218007448,2.8750365524841115,2.8845055719484245
MACE,2,144,144,145,1.0765104432719634,1.0781843336736823,0.7218778963079151,0.05465496674201761,0.08599299692591009,0.0730050078655094,2.8918513800171297,2.901352202162076
MACE,2,145,145,146,1.040636553955851,1.0464905528434716,0.690089314463512,0.055071892705528334,0.08681930004847747,0.07350693653557884,2.9081044738354933,2.9177036170502553
MACE,2,146,146,147,1.006104554079533,1.0073710904536561,0.6524486156960707,0.055569511943786835,0.08699807407643231,0.07402051251615406,2.9238174539729656,2.9334437903385937
MACE,2,147,147,148,0.9949085707602403,0.9836822782770338,0.6245031228259673,0.05612742449311136,0.08541346145319711,0.07454421974930468,2.9393556296053447,2.9488138259366723
MACE,2,148,148,149,1.0208864475035015,0.9933290748988478,0.6174302782406507,0.056724099487058456,0.08152368568280337,0.07507376600993274,2.95530045629544,2.9643345927319666
MACE,2,149,149,150,1.0843796402633041,1.0422967131818284,0.6340598704506485,0.05733839711359879,0.07558360015806335,0.07560478058508706,2.9722385757819936,2.9806204788754327
MACE,2,150,150,151,1.1723883352941777,1.1222479329087283,0.6683411614584285,0.05795091537976891,0.06850618660653421,0.07613364663859848,2.990553313768629,2.9981556028271314
MACE,2,151,151,152,1.2649391709403761,1.2149697856398556,0.7089488161462603,0.05854506546233341,0.06145291244313994,0.07665816256996276,3.010315707616229,3.017139505727754
MACE,2,152,152,153,1.3439435842390706,1.300530478667675,0.7444937069229304,0.05910779379785918,0.055325069684260875,0.07717801270362372,3.0313139785764776,3.037460294456937
MACE,2,153,153,154,1.4008293125977247,1.3664520049783204,0.7685931226306315,0.05962988089689621,0.05047264706227445,0.07770053632637804,3.0532022641001078,3.058811107034723
MACE,2,154,154,155,1.435846601325532,1.4097866734867872,0.7804602824750597,0.06010578795704619,0.0467942384803097,0.07823763469909913,3.075638533687197,3.080839023807954
MACE,2,155,155,156,1.4592179380317136,1.4374391285037276,0.7845736854933585,0.060533092304348356,0.04372011792370504,0.07878603579600872,3.09844046232044,3.1032990101908244
MACE,2,156,156,157,1.4840300455382303,1.462099085672074,0.7881443096194491,0.06091167306201414,0.040624521056300995,0.0793425366331317,3.1216302194474466,3.126144308404451
MACE,2,157,157,158,1.5191411951980678,1.4953647301155046,0.7973838666804972,0.06124277234633681,0.037268427603177376,0.07990381296317636,3.1453684331532727,3.1495093823125053
MACE,2,158,158,159,1.565293825651173,1.539561287157551,0.813354739743197,0.06152809769904655,0.03363623065250322,0.08046697079344044,3.1698273981568548,3.173565027424342
MACE,2,159,159,160,1.620150861225772,1.5939287282909682,0.8355186228149869,0.06176911511323844,0.02993492651146118,0.08102950917720898,3.195142962264974,3.1984701638038886
MACE,2,160,160,161,1.6781754120710375,1.6535585838233482,0.8612608200484423,0.06196656826275084,0.026460214192710024,0.08158946121175407,3.221364529738757,3.2243070166761285
MACE,2,161,161,162,1.7326757931298824,1.711753952054126,0.8871678473763467,0.062120189309088,0.02350705636971921,0.08215593155247781,3.248437015646033,3.2510531721769738
MACE,2,162,162,163,1.7798972325166833,1.763738252449661,0.9109284881903993,0.06222858456168221,0.021226185473908026,0.08272892116164389,3.276246730025356,3.2786115823714996
MACE,2,163,163,164,1.8169805258983593,1.8065355278210227,0.931215411095701,0.06228926035759969,0.01975185404812574,0.08330653923903698,3.3046353640839854,3.3068386999937034
MACE,2,164,164,165,1.8427357180330644,1.8382585544748484,0.9472793311917743,0.06229874026392204,0.019119893861692827,0.08388649839958932,3.3334260634596546,3.3355614899073727
MACE,2,165,165,166,1.8572892528618719,1.8588264216694212,0.9592930492282523,0.06225278245679255,0.0193368681744617,0.08446790886586437,3.362443986502761,3.364605652745958
MACE,2,166,166,167,1.8611902340287256,1.8687243213121283,0.9676972448613375,0.06214667024094154,0.020400318982615396,0.08504815873549192,3.3915228960355037,3.39380447026646
MACE,2,167,167,168,1.8556232009318812,1.8689767165425148,0.9731793661378266,0.0619755653621455,0.022285193212716912,0.0856240709139103,3.4205150748309876,3.4230072314624365
MACE,2,168,168,169,1.8418620178642966,1.860802153981916,0.9764916473937686,0.06173491172393275,0.02495862959633767,0.08619240038217398,3.449292708205931,3.452082265118404
MACE,2,169,169,170,1.8210576833742818,1.845450298397339,0.9783640115759795,0.061420866630752094,0.028401693790244462,0.08674998038413625,3.4777459517885134,3.480917426030862
MACE,2,170,170,171,1.7946478205267333,1.82399937509612,0.9793937855485949,0.061030744582025793,0.032544721771370286,0.08729512725457753,3.5057873971595654,3.509417416266739
MACE,2,171,171,172,1.7641849053700378,1.798068062808295,0.980425902662748,0.060563459241218566,0.03732739415159246,0.08784188426950088,3.533353855813104,3.5375122297481187
MACE,2,172,172,173,1.7303708516174936,1.768558248714272,0.9818796789249579,0.060019938483041116,0.04271761817956701,0.0883898191763317,3.5603930606500356,3.5651459523842792
MACE,2,173,173,174,1.6928934746879114,1.735412928576389,0.9835777534965723,0.05940350403186126,0.04871932029676539,0.08893817779148797,3.58684781391716,3.5922617793932856
MACE,2,174,174,175,1.649724369283942,1.6971502594505754,0.9844078804569516,0.058720210587484424,0.05541357526461278,0.08948590079981666,3.612629166535264,3.6187797521972005
MACE,2,175,175,176,1.5975203120453287,1.650688708386944,0.9820910717036615,0.05797913164841011,0.06291839594571721,0.09003164375262025,3.6375958722034696,3.6445717632657466
MACE,2,176,176,177,1.5321740684883998,1.5917469714348986,0.9732504774824495,0.05719258169558106,0.07132722496500393,0.09057366048805911,3.661542448791799,3.6694428096944174
MACE,2,177,177,178,1.4509192174168086,1.5169534830631428,0.9545747934742026,0.05637624534062691,0.08064808766885537,0.09110987424801616,3.6842201324542856,3.6931452078672784
MACE,2,178,178,179,1.352627301719183,1.4243518179257866,0.9231922517807167,0.05554916811843581,0.09077214010615285,0.09163786531011112,3.7053624734966206,3.7154007050223687
MACE,2,179,179,180,1.239298977811651,1.3144249328630175,0.8775232015069284,0.05473354632681074,0.10137631213223149,0.09215488683405697,3.7247342378829984,3.7359385945983536
MACE,2,180,180,181,1.1170327121388588,1.1918194443514276,0.8188211161791781,0.05395425673642716,0.11193260220678848,0.09265804580436046,3.742195448091401,3.7545607734163444
MACE,2,181,181,182,0.9951082604850482,1.0648224304986118,0.7513854165893232,0.05323805890955074,0.1217728904397122,0.09314451422592639,3.757751103338869,3.771198623892885
MACE,2,182,182,183,0.8847744728509646,0.9442444277480861,0.6822406884553962,0.052612435299037086,0.13016718814522593,0.09361181095181131,3.7715819660189,3.7859524430764493
MACE,2,183,183,184,0.7973213609252447,0.8418723084397552,0.6202011644362755,0.0521040907373568,0.13645563946735095,0.09405814504516462,3.7840452241422184,3.799106697895821
MACE,2,184,184,185,0.7412971908899932,0.7677294057286478,0.5736305380391333,0.051737203882214665,0.14018659707032202,0.09448269519461269,3.795631672383948,3.8111024698603306
MACE,2,185,185,186,0.7212735157698762,0.7280644291447352,0.5483431965689816,0.05153160566584511,0.14114514746202042,0.09488574177753256,3.806903596807132,3.8224784765657174
MACE,2,186,186,187,0.7377716963252543,0.7251877764163879,0.5468232591368092,0.05150112854999376,0.13936890313494632,0.0952742351437955,3.8184315052829376,3.8338095355722235
MACE,2,187,187,188,0.7873537744631754,0.7571829934716282,0.5676103998200979,0.051652369760820695,0.13511023977982814,0.09568070492873681,3.8307322753192707,3.8456405198452175
MACE,2,188,188,189,0.8639045706947193,0.8189618945051501,0.606112511843776,0.05198406304776495,0.1287664952071211,0.09611111415749692,3.8442273256587,3.8584367994468605
MACE,2,189,189,190,0.9596591249699128,0.9034088632670056,0.6558556158496716,0.052487157120636764,0.12082666334472779,0.09656638074166593,3.859216834785073,3.8725525629354074
MACE,2,190,190,191,1.066477477338068,1.002445983796517,0.7098342642159423,0.05314556253472187,0.11178849574822812,0.09704656864455363,3.8758738717321606,3.888215781432228
MACE,2,191,191,192,1.1770635259702178,1.108595480424284,0.7621189374522161,0.05393742051232684,0.10212410036367638,0.09755093246993102,3.8942575669187462,3.9055375858138572
MACE,2,192,192,193,1.2847378381183605,1.2148682353305218,0.8080103973809899,0.05483667474788193,0.09226187249782847,0.09807808979160841,3.914322730913078,3.9245199019908963
MACE,2,193,193,194,1.3850621235835248,1.3159987855046402,0.8448661898570907,0.05581472338170613,0.08251345043540043,0.09862617784997026,3.9359548522748256,3.9450823830144066
MACE,2,194,194,195,1.4754504566450375,1.4088934309855612,0.8721071276538186,0.05684197404321503,0.07311879915736151,0.09919289796309878,3.958999024372467,3.967096342873556
MACE,2,195,195,196,1.5545529404687175,1.4916839836695446,0.8902505181094267,0.057889166110918155,0.0642447258421843,0.09977568495164088,3.983279241539961,3.9904039051183924
MACE,2,196,196,197,1.6229566485830293,1.5642842103972474,0.9009405163285742,0.058928416301857016,0.0559629991435208,0.10037177030550525,4.00862865327678,4.01484584590585
MACE,2,197,197,198,1.6821518220677747,1.6279745187257586,0.9064237359337455,0.0599339863388225,0.048315769312565954,0.10097820201585621,4.03490366594994,4.040282947760939
MACE,2,198,198,199,1.7333416698341806,1.6841573157116396,0.9087061078576097,0.06088279788209837,0.041373303799144105,0.10159187880864869,4.061979449869746,4.066597905818933
MACE,2,199,199,200,1.776534903296191,1.7333584957502022,0.9090287837326971,0.06175475129423399,0.0352788714185814,0.10220954964086078,4.089731270211061,4.093681632315031
MACE,2,200,200,201,1.8101793809265077,1.7742081293145435,0.9074387989112656,0.0625329055168121,0.030201460558036373,0.1028279967747601,4.118010096576086,4.121403634335571
MACE,2,201,201,202,1.8322657733402143,1.805047262410606,0.9037230272215208,0.06320357040131884,0.026359515760210894,0.10344404779704694,4.146635454997494,4.149607497810736
MACE,2,202,202,203,1.8400988762290234,1.8229402745365726,0.8969240230275781,0.06375634172381407,0.023937546362959247,0.10405482639440185,4.175384708007712,4.178090939600369
MACE,2,203,203,204,1.8327459172486036,1.8260490135884497,0.8865180631508044,0.06418409449096991,0.022992265622025013,0.10465790023803077,4.204020592219138,4.206622955437689
MACE,2,204,204,205,1.811782318203942,1.8148114331430596,0.8729147748275629,0.06448293981092851,0.023419830980484748,0.10526691248941682,4.232330407588414,4.23497938408055
MACE,2,205,205,206,1.7822866420218715,1.7928659597328918,0.8578515650921773,0.06465212957099066,0.02491312187907623,0.10589287121971014,4.2601807531594815,4.262992914701376
MACE,2,206,206,207,1.7518699941747413,1.7670901604835887,0.8444268375992766,0.06469390081293505,0.027061477420036607,0.10653161313510008,4.2875571015699165,4.2906036984589315
MACE,2,207,207,208,1.7299826237347316,1.746083643595446,0.8364730123740239,0.06461324505866453,0.029334167122038866,0.10717862489529448,4.314592541179607,4.3178862553901105
MACE,2,208,208,209,1.72435103570992,1.7388516230845465,0.8380757478654824,0.06441761237105378,0.031380952722229745,0.10782944261073202,4.3415408521809695,4.345055812000807
MACE,2,209,209,210,1.739054941066147,1.750676246337441,0.851717380599971,0.0641165524860362,0.03302132215487274,0.10847989028807989,4.3687195402837276,4.37241012834983
MACE,2,210,210,211,1.7725875983265722,1.7822849248218098,0.8778843893835935,0.0637213402106316,0.03439011830898802,0.10912641161245083,4.396422563426761,4.40025833030017
MACE,2,211,211,212,1.8163721900216843,1.8273160611853767,0.9136852973262903,0.06324460949084325,0.03593486662362425,0.10976615076407323,4.4248098810637515,4.428810143756192
MACE,2,212,212,213,1.8575049190398116,1.8741584815094166,0.953456141309095,0.06270003654337802,0.03828554877008073,0.11039698680455527,4.45383985686032,4.458093870029776
MACE,2,213,213,214,1.8801549947979717,1.9073069023793718,0.9890949288293347,0.06210210203639625,0.04211809237811196,0.11101735477020495,4.483223534736958,4.487895540379454
MACE,2,214,214,215,1.8704192457923603,1.9115373150769135,1.0119148966473561,0.06146592098366716,0.04792198638219477,0.11162597709846885,4.512454756490314,4.517763310927531
MACE,2,215,215,216,1.820551370647766,1.8760784574832996,1.0147803071967783,0.06080712648281337,0.05575974073098679,0.11222152741217696,4.540906357060948,4.547077036825708
MACE,2,216,216,217,1.7320983878232559,1.7992334599527644,0.994868044107541,0.06014174386411826,0.06523598437218568,0.11280255444446276,4.56797535794351,4.575190059637469
MACE,2,217,217,218,1.6143153180998293,1.6878320238015876,0.9539595791442474,0.05948598023886394,0.07561300777932918,0.11336761884191555,4.593203398309598,4.6015624350093685
MACE,2,218,218,219,1.4804913572238343,1.5545146651158934,0.8975222350467426,0.05885587237772088,0.08606153905310898,0.11391543013752418,4.61633975290443,4.625851726651805
MACE,2,219,219,220,1.3443334012200412,1.4134872272444499,0.8326829193086476,0.05826679283320367,0.09582273366185562,0.11444506897238851,4.637347859988594,4.647937464577499
MACE,2,220,220,221,1.2166588373244587,1.2771420595337517,0.7663430703254861,0.05773284829582335,0.1043600559835532,0.11495610989012556,4.656360178658225,4.667892809257714
MACE,2,221,221,222,1.1047503423690097,1.1544259842926963,0.7040424909156427,0.0572662321044949,0.11137186770833572,0.11544875176686777,4.6736229739368085,4.685930715262288
MACE,2,222,222,223,1.0118198594948327,1.050144596547645,0.6492495473763948,0.05687661232313601,0.11678147753338726,0.11592382936752287,4.689432729490406,4.702339224583345
MACE,2,223,223,224,0.939580468912263,0.9663271969565181,0.6039099722969092,0.056570627833262194,0.1205568292759654,0.11639955455267151,4.704112746215294,4.71743808703579
MACE,2,224,224,225,0.8887676722920627,0.9042820127590978,0.5695369475445551,0.05635156636534895,0.1227467080611483,0.11687804659160501,4.7179978828717495,4.7315674934851515
MACE,2,225,225,226,0.8615736190662259,0.8652638197207403,0.547530571586359,0.05621925464769117,0.12326758693083407,0.11735942187124448,4.731457321278221,4.745087240668288
MACE,2,226,226,227,0.8601338571138216,0.8518781916286465,0.540002201087592,0.056170201646497525,0.1221022839814779,0.11784666212194349,4.744893675286299,4.758397837412485
MACE,2,227,227,228,0.8861266970660152,0.8660462885934821,0.5484409396319689,0.05619796857925659,0.11926789597734437,0.11833946280892664,4.75873583069486,4.771929810671758
MACE,2,228,228,229,0.9392498925098851,0.908247417037167,0.5732098522789983,0.056293760404174976,0.11489183735789384,0.11883624200634532,4.773407972565202,4.786121176562964
MACE,2,229,229,230,1.0162272683393505,0.9763955427498199,0.6128741874225989,0.05644717694258786,0.10926951322293754,0.11933512696425226,4.789283088038054,4.8013773569184295
MACE,2,230,230,231,1.1110255200555992,1.06532729029618,0.663985229188591,0.056647052189911416,0.10281912082093994,0.1198342668680098,4.806639854551875,4.818023095829307
MACE,2,231,231,232,1.2150179234888658,1.1672825990711486,0.7215256205487928,0.05688229692933122,0.096081188617615,0.12033210149796164,4.825622092749171,4.836261886439795
MACE,2,232,232,233,1.3181106795431448,1.272448231027503,0.7793802284118714,0.0571426486651942,0.08963584680650924,0.12082764798053731,4.8462158259390264,4.8561438900496
MACE,2,233,233,234,1.4121530512175746,1.3709809254426404,0.8316608353091736,0.05741925839396445,0.08382432262557563,0.12132088483981289,4.86827963583103,4.87756546700964
MACE,2,234,234,235,1.492851492409776,1.4574959204927769,0.8754061092450723,0.05770505844093508,0.07883381612975926,0.12181265617196728,4.891604933942695,4.90033884076734
MACE,2,235,235,236,1.559668904568913,1.529875844268622,0.9097189979157143,0.05799485399505264,0.07462846877155788,0.12230452105443153,4.9159746754234845,4.924243150834037
MACE,2,236,236,237,1.6142949329825511,1.5891842710583504,0.9355960225441822,0.05828515334303558,0.07108405088627627,0.12280098210918416,4.941198172809358,4.949074155069324
MACE,2,237,237,238,1.6600335241727069,1.6376910034611971,0.9546745766678502,0.05857378662566368,0.06793036141957891,0.12330195921435333,4.967136344236955,4.974663076998405
MACE,2,238,238,239,1.7006436351907037,1.680114262442893,0.969922783067102,0.05885939945835314,0.06503260125058768,0.1238067026767815,4.993708851865897,5.000914862349076
MACE,2,239,239,240,1.7404574405839262,1.7200282197630874,0.9835351270642745,0.059140888692498825,0.06214897771735209,0.12431954733769993,5.0209030837677915,5.027790303282874
MACE,2,240,240,241,1.780366038037169,1.7603416829828982,0.9972573634425241,0.05941688208312428,0.05932250176025339,0.12484134885879399,5.048720406498397,5.055295642079481
MACE,2,241,241,242,1.817575005328878,1.799525885617511,1.0103067236773287,0.05968530607194324,0.05677483404397931,0.12537209547906222,5.07711859136073,5.083413234042254
MACE,2,242,242,243,1.8466955116086623,1.8328909432847014,1.0202054043531934,0.05994314161908452,0.05482629286200103,0.12591100544177594,5.1059712799323975,5.112052155031078
MACE,2,243,243,244,1.8621058365356196,1.8548281046119788,1.024087766703878,0.0601863827376935,0.05379902710244823,0.1264566474988547,5.135064340899831,5.14103384416564
MACE,2,244,244,245,1.8592677501002088,1.8601491717689,1.0194302328048468,0.06041018001274892,0.053923441454264774,0.12700931872504628,5.164112785684516,5.170098674974529
MACE,2,245,245,246,1.8363416257865468,1.8459693882570933,1.005028736620936,0.06060912376942162,0.055282418513446174,0.12756782422991264,5.192802914889327,5.1989419466660465
MACE,2,246,246,247,1.7952934557776552,1.8127287691193035,0.9814666640208075,0.0607776123639615,0.057743446288427654,0.12812973054545057,5.220851758229728,5.227265833683536
MACE,2,247,247,248,1.74101875693616,1.7644862189654995,0.9511906797153545,0.060910244124310724,0.06105592337047519,0.12869246209524526,5.248052827941052,5.254835930854871
MACE,2,248,248,249,1.6800586718142654,1.7072252766932998,0.9175509930543437,0.06100217349689675,0.0648905415301354,0.1292535350088817,5.274301811931892,5.281511325803205
MACE,2,249,249,250,1.6199843676824892,1.6481623392882485,0.884437416381477,0.06104940524549335,0.06886791603471411,0.129810756656711,5.299612655970343,5.307263862354584
MACE,2,250,250,251,1.5674996725438617,1.59455570694687,0.8556822096464276,0.06104900563814636,0.07268692696052306,0.13036241962591774,5.3241040066795975,5.332178795275629
MACE,2,251,251,252,1.5269549107655447,1.5516302763166125,0.8340069840732123,0.06099921929722137,0.07616990193143679,0.1309073272858466,5.347962442133536,5.356423018343076
MACE,2,252,252,253,1.5004049162660789,1.522131067174373,0.8208322848778875,0.06089951136618143,0.07923658962330797,0.13145095672866047,5.371406612599827,5.380206316267675
MACE,2,253,253,254,1.486381730365354,1.5060659035833301,0.8161564505701419,0.060750558840491076,0.08201504826455694,0.1319965549099322,5.39463221015879,5.403738596011165
MACE,2,254,254,255,1.4806237299396368,1.4997893823844224,0.81803449234404,0.06055420784557715,0.08472031670843334,0.13254322538474364,5.417768332964812,5.427172805110922
MACE,2,255,255,256,1.4765787202278575,1.497611543270962,0.8233812533351852,0.06031344007390378,0.08768913984806137,0.13309025605874636,5.440841701783938,5.45057298547453
MACE,2,256,256,257,1.4663246649921757,1.4916976022756157,0.8278276947040593,0.06003236016335722,0.09127057840117575,0.1336370155666499,5.463755262107739,5.473880760510086
MACE,2,257,257,258,1.4436407072249362,1.4748433486946362,0.8271634325417958,0.05971621615886484,0.09567489083336404,0.13418285829685447,5.486314766331546,5.49692518783344
MACE,2,258,258,259,1.404419300102584,1.4423378993898628,0.8183551111121803,0.05937144320452204,0.1010271735371955,0.13472712938247128,5.508261784297197,5.5194617175114065
MACE,2,259,259,260,1.3472796029818752,1.3909874417648822,0.7990342719876752,0.0590056907347161,0.10719661845175553,0.13526877836461293,5.529316299297982,5.541195896288983
MACE,2,260,260,261,1.2773308792402298,1.3242189218865208,0.7705173616522605,0.05862781084944399,0.11381495521496098,0.135806537947122,5.549278104418853,5.561886816943459
MACE,2,261,261,262,1.201272934583309,1.2481923681511342,0.7357886730857124,0.058247757543641976,0.12043772286668926,0.13633897142786242,5.56805164986951,5.581389822695821
MACE,2,262,262,263,1.1269597456061204,1.1706130977262443,0.6989421009557671,0.05787634366681098,0.12659947688472825,0.13686456895337706,5.585664074914121,5.599680652347794
MACE,2,263,263,264,1.0621787723432983,1.0992983188827103,0.6644067656403361,0.05752488466970947,0.13183897176722023,0.1373817766021764,5.602264170247118,5.616857188580337
MACE,2,264,264,265,1.014252165021132,1.0420720855286274,0.6368891680222094,0.0572047310009439,0.1357658066754967,0.137889208018602,5.618115118593892,5.633139564916721
MACE,2,265,265,266,0.9885128089104702,1.004986152385206,0.6202373975766424,0.05692670701423519,0.13809105056665705,0.13838575395584785,5.633563426236776,5.648842473547741
MACE,2,266,266,267,0.9884526343692819,0.9923148334206213,0.6173134508636157,0.056700497499674644,0.13863620733852583,0.13887066665229983,5.64901017258812,5.664347392819938
MACE,2,267,267,268,1.0166251970181572,1.0070183065956855,0.6301548727923207,0.056534041221392814,0.13728017640879026,0.13934780670958705,5.6648963612735415,5.680082053860494
MACE,2,268,268,269,1.072546731803346,1.0500408501600773,0.6594322178985018,0.056432983928838144,0.13410342823459923,0.1398178107124742,5.681655471971858,5.696488942144246
MACE,2,269,269,270,1.1530124786626184,1.1190173350450867,0.7035662042581978,0.05640023584197368,0.12930494879130863,0.14028712889778608,5.699670953482006,5.713973588004325
MACE,2,270,270,271,1.2528287727443452,1.209749428205941,0.7596568996525375,0.0564357066333788,0.12322421703963102,0.14076673150610414,5.719245150091368,5.732875922820043
MACE,2,271,271,272,1.364171731398356,1.3153403033897233,0.8230273476925554,0.056536240853659506,0.11633156772118225,0.14125671823377906,5.740558204317736,5.753428115060507
MACE,2,272,272,273,1.478002648026333,1.4270098707952072,0.8878831407330077,0.056695760037122775,0.10913383983237683,0.14175674367530716,5.76364907368454,5.775725144291682
MACE,2,273,273,274,1.5882155653033045,1.5371852530003294,0.9493932476931257,0.05690560346348501,0.10193081379649786,0.1422661950283201,5.788461351333041,5.799743663869813
MACE,2,274,274,275,1.6920455830001617,1.6422601781441144,1.0054563619768273,0.05715501797749193,0.09490350882419468,0.1427840955764593,5.8148954657237795,5.8254039791533145
MACE,2,275,275,276,1.7889686788180834,1.7409119645514237,1.055609579635167,0.05743170921704177,0.08812021182992241,0.14330914341684303,5.842843687366539,5.852605728599431
MACE,2,276,276,277,1.8805481078947826,1.834096800693616,1.1009387100136618,0.05772242304205026,0.08156352110884472,0.14383965500837817,5.872222739531807,5.8812634911102695
MACE,2,277,277,278,1.968939586220804,1.9239832217491541,1.1433327602724546,0.05801353294549144,0.07521784440898104,0.14437355190922677,5.9029830454901955,5.911325728950099
MACE,2,278,278,279,2.055630893096981,2.012566630768359,1.1845899977697099,0.05829161676469544,0.06913924154001717,0.14490830749086803,5.9350982834835975,5.942772082555855
MACE,2,279,279,280,2.1391932922037484,2.0995196948189836,1.2251376083007572,0.05854401972379042,0.06353923750314633,0.14544102553810698,5.968519805394479,5.975577077787402
MACE,2,280,280,281,2.2159343983104844,2.181681254303885,1.2637655543191002,0.0587594051967872,0.05870434081222671,0.14596865132603937,6.003141255485289,6.0096658473859
MACE,2,281,281,282,2.2804075021521166,2.254146485022353,1.2982677963294778,0.05892830144623431,0.0549975480928076,0.1464881648815869,6.038771142909738,6.044886886214375
MACE,2,282,282,283,2.3265594195733645,2.310472941768433,1.3255160041522822,0.059043616857156936,0.05272691102975054,0.14699696864189232,6.075123351781286,6.080988025929507
MACE,2,283,283,284,2.3509534292735927,2.3460470971597354,1.3433079830143217,0.05910109987176039,0.05203437288209117,0.14751205001035084,6.111858002884496,6.117645011822628
MACE,2,284,284,285,2.3518956851660224,2.3582131193567903,1.3503379493393495,0.05909970143314953,0.052926090782735837,0.1480407752277388,6.1486086741799895,6.154492091812577
MACE,2,285,285,286,2.330615684434793,2.346969446669548,1.3465378206409455,0.05904177939559263,0.0552344555535046,0.14858118247981097,6.185028064260578,6.191163489416789
MACE,2,286,286,287,2.2910563681385514,2.315166831460168,1.3331938820822413,0.058933127311443165,0.05863769349591837,0.14913037554053882,6.22083038394905,6.227337971158355
MACE,2,287,287,288,2.2388379484675567,2.2679645642801116,1.31270136372909,0.058782785514675855,0.06274897094194422,0.14968472542856393,6.255817567398125,6.262774917475232
MACE,2,288,288,289,2.1799189379887487,2.211357751915515,1.2878195578932536,0.058602614719350875,0.06718661956747402,0.15024017286059935,6.289884573617677,6.297327382348912
MACE,2,289,289,290,2.118645933823977,2.150552225859341,1.2608271779681566,0.05840663877105092,0.07169025362079105,0.15079260138978479,6.322994225138601,6.3309297608779636
MACE,2,290,290,291,2.0568995412016537,2.0882921457412897,1.2326030991299624,0.058210187433726,0.07612137970307968,0.15133807123463391,6.355138707808905,6.363559325655172
MACE,2,291,291,292,1.9959697402510153,2.025950683628046,1.2032896022197255,0.05802890166362362,0.08035324711636953,0.1518730749857943,6.386330381134897,6.39521480508686
MACE,2,292,292,293,1.937334219017664,1.9650609292524508,1.1732321252521865,0.05787766944432903,0.08426692521664636,0.15239489186765026,6.416604746880772,6.42591888210643
MACE,2,293,293,294,1.8814883667750069,1.9064573077333566,1.1425072376231404,0.05776956003540899,0.08779133891694882,0.1529017770176074,6.446005130760213,6.455707277539764
MACE,2,294,294,295,1.8298194234189091,1.8511182300287816,1.111447529306694,0.057714853067923795,0.09079770614498392,0.153393056716446,6.47459664097827,6.484630999883963
MACE,2,295,295,296,1.784287317016471,1.8010446576393344,1.081179262597674,0.05772027412425392,0.09316303677596144,0.15388739349399239,6.502475124720242,6.512772322659578
MACE,2,296,296,297,1.7469054351176954,1.7582486335127185,1.0529977567700333,0.057788499648788426,0.09476415089190875,0.15439555955956383,6.5297680026716876,6.540244957558214
MACE,2,297,297,298,1.71918371288423,1.7247159604050641,1.02830192362531,0.05791798777082869,0.09554503819459478,0.154916976455559,6.556626390068487,6.567193644439543
MACE,2,298,298,299,1.7009154069235617,1.7011217756083303,1.0077807891833772,0.058103147894632313,0.09557416752855916,0.15545041955818933,6.583198252750222,6.593773672183423
MACE,2,299,299,300,1.6892690781028317,1.6857211248777317,0.9907405389821335,0.05833482449463044,0.09507336715518995,0.15599453002838579,6.60958737125128,6.6201130647596385
MACE,2,300,300,301,1.6801728449740272,1.6748867488200465,0.9754495346641034,0.05860103927344686,0.09432722458801893,0.15654717465952075,6.635833932514323,6.646283170209951
MACE,2,301,301,302,1.6680422494367262,1.6637219113106405,0.9595297811337833,0.05888790942124158,0.09371740061082605,0.15710504570163347,6.661890876591414,6.67227882507418
MACE,2,302,302,303,1.6464553004836655,1.6459508684209987,0.9399129796682094,0.05918063326358983,0.09364619906184965,0.15766615957226943,6.687610785768072,6.697996807393259
MACE,2,303,303,304,1.612411103767114,1.6167549466394509,0.914448116755994,0.05946447132593017,0.09425934077886368,0.15822778810239455,6.712799325869767,6.723258603434499
MACE,2,304,304,305,1.5665132962976864,1.5756822862968223,0.8834397489643815,0.05972564606798962,0.09555356122757216,0.15878704225494344,6.737271555367741,6.7478786391578875
MACE,2,305,305,306,1.5121343724611054,1.5251142088676746,0.8486408428165457,0.05995207468473232,0.09738568992439216,0.1593411095159786,6.760895176848081,6.7717085486714454
MACE,2,306,306,307,1.4553579507909469,1.4700046778655194,0.8130356373408717,0.06013392687197686,0.09945310342231835,0.15988737650810922,6.783632892649827,6.794677371763094
MACE,2,307,307,308,1.4029770956361862,1.417270507028573,0.7804888194301334,0.060264010432150364,0.10147064573696508,0.16042374911129856,6.8055534809436935,6.816822223435415
MACE,2,308,308,309,1.3603157614306571,1.372669098022688,0.7540743470051123,0.06033799058055171,0.1032143427885151,0.16095640817488646,6.826808834646592,6.83827017809202
MACE,2,309,309,310,1.329650525053178,1.339755613340356,0.7355914019964648,0.060354473863746226,0.1046406952982793,0.16150070511835102,6.847586343035061,6.859203859550464
MACE,2,310,310,311,1.3092788645337992,1.3181164550041624,0.7246585900460427,0.060314976970804526,0.1058881380706166,0.16205478881113547,6.868046718793153,6.879799429159903
MACE,2,311,311,312,1.2943605997141772,1.3034348213060658,0.7187585232141028,0.060223799769976966,0.10716898177765966,0.16261630487134596,6.888274982380871,6.900165598242811
MACE,2,312,312,313,1.280017177325821,1.2907956253072808,0.7150143265405802,0.06008780898658705,0.10869038029420948,0.16318250529766862,6.908279871897349,6.920334279888237
MACE,2,313,313,314,1.2625850096004543,1.2753857821527734,0.7105328593715238,0.05991612247709479,0.11049723378603782,0.1637502311831067,6.928012845204279,6.940262182734374
MACE,2,314,314,315,1.2421840085688247,1.256022798839421,0.7043567094411498,0.05971967439623192,0.11245060546113848,0.16431614475439923,6.947427216039692,6.95988753896624
MACE,2,315,315,316,1.2218557696867836,1.2347414147673634,0.6972949651314053,0.05951065642663289,0.11426943887241474,0.16487697674400445,6.966523827820481,6.97918037357198
MACE,2,316,316,317,1.2074168526096039,1.216632998035679,0.6919157362630926,0.059301842847753874,0.11557031539968998,0.16542982365219006,6.9853944287991965,6.998190264166287
MACE,2,317,317,318,1.2044994949226713,1.2077896198465112,0.6914493909427543,0.059105846970062624,0.11603472281595287,0.16597244424971455,7.004218808448037,7.01706197697639
MACE,2,318,318,319,1.217035841069674,1.2128965082319814,0.6984199651052326,0.05893435677511927,0.1154504480808886,0.16650480902749237,7.023238243789365,7.036013484917514
MACE,2,319,319,320,1.2476985178056215,1.2354996333247426,0.7147528719547717,0.05879743135045326,0.1137285522397901,0.16702759996018504,7.042735826278346,7.055318166688213
MACE,2,320,320,321,1.2947923012625058,1.2754936571380553,0.7402679390103593,0.05870291658762066,0.11100451176635028,0.16754065916043212,7.062968215640453,7.075247755080996
MACE,2,321,321,322,1.3547493264615962,1.3300148564855874,0.7731456470258928,0.05865601932556561,0.10751319409298242,0.1680442783424709,7.084136379998718,7.096029237213584
MACE,2,322,322,323,1.4222062825798558,1.3941949573334638,0.8103690282093345,0.058659091783100234,0.10355934204027861,0.16855393735386076,7.10635753884592,7.117813533421918
MACE,2,323,323,324,1.4919868788282054,1.4626232816828453,0.8486224092571122,0.05871161015454829,0.09941461422655608,0.16907314247580804,7.1296680810029045,7.140667022198213
MACE,2,324,324,325,1.5604226622886048,1.5309553273279053,0.8852891962350562,0.05881033792444215,0.09525524362208675,0.16960136831041328,7.154047119261264,7.164588199187711
MACE,2,325,325,326,1.6262190077553795,1.5970120805624313,0.9191279740995801,0.058949633096080624,0.09113263007134505,0.17013779382174662,7.179453576374506,7.1895415129465
MACE,2,326,326,327,1.6900254455473311,1.660874408381673,0.9503216633351292,0.059121858782579556,0.08701790550469042,0.17068130887052935,7.205856551479428,7.2154926755774635
MACE,2,327,327,328,1.7533399668513225,1.7240496311915285,0.9799610656026265,0.05931785924827077,0.08288351868956546,0.17123043534711943,7.233248568288886,7.242430951064831
MACE,2,328,328,329,1.8162287198377134,1.7873754328901825,1.0088135073416362,0.059527472867709076,0.07881082213482317,0.17178326602325683,7.2616231919511165,7.27035869220374
MACE,2,329,329,330,1.8750851397965496,1.8488568586871688,1.0361004928971997,0.05974006654581286,0.07510865016719818,0.17233755039420628,7.2909176323943115,7.299247080620728
MACE,2,330,330,331,1.9247633586023365,1.9036453553119772,1.05951917788894,0.05994508889334308,0.07212780367299855,0.17289079990679307,7.320988680029394,7.328991539297477
MACE,2,331,331,332,1.957493271369801,1.9442892896045532,1.0754007850995977,0.060132639178176565,0.07026403643074307,0.173440754902548,7.351571693997805,7.3593710594475485
MACE,2,332,332,333,1.969127134383769,1.9659810830632094,1.0815861909912514,0.06029400022814214,0.06981996527872543,0.17398644832608154,7.382337191534916,7.390089513870412
MACE,2,333,333,334,1.9555671484860728,1.963923124443095,1.0758769386557976,0.06042211741161412,0.0709994272427491,0.17452912576826227,7.412891621277673,7.420775812689834
MACE,2,334,334,335,1.916010271143801,1.935853385458848,1.0573530231854524,0.06051196044978423,0.07380032072338479,0.17506749800628937,7.442828838196469,7.45102352183763
MACE,2,335,335,336,1.854166268296043,1.8837746405006175,1.0272496709008778,0.06056078075370265,0.07797959900417069,0.17560808976985087,7.47180060954733,7.480457500595452
MACE,2,336,336,337,1.7769572604715465,1.813441292730968,0.9886528497100898,0.06056822365362624,0.08312938983237889,0.17615712755316515,7.499566805224234,7.5087925207943735
MACE,2,337,337,338,1.6941418371634462,1.7336381261842946,0.9461435549013125,0.060536276538880655,0.0887043664550711,0.17671228946901174,7.526039717717481,7.535880616516002
MACE,2,338,338,339,1.6151763590467276,1.6540046251924847,0.9046909343063233,0.06046906292183632,0.09418505037319835,0.17727089375586666,7.551279345688222,7.561724438784635
MACE,2,339,339,340,1.5485247290364001,1.5836518269312303,0.8689834952657082,0.060372489819209195,0.09914330732446097,0.17783016588035583,7.575477892826754,7.586468998580435
MACE,2,340,340,341,1.4989255399909651,1.5285916845380925,0.8420788641388385,0.0602537887881046,0.10333074028172799,0.17838742193186197,7.5989015760908885,7.6103532436513435
MACE,2,341,341,342,1.4680060814193236,1.4914454433249558,0.8252496242332508,0.060120975132296285,0.1066392509776505,0.17894027201667548,7.6218420313924895,7.633657078703296
MACE,2,342,342,343,1.4531110043719733,1.4713293218967358,0.8178882426829928,0.05998227868401124,0.10921080128840811,0.1794867794913855,7.644549418898805,7.6566465993579325
MACE,2,343,343,344,1.4516905072578332,1.4646195721660296,0.8178820353640939,0.05984557995355744,0.11103576349127271,0.18002536744415734,7.667234093778674,7.679531280173027
MACE,2,344,344,345,1.4607352198420842,1.4693771014954136,0.8240508542399333,0.05971791340097631,0.11225558159033397,0.18055523822703226,7.690059443541841,7.702490297383893
MACE,2,345,345,346,1.475235699457375,1.4809804261817512,0.833707207506418,0.059605025635426995,0.11306646073837869,0.18107629369631825,7.713110649963717,7.7256306165429836
MACE,2,346,346,347,1.4910962914501609,1.495008357046907,0.8442638312464606,0.05951106410854226,0.11361865626836344,0.18159020546357044,7.736408971075193,7.748990122121842
MACE,2,347,347,348,1.5034270583929528,1.5072193061904773,0.8532409980121367,0.05943843479528398,0.11415393928716795,0.18210867124036603,7.759899327417941,7.772540423781067
MACE,2,348,348,349,1.5080060999728149,1.5129189224063353,0.8579280787172638,0.05938782009732186,0.11484739355584259,0.18263113415366225,7.783460726476399,7.796179781943667
MACE,2,349,349,350,1.5011367702889091,1.5086187152449193,0.8563384848328021,0.05935837624966157,0.11590348437490686,0.1831566829167026,7.806914453690972,7.819751949369367
MACE,2,350,350,351,1.4799182787225482,1.491031357167895,0.8466495876525864,0.05934806118176077,0.11747211662048945,0.18368411801787285,7.830036487439074,7.843049314325116
MACE,2,351,351,352,1.4434664247793176,1.4585313635571318,0.8280277380074185,0.0593540613602144,0.11959856149900122,0.18421207326487107,7.85258898736263,7.865838866880695
MACE,2,352,352,353,1.3937425357554183,1.4119387257384202,0.8010582463816807,0.05937325722294772,0.12216698846498164,0.18473911543892954,7.874364737285866,7.887900409470358
MACE,2,353,353,354,1.3356655919566327,1.3553747853478055,0.7682058472174398,0.059402660251773536,0.12494897875145915,0.1852639932723488,7.895233343631958,7.909078140491417
MACE,2,354,354,355,1.2757525133092005,1.2946053632243286,0.7328468896460719,0.05943976370614754,0.12761009452090483,0.18578567143064798,7.915166193918743,7.929306349291798
MACE,2,355,355,356,1.2223769309937165,1.237647161646562,0.6995913001116472,0.05948277524344037,0.12976551673963016,0.18630356281792035,7.934265462707479,7.948644586192525
MACE,2,356,356,357,1.1831826327114154,1.1923466887158565,0.6728996454933736,0.05953071833579619,0.13105904074556482,0.18681784533660997,7.95275270668494,7.967275003203709
MACE,2,357,357,358,1.1643560279255236,1.1658531255624975,0.6567851273072699,0.05958339752376545,0.13127035893608172,0.1873344775683745,7.970946099678855,7.985491458290623
MACE,2,358,358,359,1.167751143024382,1.1615067888851922,0.6530677412717742,0.059641252883392955,0.1303889564242807,0.18785483878153786,7.989192750607721,8.003640001866954
MACE,2,359,359,360,1.1918135918879769,1.1788351986244212,0.6613931430914326,0.059705137275922464,0.12855703142985306,0.18837817640671392,8.00781546288487,8.02205930184546
MACE,2,360,360,361,1.231455559384179,1.2139818387920158,0.6794968952801044,0.059776069387167216,0.12609058239811383,0.18890302667482334,8.027057539344185,8.041027768076585
MACE,2,361,361,362,1.2788432137507715,1.2598520142427534,0.7033133517750246,0.05985498607083581,0.1234099383194208,0.18942796535914452,8.047039892232988,8.06071295579913
MACE,2,362,362,363,1.3254984966721421,1.3076738631571776,0.7278791976654642,0.059942529504679196,0.12089395725847782,0.18995191510704384,8.067750990857547,8.08114535991096
MACE,2,363,363,364,1.3652981105671484,1.3501006904314994,0.7490845481626827,0.06003889051994759,0.11874881238330354,0.19047638340968828,8.08908366215455,8.102240683198952
MACE,2,364,364,365,1.3959152036271874,1.383592923254094,0.7649938550764098,0.06014370670849894,0.11700949897636566,0.19100501762416452,8.110894410542357,8.123859322624797
MACE,2,365,365,366,1.417459736163645,1.407395338795515,0.7752567685214089,0.060255995887275024,0.11558889006753391,0.19153794368065385,8.133041492397908,8.145849874793477
MACE,2,366,366,367,1.4318867713198242,1.4229205682982267,0.780744665992952,0.06037411998045144,0.11432329338797413,0.1920751890586213,8.155413733526906,8.168083008673136
MACE,2,367,367,368,1.4429607712488148,1.4338664512895967,0.783589092910761,0.060495790838370755,0.11303961275799994,0.19261650063525784,8.177958795270612,8.190487171974537
MACE,2,368,368,369,1.4517876667932677,1.4427332208389445,0.7852559890514348,0.06061810912484905,0.11176156041996542,0.19316128330680318,8.200641623933969,8.213029878550145
MACE,2,369,369,370,1.4560929341243656,1.4485948097067782,0.785346258462657,0.06073763407054526,0.1107031858390011,0.19370865810346397,8.223391627359078,8.235664172451814
MACE,2,370,370,371,1.4512476536181806,1.447600335781929,0.7818980743789194,0.06085051576498425,0.11018835996100791,0.19425779598682563,8.246065886459597,8.258282927698408
MACE,2,371,371,372,1.4317744874685563,1.4345152269956203,0.7722350460911056,0.06095268278439272,0.11057522057933601,0.1948097300628839,8.268435901364946,8.280697228120216
MACE,2,372,372,373,1.3927079328148957,1.4039320407066298,0.7536090404350418,0.06104006547848597,0.1121595248433129,0.19536387744993391,8.29019558957711,8.302633666256257
MACE,2,373,373,374,1.3330552686345327,1.352939240443392,0.724603240440454,0.06110883559409737,0.11496618543722713,0.19591920798421167,8.311023366981196,8.323773341888186
MACE,2,374,374,375,1.2554811718637091,1.2829826945856868,0.6860847399491677,0.06115564024197411,0.1188480778900227,0.19647429074167672,8.330639290287323,8.343819946491088
MACE,2,375,375,376,1.168074308031267,1.199726760532716,0.6410984454460702,0.06117779346751308,0.12331588200836174,0.19702729744826988,8.348889804449477,8.362565677124412
MACE,2,376,376,377,1.0821307941477725,1.113712568838366,0.5952200072542649,0.061173425179597986,0.12777370981872269,0.197576321948509,8.365797848864709,8.37996743601251
MACE,2,377,377,378,1.009899877227739,1.0369884629918025,0.5547929567286612,0.06114155652830832,0.131597315431309,0.1981233409493125,8.381577738692414,8.396170380746758
MACE,2,378,378,379,0.9616547167730395,0.9808057910714177,0.5257567036379742,0.06108211961422304,0.13430052614197965,0.19867211158802983,8.39660427768063,8.411495471232248
MACE,2,379,379,380,0.9432501827323931,0.9528094340862401,0.5121938632364508,0.06099592710845266,0.1356498327262009,0.19922188287091733,8.411343713680353,8.426383118639848
MACE,2,380,380,381,0.9552485477619787,0.9554427994950223,0.5154892905092336,0.06088460883811784,0.1356772517292891,0.19977219256884046,8.426271038294075,8.441311912381956
MACE,2,381,381,382,0.9925185233881848,0.9856931703305178,0.5341603245677704,0.060750528157491095,0.13471384011059176,0.2003241021957249,8.441781027643813,8.456713368168371
MACE,2,382,382,383,1.0455188419480475,1.0353007297154255,0.5638958005837915,0.06059667961415657,0.13327153405508252,0.20087548845857586,8.458119346121507,8.472889942070175
MACE,2,383,383,384,1.1025010136494753,1.0930355642890746,0.598698682298402,0.06042657696964929,0.13193546780137305,0.20142410384217121,8.47534807243644,8.489968622762191
MACE,2,384,384,385,1.152442182160076,1.1470579500909184,0.632100161292716,0.06024412859791861,0.13117547316236128,0.2019680225682655,8.493357058530826,8.507891403232362
MACE,2,385,385,386,1.1870816454210182,1.1884116033168057,0.6590528185904105,0.060053500685207255,0.13136319925921727,0.2025075522799925,8.5119071003259,8.526460334534189
MACE,2,386,386,387,1.2031856735143682,1.2110209871981377,0.675963538306249,0.05985896417337103,0.13246916874904496,0.20304238693879775,8.530708498479811,8.54538253745916
MACE,2,387,387,388,1.2032655639737786,1.2163666227736438,0.6833748383652523,0.05966474007846162,0.1343184082181812,0.20357186045098635,8.54951083054889,8.564388265939998
MACE,2,388,388,389,1.1920347217694531,1.2082106882606998,0.6831346122163906,0.05947482726947583,0.1366016767802112,0.20409553934711333,8.568137358999195,8.583266557944071
MACE,2,389,389,390,1.17707846366703,1.1931909780511265,0.6787899256036054,0.059292844322414134,0.13887598895614034,0.2046132816163583,8.586529901879913,8.601910166976122
MACE,2,390,390,391,1.1656839554711091,1.179229022253853,0.6747317406922367,0.05912191695355498,0.14078790099999697,0.20512534067300925,8.604744164339984,8.620335620448838
MACE,2,391,391,392,1.1637474825639798,1.1726182219419874,0.6745340105549166,0.05896460466781838,0.14204002280395386,0.20563222943623433,8.622927995160623,8.638657780166682
MACE,2,392,392,393,1.175168267842334,1.1783830135916136,0.6811201186492868,0.05882289305199397,0.1424937903057734,0.20613478518705491,8.641290170903204,8.657070014754051
MACE,2,393,393,394,1.199058698010104,1.1974094517768055,0.6950603965750206,0.05869823828040854,0.14226099605032197,0.20663430024167484,8.660025591966658,8.675779537438064
MACE,2,394,394,395,1.2319685253535488,1.2267882721054642,0.7147070195741579,0.05859165721210621,0.14152979341144992,0.20713259151485006,8.67927523543699,8.694948104189711
MACE,2,395,395,396,1.2685809853332681,1.2619842815193265,0.7374197358928256,0.05850386958918083,0.1405986560701636,0.20762985759858665,8.699096984015497,8.714666608588452
MACE,2,396,396,397,1.3024818186904743,1.2966285275060594,0.7594389397263186,0.058435444680423616,0.13977245284125522,0.20812615128032025,8.719448474271196,8.734926429330732
MACE,2,397,397,398,1.3296651487983997,1.3252606526240138,0.7774992868616559,0.058386931281883436,0.1391507497948253,0.20862160111373754,8.740224729733903,8.755633627027985
MACE,2,398,398,399,1.3495132784084787,1.3463731304837392,0.7906433021478869,0.058358943043960027,0.13870751191840158,0.2091162911782873,8.761311100435876,8.77667070719179
MACE,2,399,399,400,1.3636217396368107,1.3606760952446988,0.799228564747393,0.05835215192245321,0.1382917285870582,0.20961031621500656,8.78261785010892,8.79793127117999
MACE,2,400,400,401,1.3757237667660522,1.3712121178911358,0.8050022246214058,0.058367189126978816,0.13765490073231523,0.2101038010910631,8.804113565798133,8.81935646052204
MACE,2,401,401,402,1.3902235874069697,1.3826489092186085,0.8106803532598716,0.05840447595234249,0.13658572044040884,0.21059967941276048,8.825835651112612,8.84096034972858
MACE,2,402,402,403,1.4106095654261037,1.398983660872089,0.8185880726687975,0.058464011723502664,0.13494470181022636,0.2110994749956377,8.847876026112367,8.862819469429706
MACE,2,403,403,404,1.4372982818138484,1.422166741403863,0.8298476671317706,0.058545169559175055,0.13280885598414224,0.21160367159728216,8.870333140124309,8.885040824764141
MACE,2,404,404,405,1.4675697739394786,1.4502136333195452,0.8432903246754185,0.05864654485094567,0.13035900359002967,0.21211244459643852,8.89326296858517,8.90770041278476
MACE,2,405,405,406,1.4985470626424306,1.4805722327622721,0.8574497943573957,0.05876590756455276,0.1278218220253045,0.21262557534705454,8.916676563210935,8.93083435392167
MACE,2,406,406,407,1.526033652269022,1.5094622816781993,0.8701975763826347,0.05890025782385334,0.12548274141950275,0.21314253463575017,8.940519430695737,8.954419702072892
MACE,2,407,407,408,1.5463978192503314,1.5325947339068733,0.8791782681325508,0.059045960283355826,0.12353440956305453,0.2136627536485577,8.96468034762421,8.978366494790187
MACE,2,408,408,409,1.5588359696439482,1.5482416019999878,0.8835694948446708,0.059198950515931374,0.12203899433768717,0.21418569237478785,8.989035538753853,9.002557769821436
MACE,2,409,409,410,1.5642480978914735,1.5566139741057496,0.8836838481464742,0.05935495796229672,0.12096142318618777,0.2147109429459198,9.013475283706995,9.02687986316684
MACE,2,410,410,411,1.5662066830904997,1.5599948191760928,0.8810035795023424,0.05950969705019351,0.12008460673166255,0.21523838659479072,9.037945669204461,9.051254782216468
MACE,2,411,411,412,1.5711810055894928,1.5642232945431638,0.8789752552330294,0.05965901077036593,0.119102512530097,0.2157680629988517,9.062493844296249,9.075695771193704
MACE,2,412,412,413,1.585683575374898,1.5758428100650834,0.881365332899321,0.05979893686982462,0.11771346971337421,0.2163000632112763,9.087268698979578,9.10031831510097
MACE,2,413,413,414,1.6148070594135306,1.6006609701750816,0.8914626920997819,0.059925696338955385,0.11571672220210186,0.2168343708792293,9.112498685095893,9.125328642759957
MACE,2,414,414,415,1.6616542073971765,1.6422540316671441,0.9112803953096038,0.06003564108489729,0.11297835034863578,0.2173707962999835,9.138460736349607,9.150988862004755
MACE,2,415,415,416,1.726237637607828,1.7023873088274994,0.9418361323619588,0.06012519674878895,0.10961183089351259,0.21790868743872138,9.16543199060893,9.177588663705187
MACE,2,416,416,417,1.8048030224179041,1.777790779775199,0.9814089759808196,0.06019082690170843,0.10579900125830104,0.21844713868014945,9.19363094168979,9.205366644639176
MACE,2,417,417,418,1.8921761265232577,1.8642697925578875,1.0278425243290805,0.060229060445495794,0.10185996892541885,0.2189848145917251,9.223195253824201,9.234495860147893
MACE,2,418,418,419,1.97951563212905,1.9544972210059066,1.0773189954504483,0.06023658851687868,0.09832857241688098,0.21951993903458716,9.254124457869217,9.26503487922611
MACE,2,419,419,420,2.0544465730103827,2.036842265419702,1.1236835050174097,0.060210425187477414,0.09584369078091451,0.2200505845386574,9.286224730963077,9.296860539623292
MACE,2,420,420,421,2.104141664103136,2.098766035939264,1.1602445273548694,0.06014814627905854,0.09508491059956503,0.22057568927318394,9.319101816931408,9.329653758934844
MACE,2,421,421,422,2.1159965834072585,2.1270783605454375,1.1798146564840781,0.060048180018433525,0.09664912460586374,0.22110312433796112,9.35216449879217,9.362889358318368
MACE,2,422,422,423,2.081421418024431,2.1113004468698326,1.176467548194771,0.059910099602211594,0.10086660658838455,0.22163483509334161,9.384687314422102,9.395878427800708
MACE,2,423,423,424,1.999240923717187,2.0471199343409006,1.1474066473687659,0.059734875204076256,0.10762482037408826,0.22216960072925232,9.415926404270358,9.427864676774785
MACE,2,424,424,425,1.8771263719415763,1.9389652893346934,1.0944627266055442,0.05952501688583324,0.11635350165999958,0.2227054249507978,9.445257743887936,9.458161009420639
MACE,2,425,425,426,1.7311478593988219,1.8001399277499301,1.0243613774751776,0.059284550656704814,0.12609186386424578,0.22323976544367571,9.472308376790473,9.486288195791733
MACE,2,426,426,427,1.5814471328091453,1.649872434643403,0.9473258950530623,0.0590188138259473,0.13575022589226535,0.223769955280353,9.497020043882642,9.512067452583036
MACE,2,427,427,428,1.4477330441996834,1.5085514112077751,0.874600518722968,0.0587340826823331,0.14433485454235073,0.22429359335555474,9.519642432884723,9.535638568383158
MACE,2,428,428,429,1.345849112907839,1.3938265609431042,0.8163217358056811,0.05843710407068918,0.15110696295668424,0.22480888036539612,9.540672797150762,9.557417108397894
MACE,2,429,429,430,1.285055261383998,1.3175738111967992,0.779714064584031,0.058134613671456205,0.15569701836453598,0.22531486013369695,9.560753100409158,9.578004199197844
MACE,2,430,430,431,1.2663419904095954,1.2838474702677098,0.767702962618453,0.05783291785326569,0.15816795027731603,0.22581152992966344,9.580540822845762,9.598064315920775
MACE,2,431,431,432,1.2842297752165694,1.289251859619701,0.7788685493946232,0.05753760724170256,0.15887682708166254,0.22629981742513985,9.600607875579037,9.618208876227333
MACE,2,432,432,433,1.32734254142184,1.3242599208448418,0.8079784649008914,0.05725345803091219,0.1584417093002344,0.2267821338621901,9.62134847310292,9.638900437490534
MACE,2,433,433,434,1.381084193136174,1.3750757098057527,0.8469207038698203,0.056984524431028694,0.1575936004035415,0.22726058870847798,9.64292881720663,9.660385995456249
MACE,2,434,434,435,1.4312535804159656,1.4266686001334925,0.8864612485261503,0.056734426824065806,0.15694642168057846,0.2277362389708735,9.665293252410834,9.682677692333336
MACE,2,435,435,436,1.4664695379006065,1.46634279373916,0.9184683487095566,0.05650679236759722,0.15692853150014263,0.2282123737036184,9.688208308166857,9.70558929848551
MACE,2,436,436,437,1.4813918827032588,1.486043303600265,0.937466651006222,0.056305758945709966,0.15758508844273092,0.2286908155034704,9.711357050607994,9.728808725104264
MACE,2,437,437,438,1.4781223102036372,1.4851767469301949,0.9425798751735346,0.05613645541559571,0.15858083565878106,0.22917226991613998,9.734455314972301,9.752014611775047
MACE,2,438,438,439,1.4650761021156893,1.4703605155116515,0.9375518390084239,0.05600531815713566,0.15932674070144417,0.2296563163121857,9.757350315851454,9.774988994829917
MACE,2,439,439,440,1.4534504221771043,1.4524435051117113,0.92895157857934,0.05592011858862005,0.15918461243472037,0.23014146280968903,9.780064086830187,9.797683424597288
MACE,2,440,440,441,1.4528051939555484,1.4425472710328378,0.9236289934557553,0.0558896314698649,0.15773668702427732,0.23062873374275145,9.802767889074637,9.820223225707176
MACE,2,441,441,442,1.4670657076370384,1.4473543731564102,0.9256033314325327,0.055922938316028604,0.15495439451893422,0.23111528198054573,9.82569419067314,9.842838137787746
MACE,2,442,442,443,1.4928101418279998,1.46665677323003,0.9344187590860853,0.056028432138062106,0.1512627965953579,0.23159699489967045,9.849021919708711,9.865754649869464
MACE,2,443,443,444,1.5199659441378128,1.4923095156337425,0.9445407972203712,0.05621265414133039,0.1473590388955911,0.232069717715059,9.872772623661596,9.889071986051242
MACE,2,444,444,445,1.538236623184662,1.5138943487195375,0.9491817439442725,0.05647914237394599,0.14392308036757365,0.23253941790120317,9.896807065090663,9.912726585249985
MACE,2,445,445,446,1.5389854756957846,1.5214675504758204,0.9422712531217947,0.05682747689215434,0.14145039176820118,0.2330313375381271,9.92085124052533,9.936499515726169
MACE,2,446,446,447,1.5203992887484319,1.5098894738697242,0.9212629838992525,0.05725267273574477,0.13996691132712255,0.23354678130856105,9.944603053710921,9.960091538755384
MACE,2,447,447,448,1.4889328465986003,1.4824780682582877,0.8891776787233195,0.05774506312371726,0.1390558070374788,0.23408521851664404,9.967861512398812,9.98325525857192
MACE,2,448,448,449,1.458007544330427,1.4499740372229244,0.853477115629924,0.05829068653863065,0.13792186216739447,0.2346443821111655,9.990635541607062,10.005911102903527
MACE,2,449,449,450,1.4429643219647479,1.4279751257358437,0.8240075713961224,0.05887212579882572,0.13580610849430946,0.2352203808284155,10.013173899413808,10.02822321424315
MACE,2,450,450,451,1.4541998289584241,1.4292582338471729,0.8082574521780004,0.05946966478301445,0.13228555471254824,0.23580817291254932,10.035887831103985,10.050555374147013
MACE,2,451,451,452,1.4940496085255797,1.4595282360355106,0.809159070182982,0.06006262310254437,0.12741279705894193,0.23640217865768764,10.059225027834628,10.073360502835067
MACE,2,452,452,453,1.5556804727149682,1.515517523740722,0.8245280534936368,0.06063072491293938,0.1217437201106845,0.23699688703081498,10.083526300987522,10.097040464143515
MACE,2,453,453,454,1.625062022286284,1.5854582414857274,0.8478437214350951,0.0611553558463817,0.11615357081800576,0.2375875013420907,10.108913089421634,10.12181324916673
MACE,2,454,454,455,1.6867278995837693,1.6536944179120439,0.8710304630738899,0.06162060471927333,0.11149083179488407,0.23817045781838028,10.135265014183048,10.147652224446606
MACE,2,455,455,456,1.7292664405513734,1.7066311863525776,0.887544120738593,0.06201401655185481,0.10829582243741324,0.2387436769182753,10.162283246706316,10.174318336733364
MACE,2,456,456,457,1.7485809799241172,1.7372827431541513,0.8944333307824949,0.06232700573320714,0.10670105474070753,0.23930657960126697,10.189604830737942,10.201463379595149
MACE,2,457,457,458,1.747619977319411,1.7460817562819166,0.8924245874601,0.06255492699740645,0.10648393190367246,0.23988584794317852,10.21691280208703,10.228745907037052
MACE,2,458,458,459,1.7329926697752696,1.7384976079992294,0.8845301677357634,0.06269685002132576,0.10726096444695117,0.24047959996202922,10.24399342214899,10.25590993216204
MACE,2,459,459,460,1.711675783913797,1.72160068515454,0.874306839400415,0.06275513575138833,0.10866188321100174,0.24108381859514189,10.270741934447436,10.282809942867582
MACE,2,460,460,461,1.688116275386081,1.7008413968902085,0.864321074777969,0.0627349209906265,0.11045805841290442,0.24169471463582917,10.297123055591051,10.30938558969399
MACE,2,461,461,462,1.6622865459816638,1.6774252488711157,0.8549093673404927,0.06264357693356283,0.1125949152366437,0.24230863484851828,10.323101065569773,10.335595359207602
MACE,2,462,462,463,1.634547218158821,1.6516654394481567,0.8459180951941812,0.062490195156867885,0.11501118486287984,0.2429221112271141,10.348645868675455,10.36140263169898
MACE,2,463,463,464,1.6029978186804499,1.6222546053302114,0.8363355772251301,0.06228510770676461,0.11772931707383068,0.24353184556317395,10.373697666816284,10.386750359907264
MACE,2,464,464,465,1.5656250454662863,1.5873195634155475,0.8248204677798538,0.06203938266012123,0.12079153971312385,0.24413471269980497,10.398165201054965,10.41155222808563
MACE,2,465,465,466,1.5215732740973265,1.5455904234560647,0.8103062635477862,0.06176431211623425,0.12418160621147249,0.24472781267747906,10.421943851444126,10.435702078452131
MACE,2,466,466,467,1.4703677077235744,1.4970716301993738,0.7923805118100277,0.061470875016343365,0.12795091586631585,0.2453087797379862,10.444921604886304,10.459093822673998
MACE,2,467,467,468,1.4132438639381066,1.4407928267150483,0.7701338553759354,0.06116918003113768,0.1318395045734675,0.24587537862961964,10.467005803999285,10.481606210591421
MACE,2,468,468,469,1.3576624433678242,1.3838591476052424,0.7470413456964209,0.0608679426584451,0.13553721940531152,0.24642627379422233,10.488220434987205,10.50322900977275
MACE,2,469,469,470,1.3093674492320357,1.3321627552584983,0.726130549850328,0.060574004731119124,0.1387548203839139,0.24696103269178854,10.50867932461852,10.524044052823665
MACE,2,470,470,471,1.2750666671840702,1.2921434936795724,0.7109223411033279,0.060291944293007764,0.14116524705594738,0.24749885100016245,10.528601213517952,10.544233794912408
MACE,2,471,471,472,1.2600023071719628,1.2697232317069702,0.7048404098693313,0.06002388939871184,0.14253737411844214,0.2480384447730333,10.548286860322165,10.56407322040783
MACE,2,472,472,473,1.268154107917212,1.2697711241951688,0.7108785086813734,0.059769555867975686,0.14276561905414642,0.24857748392016174,10.568099306722978,10.583913394223378
MACE,2,473,473,474,1.297733413431498,1.292772721898422,0.729677034981802,0.05952655492968365,0.14206540797065229,0.2491147248917455,10.588373725303413,10.604112968003042
MACE,2,474,474,475,1.341292343098148,1.3332306594721945,0.7585046475989986,0.05929096528022655,0.14092748593117896,0.24964634847196043,10.609328962059017,10.624944697057295
MACE,2,475,475,476,1.386647632138414,1.3804096924483538,0.7915492899794516,0.05905817413129258,0.14004698883112246,0.2501677181171823,10.63099350509411,10.6465135985018
MACE,2,476,476,477,1.419641657081642,1.420295331420385,0.82092002883757,0.058823911790801035,0.14013925621238008,0.2506768342441121,10.653174588668435,10.668705713055244
MACE,2,477,477,478,1.4275164003008447,1.4392103709324893,0.8386406100156554,0.05858537220402449,0.14178988249940808,0.2511810812202907,10.6754800152693,10.691193375101065
MACE,2,478,478,479,1.4007267494162146,1.426032540044122,0.8379010436037623,0.05834227365224479,0.14536184317386178,0.25169686866709895,10.697368317836187,10.713475133539255
MACE,2,479,479,480,1.3379264381684353,1.375793193403086,0.8152017429140029,0.0580977115908183,0.15070680799065644,0.2522239409917262,10.718276838218799,10.734971902186178
MACE,2,480,480,481,1.2440804717593763,1.291764166923553,0.7717492681256758,0.05785867732786715,0.15743745262624598,0.25276033615530374,10.737720329259126,10.755155717294357
MACE,2,481,481,482,1.1290309635718505,1.182017929287761,0.7116473884105163,0.05763610182303743,0.16491666402804803,0.2533026096045226,10.755367167696761,10.773624747439479
MACE,2,482,482,483,1.004614447925531,1.0582159723288318,0.6413701927637409,0.057444409270913446,0.1724826215622187,0.2538463518908119,10.771070542190841,10.790159372007116
MACE,2,483,483,484,0.8833070045237389,0.9322873346470181,0.5678867413121893,0.057300580982232764,0.17939628869851323,0.25438657474873144,10.784878492099637,10.804726361610976
MACE,2,484,484,485,0.7772388782718723,0.8172520492177442,0.49916904597911327,0.057222810414301245,0.18504422419202943,0.25491849306160674,10.797028556871702,10.817495924880005
MACE,2,485,485,486,0.6954873518730965,0.7231013016484341,0.4415694390189846,0.057228856113241626,0.1889419859381125,0.2554379483867723,10.807900130931358,10.828794382718261
MACE,2,486,486,487,0.6454616891180304,0.6579060687115088,0.40028128576320454,0.05733427181004874,0.19069853388318475,0.2559419007367553,10.81798845636861,10.839074165041879
MACE,2,487,487,488,0.6319370462623524,0.6276117160349278,0.3789827112609385,0.057550727740803415,0.19008800526135428,0.2564315947099318,10.82786350948517,10.848880598104925
MACE,2,488,488,489,0.6565354142696878,0.6349290840458336,0.3789909720517929,0.05788461859293927,0.18703823048791737,0.25693060753039276,10.838120761310854,10.85880136504314
MACE,2,489,489,490,0.7181828215720789,0.6800405671080596,0.3996587101312299,0.05833615045513855,0.18165437842876714,0.25745981476076474,10.849339064286312,10.869426998904204
MACE,2,490,490,491,0.8123974980941279,0.7593744510989758,0.43779405328876275,0.058899018736976755,0.17417007408549456,0.25801981870338175,10.862027400491137,10.881292224702625
MACE,2,491,491,492,0.9348003341693341,0.8688286611218533,0.4898291523038717,0.05956069448343932,0.16485804644650648,0.25860965725575435,10.876626468396822,10.894867672532653
MACE,2,492,492,493,1.0781723992579726,1.0025542070747886,0.5513869796072348,0.060303244128177724,0.1541843942092299,0.2592269618888906,10.893464275997466,10.910532582018197
MACE,2,493,493,494,1.2334494055675702,1.1520468921531977,0.617097199751456,0.06110451316685022,0.1426942739836571,0.2598682967156775,10.91272727127901,10.92853331470809
MACE,2,494,494,495,1.3906052557542021,1.307685129785931,0.6817064178026953,0.06193952908104283,0.1309899398478655,0.26052946900897983,10.934445278951266,10.948965894860995
MACE,2,495,495,496,1.5396031902259744,1.459648146924333,0.740642625238435,0.06278194072568917,0.11970413279298736,0.26120578510133213,10.958491298687534,10.971772897156688
MACE,2,496,496,497,1.6698373915810665,1.5977499102806663,0.7898623129338159,0.06360535815621163,0.10952884713953374,0.2618922488962342,10.984572583567775,10.996737739504825
MACE,2,497,497,498,1.769510915192167,1.7105469891699472,0.8252818829251013,0.06438450284978525,0.10120597637609287,0.26258389363810813,11.012212007955213,11.023465036210606
MACE,2,498,498,499,1.829410456611726,1.787689264314357,0.8437457222304148,0.06509613773109482,0.09531695040694667,0.26327601180145305,11.040788424293346,11.051397680965518
MACE,2,499,499,500,1.8424130819813775,1.8212502527813732,0.8433491778734296,0.06571977946507114,0.09232977664999509,0.26396436352086444,11.06956931393821,11.079854716165226
PBE,1,0,0,1,4.804345427932868,4.828021704880434,2.592487582523866,0.06102970382026693,0.006640897844346481,0.0006670829369236938,0.07506949191338208,0.07543783913875678
PBE,1,1,1,2,4.754272310426637,4.78821012742361,2.5707469476638787,0.06103401412486665,0.016160028585896758,0.001344760502939298,0.1493571886612699,0.1502536223797507
PBE,1,2,2,3,4.680991222207271,4.724250888986257,2.540989134749714,0.06097896805730911,0.028293820925627745,0.002028503620216893,0.2225002793920794,0.22407004252016094
PBE,1,3,3,4,4.587361691811372,4.63829181014564,2.503629777401767,0.06087079553928377,0.04257907843496502,0.0027144857350794587,0.29418065412301075,0.2965433520536866
PBE,1,4,4,5,4.477111455765898,4.5336455522851455,2.4595534985330514,0.06071704720016116,0.05843618132906519,0.003399555215845367,0.364138484542309,0.36738156380814196
PBE,1,5,5,6,4.356382809300653,4.415531308509464,2.4106034299187025,0.060526226260055396,0.07502659128929837,0.004081282349814512,0.43220995496540127,0.43637424050360235
PBE,1,6,6,7,4.2324239046395915,4.290968626466812,2.35962625457085,0.060307462791661215,0.09144764928930806,0.004758321854594197,0.4983445383004437,0.5034206252921463
PBE,1,7,7,8,4.114624797473826,4.168495586817338,2.31041887983152,0.060070231889650404,0.10655772802410549,0.005430304532989751,0.5626384528341077,0.5685533688361671
PBE,1,8,8,9,4.01122297929433,4.0571762176076,2.267260346778392,0.05982410872676454,0.11944703329499688,0.006097111316740696,0.6253166388887621,0.631946747236286
PBE,1,9,9,10,3.9301062713575745,3.9652475365672646,2.2341919383199995,0.05957854729873626,0.12930371612124839,0.006758413318562734,0.6867272810495706,0.6939037399951494
PBE,1,10,10,11,3.87622520339972,3.898865735699419,2.214287964432543,0.05934267073353163,0.13565410062118102,0.007413854740840222,0.7472959007372992,0.7548235171154528
PBE,1,11,11,12,3.8506656575503655,3.8608996792494943,2.208896203377977,0.059125061031425806,0.13852461496730295,0.008062522989570624,0.807464960530524,0.8151500746037261
PBE,1,12,12,13,3.851580698996394,3.850330898478438,2.217189938138451,0.05893354632688619,0.1381740616440782,0.008703174637711109,0.8676480401845765,0.8753114948924517
PBE,1,13,13,14,3.875402699352111,3.864186735151368,2.2371911667413507,0.058774981696641776,0.13502812477875356,0.009334163099740889,0.9282029556061389,0.9356894126291918
PBE,1,14,14,15,3.9197367575766333,3.8994627352990636,2.266857959821412,0.05865502589914884,0.1293415165701436,0.009953862489984047,0.9894500917653204,0.9966185178682397
PBE,1,15,15,16,3.982114228885586,3.954203386537831,2.304737075207787,0.058577900985994816,0.12151287640042457,0.01056102641162828,1.0516712676462703,1.0584029457828934
PBE,1,16,16,17,4.060669367342465,4.02647234687111,2.3494060826515124,0.05854614632114441,0.11192104234500093,0.011156839604924211,1.1151191749831924,1.1213165762027544
PBE,1,17,17,18,4.1501724087712795,4.112576999020808,2.398478816585137,0.05856040551008454,0.1013760028473569,0.011765666826971732,1.1799648318628897,1.1855755918124544
PBE,1,18,18,19,4.244055953892672,4.20599887975164,2.448035707016345,0.05861930972919479,0.09070147229574045,0.01238786933973768,1.2462766967473726,1.2512943243085737
PBE,1,19,19,20,4.334720355165831,4.299141840742671,2.493715293945251,0.05871951372546885,0.08072214656555578,0.013023269952647337,1.3140045437012304,1.318468415570178
PBE,1,20,20,21,4.416821930658419,4.385745802821657,2.5321730680562418,0.05885590382485417,0.07200568363437618,0.013669925380411316,1.3830147120188485,1.3869956937392665
PBE,1,21,21,22,4.487297684234819,4.462069730799135,2.561764764624402,0.059021949519707476,0.06492956005467028,0.014324876452624943,1.4531257284033927,1.4567155332830029
PBE,1,22,22,23,4.544248400178002,4.5256339908707535,2.58176665443077,0.05921015773249181,0.059708452406873266,0.014984874566197013,1.5241264727592352,1.5274285643903582
PBE,1,23,23,24,4.585624889966864,4.574448291843566,2.5918612443215228,0.05941259002179893,0.0565735572310601,0.015646536495452473,1.595773811914114,1.598904318950414
PBE,1,24,24,25,4.612314887070646,4.607875994075978,2.5925452055812466,0.059621406960218615,0.05532850358580762,0.016306629133623865,1.6678384607757835,1.670902381357851
PBE,1,25,25,26,4.626486747743108,4.627759478077316,2.5856619923359423,0.05982938126038044,0.05568548843404181,0.016962764934908538,1.7401249704107613,1.7432111232028091
PBE,1,26,26,27,4.631868149158671,4.637584837152575,2.5738351948663962,0.06003030694140025,0.05728894750235698,0.01761297016069256,1.8124960780596666,1.815673386283318
PBE,1,27,27,28,4.6303352970983,4.639897946081381,2.5589841233937918,0.06021926026557418,0.05997115024726578,0.01825630411905662,1.8848437709948485,1.8881717916908398
PBE,1,28,28,29,4.620442747820577,4.634380930019751,2.5412804027401394,0.06039271698410532,0.06388063501658135,0.018893145258735825,1.9570373910937633,1.9605839937223983
PBE,1,29,29,30,4.601394569453283,4.619556779725764,2.5201293851063036,0.06054854807108695,0.06897490652363487,0.019524571439314756,2.028933794463228,2.032764568405613
PBE,1,30,30,31,4.574300188003791,4.595727775763417,2.4957923743976873,0.060685917025789834,0.07498507533850333,0.020152166138359934,2.1004071390962054,2.1045728149019167
PBE,1,31,31,32,4.542915653970227,4.565876502814168,2.469872681891788,0.06080507028367541,0.0814253045996238,0.02078066706557964,2.171390259945838,2.1759146352583882
PBE,1,32,32,33,4.511768713503542,4.534379031591457,2.444628767949267,0.060907033688329226,0.08776721439323555,0.021411320396049534,2.2418867438318557,2.2467643076270045
PBE,1,33,33,34,4.482977398511766,4.504400679404889,2.4216049228336614,0.06099326192358798,0.09377617518622902,0.022042502237665088,2.3119332917076463,2.317145568242706
PBE,1,34,34,35,4.4566675935816535,4.476760878511771,2.4010703962790254,0.06106530070477115,0.09941208884249268,0.022677569033820122,2.3815685996169123,2.3870949569694524
PBE,1,35,35,36,4.432564738933472,4.450859391041562,2.382555403713697,0.06112451565801667,0.10454350861836181,0.023318167858439768,2.450827104439668,2.4566396349544766
PBE,1,36,36,37,4.4115774955311196,4.427202120739704,2.3662211908433317,0.06117190466978545,0.1089260194369422,0.023964561846530185,2.5197574700541736,2.5258146680910345
PBE,1,37,37,38,4.395880450407166,4.407953809999115,2.353157467291682,0.0612079762320625,0.11231244492376005,0.024616243043844386,2.5884423647539734,2.594688946372271
PBE,1,38,38,39,4.3882531017191,4.395848731653536,2.344801831512843,0.061232683847786316,0.11444292356994935,0.025272168786656408,2.6570079113525935,2.6633740828043573
PBE,1,39,39,40,4.3901810024794745,4.392946294832838,2.3422800762698213,0.06124540807330848,0.11521855328863831,0.02593100756629317,2.725603467183646,2.73201386866112
PBE,1,40,40,41,4.400916030940242,4.399459922777941,2.3457843184366816,0.06124500033992087,0.11481013326645435,0.026590868216347967,2.7943667211047796,2.8007554299545254
PBE,1,41,41,42,4.4173390821475556,4.413419673501167,2.354388478670594,0.0612298998675934,0.11371078844595928,0.027249646791680186,2.8633866476184267,2.8697151123529814
PBE,1,42,42,43,4.435899046148566,4.430817608296699,2.366109310968284,0.06119832448900151,0.11228550905125628,0.02790473912061616,2.9326967525094005,2.938946637482617
PBE,1,43,43,44,4.452387033663186,4.447761310966233,2.3790266961130646,0.06114853779422413,0.11098805202476637,0.028553189956141898,3.002264789415676,3.0084429079664643
PBE,1,44,44,45,4.466254610320162,4.462209967269123,2.3921798916193584,0.06107916356761596,0.10985358052917274,0.029192409716895903,3.0720499419203406,3.078164938705044
PBE,1,45,45,46,4.476516110904956,4.4738442820040065,2.4054731498248767,0.06098951403943106,0.10910416613314801,0.029836917404274493,3.141995978353407,3.148068755611357
PBE,1,46,46,47,4.482892665924431,4.4820425212727155,2.4185674562576214,0.06087989316246076,0.1088657112528701,0.030490517207793735,3.212042278505578,3.218100670006243
PBE,1,47,47,48,4.483447580869956,4.485158077207464,2.430460413209654,0.06075186280224748,0.10934548395808387,0.031154003869272993,3.282097917463034,3.2881812649626094
PBE,1,48,48,49,4.47544930805225,4.480960417765068,2.439690200712614,0.060608454637714006,0.11089128090465898,0.03182654661717766,3.3520292283810704,3.358196271490189
PBE,1,49,49,50,4.458948716877674,4.467820558884834,2.444958504357416,0.06045428827185009,0.113379720982937,0.03250628830400507,3.4217032734886743,3.4280059677227643
PBE,1,50,50,51,4.43391359903245,4.445774778609919,2.445719449714745,0.06029557040853918,0.11670663264484522,0.03319056229066929,3.490986547603825,3.4974711986385443
PBE,1,51,51,52,4.404042717756363,4.417434183506615,2.4427251752672094,0.060139904958186635,0.12046277032774352,0.03387562490975074,3.559803287430441,3.5664936077558353
PBE,1,52,52,53,4.372899847967539,4.386294353547332,2.4371604967606926,0.059995934060914295,0.12421976064458802,0.03455725424394689,3.6281333815395556,3.6350294570300123
PBE,1,53,53,54,4.3428741482680255,4.355424288122083,2.4299709297656045,0.05987281714498266,0.12773991699719509,0.03523137213518201,3.6959940418910264,3.70308296153192
PBE,1,54,54,55,4.31629739405879,4.326972062793739,2.4216305443480177,0.059779613183718154,0.13073402729367614,0.035894844268559184,3.7634389311733685,3.770691900013072
PBE,1,55,55,56,4.294156923483093,4.302281555508446,2.412247276353738,0.05972463438194715,0.13301288437170294,0.03654503042502561,3.830537177577753,3.8379150493178913
PBE,1,56,56,57,4.279445057412304,4.283568444985352,2.402543128132275,0.05971483779310844,0.13416944271514122,0.037179842376230815,3.897404717122299,3.9048458062707874
PBE,1,57,57,58,4.275889398283342,4.274245384590697,2.3940682998694545,0.05975530335168171,0.13370831755548268,0.03779863482959588,3.964215789892478,3.9716308904050166
PBE,1,58,58,59,4.286990978988577,4.278387257909806,2.38890428954387,0.05984883056204139,0.1312950820247485,0.038424533627248125,4.031199397786622,4.038480691309857
PBE,1,59,59,60,4.314632117945897,4.298616939814329,2.3884642164647616,0.05999568291571951,0.12680302602429303,0.03906861611025895,4.098614005329182,4.105646580994456
PBE,1,60,60,61,4.358021338406973,4.334836769211289,2.3927837036851307,0.06019350755519816,0.12030004601883412,0.039730474296642566,4.166705753164024,4.1733784055133825
PBE,1,61,61,62,4.4145621741482,4.385287969153385,2.4011317851571015,0.06043743970916593,0.11208899977724944,0.04040923506427199,4.235680242800299,4.2418985300314045
PBE,1,62,62,63,4.482132778391767,4.44785057893979,2.4127449926334847,0.06072036603527211,0.10247327408928357,0.041103582291313584,4.305709943309921,4.3113961953273385
PBE,1,63,63,64,4.558135360298651,4.520009122288581,2.426809452798593,0.06103329467838678,0.09177934394245968,0.04181145970176132,4.376926745749188,4.382021337863097
PBE,1,64,64,65,4.639102922571205,4.598692180135698,2.4423714100100207,0.06136578784494422,0.08044463904258323,0.04253037879963937,4.449408383493392,4.4538759031777175
PBE,1,65,65,66,4.722805183405048,4.681566424050336,2.459010413808316,0.06170642822353332,0.06887768581303863,0.0432577217111293,4.523197746379992,4.527025378553504
PBE,1,66,66,67,4.8070445428436175,4.766287221142041,2.4763987351632077,0.062043289525303046,0.05744576978887786,0.04399036267368651,4.598303389343528,4.601498616383848
PBE,1,67,67,68,4.88590934846126,4.848685162911072,2.4933355042342242,0.06236438296845053,0.04700485400954035,0.04472518486674053,4.674641498809251,4.677259322054335
PBE,1,68,68,69,4.950948480205049,4.9208703431413126,2.5067885302462765,0.06265808383838291,0.038568314935812614,0.04545878462031234,4.751996208028686,4.7541479211659174
PBE,1,69,69,70,4.992873205192644,4.973301034321924,2.5129643431077078,0.06291355245621548,0.03307856721777418,0.04618780936107692,4.830006502857032,4.831855749827197
PBE,1,70,70,71,5.006529208854906,4.998787291029424,2.5092553154698036,0.06312114960332807,0.030907056658397866,0.046909189004594246,4.908230815999559,4.909961801249532
PBE,1,71,71,72,4.993127411216204,4.996231835825374,2.4959647076137035,0.06327280222298068,0.03177780870867326,0.04761991201781289,4.986246477074019,4.988027923684303
PBE,1,72,72,73,4.957332053677386,4.969655677560448,2.4756822746003313,0.06336226508231836,0.03523443018090925,0.04831735154940924,5.063703664404784,5.065678793646185
PBE,1,73,73,74,4.902980037551829,4.923518047417424,2.45091880968308,0.06338526385371149,0.04099508358708718,0.048999379020149156,5.140312474054554,5.142608763137083
PBE,1,74,74,75,4.832093061772361,4.860039777662817,2.4228126598100217,0.06333955277407313,0.04883378583425711,0.04968708928598101,5.215814552570919,5.2185468846630645
PBE,1,75,75,76,4.745448752201417,4.780164311156143,2.391641254817369,0.06322493510917443,0.058571063411229606,0.05038796786132761,5.289963657901353,5.293236952024879
PBE,1,76,76,77,4.647313784602646,4.686662774825421,2.358394728516986,0.06304325130672202,0.06960796017191341,0.051099514330988825,5.362580171777154,5.366466057881526
PBE,1,77,77,78,4.5430616932816585,4.58474254044663,2.325140127996269,0.06279830306714325,0.0812989134709228,0.0518188519525526,5.433568401144839,5.438102660076004
PBE,1,78,78,79,4.437986027959357,4.48002264111946,2.2940884841585127,0.06249568315951398,0.09308965465615235,0.05254245621706239,5.502915327724622,5.508103013843496
PBE,1,79,79,80,4.335520329832199,4.3763021963409585,2.2665201044672814,0.06214252015069496,0.10452845518996277,0.05326635660407994,5.570661558067513,5.576482735661323
PBE,2,0,0,1,4.3561311935172675,4.395698217250035,2.371286773172879,0.06088872677341111,0.011316035957480118,0.0006641596200571951,0.06806567898820504,0.0686827846445318
PBE,2,1,1,2,4.270238403604503,4.309619121430564,2.333492443453829,0.06077587821532473,0.022578789051088073,0.0013329847874061058,0.13478959658641543,0.13602058341688433
PBE,2,2,2,3,4.188479210498029,4.224269131371981,2.2984938487050677,0.06062742384126745,0.032814586271024314,0.002004394769154509,0.20023624392706552,0.20202478859457157
PBE,2,3,3,4,4.115624556326759,4.146413088557411,2.2695114846633775,0.06044843879545295,0.04162000312909256,0.0026758507680902164,0.2645446611495572,0.26681249310328115
PBE,2,4,4,5,4.050756281538207,4.0781240027058585,2.247273711103316,0.06024447522699714,0.04944707950711608,0.003345119920707664,0.3278395529378031,0.3305331806455602
PBE,2,5,5,6,3.997554573224978,4.019061249973673,2.2312278269150436,0.06002129362476472,0.05559791685737607,0.00401078064359056,0.39030314587762405,0.3933310126763988
PBE,2,6,6,7,3.9542374399605276,3.969707630099104,2.2213065815849085,0.05978469351163775,0.060022339302176056,0.0046714141951624145,0.4520898440887322,0.4553576943966973
PBE,2,7,7,8,3.9229056416026102,3.932245908400819,2.218442470174315,0.059540331321315865,0.06269362425033997,0.005326215739765949,0.5133869011615388,0.51679903671546
PBE,2,8,8,9,3.9037812740875983,3.907111286734528,2.2226436728987897,0.05929362014048446,0.06364599668820704,0.0059751452171063,0.5743850633734837,0.5778476505706871
PBE,2,9,9,10,3.896417661528583,3.8946982939074553,2.233927312083285,0.05904965832977527,0.0631542633206377,0.006618422795371472,0.6352681139105698,0.638702311412991
PBE,2,10,10,11,3.898174405634043,3.8929253834376056,2.250899318751359,0.0588132261288992,0.06165306059390081,0.007256549249068086,0.6961785885550853,0.6995292705292037
PBE,2,11,11,12,3.90619512439524,3.8988452280940464,2.2716224512103094,0.058588842681750686,0.059551014926028684,0.007889926204735252,0.7572143932748077,0.7604487272181732
PBE,2,12,12,13,3.9175994575668853,3.9094951275323795,2.2940853684739255,0.058380868091803824,0.05723320374313179,0.00851947005014126,0.8184284201888659,0.8215345885858666
PBE,2,13,13,14,3.9303300431079506,3.9224298828108277,2.3165117792361145,0.05819361491123308,0.05497378441971014,0.009146087043096957,0.8798413986141895,0.8828225555047858
PBE,2,14,14,15,3.9426711156380843,3.9359042553563435,2.3374801132104137,0.058031433423620576,0.053038485096096655,0.009770314255006848,0.9414472247044614,0.9443210594947288
PBE,2,15,15,16,3.95232805608247,3.9477843595420232,2.3552938488197035,0.05789874630584533,0.05173900313913068,0.010391938760273748,1.0032039178895502,1.0060051901125728
PBE,2,16,16,17,3.9581811747961706,3.956206202611478,2.3683885638838618,0.057800018830260376,0.051174167724469664,0.011010109921437007,1.065051972659603,1.067820912028377
PBE,2,17,17,18,3.9590300723838756,3.9599964354514983,2.375616170290294,0.05773966488493877,0.05145054431764118,0.011623343499989617,1.1269131010749334,1.1296958563323067
PBE,2,18,18,19,3.9565801747166764,3.959682466241365,2.3768925181633236,0.05772187184857051,0.052337789279027776,0.012230290285817133,1.1887356432680463,1.1915658948673282
PBE,2,19,19,20,3.953275428323142,3.9575348735008955,2.3732613220791237,0.057750346241173804,0.05355597630052107,0.012829609825550618,1.2505061165484221,1.2534023772657796
PBE,2,20,20,21,3.9510491130497987,3.9557500453840437,2.3658252091946714,0.0578279891859445,0.054900427166658515,0.013419838002358886,1.3122412509574133,1.3152109717249052
PBE,2,21,21,22,3.950826011692426,3.955258463950476,2.3550486770524386,0.05795654504923877,0.05616809363231612,0.014023425733036428,1.3739722443233404,1.3770118852241315
PBE,2,22,22,23,3.9530382618517477,3.9569010692598803,2.3414808351059966,0.05813628686769822,0.05727284358324689,0.014642769660042994,1.435737078281818,1.438838464431317
PBE,2,23,23,24,3.960462182031596,3.9623960978074626,2.3263305117578126,0.058365771833729124,0.05782593700281388,0.01527948941108173,1.497617157951936,1.5007509034595585
PBE,2,24,24,25,3.9770123851049775,3.975403467731223,2.312055338223698,0.058641691873878764,0.05736579203520183,0.01593450803925896,1.5597551036989898,1.562866582642859
PBE,2,25,25,26,4.0061190227667565,3.99978196099553,2.301275388880911,0.05895883046661862,0.05555341364272283,0.016607504745213976,1.6223471827743197,1.625363175783414
PBE,2,26,26,27,4.050322263182429,4.038284738148302,2.2959848504526112,0.05931014114885529,0.052110721894026865,0.017297590737404243,1.6856293999580885,1.688461374816981
PBE,2,27,27,28,4.111978453722912,4.0934819277808225,2.2980736050401562,0.05968696129499204,0.046820777569106194,0.01800252834731748,1.7498746153705724,1.7524220299385564
PBE,2,28,28,29,4.189832853419867,4.165652140090521,2.3081426605380218,0.060079342914160484,0.03990517473376361,0.018718944902390115,1.8153361061195028,1.8175103446274707
PBE,2,29,29,30,4.2812353411763695,4.2524187210484286,2.3253764251163362,0.06047646197747572,0.03166371811718272,0.019443292196247255,1.8822257493411598,1.8839543871438522
PBE,2,30,30,31,4.3815194209097,4.34973673075279,2.3481609295817196,0.060867092233837385,0.022573975429683157,0.020171932529430964,1.9506824999098171,1.9519190235618646
PBE,2,31,31,32,4.487464764962545,4.454159536416144,2.375331370424838,0.061240084287636894,0.013048791874088953,0.020901417568785698,2.020794978534468,2.021515266318367
PBE,2,32,32,33,4.595681404908905,4.5624495556910185,2.4059181401016843,0.06158481092125267,0.0035445945601085835,0.0216284411718176,2.0925988118278838,2.092803540626039
PBE,2,33,33,34,4.702633502977785,4.6711428237450505,2.4388807656156626,0.06189153966705655,-0.005461633983384232,0.0223503042340233,2.1660743542497585,2.1657901472470558
PBE,2,34,34,35,4.80290850729511,4.775479799804555,2.472523635787925,0.06215173805556208,-0.01330615224502145,0.023064439278459477,2.241117365883838,2.2404070191190018
PBE,2,35,35,36,4.891453726677264,4.870184825921652,2.5048781506637416,0.062358321558531146,-0.019388986459495456,0.02376857301230506,2.3175446403911337,2.3165036570240276
PBE,2,36,36,37,4.964338797504147,4.950606660892339,2.534235093792802,0.062505863385085,-0.02331633143044295,0.02446037227518852,2.3951115421141367,2.3938568861004708
PBE,2,37,37,38,5.019415475151971,5.0138132420253765,2.559633016967579,0.062590759657573,-0.024918551297443775,0.025137788547465914,2.4735398475286274,2.472197718007117
PBE,2,38,38,39,5.055534027450935,5.057990910337265,2.580488876916508,0.06261134371979239,-0.024215891039931933,0.025828153057803574,2.5525333442146803,2.551228825981137
PBE,2,39,39,40,5.072377239163324,5.082475923662917,2.5965792250818507,0.06256794250789156,-0.02132770117524906,0.026532159754380506,2.631790824921154,2.63064251228837
PBE,2,40,40,41,5.071163954285484,5.087626431390993,2.6079621209365045,0.06246287440953852,-0.016619487989103725,0.0272477390056409,2.7110300821959754,2.710136675278854
PBE,2,41,41,42,5.055858045649755,5.076540536844078,2.615872375126671,0.06230037363725749,-0.010704364940528191,0.02797194973027587,2.7900307925392553,2.789457621167043
PBE,2,42,42,43,5.032992479531862,5.055065783201623,2.6227906338490174,0.062086416154313956,-0.00439147419306139,0.02870071724746226,2.8686746634321025,2.868443024029568
PBE,2,43,43,44,5.008342092452078,5.02974487578023,2.6314773998785563,0.06182842079647521,0.001729649987702992,0.029429419673744503,2.946933601378987,2.9470327877136344
PBE,2,44,44,45,4.985154766159294,5.005015266847243,2.643584639580545,0.06153484219970279,0.007409686510952393,0.03015351823604743,3.024830254958033,3.0252361512581225
PBE,2,45,45,46,4.961177490436052,4.98076707941108,2.6583653821127946,0.061214707386207864,0.013012243193781482,0.030868896971983268,3.1023520922417447,3.103060636873921
PBE,2,46,46,47,4.93314029384845,4.953745942866505,2.673343767670774,0.06087717044352074,0.018905389637910327,0.03157268435248557,3.1794355420515785,3.18046291723121
PBE,2,47,47,48,4.896729646036475,4.919809322482367,2.685470260586383,0.060531154852672346,0.02550609962086597,0.032263557792288955,3.2559497091142475,3.257334937894997
PBE,2,48,48,49,4.8481127780324105,4.875064749213591,2.691734404741811,0.060185114235991634,0.0332142728984691,0.03294168093856961,3.331703893195481,3.3335078246014596
PBE,2,49,49,50,4.786891175629236,4.817502643560311,2.6900976239467136,0.05984694118046507,0.04196904996127913,0.03360881252423953,3.4065012378050596,3.4087813034070895
PBE,2,50,50,51,4.71413081039942,4.747662939219857,2.6799415312614316,0.059524023243766745,0.05155912623352274,0.03426798104621914,3.480161584434427,3.4829635368323997
PBE,2,51,51,52,4.633950560935915,4.66867978228001,2.662179135729145,0.059223409176482146,0.06149156694878439,0.03492247196568966,3.552569137127648,3.555911658430525
PBE,2,52,52,53,4.551212602199744,4.585378465566695,2.638807597502116,0.058952025104450086,0.07126288917382675,0.03557429772805222,3.623684027161289,3.6275581969550044
PBE,2,53,53,54,4.470515087535885,4.502377016309643,2.611837947672983,0.05871685874234411,0.08037529383973353,0.03622462558485228,3.693538152219844,3.6979078378348427
PBE,2,54,54,55,4.39504671271392,4.423455709084113,2.582904564059233,0.058525031964017066,0.08850017143002854,0.03687297665698463,3.7622131318357788,3.767024333289282
PBE,2,55,55,56,4.327356040142341,4.351369415694399,2.5531291188066843,0.05838369615913306,0.09536791622283498,0.037516762450306745,3.8298303062447303,3.8350144804095065
PBE,2,56,56,57,4.269487606843701,4.288381724800703,2.523426543854702,0.05829970840564232,0.100771570529268,0.03815226297356705,3.8965428874462305,3.9020204448595175
PBE,2,57,57,58,4.222602135390591,4.236077034517288,2.494412351984147,0.05827909488778098,0.10462534644304321,0.038775012605773006,3.962522190022355,3.968209148523851
PBE,2,58,58,59,4.186990128880269,4.195073200222514,2.4662648902881847,0.05832636473149212,0.10693707771132067,0.039381369568671415,4.027944087965807,4.033757167277328
PBE,2,59,59,60,4.162087409400946,4.164964294598217,2.43873464205238,0.058443789172726114,0.10775985721977564,0.04000527802747984,4.09297570979561,4.098834734380424
PBE,2,60,60,61,4.146748384340933,4.144820823194719,2.4114838473808646,0.058630783761877775,0.10720858120295618,0.04065622373284512,4.157766393404927,4.1635975597428425
PBE,2,61,61,62,4.140382572627299,4.13370888614388,2.3844182944792944,0.05888351397968999,0.10529992927286978,0.04133463012044443,4.22245637537344,4.228186761088841
PBE,2,62,62,63,4.142690169969896,4.131321939170042,2.358043461757619,0.059194807798043265,0.10204865342829471,0.04203887132338569,4.287181329686973,4.292738666388372
PBE,2,63,63,64,4.1539779201107585,4.137811808713582,2.3333138667353506,0.05955439048264506,0.09742519983980599,0.04276539050580525,4.35208182398128,4.357391975899522
PBE,2,64,64,65,4.175927406087587,4.154216775254698,2.3117952664917714,0.059949406829348524,0.09121603230615856,0.043508910460246256,4.417324766450292,4.422301613012877
PBE,2,65,65,66,4.209217411898343,4.182180424468876,2.295409553114898,0.060365150521745674,0.08348354466695262,0.04426329834821378,4.4830876993273705,4.487648182145203
PBE,2,66,66,67,4.2549678810144345,4.222569009525231,2.2856050031928925,0.06078589097605483,0.07421757618699393,0.04502221918944658,4.549565658521715,4.5536258229190345
PBE,2,67,67,68,4.312269398223366,4.275558284762685,2.2833936838836237,0.06119571532807814,0.06371832097978017,0.045779603305483405,4.616939435209133,4.620431421118451
PBE,2,68,68,69,4.378060261223905,4.3389427286906095,2.2884660699482993,0.06157929575696036,0.05253083799636632,0.046530147493910816,4.685341927370246,4.688227401254242
PBE,2,69,69,70,4.446593520697701,4.407982031970366,2.2991755935061002,0.06192255039845825,0.04148808184262244,0.04726930772801884,4.754816175591259,4.757102120503779
PBE,2,70,70,71,4.511789176778644,4.476601485600269,2.3132025130789473,0.06221317809026414,0.03142452029388131,0.04799360206190381,4.8253101522277575,4.8270490187162824
PBE,2,71,71,72,4.566358666162042,4.537603551996928,2.327641418812555,0.06244105526581006,0.0232006541761879,0.04870048358621003,4.896657883023181,4.8979490742162355
PBE,2,72,72,73,4.604262344843088,4.584355480868579,2.3398090483445637,0.06259850090914107,0.017507357908628417,0.04938866864401285,4.968598964637749,4.969579628604807
PBE,2,73,73,74,4.621492351632994,4.611834522411648,2.3476854423437428,0.06268042064333014,0.014745251173533137,0.05007736893438962,5.0408103186327935,5.041639543017489
PBE,2,74,74,75,4.617342610881694,4.618118333467799,2.3505906448789338,0.06268433524744717,0.014967105228988085,0.05078236086658754,5.112957789606298,5.113797641977924
PBE,2,75,75,76,4.593707141526959,4.604027297262934,2.348963849136945,0.0626102987830879,0.01791863512377699,0.051499933099764104,5.1847367832351665,5.185735568497657
PBE,2,76,76,77,4.552974889481458,4.571945918954209,2.3437816715775663,0.062460716704284394,0.02334428586551504,0.05222638276756895,5.255880008235181,5.257172223481317
PBE,2,77,77,78,4.4971165035006875,4.52400784041556,2.3356774044026696,0.062240094390965596,0.031035117946508955,0.05295769108531933,5.326150952782882,5.32785984598781
PBE,2,78,78,79,4.428602506035605,4.462104463202614,2.324987088994281,0.061954747564324585,0.040616565227161304,0.0536900132285947,5.395351705033136,5.397580228225351
PBE,2,79,79,80,4.351336945128865,4.389503363947467,2.3126382531570755,0.0616125010307423,0.05153203288114808,0.054419485203721626,5.463345363750705,5.46616621828703
