configuration,tau_fs,segment,start_fs,end_fs,W_eV,W_pred_eV,D_eV,kappa_eV_A2,speed_A_fs,eta_eV,W_cumulative_meV_atom,predicted_cumulative_meV_atom
1,0.25,0,0.0,0.25,0.00010685076474045273,0.00010724263579172768,1.4169265459725022e-08,0.9964367586028753,0.05868591209118389,2.3040726778412905e-07,0.001669543199069574,0.001675666184245745
1,0.25,1,0.25,0.5,0.00010596917064219268,0.00010638392933572627,1.6758379364333748e-08,0.9884330312796439,0.058686657863058454,2.3298424109258352e-07,0.0033253114903538344,0.003337915080116468
1,0.25,2,0.5,0.75,0.00010505681388308231,0.00010548928044547192,1.919442192276251e-08,0.9801893910718283,0.05868460088733475,2.3538749753181402e-07,0.004966824207276996,0.004986185087076967
1,0.25,3,0.75,1.0,0.00010411940145214644,0.00010456740602057894,2.1471402894372715e-08,0.9717828974135087,0.05867978726895293,2.376115237807723e-07,0.006593689854966784,0.006620050806148513
1,0.25,4,1.0,1.25,0.0001031627168528881,0.00010362356130322071,2.3584546494687282e-08,0.963258208798977,0.058672269403286105,2.3965205268590487e-07,0.00820560730579316,0.008239168951511337
1,0.25,5,1.25,1.5,0.00010218752905983533,0.0001026606091704636,2.5532385142549782e-08,0.9546375675821346,0.05866210556804995,2.415080245898841e-07,0.009802287447353087,0.00984324096979983
1,0.25,6,1.5,1.75,0.00010119796381553988,0.00010168275513736963,2.730431385026058e-08,0.9459555639971056,0.05864935951105558,2.431694832343987e-07,0.011383505631970898,0.011432034018821232
1,0.25,7,1.75,2.0,0.00010020268074369023,0.00010069551060426125,2.8901956648373812e-08,0.9372588685747745,0.05863410010315565,2.446387382598827e-07,0.012949172518591057,0.013005401372012813
1,0.25,8,2.0,2.25,9.920656826298735e-05,9.970531238156852e-05,3.033437547916677e-08,0.9286027793722424,0.058616400894428516,2.4592548567490877e-07,0.014499275147700235,0.014563296877974821
1,0.25,9,2.25,2.5,9.821327455618442e-05,9.871641679428059e-05,3.159869919758598e-08,0.9200223669169817,0.05859633966081232,2.470275127098988e-07,0.016033857562640617,0.016105740890385457
1,0.25,10,2.5,2.75,9.722603163277399e-05,9.773200133608076e-05,3.269873614697482e-08,0.911542735855041,0.058573997999348495,2.479492924865643e-07,0.01755301430690271,0.017632803411261715
1,0.25,11,2.75,3.0,9.624664632046479e-05,9.675491627650063e-05,3.363779199513873e-08,0.9031860435982814,0.058549460932532015,2.486948228753316e-07,0.019056868155659972,0.019144598978082038
1,0.25,12,3.0,3.25,9.527936920781035e-05,9.578815377456113e-05,3.442156950791975e-08,0.8949759037087104,0.058522816527963005,2.492705253599809e-07,0.02054560829953201,0.020641288880809554
1,0.25,13,3.25,3.5,9.432683534030392e-05,9.483493818075844e-05,3.505407661233764e-08,0.8869382663103131,0.058494155536229324,2.4968113316257715e-07,0.02201946510172426,0.022123084789883903
1,0.25,14,3.5,3.75,9.339180952828958e-05,9.389792342387275e-05,3.5544349894216665e-08,0.8790939439928666,0.058463571011360786,2.499364222248003e-07,0.023478712125603783,0.023590239843381912
1,0.25,15,3.75,4.0,9.247578316567669e-05,9.297904050729463e-05,3.590330660855831e-08,0.8714571799992362,0.05843115796081726,2.5004803361007056e-07,0.024923646237567484,0.02504303735130839
1,0.25,16,4.0,4.25,9.157916747590749e-05,9.207770915493361e-05,3.6133433268311244e-08,0.8640188486379728,0.05839701301106478,2.50019202561063e-07,0.026354570729378538,0.026481751556854227
1,0.25,17,4.25,4.5,9.069506105801624e-05,9.119326706996828e-05,3.6248992868177874e-08,0.8567691482371442,0.05836123410766925,2.498649336610719e-07,0.027771681058410044,0.02790664635482248
1,0.25,18,4.5,4.75,8.983304031691421e-05,9.032725171460468e-05,3.626147541933053e-08,0.8497190601998422,0.05832392024743607,2.4959748252392597e-07,0.029175322313361826,0.02931800966286318
1,0.25,19,4.75,5.0,8.899543987079476e-05,8.948382771222505e-05,3.617846027544492e-08,0.842904509226253,0.05828517128215518,2.492251784921584e-07,0.030565876061342992,0.0307161944708667
1,0.25,20,5.0,5.25,8.818324317075632e-05,8.866493472432815e-05,3.601054651358412e-08,0.8363407765987232,0.05824508757955771,2.487593638843183e-07,0.03194373923588606,0.03210158407593433
1,0.25,21,5.25,5.5,8.739554311976817e-05,8.787062633846133e-05,3.576880835298073e-08,0.8300255704533057,0.05820376978586908,2.482118261631472e-07,0.03330929459713244,0.03347456261247279
1,0.25,22,5.5,5.75,8.663282952168212e-05,8.71006995636862e-05,3.546300499939381e-08,0.8239543162119739,0.05816131861862376,2.475930162031805e-07,0.034662932558408716,0.03483551104315539
1,0.25,23,5.75,6.0,8.589333904529347e-05,8.635349319277935e-05,3.510059931792031e-08,0.8181087505809941,0.05811783470267813,2.469111100080445e-07,0.03600501598099143,0.03618478437429257
1,0.25,24,6.0,6.25,8.517533128933244e-05,8.563001567754809e-05,3.469771052785507e-08,0.8124959785344336,0.05807341840397266,2.4618299078744634e-07,0.037335880532387254,0.03752275336925425
1,0.25,25,6.25,6.5,8.448726146039758e-05,8.49325402760092e-05,3.426012393776385e-08,0.8071353098211403,0.05802816972135065,2.4541521748321477e-07,0.038655993992705966,0.03884982431106689
1,0.25,26,6.5,6.75,8.382953256643369e-05,8.426469863435702e-05,3.380114836168554e-08,0.8020592437542732,0.05798218815305633,2.44621802078692e-07,0.03996583043905649,0.04016646022722872
1,0.25,27,6.75,7.0,8.320290495258508e-05,8.362715855406425e-05,3.332872719919323e-08,0.7972723690504533,0.057935572517848595,2.438113824350974e-07,0.04126587582894063,0.04147313457963598
1,0.25,28,7.0,7.25,8.260580517391894e-05,8.301912084506591e-05,3.284829654923204e-08,0.792765428681749,0.05788842087017945,2.429900666485369e-07,0.04255659153478312,0.04277030834284013
1,0.25,29,7.25,7.5,8.203720538508798e-05,8.244051089937848e-05,3.236962991002906e-08,0.7885361601392153,0.0578408304309265,2.421683066296196e-07,0.043838422868925114,0.04405844132564292
1,0.25,30,7.5,7.75,8.150039488457e-05,8.189174627467191e-05,3.190055759599766e-08,0.7845871157555012,0.05779289756480305,2.4135460172216657e-07,0.04511186653899652,0.04533799986118467
1,0.25,31,7.75,8.0,8.099393465207217e-05,8.137341687296466e-05,3.144448294133866e-08,0.7809226242681722,0.05774471774270989,2.4055298459249e-07,0.04637739676793514,0.046609459499824736
1,0.25,32,8.0,8.25,8.051767295085395e-05,8.08853179862849e-05,3.1009462063619816e-08,0.777539501812921,0.05769638549419998,2.397721597018012e-07,0.047635485407792236,0.04787329259336044
1,0.25,33,8.25,8.5,8.007198889211384e-05,8.042725408704941e-05,3.059066481494923e-08,0.7744347181411629,0.057647994420497096,2.3900792879467474e-07,0.04888661023423151,0.04912996843847059
1,0.25,34,8.5,8.75,7.965608757249217e-05,7.999823993251785e-05,3.020373700760937e-08,0.7715976825352306,0.05759963719006117,2.3827655029434699e-07,0.050131236602551706,0.05037994093741618
1,0.25,35,8.75,9.0,7.926568950536418e-05,7.959706483427019e-05,2.9847709276712396e-08,0.7690156222614705,0.05755140554186541,2.3757763773484144e-07,0.051369763001073016,0.05162364507545165
1,0.25,36,9.0,9.25,7.890436949861609e-05,7.922295776036598e-05,2.9523275408541074e-08,0.7666799911908423,0.0575033903226785,2.369125442813074e-07,0.052602643774488894,0.05286150379045737
1,0.25,37,9.25,9.5,7.856855972586743e-05,7.887535078830249e-05,2.922930154511394e-08,0.7645842026036355,0.05745568155119681,2.3628073120020558e-07,0.05383027752020557,0.054093931146524596
1,0.25,38,9.5,9.75,7.82574731277364e-05,7.85523341418566e-05,2.8966403269265265e-08,0.7627086374597991,0.057408368405017396,2.3568338592219733e-07,0.05505305053782645,0.055321311367491105
1,0.25,39,9.75,10.0,7.796822949365415e-05,7.82524279407413e-05,2.87287610682631e-08,0.7610377600238065,0.05736153929203537,2.351152516406952e-07,0.056271304123664795,0.05654400555406519
1,0.25,40,10.0,10.25,7.77002807689402e-05,7.797313927550386e-05,2.8518358878397432e-08,0.7595460905215436,0.05731528188228734,2.3457882999723753e-07,0.057485371010679485,0.057762335855244935
1,0.25,41,10.25,10.5,7.744979300228791e-05,7.771350439079301e-05,2.8329227624661855e-08,0.7582229245955598,0.057269683147393655,2.3406870889925618e-07,0.05869552402634023,0.05897660936135108
1,0.25,42,10.5,10.75,7.721914315282326e-05,7.747234331819059e-05,2.815912993362965e-08,0.7570553927276957,0.05722482940081138,2.3358325968408583e-07,0.05990207313810309,0.06018711472569781
1,0.25,43,10.75,11.0,7.700629944068743e-05,7.724921907908605e-05,2.800253045870567e-08,0.756037827994227,0.05718080632243834,2.3311749723350934e-07,0.06110529656686383,0.06139413377380852
1,0.25,44,11.0,11.25,7.68080417485426e-05,7.7041717338697e-05,2.785110591175914e-08,0.7551451554818471,0.057137698940022706,2.326636261910713e-07,0.06230542221918481,0.06259791060722567
1,0.25,45,11.25,11.5,7.662232941805472e-05,7.684740051940107e-05,2.770085507405439e-08,0.7543519278163939,0.05709559163924205,2.3221819025155277e-07,0.0635026461163419,0.0637986512403413
1,0.25,46,11.5,11.75,7.64453962010306e-05,7.666148715054364e-05,2.7536408453128838e-08,0.7536095143454653,0.05705456817230904,2.317663171660864e-07,0.06469710543198301,0.06499648697706854
1,0.25,47,11.75,12.0,7.626649858092195e-05,7.647815095107622e-05,2.735546502817196e-08,0.7528587345118873,0.057014711632796686,2.3130615157724116e-07,0.06588876947230993,0.06619145808567911
1,0.25,48,12.0,12.25,7.608499097421124e-05,7.6294832096944e-05,2.7164915662389322e-08,0.7520723029047447,0.056976104452376254,2.308451706275288e-07,0.06707759745628197,0.06738356483719385
1,0.25,49,12.25,12.5,7.590922597481555e-05,7.611319850559202e-05,2.6948848006001086e-08,0.7512645515887251,0.056938828436132266,2.3036810387897908e-07,0.06826367911213847,0.06857283356384374
1,0.25,50,12.5,12.75,7.573803148137154e-05,7.59358886530157e-05,2.669675829740977e-08,0.7504595183893903,0.05690296466240433,2.2986500253045429e-07,0.06944708585403492,0.0697593318240471
1,0.25,51,12.75,13.0,7.557036893529145e-05,7.576247109919912e-05,2.6399413049051426e-08,0.7496510233924516,0.05686859330540896,2.2932719192950596e-07,0.07062787286864884,0.07094312043497208
1,0.25,52,13.0,13.25,7.540564031872693e-05,7.559205488401671e-05,2.6047729961343503e-08,0.74882834291914,0.05683579352082696,2.2874616298525812e-07,0.07180608599862895,0.07212424629253485
1,0.25,53,13.25,13.5,7.524300417623207e-05,7.542405133927237e-05,2.563832295012121e-08,0.7479837459069827,0.05680464330831413,2.2811907969884406e-07,0.07298175793888258,0.07330274709471098
1,0.25,54,13.5,13.75,7.508189468442773e-05,7.5257081369878e-05,2.5155663538984838e-08,0.7471016716726717,0.0567752193522015,2.2743093395509833e-07,0.07415491254332676,0.07447863899111533
1,0.25,55,13.75,14.0,7.491911695850853e-05,7.509022418350814e-05,2.4586664867237706e-08,0.7461711094045893,0.05674759684783007,2.2666915628405632e-07,0.07532552374580345,0.07565192374398265
1,0.25,56,14.0,14.25,7.475730418601357e-05,7.492378471310484e-05,2.3951156757125863e-08,0.7451932667892825,0.05672184930391359,2.2585421497311297e-07,0.07649360662370991,0.0768226078801249
1,0.25,57,14.25,14.5,7.459880643759264e-05,7.475915280700742e-05,2.322845857305987e-08,0.7441802324903145,0.05669804834025074,2.2496598600931152e-07,0.07765921297429729,0.0779907196427344
1,0.25,58,14.5,14.75,7.444331531948406e-05,7.459820120312609e-05,2.2413105804034578e-08,0.7431490263540768,0.05667626343930128,2.2399952311015553e-07,0.07882238977616424,0.07915631653653322
1,0.25,59,14.75,15.0,7.429487836195362e-05,7.444274853579261e-05,2.1500530593540276e-08,0.742116261233213,0.05665656168408196,2.2295078627908766e-07,0.07998324725056975,0.08031948448240499
1,0.25,60,15.0,15.25,7.415475097233542e-05,7.429466500085034e-05,2.048426611406945e-08,0.7410991892787582,0.05663900749621039,2.21813791848969e-07,0.0811419152345125,0.08148033862304327
1,0.25,61,15.25,15.5,7.402316572246255e-05,7.415534866888742e-05,1.936431538078834e-08,0.7401104713370601,0.05662366232391962,2.205889996222077e-07,0.08229852719892597,0.08263901594599464
1,0.25,62,15.5,15.75,7.390272124533433e-05,7.402661753858941e-05,1.81376624489981e-08,0.7391670659964502,0.05661058435754315,2.192738450620775e-07,0.08345325721838431,0.0837956818450351
1,0.25,63,15.75,16.0,7.379740070818973e-05,7.391153833820038e-05,1.680327114906774e-08,0.7382985121574942,0.05659982824122795,2.1786774021863888e-07,0.08460634160444978,0.08495054963156948
1,0.25,64,16.0,16.25,7.370998346364834e-05,7.381320988136975e-05,1.5360209910204523e-08,0.7375347832110155,0.0565914447601907,2.1637014085375167e-07,0.08575806009606929,0.08610388103596589
1,0.25,65,16.25,16.5,7.364211583629331e-05,7.37333541685629e-05,1.3808722364345993e-08,0.7368921882194197,0.056585480512072614,2.1478162640179457e-07,0.08690871815601137,0.08725596469484968
1,0.25,66,16.5,16.75,7.359397423819906e-05,7.367421938501477e-05,1.2151524260775592e-08,0.7363923640671428,0.05658197759568751,2.1310520540927552e-07,0.08805862400348323,0.08840712437274054
1,0.25,67,16.75,17.0,7.357173627910553e-05,7.363854325245528e-05,1.039030204539812e-08,0.736061900537078,0.05658097332601543,2.1134285001272275e-07,0.08920818238284425,0.08955772661106015
1,0.25,68,17.0,17.25,7.35771398423749e-05,7.363006755473074e-05,8.52855805834156e-09,0.7359374672658386,0.056582499950278045,2.0949826536900733e-07,0.09035782519288135,0.09070819641660281
1,0.25,69,17.25,17.5,7.361444615189413e-05,7.365204067985992e-05,6.573036613697486e-09,0.736050823437685,0.05658658432713455,2.075783849927858e-07,0.0915080509140047,0.09185900955222563
1,0.25,70,17.5,17.75,7.368609500764942e-05,7.370732198280623e-05,4.5278432476893865e-09,0.7364298376179648,0.05659324766460555,2.0558744797612588e-07,0.09265939614849922,0.09301068645820697
1,0.25,71,17.75,18.0,7.379409490624114e-05,7.379844086012912e-05,2.398104406026169e-09,0.737099060533907,0.056602505243310286,2.0353066026698328e-07,0.09381242888140923,0.09416378709664648
1,0.25,72,18.0,18.25,7.394069279033876e-05,7.3927470489365e-05,1.921249635078448e-10,0.7380784506857316,0.05661436618726761,2.0141635721716094e-07,0.09496775220625828,0.09531890382304281
1,0.25,73,18.25,18.5,7.412830723880722e-05,7.40971933446892e-05,-2.074642301919463e-09,0.7393949990583938,0.05662883325163459,2.034092792384892e-07,0.09612600700686463,0.09647667246905359
1,0.25,74,18.5,18.75,7.436088311607884e-05,7.430993544470169e-05,-4.400471212678142e-09,0.7410710694848651,0.0566459026349957,2.0586420845103558e-07,0.09728789580555337,0.09763776521037705
1,0.25,75,18.75,19.0,7.463760597206442e-05,7.456722250238021e-05,-6.774217545853917e-09,0.7431209692481391,0.05666556382096745,2.0838557927506527e-07,0.09845410839886688,0.09880287806197674
1,0.25,76,19.0,19.25,7.495925005340884e-05,7.486941651609256e-05,-9.18636644618026e-09,0.7455473485372597,0.05668779943277803,2.1096370894390848e-07,0.0996253466809514,0.09997271269504068
1,0.25,77,19.25,19.5,7.532642462899485e-05,7.521717126043674e-05,-1.1622145533289607e-08,0.7483557260887859,0.05671258516398668,2.1358361142577126e-07,0.10080232206577944,0.10114798099598502
1,0.25,78,19.5,19.75,7.574010951628875e-05,7.561114681557245e-05,-1.4070571054645986e-08,0.751551643267083,0.05673988972326821,2.162340402224829e-07,0.10198576127697145,0.10232940516497833
1,0.25,79,19.75,20.0,7.62001267932055e-05,7.605167058025993e-05,-1.652175095952918e-08,0.755137301482865,0.056769674815674694,2.1890480376909404e-07,0.10317638825811529,0.1035177125177949
1,0.25,80,20.0,20.25,7.670657930866197e-05,7.653877849758987e-05,-1.8962014037941788e-08,0.7591119942386395,0.0568018951547716,2.2158187182133123e-07,0.10437492855981313,0.10471363093181973
1,0.25,81,20.25,20.5,7.7259061463472e-05,7.707213094097769e-05,-2.1376286049416826e-08,0.7634712991330532,0.05683649851896628,2.2424976338407258e-07,0.10558210139517989,0.10591788297777252
1,0.25,82,20.5,20.75,7.785662874993955e-05,7.765113445337735e-05,-2.3757674616660396e-08,0.768208317027694,0.05687342583728977,2.2690114458044457e-07,0.10679861121939768,0.10713118195360653
1,0.25,83,20.75,21.0,7.849855339773061e-05,7.827431348908144e-05,-2.6088435221578027e-08,0.773307496040223,0.056912611320742025,2.2951780311300608e-07,0.10802515111623724,0.10835421810187343
1,0.25,84,21.0,21.25,7.917807835717931e-05,7.893649842672961e-05,-2.8358869320552205e-08,0.7787169698095594,0.056953982624631194,2.3208940564291555e-07,0.10926230859056817,0.10958760088979108
1,0.25,85,21.25,21.5,7.988791093134365e-05,7.963465308482407e-05,-3.05538380832894e-08,0.7844062581474915,0.05699746104686147,2.3460023562879327e-07,0.1105105571988704,0.11083189234424147
1,0.25,86,21.5,21.75,8.063584352340815e-05,8.036758419744176e-05,-3.2663604427121684e-08,0.7903632846368214,0.05704296185322742,2.370400500121374e-07,0.11177049225392366,0.11208763584732649
1,0.25,87,21.75,22.0,8.14191808776359e-05,8.11355662411161e-05,-3.4677403466971957e-08,0.7965905695977522,0.057090394562749204,2.393974191836097e-07,0.11304266695513672,0.11335537906984393
1,0.25,88,22.0,22.25,8.222754548331199e-05,8.193123408994811e-05,-3.658905938994095e-08,0.803015860370703,0.057139663155132844,2.416653886326975e-07,0.11432747235331346,0.11463555460249937
1,0.25,89,22.25,22.5,8.305153468538863e-05,8.274945738671961e-05,-3.838129673285062e-08,0.8095894099527408,0.057190666411708,2.438260383886827e-07,0.11562515258277266,0.11592851487416686
1,0.25,90,22.5,22.75,8.389991314796622e-05,8.358842055467407e-05,-4.0045717319449337e-08,0.8162943628220718,0.05724329838188602,2.458702915550367e-07,0.11693608872570964,0.11723458394533365
1,0.25,91,22.75,23.0,8.476993417630722e-05,8.444949062687598e-05,-4.157627856186605e-08,0.8231451857956775,0.057297448784606644,2.4779133695018107e-07,0.11826061894721444,0.11855410723637859
1,0.25,92,23.0,23.25,8.565809560142496e-05,8.533013824197166e-05,-4.297063501551568e-08,0.8301185104423838,0.0573530032974427,2.495860257770379e-07,0.11959902669098671,0.1198873906464094
1,0.25,93,23.25,23.5,8.656102176094697e-05,8.622688893405706e-05,-4.4215877050869656e-08,0.8371821544186357,0.05740984397384026,2.5124064728729154e-07,0.1209515426560015,0.12123468578600405
1,0.25,94,23.5,23.75,8.747494315507979e-05,8.713611815318941e-05,-4.530647356674328e-08,0.8443029229944283,0.05746784967068689,2.527488473860526e-07,0.12231833864279962,0.12259618763214764
1,0.25,95,23.75,24.0,8.839547916896298e-05,8.805300945986603e-05,-4.6235878809613995e-08,0.8514365553118973,0.057526896494767485,2.5410324607052084e-07,0.12369951800481467,0.12397201590495804
1,0.25,96,24.0,24.25,8.931499858029317e-05,8.897229814195996e-05,-4.700295814889788e-08,0.8585350212926633,0.057586858266245274,2.553018417756906e-07,0.12509506485763175,0.12536220806342618
1,0.25,97,24.25,24.5,9.023075989594972e-05,8.988924619747685e-05,-4.7604896193011864e-08,0.8655559549627369,0.057647607000888834,2.5634092816778845e-07,0.12650492048100598,0.12676672753526175
1,0.25,98,24.5,24.75,9.113875970590728e-05,9.079984522916663e-05,-4.804210774382936e-08,0.8724645446740904,0.05770901341682985,2.572200414107906e-07,0.12792896360141076,0.12818547511696748
1,0.25,99,24.75,25.0,9.203505074938329e-05,9.170039420389539e-05,-4.8313132149872123e-08,0.8792293999752149,0.05777094738663562,2.579368186525547e-07,0.12936701126936986,0.12961829377640335
1,0.25,100,25.0,25.25,9.29156472292119e-05,9.2586733637774e-05,-4.8419831337118135e-08,0.8858151777266654,0.0578332784106327,2.5849220850395104e-07,0.1308188182573263,0.13106496148949356
1,0.25,101,25.25,25.5,9.377638589150392e-05,9.345458874688983e-05,-4.836501269010057e-08,0.8921858868610486,0.057895876070984655,2.588881290926865e-07,0.13228407428688105,0.1325251894386637
1,0.25,102,25.5,25.75,9.461076373057159e-05,9.429868702326912e-05,-4.815115111972065e-08,0.8982964720691283,0.05795861048744896,2.5912613551574605e-07,0.13376236747017123,0.1339986064234023
1,0.25,103,25.75,26.0,9.541505971307103e-05,9.511458629945468e-05,-4.7781335625954324e-08,0.9041102676675015,0.05802135275980809,2.592084120858876e-07,0.13525322777818796,0.1354847718343313
1,0.25,104,26.0,26.25,9.618639939659376e-05,9.589846660674641e-05,-4.726135762952999e-08,0.9095969076875203,0.05808397542796686,2.5913986003810457e-07,0.13675614026875973,0.1369831853750617
1,0.25,105,26.25,26.5,9.692025538463132e-05,9.664641199381336e-05,-4.659251803904724e-08,0.9147254335252961,0.058146352874183266,2.5892086295423804e-07,0.1382705192591446,0.13849328556246504
1,0.25,106,26.5,26.75,9.761135141638866e-05,9.735384743847366e-05,-4.579094747348203e-08,0.9194589522029721,0.058208361712683475,2.5856664478093846e-07,0.13979569662502567,0.14001443942869118
1,0.25,107,26.75,27.0,9.82562038545345e-05,9.801648915731839e-05,-4.485439355963322e-08,0.9237636223019897,0.05826988118180955,2.5807407847239446e-07,0.14133094981025274,0.1415459470717743
1,0.25,108,27.0,27.25,9.885107749829907e-05,9.86305717947285e-05,-4.379232055023302e-08,0.9276107229157919,0.05833079350944375,2.574517464962772e-07,0.1428754978961637,0.1430870497560669
1,0.25,109,27.25,27.5,9.939209824635703e-05,9.919230953032235e-05,-4.26137396181657e-08,0.930971505929352,0.05839098424905507,2.567077895191984e-07,0.144428499431263,0.1446369295924782
1,0.25,110,27.5,27.75,9.987553567002757e-05,9.969798535050008e-05,-4.133226449206523e-08,0.9338179947444009,0.05845034259965169,2.5585496520363664e-07,0.14598905467610718,0.14619471061357978
1,0.25,111,27.75,28.0,0.00010029808782410668,0.00010014410929255733,-3.995204314491234e-08,0.9361244171466386,0.05850876170077738,2.5489658101051716e-07,0.14755621229835886,0.14775946232127599
1,0.25,112,28.0,28.25,0.00010065649890917739,0.00010052719312069772,-3.847800295942762e-08,0.9378650427201756,0.058566138895206045,2.5383673690638367e-07,0.14912897009381473,0.1493301997137869
1,0.25,113,28.25,28.5,0.00010094666046505784,0.00010084396849861732,-3.692308652835513e-08,0.9390161754464109,0.05862237597136786,2.526875493345625e-07,0.15070626166358128,0.1509058867215778
1,0.25,114,28.5,28.75,0.00010116769336381178,0.00010109242178769962,-3.529485130722432e-08,0.9395657134016884,0.0586773793913318,2.514558634740431e-07,0.15228700687239083,0.1524854558120106
1,0.25,115,28.75,29.0,0.00010131917772793946,0.00010127097724219289,-3.36044598888037e-08,0.9395054275849353,0.05873106049550949,2.501521241228263e-07,0.15387011902438988,0.15406781483141985
1,0.25,116,29.0,29.25,0.0001013971637772882,0.00010137755656354356,-3.1861679477065974e-08,0.9388221878997527,0.05878333564733082,2.487853624596123e-07,0.15545444970841002,0.1556518391527252
1,0.25,117,29.25,29.5,0.00010139965510846949,0.0001014095951692082,-3.007544657762651e-08,0.9374981285680104,0.05883412636254532,2.47363848889318e-07,0.15703881931947986,0.15723636407724406
1,0.25,118,29.5,29.75,0.00010132539696643041,0.00010136564984429768,-2.8252623614742622e-08,0.9355254962057086,0.05888335944525722,2.458938195517185e-07,0.15862202864708033,0.1588202023560612
1,0.25,119,29.75,30.0,0.00010117481657160178,0.00010124530237644998,-2.640336197324688e-08,0.932905651237839,0.05893096708022616,2.4438487115452e-07,0.1602028851560116,0.16040216020569326
1,0.25,120,30.0,30.25,0.00010094774539084659,0.00010104863668993007,-2.4549293733055685e-08,0.9296441650556221,0.05897688689998157,2.428580968385955e-07,0.1617801936777436,0.1619810451539734
1,0.25,121,30.25,30.5,0.00010064497930774318,0.00010077613465059115,-2.266663724792041e-08,0.9257498179829261,0.059021062008380865,2.4128925067740485e-07,0.16335277147942706,0.1635556722578889
1,0.25,122,30.5,30.75,0.00010026765702362053,0.00010042877455255567,-2.077868297204171e-08,0.9212354713021287,0.059063440986968134,2.397012082897951e-07,0.16491945362042115,0.16512487186027255
1,0.25,123,30.75,31.0,9.981763588615264e-05,0.00010000789705922851,-1.889253595363169e-08,0.9161168068848051,0.0591039779019946,2.3810070607693313e-07,0.16647910418114228,0.166687495251823
1,0.25,124,31.0,31.25,9.92941462271145e-05,9.95130936646042e-05,-1.7017860122069302e-08,0.9103929926790459,0.059142632281985096,2.3649707314568612e-07,0.16803057521594097,0.16824238734033245
1,0.25,125,31.25,31.5,9.869506937531332e-05,9.894517232542889e-05,-1.5154715252998184e-08,0.9040738886573196,0.05917936906683405,2.3489009151464167e-07,0.16957268567493025,0.16978840565791728
1,0.25,126,31.5,31.75,9.803037469599752e-05,9.830806895332698e-05,-1.331073115829395e-08,0.8971974256433224,0.059214158586833196,2.3328723478723427e-07,0.1711044102795552,0.17132446923531303
1,0.25,127,31.75,32.0,9.730536572599696e-05,9.7608462906706e-05,-1.1490793372316479e-08,0.8898259509690776,0.059246976509007156,2.3169325306927652e-07,0.1726248066190239,0.17284960146823033
1,0.25,128,32.0,32.25,9.652471957958007e-05,9.685161444383099e-05,-9.698575862066624e-09,0.882008224648521,0.059277803659989844,2.3011174256032967e-07,0.17413300536245485,0.17436290794391518
1,0.25,129,32.25,32.5,9.569305573838623e-05,9.604209803994929e-05,-7.94018480750492e-09,0.8737862044657287,0.0593066258984736,2.2854878068588666e-07,0.17562820935836715,0.17586356572578937
1,0.25,130,32.5,32.75,9.481512857326786e-05,9.518446575037112e-05,-6.218720572889226e-09,0.865201146766382,0.059333433980927414,2.270074887079951e-07,0.17710969574232446,0.17735082300313892
1,0.25,131,32.75,33.0,9.389336678701466e-05,9.428208380008081e-05,-4.543628264862959e-09,0.8562830804275089,0.05935822341831301,2.254973203913196e-07,0.17857677959837157,0.1788239805625152
1,0.25,132,33.0,33.25,9.293249041101141e-05,9.333987459267626e-05,-2.913041728544669e-09,0.8470757722154392,0.0593809943235843,2.240165442498719e-07,0.1800288497610436,0.18028241610302573
1,0.25,133,33.25,33.5,9.19424434005717e-05,9.236453561113248e-05,-1.3225701306698867e-09,0.8376386945409467,0.05940175128258693,2.2256099392086196e-07,0.18146545043917756,0.1817256119719497
1,0.25,134,33.5,33.75,9.092762063636002e-05,9.136201252251728e-05,2.134826544871165e-10,0.8280241162488728,0.05942050317065685,2.2157210520832416e-07,0.18288619451162066,0.18315314341761402
1,0.25,135,33.75,34.0,8.989067469214798e-05,9.033719738013588e-05,1.702073228995911e-09,0.8182744426019408,0.059437262938645236,2.2316640751636613e-07,0.18429073630368548,0.18456466212667863
1,0.25,136,34.0,34.25,8.883961836348483e-05,8.929611863568478e-05,3.137392228826086e-09,0.8084421136434847,0.05945204746029935,2.2469323672404506e-07,0.18567885534061496,0.18595991398036124
1,0.25,137,34.25,34.5,8.778580831600761e-05,8.82480722277284e-05,4.516110954167277e-09,0.7986089081730745,0.059464877360973736,2.2614955558278993e-07,0.18705050859555258,0.1873387901089195
1,0.25,138,34.5,34.75,8.673661979041118e-05,8.720114900279831e-05,5.831561129062031e-09,0.7888454770265467,0.059475776802450905,2.275289921106793e-07,0.18840576827977773,0.1887013080620882
1,0.25,139,34.75,35.0,8.569468287267777e-05,8.616117244063839e-05,7.084665071396476e-09,0.779201819227002,0.05948477322374201,2.288327308852682e-07,0.18974474769966332,0.19004757638147315
1,0.25,140,35.0,35.25,8.46688437680875e-05,8.513437639711447e-05,8.280297370075879e-09,0.7697315731453223,0.059491897124451444,2.300660117880246e-07,0.1910676983835397,0.19137780101267807
1,0.25,141,35.25,35.5,8.366648531058283e-05,8.412816755522943e-05,9.412287806955227e-09,0.7604989456979726,0.05949718189456142,2.3122300781298212e-07,0.19237498721651755,0.19269230363072853
1,0.25,142,35.5,35.75,8.26937574143063e-05,8.314936283279103e-05,1.0478106174708311e-08,0.7515628169701667,0.05950066357569867,2.3230152566005472e-07,0.1936670771761161,0.19399151242499088
1,0.25,143,35.75,36.0,8.175612737654193e-05,8.220329242151162e-05,1.1473565153736001e-08,0.7429686810376279,0.05950238064067675,2.3329770766466988e-07,0.19494451666637458,0.19527593886907701
1,0.25,144,36.0,36.25,8.08559436387198e-05,8.129430411833931e-05,1.239771440435071e-08,0.73475324474023,0.05950237377989398,2.3421094195210694e-07,0.1962078907857296,0.19654616237092606
1,0.25,145,36.25,36.5,8.000032931505775e-05,8.042744399807829e-05,1.3255282913285892e-08,0.726959646846841,0.05950068569047292,2.3504626985713071e-07,0.19745789593127736,0.19780284118339603
1,0.25,146,36.5,36.75,7.91948923900426e-05,7.960881352989215e-05,1.4042367836889988e-08,0.7196407128003666,0.05949736089656297,2.3580010195366585e-07,0.1986953161248718,0.1990467288948006
1,0.25,147,36.75,37.0,7.844508542296483e-05,7.884318523592917e-05,1.4754957275734878e-08,0.7128374312673971,0.05949244551577434,2.3646874241701588e-07,0.19992102058460562,0.20027865366411202
1,0.25,148,37.0,37.25,7.775142198720693e-05,7.813342668848072e-05,1.539182534508396e-08,0.7065737607884284,0.059485987042937845,2.3705122536081864e-07,0.20113588655315573,0.20149948845611954
1,0.25,149,37.25,37.5,7.711565531627531e-05,7.748115708525602e-05,1.5952357921493292e-08,0.7008625660217367,0.05947803414042917,2.37547219921335e-07,0.20234081866747253,0.20271013153557663
1,0.25,150,37.5,37.75,7.6540045942064e-05,7.688751627058941e-05,1.643454092812354e-08,0.6957125673866046,0.05946863646820659,2.379549904246764e-07,0.20353675688531728,0.2039114989773046
1,0.25,151,37.75,38.0,7.602267500292272e-05,7.635264408912698e-05,1.6836575051672187e-08,0.6911236233608138,0.05945784449792358,2.3827297504897404e-07,0.20472461118223795,0.20510450904119723
1,0.25,152,38.0,38.25,7.556384486236568e-05,7.587720031143155e-05,1.716508428017266e-08,0.6871004757383585,0.05944570932751959,2.385080820088084e-07,0.20590529625821238,0.20629009029606332
1,0.25,153,38.25,38.5,7.516896438678887e-05,7.546328522363302e-05,1.7417309779231387e-08,0.683661095179674,0.05943228253094317,2.3865792516050976e-07,0.20707981132675599,0.20746920412768258
1,0.25,154,38.5,38.75,7.483755817844738e-05,7.511235816713237e-05,1.7592020779347295e-08,0.6808178443393106,0.05941761597909291,2.3872157908402135e-07,0.20824914817329424,0.20864283472404402
1,0.25,155,38.75,39.0,7.456805558777202e-05,7.482419240507085e-05,1.7688581525616802e-08,0.6785679873538404,0.05940176161973761,2.386987259451108e-07,0.20941427404185317,0.20981196273037325
1,0.25,156,39.0,39.25,7.436085431142378e-05,7.459757740022597e-05,1.7708511128615087e-08,0.6769000172860061,0.059384771321646795,2.385912098723501e-07,0.21057616239046917,0.21097754987725179
1,0.25,157,39.25,39.5,7.421305249808352e-05,7.443162947931384e-05,1.765394932551432e-08,0.6758055219002441,0.05936669671449678,2.3840148764867793e-07,0.21173574133575174,0.21214054408786606
1,0.25,158,39.5,39.75,7.412513885921034e-05,7.432517870678458e-05,1.7525348921859293e-08,0.675273612498084,0.05934758902524894,2.381304276617632e-07,0.2128939466304269,0.21330187500515954
1,0.25,159,39.75,40.0,7.409571696547412e-05,7.427721984109588e-05,1.7325699217755203e-08,0.6752950056938782,0.05932749893905699,2.3778142216803903e-07,0.21405169220801243,0.21446245656517668
1,0.25,160,40.0,40.25,7.412103437014542e-05,7.4285050508404e-05,1.7054547617992473e-08,0.6758450807850405,0.0593064764309644,2.373544281146995e-07,0.21520983337004596,0.21562316047937047
1,0.25,161,40.25,40.5,7.419823552816515e-05,7.434597039883488e-05,1.6721984643004208e-08,0.6768992847948474,0.05928457062238668,2.3685996622083168e-07,0.21636918080017356,0.21678481626685225
1,0.25,162,40.5,40.75,7.432605300687557e-05,7.44575389652739e-05,1.632789332971056e-08,0.6784354672427172,0.059261829674399795,2.3629836581719864e-07,0.217530525378406,0.21794821531318467
1,0.25,163,40.75,41.0,7.45016938746018e-05,7.461761745182614e-05,1.5880494224642348e-08,0.6804342608768575,0.05923830066296487,2.356783100608868e-07,0.21869461434519663,0.21911411558586946
1,0.25,164,41.0,41.25,7.472187259612484e-05,7.482314860297533e-05,1.5381638111323405e-08,0.6828679456892695,0.059214029458947735,2.3500212320989815e-07,0.2198621436045111,0.22028322728279093
1,0.25,165,41.25,41.5,7.498317497260567e-05,7.507047178860253e-05,1.4836131948837983e-08,0.6857032826697977,0.059189060632127144,2.3427509503724412e-07,0.22103375571345804,0.22145620340448785
1,0.25,166,41.5,41.75,7.52790908574465e-05,7.535424955200325e-05,1.4239358495484258e-08,0.6888916658347218,0.05916343736521181,2.334930557384116e-07,0.22220999150810564,0.22263361355373792
1,0.25,167,41.75,42.0,7.560446412353057e-05,7.566994417165518e-05,1.3617194865407287e-08,0.692391704232399,0.05913720137808565,2.3268229584724534e-07,0.2233913112600358,0.22381595643142002
1,0.25,168,42.0,42.25,7.59589304270338e-05,7.60142961443462e-05,1.2966709783484263e-08,0.6961736233245657,0.05911039290085765,2.31840343932971e-07,0.2245781695479582,0.22500367980867544
1,0.25,169,42.25,42.5,7.633868048962592e-05,7.63848809072092e-05,1.2290557230916661e-08,0.7002152449514957,0.05908305063304446,2.309702719714463e-07,0.2257709614306086,0.22619719357285056
1,0.25,170,42.5,42.75,7.673918854288783e-05,7.677727810396655e-05,1.1602704027809455e-08,0.704476043074854,0.059055211677800014,2.3008641721083898e-07,0.22697001125159122,0.22739683854322507
1,0.25,171,42.75,43.0,7.715469218139246e-05,7.718694449711462e-05,1.0911237690171098e-08,0.7089142519470918,0.05902691152208782,2.2919719457969352e-07,0.2281755533169255,0.22860288455099245
1,0.25,172,43.0,43.25,7.758306112546232e-05,7.761000459434938e-05,1.0220498470984996e-08,0.7134941205697707,0.05899818404977943,2.2830722760052543e-07,0.22938778864701082,0.22981554087277917
1,0.25,173,43.25,43.5,7.802035418785205e-05,7.804265935638423e-05,9.536881567882155e-09,0.7181804935886775,0.058969061573152334,2.2742313670521862e-07,0.23060685668119602,0.23103495742522268
1,0.25,174,43.5,43.75,7.846069616850363e-05,7.848067862517117e-05,8.869295586269761e-09,0.7229341334520927,0.058939574844016636,2.2655400703529933e-07,0.2318328050588289,0.23226121802874097
1,0.25,175,43.75,44.0,7.890143947569405e-05,7.89192811440821e-05,8.223617846371198e-09,0.7277105880590584,0.058909753105213625,2.2570584043968607e-07,0.23306564005063662,0.23349433179661724
1,0.25,176,44.0,44.25,7.933486340752313e-05,7.935336286850044e-05,7.607834449007908e-09,0.7324622657688585,0.058879624168828144,2.2488662659122038e-07,0.23430524729137917,0.23473422809143757
1,0.25,177,44.25,44.5,7.975837638212954e-05,7.977876992740114e-05,7.029639485095496e-09,0.7371501760246016,0.05884921448525002,2.2410409988594754e-07,0.23555147192234993,0.23598077137155318
1,0.25,178,44.5,44.75,8.017055633275012e-05,8.019283442671024e-05,6.49353409736507e-09,0.7417489236389171,0.05881854928291288,2.233627691508738e-07,0.23680413686504914,0.23723378440947054
1,0.25,179,44.75,45.0,8.056763476349841e-05,8.059192611512089e-05,6.007058181174002e-09,0.7462241066645683,0.0587876526506915,2.2267009386614528e-07,0.2380630061582288,0.2384930332550193
1,0.25,180,45.0,45.25,8.094016777139925e-05,8.097065200857601e-05,5.572184807100741e-09,0.7505248471978174,0.05875654763577124,2.2202788828603223e-07,0.23932769627965694,0.2397581996926533
1,0.25,181,45.25,45.5,8.128940905213354e-05,8.132633657373835e-05,5.200082951696203e-09,0.7546252708689625,0.05872525638868917,2.2144730392680301e-07,0.24059784329609651,0.24102892370161796
1,0.25,182,45.5,45.75,8.161712961547414e-05,8.165908536248323e-05,4.8919838627030365e-09,0.7585252257206132,0.05869380036802848,2.2092951125178624e-07,0.24187311094633832,0.2423048469104068
1,0.25,183,45.75,46.0,8.19217150884947e-05,8.19691005201983e-05,4.651000008086895e-09,0.7622254563492873,0.058662200425059825,2.204775259151895e-07,0.24315313774459602,0.24358561410603488
1,0.25,184,46.0,46.25,8.220193768684945e-05,8.225498776870199e-05,4.47984502206962e-09,0.7657118472338558,0.05863047692120858,2.2009397611479774e-07,0.24443754302095302,0.24487084828992084
1,0.25,185,46.25,46.5,8.245604236605864e-05,8.251529379007196e-05,4.381377432518749e-09,0.7689696668567928,0.05859864987863,2.1978164535712427e-07,0.24572591868292273,0.2461601497553907
1,0.25,186,46.5,46.75,8.268353774635597e-05,8.274945130992955e-05,4.358705360399742e-09,0.7719923785229496,0.05856673913344467,2.1954361240395e-07,0.2470178489602095,0.24745310993210837
1,0.25,187,46.75,47.0,8.28858308474427e-05,8.295773183622279e-05,4.411279600066362e-09,0.7747812406739778,0.05853476450263765,2.1937933445618388e-07,0.24831294006720084,0.2487493244920493
1,0.25,188,47.0,47.25,8.306318680800827e-05,8.314057760688025e-05,4.537351660626604e-09,0.7773391010090096,0.058502745934795916,2.192870952616221e-07,0.24961080236107597,0.25004839601715684
1,0.25,189,47.25,47.5,8.321448477098146e-05,8.329837754935646e-05,4.738157772816304e-09,0.7796683060978364,0.058470703648115484,2.1926820200769542e-07,0.25091102868562254,0.2513499331663655
1,0.25,190,47.5,47.75,8.334350821482465e-05,8.343254821438503e-05,4.9961954497624445e-09,0.7817808247481198,0.05843865827987983,2.193052845306621e-07,0.25221327100147917,0.2526535667322153
1,0.25,191,47.75,48.0,8.345227280483637e-05,8.354557449966606e-05,5.336561618822511e-09,0.7836986801052541,0.05840663104211505,2.1942359812264719e-07,0.2535172127640547,0.2539589663337726
1,0.25,192,48.0,48.25,8.354276887814456e-05,8.36395489003346e-05,5.749289686256959e-09,0.7854402861445249,0.05837464380793883,2.1961337752645926e-07,0.25482256852777574,0.25526583428534033
1,0.25,193,48.25,48.5,8.361659963660698e-05,8.371628107754336e-05,6.224485502330165e-09,0.7870214552396988,0.05834271924508329,2.1986495668781716e-07,0.2561290778970977,0.25657390117717693
1,0.25,194,48.5,48.75,8.367308193929295e-05,8.3774290716827e-05,6.755422279187094e-09,0.7884270800231891,0.05831088094279334,2.201717603092438e-07,0.25743646980239915,0.2578828744696274
1,0.25,195,48.75,49.0,8.370645426451686e-05,8.381398791202022e-05,7.3404237835653086e-09,0.7896597700353808,0.05827915351895714,2.2053235925425283e-07,0.2587443831502822,0.2591924680307527
1,0.25,196,49.0,49.25,8.372898578423217e-05,8.383830458692593e-05,7.973907317207138e-09,0.7907459010827129,0.05824756277373706,2.209416164778725e-07,0.26005264855316085,0.2605024415399234
1,0.25,197,49.25,49.5,8.374458510577618e-05,8.385378963621232e-05,8.648477340853465e-09,0.7917460815795225,0.058216135818652835,2.2139246448359744e-07,0.2613611576954386,0.2618126570029892
1,0.25,198,49.5,49.75,8.375602666353893e-05,8.38633916474815e-05,9.357834518993607e-09,0.7926871181270028,0.05818490104678605,2.218789421762525e-07,0.2626698456120564,0.26312302249748115
1,0.25,199,49.75,50.0,8.376010706429796e-05,8.38674105089044e-05,1.0094046646279276e-08,0.7935708346396578,0.05815388817636875,2.2239341969115812e-07,0.26397859728493606,0.2644334507866828
1,0.25,200,50.0,50.25,8.376079006258241e-05,8.386708449737729e-05,1.0851308717254107e-08,0.7944079148732085,0.05812312829410602,2.2293046383838806e-07,0.26528735962966393,0.26574387398195426
1,0.25,201,50.25,50.5,8.376105046103911e-05,8.386533733891899e-05,1.162308194200927e-08,0.7952250303342591,0.0580926539513661,2.2348386757633221e-07,0.2665961260431177,0.2670542698778749
1,0.25,202,50.5,50.75,8.376503694328401e-05,8.3865862732665e-05,1.2395136372920883e-08,0.7960562333488356,0.058062499147285666,2.2403978219942942e-07,0.2679049547453565,0.2683646739830728
1,0.25,203,50.75,51.0,8.377494034090324e-05,8.387141859756819e-05,1.3169011153259247e-08,0.7969267844752759,0.058032699322374884,2.2460010745861895e-07,0.2692139381881831,0.26967516489865984
1,0.25,204,51.0,51.25,8.379243564548861e-05,8.388403829998808e-05,1.3940439582966861e-08,0.7978551135436203,0.05800329131354748,2.2516092425176128e-07,0.2705231949951439,0.2709858529970971
1,0.25,205,51.25,51.5,8.38190064897398e-05,8.390526296850612e-05,1.4697996207385829e-08,0.798854993889448,0.05797431332691064,2.2571114884637905e-07,0.27183286697154607,0.27229687273098
1,0.25,206,51.5,51.75,8.385594360585239e-05,8.393628329393775e-05,1.5435018570339118e-08,0.7999368679111853,0.057945804906935156,2.2624445249919235e-07,0.2731431160903875,0.2736083771574478
1,0.25,207,51.75,52.0,8.390304240854746e-05,8.397743831251133e-05,1.6144568707409344e-08,0.801103047576581,0.05791780688397244,2.267542104569375e-07,0.2744541011280211,0.27492052463108074
1,0.25,208,52.0,52.25,8.395920107181197e-05,8.402823815211371e-05,1.6820007312087423e-08,0.8023478915781073,0.05789036130984546,2.2723406052519382e-07,0.2757659636447682,0.27623346585220754
1,0.25,209,52.25,52.5,8.402582851912868e-05,8.408967039569061e-05,1.7457788049598036e-08,0.8036798110545127,0.057863511397362816,2.2768080538257574e-07,0.27707886721537955,0.27754736695214016
1,0.25,210,52.5,52.75,8.410646232730364e-05,8.416348615559828e-05,1.804913625329252e-08,0.8051145053673094,0.057837301455865645,2.2808602327102735e-07,0.2783930306892437,0.27886242142332135
1,0.25,211,52.75,53.0,8.420161645405545e-05,8.425162110565105e-05,1.8592850264389713e-08,0.8066694508816635,0.05781177676758111,2.284488274568256e-07,0.2797086809463384,0.28017885300309714
1,0.25,212,53.0,53.25,8.4311971000341e-05,8.435470557466847e-05,1.9087639023182557e-08,0.8083496293992283,0.057786983448817615,2.2876823646177328e-07,0.28102605549321874,0.2814968952777014
1,0.25,213,53.25,53.5,8.44379311733108e-05,8.447324048041344e-05,1.952748716991127e-08,0.8101587509573998,0.057762968328512805,2.2903854278142868e-07,0.28234539816780174,0.28281678966020785
1,0.25,214,53.5,53.75,8.457984184707598e-05,8.460760811923532e-05,1.990889907446669e-08,0.8120993522275226,0.057739778819600615,2.2925655658672189e-07,0.28366695819666227,0.2841387835370709
1,0.25,215,53.75,54.0,8.47381029707012e-05,8.475814966911104e-05,2.0229801182521448e-08,0.814173536869323,0.0577174627814623,2.2942051060673533e-07,0.2849909910555795,0.2854631296256508
1,0.25,216,54.0,54.25,8.491286121515944e-05,8.492505855717822e-05,2.0487647233238815e-08,0.8163819497686129,0.05769606837427645,2.2952816180204114e-07,0.2863177545120663,0.2867900836656067
1,0.25,217,54.25,54.5,8.510406368688532e-05,8.510792669754818e-05,2.0681538266025326e-08,0.8187194079720082,0.05767564390585085,2.2957891154555972e-07,0.28764750550717394,0.2881198950202559
1,0.25,218,54.5,54.75,8.530575675993991e-05,8.53018008100375e-05,2.0809086759602212e-08,0.821136919931504,0.05765623767606708,2.2957058229493108e-07,0.288980407956548,0.2894527356579128
1,0.25,219,54.75,55.0,8.551083413050177e-05,8.550491166016751e-05,2.0874550473045338e-08,0.8236160011018592,0.05763789781878903,2.2950774027079964e-07,0.29031651473983705,0.2907887499026029
1,0.25,220,55.0,55.25,8.573104424465332e-05,8.571784320000027e-05,2.0876435179628845e-08,0.8261607755518937,0.057620672246752165,2.2938929448018806e-07,0.29165606230615976,0.2921280912026029
1,0.25,221,55.25,55.5,8.596497293540174e-05,8.5944275791983e-05,2.0815664127918007e-08,0.8288052164718425,0.057604608507467736,2.2921645540613987e-07,0.29299926500827544,0.29347097051185267
1,0.25,222,55.5,55.75,8.621230767672167e-05,8.618454287441458e-05,2.0693061567760886e-08,0.8315510595768787,0.057589753515286064,2.2899036163540132e-07,0.2943463323157242,0.29481760399426543
1,0.25,223,55.75,56.0,8.647437670572576e-05,8.643871795079047e-05,2.050941794119656e-08,0.8343975138954871,0.05757615341327185,2.2871211957711602e-07,0.2956974944517512,0.2961682089622465
1,0.25,224,56.0,56.25,8.675088630732595e-05,8.67071914342441e-05,2.0265652326623487e-08,0.8373468296454242,0.05756385340484092,2.2838295637224974e-07,0.29705297705030315,0.2975230088284066
1,0.25,225,56.25,56.5,8.704110662277029e-05,8.698948134273577e-05,1.9969394088575464e-08,0.8403928181943778,0.05755289758450429,2.280108061251212e-07,0.29841299434128393,0.29888221947438687
1,0.25,226,56.5,56.75,8.734446007579815e-05,8.728488250799654e-05,1.9612825532156104e-08,0.8435271140808731,0.057543328786346756,2.2758814614060761e-07,0.2997777515299682,0.3002460457635743
1,0.25,227,56.75,57.0,8.76600453359509e-05,8.7592676830674e-05,1.9208850894506056e-08,0.8467412103829886,0.05753518844547753,2.271281733244674e-07,0.30114743973834246,0.30161468133905356
1,0.25,228,57.0,57.25,8.798726624295177e-05,8.791210710834481e-05,1.8757439800020943e-08,0.850026213070646,0.057528516453279444,2.2663115000801256e-07,0.3025222407733886,0.30298830801262144
1,0.25,229,57.25,57.5,8.832408477404946e-05,8.824025519810906e-05,1.8256494038911258e-08,0.8533523283307802,0.05752335103069953,2.260952357416306e-07,0.3039023045979831,0.3043670620000919
1,0.25,230,57.5,57.75,8.866275629514374e-05,8.85747488735727e-05,1.7715312672264127e-08,0.8566950381546343,0.057519728603407386,2.2552991767956164e-07,0.30528766016509473,0.30575104245124146
1,0.25,231,57.75,58.0,8.900994050724058e-05,8.891533545573266e-05,1.7133809775702127e-08,0.8600503423390079,0.05751768370978916,2.2493553216252733e-07,0.30667844048552034,0.30714034456773726
1,0.25,232,58.0,58.25,8.936661111499895e-05,8.926417209784772e-05,1.6513232365224836e-08,0.8634375834981569,0.05751724894747094,2.243136245932182e-07,0.3080747937841922,0.30853509725676614
1,0.25,233,58.25,58.5,8.97321054182512e-05,8.962193182116686e-05,1.5857669664908793e-08,0.8668617867615486,0.05751845478052292,2.2366855285765374e-07,0.30947685793135243,0.3099354399414719
1,0.25,234,58.5,58.75,9.010611645248866e-05,8.998805864773782e-05,1.5167805848988192e-08,0.8703161274253569,0.057521329425868795,2.2300125559796844e-07,0.3108847660009226,0.3113415033578428
1,0.25,235,58.75,59.0,9.048791969286667e-05,9.036201136284006e-05,1.4445095269780862e-08,0.8737939681574223,0.057525898755679566,2.2231342181046636e-07,0.3122986397461236,0.3127534097853872
1,0.25,236,59.0,59.25,9.08766206822513e-05,9.074299803000161e-05,1.3691254957125427e-08,0.8772862998301021,0.05753218620402034,2.2160697957283468e-07,0.3137185869442838,0.31417126912960597
1,0.25,237,59.25,59.5,9.127129249845848e-05,9.11299669764533e-05,1.2907405437545018e-08,0.8807816652646032,0.0575402126819198,2.2088324627423396e-07,0.31514470088957225,0.315595174863613
1,0.25,238,59.5,59.75,9.167046442460855e-05,9.152202109777615e-05,1.2093654178676853e-08,0.8842701753323976,0.057549996499810636,2.2014250532044264e-07,0.3165770518962068,0.31702520644326576
1,0.25,239,59.75,60.0,9.207407510450187e-05,9.19183125917722e-05,1.1253861150156523e-08,0.887742499689258,0.05756155329614338,2.1938874804458275e-07,0.3180157093197146,0.3184614300775122
1,0.25,240,60.0,60.25,9.248094582757374e-05,9.231809556651258e-05,1.0386191477500771e-08,0.8911903829298671,0.05757489597171874,2.1862024376572185e-07,0.3194607240982705,0.319903900320739
1,0.25,241,60.25,60.5,9.288987078338038e-05,9.272023387984688e-05,9.490918600942727e-09,0.8946019027394359,0.057590034619996566,2.1783733923010476e-07,0.3209121283292608,0.3213526539751116
1,0.25,242,60.5,60.75,9.329952111699334e-05,9.312345656567029e-05,8.568000456473865e-09,0.8979639522712161,0.05760697647047787,2.1704003010625813e-07,0.3223699333467139,0.3228077079839502
1,0.25,243,60.75,61.0,9.370843175986903e-05,9.352636465150712e-05,7.616036863450013e-09,0.9012623205795138,0.05762572583542048,2.1622691667896754e-07,0.3238341275929618,0.32426905743163
1,0.25,244,61.0,61.25,9.411498649505759e-05,9.392741784244296e-05,6.635673095310886e-09,0.9044815798906959,0.057646284060803986,2.1539860622444706e-07,0.3253046742569471,0.32573667333541817
1,0.25,245,61.25,61.5,9.451742862788071e-05,9.432499632767092e-05,5.625181089593395e-09,0.9076056972137558,0.05766864948040808,2.1455329485573413e-07,0.32678150907925774,0.327210501403038
1,0.25,246,61.5,61.75,9.491460035989047e-05,9.471778585205817e-05,4.585617036697437e-09,0.910621751741665,0.057692817374685575,2.1369191311320967e-07,0.32826454970988106,0.3286904668069764
1,0.25,247,61.75,62.0,9.530484062622818e-05,9.510387291087065e-05,3.5146306119355347e-09,0.9135112427907206,0.05771877993290705,2.128119603296051e-07,0.3297536878446659,0.33017646482120877
1,0.25,248,62.0,62.25,9.568481794196911e-05,9.548105643094264e-05,2.4108154437606916e-09,0.9162531186488114,0.05774652620821601,2.1191184933632296e-07,0.33124876312500917,0.3316683563279422
1,0.25,249,62.25,62.5,9.605155553012797e-05,9.58456575584302e-05,1.2723142892977907e-09,0.9188123935593235,0.05777604209110387,2.109894981664488e-07,0.3327495686801674,0.33316594472729266
1,0.25,250,62.5,62.75,9.640040019368978e-05,9.619469511504271e-05,1.0351304969430375e-10,0.9211610701361126,0.05780731028768646,2.1004906061828295e-07,0.33425582493319383,0.3346689868384652
1,0.25,251,62.75,63.0,9.67310290974487e-05,9.652575049494915e-05,-1.1022246303605404e-09,0.9232768296681634,0.057840310312456705,2.1128806065140564e-07,0.3357672472628415,0.33617720168994875
1,0.25,252,63.0,63.25,9.704191996075034e-05,9.683751095263203e-05,-2.3445047131996632e-09,0.9251482058878349,0.05787501848442979,2.1278227107805558e-07,0.3372835272622282,0.3376902877985837
1,0.25,253,63.25,63.5,9.733029193494591e-05,9.712780884600854e-05,-3.6247631749440623e-09,0.9267558227114963,0.0579114078826384,2.1432576449399284e-07,0.3388043130737117,0.33920790981180254
1,0.25,254,63.5,63.75,9.759358729464086e-05,9.739421695608101e-05,-4.939647334396835e-09,0.9280781262485314,0.05794944831625433,2.1591485089271526e-07,0.34032921287519047,0.34072969445174134
1,0.25,255,63.75,64.0,9.782984848405712e-05,9.763446582078267e-05,-6.293181645071477e-09,0.9290953816542139,0.057989106312432585,2.1755320768772317e-07,0.34185780425775386,0.3422552329801911
1,0.25,256,64.0,64.25,9.803701059405692e-05,9.784633878046627e-05,-7.683865080234525e-09,0.9297886738817134,0.05803034510324995,2.1923896809765862e-07,0.343389632548286,0.3437840820236359
1,0.25,257,64.25,64.5,9.821174117180271e-05,9.802646351871153e-05,-9.117022856282297e-09,0.9301284443526483,0.05807312460773625,2.2097709508860262e-07,0.3449241910040954,0.34531574551611577
1,0.25,258,64.5,64.75,9.834745501053894e-05,9.817059151240891e-05,-1.0598143318453143e-08,0.930077227141658,0.058117401420359024,2.227726825775434e-07,0.34646086998863507,0.3468496610084972
1,0.25,259,64.75,65.0,9.844342120049845e-05,9.827636172638473e-05,-1.2095482757957035e-08,0.9296158651610003,0.05816312880783,2.245936582953571e-07,0.3479990484448928,0.34838522916047193
1,0.25,260,65.0,65.25,9.850223610514269e-05,9.83439559534774e-05,-1.3624311075155493e-08,0.9287495639536928,0.05821025674053115,2.2645497285466983e-07,0.3495381458840357,0.349921853472245
1,0.25,261,65.25,65.5,9.852352899328504e-05,9.837416299366691e-05,-1.5182526654725775e-08,0.9274894414235795,0.05825873188557283,2.283541897055331e-07,0.3510775760245558,0.35145894976902103
1,0.25,262,65.5,65.75,9.850638050250466e-05,9.836615218782415e-05,-1.6767289045269487e-08,0.9258315138712957,0.058308497567083666,2.3028813105334354e-07,0.35261673821990747,0.3529959208969558
1,0.25,263,65.75,66.0,9.844903117707331e-05,9.831940260897179e-05,-1.8374512590060496e-08,0.9237749419083466,0.05835949376171867,2.3225238071966427e-07,0.3541550043320492,0.354532161562721
1,0.25,264,66.0,66.25,9.835398912894978e-05,9.823445599747294e-05,-1.999989763580047e-08,0.921329057612869,0.05841165710998216,2.3424232520999493e-07,0.35569178541218904,0.35606707493768147
1,0.25,265,66.25,66.5,9.822337939957636e-05,9.811295201272419e-05,-2.163945356302259e-08,0.9185135931947238,0.05846492093312524,2.3625366050937264e-07,0.35722652571530744,0.3576000898128803
1,0.25,266,66.5,66.75,9.805623829523577e-05,9.795578202355055e-05,-2.3290879397645445e-08,0.9153413204522426,0.05851921522132696,2.3828377738197433e-07,0.3587586544386705,0.35913064890699825
1,0.25,267,66.75,67.0,9.78558469603495e-05,9.776468624057768e-05,-2.494614707122464e-08,0.911832995965778,0.0585744666359667,2.40324328186758e-07,0.36028765204742597,0.3606582221295073
1,0.25,268,67.0,67.25,9.762502858071489e-05,9.754218502464259e-05,-2.659615331115396e-08,0.908016629845015,0.05863059855492603,2.4236586867806286e-07,0.36181304311899964,0.3621823187705174
1,0.25,269,67.25,67.5,9.736614865455068e-05,9.729102287170338e-05,-2.8237884727114887e-08,0.9039222331888658,0.05868753107372827,2.4440502100426263e-07,0.363334389191727,0.36370249100288776
1,0.25,270,67.5,67.75,9.70818266899519e-05,9.701399884908117e-05,-2.9863465770153114e-08,0.8995802072925156,0.0587451810434897,2.464335369051608e-07,0.3648512927337575,0.3652183347349046
1,0.25,271,67.75,68.0,9.677642478843492e-05,9.671460636560165e-05,-3.146573389497219e-08,0.8950272418520124,0.058803462117689144,2.484438803390183e-07,0.3663634243710768,0.36672950045936714
1,0.25,272,68.0,68.25,9.645384188224256e-05,9.639691276918627e-05,-3.3037399331872774e-08,0.8903051225215153,0.05886228480687836,2.5042833361873225e-07,0.3678705156504868,0.36823570222138563
1,0.25,273,68.25,68.5,9.611820659967017e-05,9.606500240519644e-05,-3.457113124548036e-08,0.8854555289194986,0.05892155653338119,2.5237909982577724e-07,0.3693723626286066,0.36973671788396684
1,0.25,274,68.5,68.75,9.577373689378184e-05,9.572297075702632e-05,-3.605921843692801e-08,0.880519965190274,0.05898118170448597,2.5428795827672025e-07,0.370868827267572,0.3712323893020454
1,0.25,275,68.75,69.0,9.542386538269462e-05,9.53741536724181e-05,-3.749322535903307e-08,0.8755326715484606,0.05904106179852172,2.56145898720692e-07,0.3723598251641766,0.3727226104531769
1,0.25,276,69.0,69.25,9.506979227558534e-05,9.502179704859426e-05,-3.886470046157199e-08,0.8705268208455459,0.05910109546626489,2.5794381245805356e-07,0.3738452906684826,0.3742073260320612
1,0.25,277,69.25,69.5,9.471892861264656e-05,9.467032102232928e-05,-4.0165724268272085e-08,0.8655460773405166,0.05916117866132076,2.5967318385915203e-07,0.3753252739280552,0.37568654979803506
1,0.25,278,69.5,69.75,9.437595637661999e-05,9.432522537602199e-05,-4.138836439792747e-08,0.8606436186083218,0.05922120480073782,2.613253824280341e-07,0.3767998982464399,0.37716038144453545
1,0.25,279,69.75,70.0,9.404558942543821e-05,9.399136815666279e-05,-4.2524973818333645e-08,0.8558663605457257,0.05928106487527234,2.628919994220958e-07,0.37826936058121235,0.3786289965719833
1,0.25,280,70.0,70.25,9.373135562026978e-05,9.36720869258622e-05,-4.3569431702121346e-08,0.8512470326626314,0.059340647610179154,2.643660794586363e-07,0.37973391301277903,0.3800926229301999
1,0.25,281,70.25,70.5,9.343275187271313e-05,9.336947547825812e-05,-4.45124129002392e-08,0.8468068303204253,0.059399839637749245,2.657373616766049e-07,0.3811937997607902,0.38155152098454764
1,0.25,282,70.5,70.75,9.315493049102323e-05,9.308658579018952e-05,-4.534500577173077e-08,0.8425754615937041,0.0594585257011842,2.6699613240356815e-07,0.3826493455497124,0.38300599888751935
1,0.25,283,70.75,71.0,9.290262814109585e-05,9.282747039718274e-05,-4.606302849796771e-08,0.8385914482978158,0.05951658891250906,2.6813728663540957e-07,0.38410094911441706,0.3844564281124754
1,0.25,284,71.0,71.25,9.267778920406928e-05,9.259539547415098e-05,-4.665976693191652e-08,0.8348859362058373,0.0595739109537366,2.6915313728162273e-07,0.38554903957073067,0.38590323116675895
1,0.25,285,71.25,71.5,9.248181267033928e-05,9.239201619966038e-05,-4.7128716193609206e-08,0.8314753545298962,0.05963037230818389,2.700361794997974e-07,0.3869940678937047,0.38734685641987865
1,0.25,286,71.5,71.75,9.231555606001361e-05,9.221836989302759e-05,-4.74655569021468e-08,0.8283704847456914,0.05968585252779921,2.7078107301708266e-07,0.3884364984571424,0.3887877684494572
1,0.25,287,71.75,72.0,9.217878449062496e-05,9.207315305819593e-05,-4.766881277348204e-08,0.8255610715519137,0.05974023051691037,2.713852876640493e-07,0.3898767919648084,0.3902264114659915
1,0.25,288,72.0,72.25,9.206045500828207e-05,9.195229977483567e-05,-4.773122138810801e-08,0.8230122434660342,0.059793384828140755,2.718404289551787e-07,0.39131523657431283,0.3916631661499733
1,0.25,289,72.25,72.5,9.196727496407807e-05,9.185536706197536e-05,-4.764613470474924e-08,0.8207217771016546,0.05984519398528999,2.7213889321650396e-07,0.39275222524562653,0.3930984062603167
1,0.25,290,72.5,72.75,9.190232730069917e-05,9.178421256066242e-05,-4.7417002304629696e-08,0.818708010774531,0.059895536922285386,2.7228311111358263e-07,0.39418819910969993,0.39453253458157705
1,0.25,291,72.75,73.0,9.18582855982717e-05,9.173754392010888e-05,-4.704022666258533e-08,0.8169611401629419,0.059944293205363895,2.7226841645367123e-07,0.3956234848221729,0.39596593370532873
1,0.25,292,73.0,73.25,9.183569297614236e-05,9.171300938307107e-05,-4.650820232621547e-08,0.8154620389485316,0.05999134334253829,2.7208622153517193e-07,0.39705841752492516,0.3973989494769392
1,0.25,293,73.25,73.5,9.183426010707287e-05,9.170915461087311e-05,-4.5825960372745944e-08,0.8141996954680989,0.06003656919230702,2.7174057376217844e-07,0.3984933278390982,0.3988319050177341
1,0.25,294,73.5,73.75,9.18480700606017e-05,9.172329965394852e-05,-4.4993026998563224e-08,0.813152322601832,0.06007985427115971,2.7123001512499483e-07,0.3999284539337951,0.40026508157482704
1,0.25,295,73.75,74.0,9.187496549577408e-05,9.17518673706385e-05,-4.4009749499210327e-08,0.8122903316651487,0.06012108409319868,2.7055395033261695e-07,0.4013640002696665,0.4016987045024933
1,0.25,296,74.0,74.25,9.191239151477371e-05,9.179193175427262e-05,-4.287850178608457e-08,0.8115900553330427,0.06016014655480783,2.697138589154112e-07,0.40280013138708487,0.40313295343615374
1,0.25,297,74.25,74.5,9.195618875856284e-05,9.184010165424554e-05,-4.160198751592889e-08,0.8110238300543393,0.06019693226682684,2.687115646082611e-07,0.4042369468364374,0.4045679550245014
1,0.25,298,74.5,74.75,9.200204084104245e-05,9.189213267394783e-05,-4.01827569094116e-08,0.8105565737569089,0.060231334895459884,2.6754877189954605e-07,0.40567447872457874,0.4060037695975318
1,0.25,299,74.75,75.0,9.204554948067344e-05,9.19436223344141e-05,-3.8625347869788995e-08,0.8101519233709598,0.06026325150875973,2.662292098769449e-07,0.40711269043521425,0.407440388696507
1,0.25,300,75.0,75.25,9.208201299441138e-05,9.198988593514803e-05,-3.693473286242588e-08,0.8097711129001404,0.06029258291599647,2.6475707928581945e-07,0.4085514718882519,0.4088777306642437
1,0.25,301,75.25,75.5,9.210664387663365e-05,9.202642798685824e-05,-3.511468119705638e-08,0.8093770915484464,0.06031923399725318,2.6313541858768656e-07,0.40999063819882436,0.4103156436015384
1,0.25,302,75.5,75.75,9.211592245920866e-05,9.204902330859236e-05,-3.317209755363329e-08,0.8089351864232353,0.06034311402618683,2.6137044496361013e-07,0.4114299494872495,0.41175390959073516
1,0.25,303,75.75,76.0,9.21058550700164e-05,9.20538721430148e-05,-3.111476142665312e-08,0.8084144129521426,0.06036413697683171,2.5946928942322366e-07,0.41286910347271855,0.4131922513429698
1,0.25,304,76.0,76.25,9.207241432994786e-05,9.20366791641278e-05,-2.8946870557228915e-08,0.8077793379126832,0.06038222180766164,2.5743554611842103e-07,0.41430773494662393,0.41463032445490927
1,0.25,305,76.25,76.5,9.20105019769908e-05,9.19931970411221e-05,-2.6676779396172384e-08,0.8069948185940948,0.06039729273148494,2.552770128013702e-07,0.41574539904001445,0.41606771815867677
1,0.25,306,76.5,76.75,9.19174104352799e-05,9.191948706617393e-05,-2.431896399535116e-08,0.8060282417396893,0.06040927947952989,2.5300765527895e-07,0.4171816085780657,0.41750396014408575
1,0.25,307,76.75,77.0,9.178853024497877e-05,9.181111863220197e-05,-2.186935081291419e-08,0.8048424558211529,0.06041811755190175,2.5062290145101407e-07,0.4186158043631435,0.41893850887271394
1,0.25,308,77.0,77.25,9.161586940436032e-05,9.166239239811898e-05,-1.9337281709479875e-08,0.8033889231232367,0.06042374842386096,2.481316399632056e-07,0.42004730232258664,0.4203707337539346
1,0.25,309,77.25,77.5,9.140011757631863e-05,9.147106489663347e-05,-1.673721124542671e-08,0.8016490809765724,0.06042611977673203,2.4554797693438744e-07,0.4214754291597166,0.42179996914294443
1,0.25,310,77.5,77.75,9.114083358744752e-05,9.123508610739346e-05,-1.4083214298086025e-08,0.7996056909342112,0.06042518574556752,2.4288564765770347e-07,0.4228995046845205,0.4232255173633725
1,0.25,311,77.75,78.0,9.083453716912746e-05,9.095488627196278e-05,-1.1372652875853151e-08,0.7972628589393722,0.060420907011398337,2.4014175055098506e-07,0.4243187943277881,0.4246466874613719
1,0.25,312,78.0,78.25,9.048678177282212e-05,9.063073023494618e-05,-8.619961197522258e-09,0.7946228409094522,0.060413250951978886,2.3733050193360494e-07,0.4257326502929884,0.42606279262129293
1,0.25,313,78.25,78.5,9.009773257451117e-05,9.02649312941506e-05,-5.8344807863080356e-09,0.7917054579338654,0.06040219174544966,2.3446105590769913e-07,0.42714042736446517,0.42747318217276403
1,0.25,314,78.5,78.75,8.966656597313291e-05,8.98567989124266e-05,-3.0263969537890067e-09,0.7885038061217112,0.06038771040680192,2.3154343214228132e-07,0.42854146745779537,0.4288771946557706
1,0.25,315,78.75,79.0,8.919099689960438e-05,8.940591249669375e-05,-2.0546805619761632e-10,0.785012944840002,0.06036979485038389,2.2858730143674103e-07,0.42993507678435167,0.43027416203853147
1,0.25,316,79.0,79.25,8.867650376539592e-05,8.891418452790761e-05,2.611890624788782e-09,0.781248025092642,0.0603484399520062,2.3083287032563453e-07,0.43132064715568597,0.43166344617178004
1,0.25,317,79.25,79.5,8.812688968159489e-05,8.838538714618452e-05,5.430338101061749e-09,0.7772402067170481,0.06032364758950235,2.3346484262470714e-07,0.4326976298069609,0.4330444678459392
1,0.25,318,79.5,79.75,8.754366824445959e-05,8.782227506818043e-05,8.237171745910377e-09,0.7730114336476366,0.060295426581493006,2.3605964288267015e-07,0.4340654996232806,0.4344166908938795
1,0.25,319,79.75,80.0,8.692883066075026e-05,8.72264782954376e-05,1.1020456656615774e-08,0.7685734829139339,0.06026379265306647,2.3860543349203646e-07,0.4354237626023548,0.43577960461724574
1,0.5,0,0.0,0.5,0.00042600769856399783,0.00042897054316691074,3.013591914164879e-08,0.9964367586028753,0.05868591209118389,8.854329134576994e-07,0.006656370290062466,0.00670266473698298
1,0.5,1,0.5,1.0,0.00041875488056772195,0.0004220114928723113,3.990441835429945e-08,0.9802740412686332,0.05868584762279037,8.951282834721635e-07,0.013199415298933122,0.013296594313112845
1,0.5,2,1.0,1.5,0.0004111294768389764,0.000414601449561969,4.8389161779512774e-08,0.963426396932267,0.05867473419960504,9.032193192037172e-07,0.019623313374542126,0.01977474196251861
1,0.5,3,1.5,2.0,0.0004032450595480516,0.00040688933154830125,5.5514643637925506e-08,0.9462060244113831,0.05865300812252307,9.096446942359688e-07,0.025924017429980434,0.026132387767960816
1,0.5,4,2.0,2.5,0.0003952871957527938,0.0003990288433508142,6.127928728664155e-08,0.9289342070896671,0.0586211940542024,9.14420489281384e-07,0.032100379863617835,0.03236721344531729
1,0.5,5,2.5,3.0,0.0003873912663332065,0.00039118302806554845,6.572115278358735e-08,0.9119538363916723,0.05857989221261225,9.176038494218634e-07,0.03815336840007418,0.03847944825884148
1,0.5,6,3.0,3.5,0.0003796499715930455,0.00038345322233678767,6.889928946059339e-08,0.8954654244619477,0.05852976474880564,9.192744521353504e-07,0.04408539920621553,0.044470904857853794
1,0.5,7,3.5,4.0,0.00037216063832701935,0.0003759360828424556,7.090968711536728e-08,0.8796606885691978,0.05847152318791841,9.195502396117672e-07,0.049900409180075204,0.05034490615226716
1,0.5,8,4.0,4.5,0.0003649677938485545,0.0003686972530698888,7.188237592225394e-08,0.86466165529709,0.05840591667015156,9.185839610580651e-07,0.05560303095895887,0.05610580073148417
1,0.5,9,4.5,5.0,0.00035806155541848964,0.00036173574716212705,7.19771419332646e-08,0.8504368216469782,0.05833372095663424,9.165587618320842e-07,0.06119774276237277,0.06175792178089241
1,0.5,10,5.0,5.5,0.0003515489148579468,0.00035512515284079804,7.135230878330904e-08,0.8371323696171442,0.05825572918828698,9.136565993203529e-07,0.06669069455702818,0.06730675229402987
1,0.5,11,5.5,6.0,0.0003454344966388061,0.0003489051863660417,7.017110371834289e-08,0.824818348439627,0.0581727439268821,9.100639658621804e-07,0.07208810856700952,0.07275839583099927
1,0.5,12,6.0,6.5,0.00033969779613998805,0.0003430577265770265,6.85988913165167e-08,0.8134309418418135,0.058085569523749055,9.05969613815962e-07,0.07739588663169684,0.0781186728087653
1,0.5,13,6.5,7.0,0.00033442571943919643,0.0003376302690794183,6.680280829061188e-08,0.8030639944637575,0.057995006788160136,9.015643087546383e-07,0.08262128849793429,0.08339414576313123
1,0.5,14,7.0,7.5,0.00032964061210347454,0.00033268028090411217,6.492161044532613e-08,0.7938385455625496,0.05790184893347574,8.970094905301859e-07,0.08777192306205107,0.08859227515225798
1,0.5,15,7.5,8.0,0.0003253377463891334,0.000328201591573672,6.307828222902254e-08,0.7857269426655067,0.05780687764010312,8.924502531901376e-07,0.09285532534938129,0.09372042502059662
1,0.5,16,8.0,8.5,0.0003215262062699609,0.0003242051833872702,6.136182512214879e-08,0.7787442103626951,0.05771086118626002,8.879970552004656e-07,0.09787917232234943,0.09878613101102271
1,0.5,17,8.5,9.0,0.00031819523865907857,0.00032068472927903376,5.984087179283001e-08,0.7728653998771393,0.057614553542126495,8.837394117647633e-07,0.10285097292639754,0.10379682990600761
1,0.5,18,9.0,9.5,0.00031530549402987483,0.0003176100201212828,5.856911471048207e-08,0.7680087119105186,0.05751869418126267,8.797513932598527e-07,0.10777762127061434,0.10875948647040265
1,0.5,19,9.5,10.0,0.0003128260132169273,0.0003149525522580913,5.7537761321722544e-08,0.7640963160306695,0.05742400867837313,8.760441478838835e-07,0.11266552772712882,0.11368062009943532
1,0.5,20,10.0,10.5,0.00031069681051096483,0.0003126593718864175,5.6716033118228704e-08,0.7609904816817887,0.05733120984476521,8.726058348606774e-07,0.11752016539136265,0.1185659227851606
1,0.5,21,10.5,11.0,0.00030887206801247886,0.00031067846844155795,5.605565030946183e-08,0.7585544051571389,0.057240998892815975,8.694069636864303e-07,0.12234629145405762,0.12342027385455993
1,0.5,22,11.0,11.5,0.00030731437703655643,0.0003089770513757577,5.5470411501525735e-08,0.7566968715026194,0.057154066585251344,8.663799019498656e-07,0.12714807859525382,0.12824804028230616
1,0.5,23,11.5,12.0,0.0003059248380199008,0.0003074758243668183,5.483411817837347e-08,0.7552114602640176,0.05707109364064612,8.634162486239771e-07,0.13192815418931475,0.1330523500380377
1,0.5,24,12.0,12.5,0.0003045377787480128,0.0003060278152089612,5.4079630154232894e-08,0.7537228033978876,0.05699275053206332,8.604663009541568e-07,0.13668655698225246,0.1378340346506777
1,0.5,25,12.5,13.0,0.00030321210239365386,0.00030460956912498305,5.3083861243545874e-08,0.7521567710979612,0.0569196970480845,8.574254422456371e-07,0.1414242460821533,0.14259355916825556
1,0.5,26,13.0,13.5,0.00030194073116792406,0.0003032506571490171,5.1693834138191036e-08,0.7505702766957918,0.05685258129269389,8.541586353642771e-07,0.1461420700066521,0.14733185068620894
1,0.5,27,13.5,14.0,0.00030069701082975544,0.00030192592358234616,4.9767468300078443e-08,0.7488856776355586,0.05679203526178689,8.505411961336692e-07,0.15084046080086705,0.1520494432421831
1,0.5,28,14.0,14.5,0.00029945571119420304,0.0003006067809684764,4.7219544678858694e-08,0.7470169526251618,0.05673866997110408,8.465051370587154e-07,0.15551945628827646,0.15674642419481555
1,0.5,29,14.5,15.0,0.00029826506304483046,0.0002993180134032657,4.3964226406970064e-08,0.7450113657866242,0.056693069500617824,8.419816517577983e-07,0.16017984789835193,0.16142326815424157
1,0.5,30,15.0,15.5,0.00029718584419773575,0.000298116853206624,3.9905489422013135e-08,0.7429986227856711,0.05665578395102011,8.368904984723009e-07,0.16482337671394157,0.16608134398559507
1,0.5,31,15.5,16.0,0.0002962657741369993,0.00029705732082797837,3.499954414698872e-08,0.7411023941728042,0.05662732091204744,8.312024131805647e-07,0.1694525294348322,0.17072286462353226
1,0.5,32,16.0,16.5,0.00029559906587973625,0.00029621646987397607,2.9223412346263133e-08,0.7395056195510548,0.056608136075792424,8.249076733550557e-07,0.17407126483920307,0.17535124696531312
1,0.5,33,16.5,17.0,0.00029525028828248333,0.0002956735979743243,2.258612718554487e-08,0.738398478336525,0.05659862362249816,8.180264346449076e-07,0.17868455059361688,0.17997114693366195
1,0.5,34,17.0,17.5,0.0002953179251181685,0.00029551085257511665,1.5129596683989555e-08,0.7379794649868994,0.05659910611096659,8.106095809227113e-07,0.18329889317358825,0.18458850400514815
1,0.5,35,17.5,18.0,0.00029590461680922093,0.00029583475330104375,6.931560388601793e-09,0.7385085930620525,0.05660982505809656,8.027414286484517e-07,0.18792240281123232,0.18921092202547696
1,0.5,36,18.0,18.5,0.00029708617492634967,0.0002967314633248033,-1.905533338758536e-09,0.7401950408052407,0.0566309317465804,7.983394069385933e-07,0.19256437429445653,0.19384735113992702
1,0.5,37,18.5,19.0,0.0002989438202673162,0.00029827929066007455,-1.123252615312792e-08,0.7432277976131939,0.056662479128332194,8.085857660475509e-07,0.19723537148613335,0.19850796505649068
1,0.5,38,19.0,19.5,0.00030151552032792964,0.0003005367095057855,-2.0906344052641634e-08,0.7477454159312145,0.05670441540424408,8.194722261005966e-07,0.20194655149125723,0.20320385114251857
1,0.5,39,19.5,20.0,0.0003048202189139485,0.0003035248404589525,-3.073469830895681e-08,0.7537924819982342,0.056756579250752344,8.308015485882116e-07,0.20670936741178766,0.2079464267746897
1,0.5,40,20.0,20.5,0.0003088659643560856,0.0003072585233977598,-4.052875845952236e-08,0.7613973813411468,0.05681869747658291,8.423770293237857e-07,0.2115353981048515,0.21274734120277972
1,0.5,41,20.5,21.0,0.0003136404391209718,0.0003117327413493436,-5.0087514031314784e-08,0.7705390649814343,0.05689038489977628,8.539867603282571e-07,0.2164360299661167,0.21761816528636319
1,0.5,42,21.0,21.5,0.00031907001617610675,0.0003169002301973805,-5.9206479677276214e-08,0.7810927780707897,0.05697114653418017,8.654121600558326e-07,0.22142149896886837,0.22256973138319727
1,0.5,43,21.5,22.0,0.0003250501046380477,0.0003226521550735919,-6.768788832819256e-08,0.7927845999046319,0.05706038215662088,8.764388253500185e-07,0.22650040685383788,0.22761117130622216
1,0.5,44,22.0,22.5,0.0003315190275399388,0.00032893536246071144,-7.536969339697747e-08,0.8054817671201532,0.05715739391886536,8.868854682959575e-07,0.2316803916591494,0.23275078634467078
1,0.5,45,22.5,23.0,0.0003383146446339757,0.0003355934428810186,-8.207135317010728e-08,0.8188033243597976,0.0572613955408714,8.965502248069018e-07,0.23696655798155528,0.2379944338896867
1,0.5,46,23.0,23.5,0.0003454323607229243,0.00034259034186995003,-8.768474690171862e-08,0.8326688840933782,0.0573715235718479,9.053016127133728e-07,0.24236393861785097,0.24334740798140464
1,0.5,47,23.5,24.0,0.0003527607153682305,0.00034984452080234784,-9.20847778723699e-08,0.8468920144977918,0.05748685009743934,9.129892287887626e-07,0.24787582479547957,0.24881372861894135
1,0.5,48,24.0,24.5,0.0003601480841781768,0.00035721972291202634,-9.519053435162045e-08,0.8611603269474197,0.05760639541815146,9.195054371236317e-07,0.25350313861076357,0.2543952867894418
1,0.5,49,24.5,25.0,0.0003674461212313934,0.00036456034367363436,-9.697367185645955e-08,0.8751232010323676,0.05772914255865677,9.247938686388579e-07,0.25924448425500407,0.2600915421593423
1,0.5,50,25.0,25.5,0.0003745302724825197,0.0003717374369632052,-9.743384837748031e-08,0.8885026220175254,0.05785405268442928,9.288253801216849e-07,0.2650965197625435,0.2658999396118924
1,0.5,51,25.5,26.0,0.0003812543949433759,0.00037861375543484486,-9.660726981754186e-08,0.9010082156382597,0.057980080251240435,9.316069817590337e-07,0.2710536196835337,0.2718157795405619
1,0.5,52,26.0,26.5,0.00038747755337248217,0.00038504053615169277,-9.45482134234038e-08,0.9123294133309054,0.05810618759343984,9.331636891239683e-07,0.27710795645497877,0.2778320379179321
1,0.5,53,26.5,27.0,0.0003930682762797377,0.00039088884654929154,-9.13547407921031e-08,0.9222091187777853,0.05823135912780975,9.335644269217664e-07,0.2832496482718497,0.2839396761452648
1,0.5,54,27.0,27.5,0.0003978936584077817,0.00039602142361570575,-8.712486962306545e-08,0.9303754879420054,0.05835461443890088,9.328786936127637e-07,0.2894667366844713,0.29012751088926014
1,0.5,55,27.5,28.0,0.0004018339063140688,0.00040031560629728033,-8.200730514020677e-08,0.9365948099423569,0.058475020235584506,9.312274778596561e-07,0.2957453914706286,0.2963824422376552
1,0.5,56,28.0,28.5,0.00040477758196551163,0.0004036559020465574,-7.612557868710151e-08,0.9406522134508217,0.058591700957249616,9.287076968212666e-07,0.30207004118883973,0.3026895657071326
1,0.5,57,28.5,29.0,0.0004066297042753359,0.00040593930561251426,-6.962011504579521e-08,0.942362411516312,0.058703847783887,9.254347861058458e-07,0.30842363031814185,0.3090323673573282
1,0.5,58,29.0,29.5,0.0004073370174657626,0.00040710083466952683,-6.265102947934989e-08,0.9416269848323283,0.05881072617515942,9.215459170825975e-07,0.3147882712160444,0.31539331789903957
1,0.5,59,29.5,30.0,0.0004068303786448962,0.0004070724636543807,-5.5359450391000153e-08,0.9383370655057393,0.05891168170480527,9.171612341360477e-07,0.3211449958823709,0.32175382514363926
1,0.5,60,30.0,30.5,0.00040509844964972154,0.00040582223636170226,-4.790797155686255e-08,0.9324624572100859,0.05900614413017074,9.12425103921962e-07,0.3274746591581478,0.32809479758679083
1,0.5,61,30.5,31.0,0.0004021603248938006,0.00040335882335062274,-4.034849053046602e-08,0.9240600817567755,0.05909363010440418,9.073740171185588e-07,0.33375841423461344,0.33439727920164436
1,0.5,62,31.0,31.5,0.0003980448103736865,0.0003997103936560754,-3.283313081288951e-08,0.913224030690416,0.05917374401679669,9.021475285595948e-07,0.33997786439670225,0.3406427541025205
1,0.5,63,31.5,32.0,0.0003927957896315065,0.0003949024648729259,-2.5443244212018656e-08,0.9000345021209752,0.059246177680349565,8.96817532721376e-07,0.3461152986096946,0.34681310511616
1,0.5,64,32.0,32.5,0.0003866051662844616,0.0003890877582846568,-1.8260426550833694e-08,0.8848533959403959,0.05931070905106983,8.914595277348271e-07,0.35215600433288924,0.35289260133935774
1,0.5,65,32.5,33.0,0.00037962162702565575,0.00038242891471673517,-1.1362412904926834e-08,0.8680556793389562,0.05936719949135362,8.8614795310268e-07,0.3580875922551651,0.3588680531318067
1,0.5,66,33.0,33.5,0.0003719737355223231,0.0003750596426931395,-4.81177807505357e-09,0.8499424216248039,0.05941558921430013,8.809446963421104e-07,0.3638996818727015,0.36472836004888703
1,0.5,67,33.5,34.0,0.0003638669533823508,0.0003671563620832268,1.3648102220316198e-09,0.8309047426343674,0.05945589261775093,8.786084354734792e-07,0.3695851030193007,0.37046517820643743
1,0.5,68,34.0,34.5,0.000355469362509308,0.0003589002835539074,7.130491186976666e-09,0.8113387711839455,0.05948819329410608,8.852525667244351e-07,0.3751393118085086,0.3760729951369673
1,0.5,69,34.5,35.0,0.0003470542037007396,0.00035052910533316545,1.2422277425564072e-08,0.7917638451490119,0.05951263813106173,8.911968117824335e-07,0.3805620337413327,0.38155001240779796
1,0.5,70,35.0,35.5,0.00033881927851869495,0.0003422719486061217,1.723037740600491e-08,0.7726767195167475,0.05952943128398003,8.964388476307185e-07,0.3858560849681873,0.3868980116047686
1,0.5,71,35.5,36.0,0.00033099389773298313,0.00033434434205883247,2.1522584565470196e-08,0.7545419998292437,0.05953882687101648,9.009553505355615e-07,0.3910278646202652,0.3921221419494379
1,0.5,72,36.0,36.5,0.00032374535085960446,0.0003269394014154506,2.525962322749882e-08,0.737773779932559,0.05954112234210553,9.04716512481839e-07,0.3960863857274465,0.3972305700965543
1,0.5,73,36.5,37.0,0.0003172400827512233,0.0003202155859210763,2.8441016343243308e-08,0.7227093029082869,0.05953665138015669,9.077317169077155e-07,0.40104326202043433,0.40223393862657114
1,0.5,74,37.0,37.5,0.00031162178640721993,0.00031433556619329245,3.102629440388319e-08,0.7096976370132557,0.05952577732318615,9.099705308721018e-07,0.40591235243304713,0.40714543184834134
1,0.5,75,37.5,38.0,0.00030694258976998647,0.0003093773356408516,3.299242473751157e-08,0.6988996713479336,0.0595088863387341,9.114199600864571e-07,0.4107083303982032,0.4119794527177297
1,0.5,76,38.0,38.5,0.00030321359823978896,0.0003053642302088474,3.434353815093619e-08,0.6903559220386093,0.05948638092143653,9.120944095471145e-07,0.41544604287069986,0.4167507688147429
1,0.5,77,38.5,39.0,0.00030049405530375387,0.0003023369105880585,3.5081127994739114e-08,0.684149032462621,0.059458674099803356,9.120066633273789e-07,0.420141262484821,0.4214747830426813
1,0.5,78,39.0,39.5,0.00029877131630454655,0.00030031257676401806,3.520096522081906e-08,0.6803115147789249,0.059426183927422487,9.111638546857007e-07,0.4248095643020795,0.42616716705461916
1,0.5,79,39.5,40.0,0.000298010697554679,0.0002992590863457424,3.472571304423064e-08,0.6787666834061645,0.05938932752377029,9.096005211594903e-07,0.4294659814513714,0.4308430902787714
1,0.5,80,40.0,40.5,0.00029816498953802255,0.00029913669444178335,3.368327075787582e-08,0.6794225398391445,0.059348515919715066,9.073572490036153e-07,0.43412480941290293,0.4355171011294242
1,0.5,81,40.5,41.0,0.00029914609374708965,0.0002998652528359114,3.214468142056018e-08,0.6820967378801523,0.05930414915896476,9.045180215333576e-07,0.4387989671277012,0.4402024957049854
1,0.5,82,41.0,41.5,0.0003008750331389685,0.00030136573578602466,3.0177445932335484e-08,0.6866101625826568,0.059256611916694284,9.011635690674339e-07,0.4435001395204976,0.44491133532664195
1,0.5,83,41.5,42.0,0.00030322281985914945,0.00030352774715067336,2.7834370387117696e-08,0.6927124369175153,0.059206269847705086,8.973597409427368e-07,0.44823799608079684,0.44965395637587124
1,0.5,84,42.0,42.5,0.00030604774565121074,0.0003062038796798677,2.5246548768665528e-08,0.700068079957477,0.059153466468170185,8.932499008616282e-07,0.453019992106597,0.45443839199586916
1,0.5,85,42.5,43.0,0.00030924993881682695,0.00030928981767590114,2.2508102979091477e-08,0.7084388699832702,0.05909852121634774,8.889396307223807e-07,0.4578520224006099,0.4592710453970551
1,0.5,86,43.0,43.5,0.00031268829609799507,0.0003126523955285482,1.9750332470392165e-08,0.717519362360677,0.05904172821279014,8.845699574975458e-07,0.4627377770271411,0.46415623907718867
1,0.5,87,43.5,44.0,0.0003162384069335172,0.00031616582504806576,1.7077282248902093e-08,0.7270193268793919,0.058983355793133865,8.802526714748993e-07,0.4676790021354773,0.46909633009356466
1,0.5,88,44.0,44.5,0.00031974659668086844,0.0003196850918952191,1.4607919997331603e-08,0.7366023978038869,0.058923647310066635,8.76112180555214e-07,0.4726750427086159,0.47409140965442753
1,0.5,89,44.5,45.0,0.0003230892369318892,0.00032306970150270916,1.2451131265129103e-08,0.7459402578952342,0.05886282285712269,8.722610443124678e-07,0.47772331203567664,0.4791393737404073
1,0.5,90,45.0,45.5,0.00032613857266439476,0.0003262059023348007,1.0699188532099085e-08,0.7547639731497069,0.05880108231415373,8.687935064432906e-07,0.4828192272335578,0.4842363409643886
1,0.5,91,45.5,46.0,0.0003288250493985892,0.0003289848764965256,9.442785759697023e-09,0.7628139173623136,0.058738608820496474,8.658018624098977e-07,0.4879571186304108,0.48937672965964685
1,0.5,92,46.0,46.5,0.0003311377101223986,0.00033139458650865544,8.73239357408219e-09,0.7700531674582984,0.058675573425286745,8.633378811193083e-07,0.4931311453510733,0.4945547700738446
1,0.5,93,46.5,47.0,0.0003330384402370442,0.00033339957583002614,8.612035617191344e-09,0.7763899103097,0.058612139363088483,8.614470139979654e-07,0.498334870979777,0.4997641384461887
1,0.5,94,47.0,47.5,0.0003345371731099892,0.00033499350185674654,9.089019375671525e-09,0.7817993751193696,0.058548466615922154,8.601389736401052e-07,0.5035620143096206,0.5049984119127005
1,0.5,95,47.5,48.0,0.0003356532894397751,0.000336193477697386,1.0118813642025215e-08,0.7863112434634804,0.05848471696478657,8.593728256995689e-07,0.508806596957117,0.5102514350017221
1,0.5,96,48.0,48.5,0.00033645976805551903,0.0003370560754033244,1.1736156047209914e-08,0.7900476792125688,0.05842105863943263,8.591883113599732e-07,0.5140637808329845,0.515517936179899
1,0.5,97,48.5,49.0,0.0003369874143955708,0.00033763259585395535,1.383733118321892e-08,0.7931191902066931,0.05835767060313773,8.594874418212438e-07,0.5193292091829154,0.5207934454901171
1,0.5,98,49.0,49.5,0.00033725036024076613,0.0003379287671290065,1.634649329676323e-08,0.7955295516627832,0.0582947463414623,8.602015067445866e-07,0.5245987460616773,0.5260735824765078
1,0.5,99,49.5,50.0,0.0003374107928359436,0.0003380720598586594,1.9162266720216745e-08,0.7975693019503269,0.058232497733089875,8.61237727541957e-07,0.529870789699739,0.5313559584117994
1,0.5,100,50.0,50.5,0.0003374932996627197,0.0003381323053992245,2.2175092636916513e-08,0.7993946510994362,0.05817115773093336,8.624950828222588e-07,0.535144122506969,0.5366392756836623
1,0.5,101,50.5,51.0,0.0003375927416600557,0.0003381741740275079,2.5258042055456564e-08,0.8011503140279419,0.0581109812419458,8.638558066025476e-07,0.5404190090954074,0.5419232471528421
1,0.5,102,51.0,51.5,0.00033779432489259653,0.00033829403602062084,2.8326540631781055e-08,0.8030568098696125,0.05805224635390651,8.652449000382349e-07,0.5456970454218542,0.5472090914656643
1,0.5,103,51.5,52.0,0.00033814484163382347,0.00033855000683112276,3.12640554905267e-08,0.8052447627523116,0.05799525368783081,8.665554034832607e-07,0.5509805585723826,0.5524989353224007
1,0.5,104,52.0,52.5,0.00033865145330930126,0.00033896440300278195,3.396014042287426e-08,0.8077597763703566,0.05794032516339585,8.676863268885412e-07,0.5562719875303405,0.5577952541193192
1,0.5,105,52.5,53.0,0.0003393420216601735,0.00033954956692082585,3.632184599573415e-08,0.8106232308344761,0.05788780218973227,8.685546443537624e-07,0.5615742066187807,0.563100716102457
1,0.5,106,53.0,53.5,0.0003402650573740048,0.0003403553727173637,3.8292401079208574e-08,0.8139456617098639,0.0578380433484636,8.691137328750894e-07,0.5668908481402496,0.5684187688011658
1,0.5,107,53.5,54.0,0.00034143555095685063,0.00034140451308717015,3.981263223262754e-08,0.8177724995886342,0.057791420772196476,8.693144960110877e-07,0.5722257786239503,0.573753214318153
1,0.5,108,54.0,54.5,0.00034286329809653585,0.00034270790580189213,4.08384111909299e-08,0.8221204726050716,0.057748315889338285,8.691229759622399e-07,0.5775830176567088,0.5791080253463075
1,0.5,109,54.5,55.0,0.0003445031068312989,0.0003442451783406102,4.134559685375558e-08,0.8269305296831987,0.0577091149016025,8.685248748962334e-07,0.5829658787009477,0.5844868562578796
1,0.5,110,55.0,55.5,0.0003462847694245552,0.00034593413703711934,4.134635200772445e-08,0.8319939940319275,0.05767420386015834,8.675426061942552e-07,0.5883765782232064,0.5898920771490845
1,0.5,111,55.5,56.0,0.0003482840259637233,0.0003478185256333813,4.084640774053294e-08,0.8374039667279609,0.05764396442995129,8.661924696805789e-07,0.5938185161288896,0.5953267416121061
1,0.5,112,56.0,56.5,0.00035051012613397767,0.00034992244204678347,3.986789241685988e-08,0.8432062785670285,0.05761876905540161,8.64506806046569e-07,0.599295236849733,0.6007942797690871
1,0.5,113,56.5,57.0,0.00035294952285667806,0.00035224168910690586,3.844175423990681e-08,0.8493784335826218,0.057598975150901705,8.625264602854803e-07,0.6048100731443686,0.6062980561613825
1,0.5,114,57.0,57.5,0.000355578454413024,0.00035475451273965383,3.6620049332540885e-08,0.8558553698965823,0.0575849200091756,8.6031295369253e-07,0.6103659864945721,0.6118410954229396
1,0.5,115,57.5,58.0,0.000358321000350853,0.0003574046394140097,3.4440483548392464e-08,0.8624886149116651,0.05757691624840629,8.579126525144131e-07,0.6159647521250542,0.6174255429137835
1,0.5,116,58.0,58.5,0.0003611868955048444,0.0003601579920498974,3.194740056419558e-08,0.8691833777469191,0.057575247764573054,8.5537901406499e-07,0.6216082973673174,0.6230530115395632
1,0.5,117,58.5,59.0,0.0003641927796430712,0.00036304586247849383,2.9174089908202278e-08,0.8760031008886131,0.05758016665797426,8.527535135945217e-07,0.6272988095492403,0.6287256031407896
1,0.5,118,59.0,59.5,0.0003673189693976053,0.00036605565434302026,2.6144634641695613e-08,0.8829059735288916,0.05759188929464662,8.500672114163589e-07,0.6330381684460779,0.6344452227398993
1,0.5,119,59.5,60.0,0.0003705350815975802,0.0003691605681854601,2.287876142790385e-08,0.8898168013403391,0.0576105929929458,8.473456654072989e-07,0.63882777909604,0.6402133566177971
1,0.5,120,60.0,60.5,0.00037381528443284533,0.00037233324563686233,1.9393008719292143e-08,0.8966602311411737,0.05763641336265154,8.446097787147645e-07,0.6446686429153032,0.646031063580873
1,0.5,121,60.5,61.0,0.0003771237447124096,0.00037554363266283785,1.5685014315364523e-08,0.9033559108098538,0.057669442053724596,8.418599370634423e-07,0.6505612014264347,0.6518989328412299
1,0.5,122,61.0,61.5,0.0003804144712941395,0.0003787499076964589,1.1747156440731349e-08,0.9097970348472556,0.0577097247334602,8.390895132777117e-07,0.6565051775404056,0.657816900148987
1,0.5,123,61.5,62.0,0.0003836368883302988,0.00038190371464249964,7.572264168996534e-09,0.9158634222646688,0.05775725938745046,8.36290434955114e-07,0.6624995039205666,0.6637841456902761
1,0.5,124,62.0,62.5,0.0003867306770525634,0.0003849518759226151,3.140347834204582e-09,0.921426113730641,0.0578119948806968,8.334399667320418e-07,0.6685421707495128,0.6697990187515669
1,0.5,125,62.5,63.0,0.0003895899306036411,0.00038780405471927696,-1.5562799616716805e-09,0.9262706191440584,0.05787382969406015,8.336385426892399e-07,0.6746295134151946,0.6758584571065556
1,0.5,126,63.0,63.5,0.00039214753115487293,0.0003903762144804895,-6.5423158769790934e-09,0.9302018800941169,0.057942610970785055,8.406023381348477e-07,0.6807568185894896,0.6819580854578132
1,0.5,127,63.5,64.0,0.0003943334616222558,0.0003926069409491474,-1.1822054825968292e-08,0.9330833610408775,0.05801813411368727,8.480473934894531e-07,0.6869182789273373,0.6880925689101437
1,0.5,128,64.0,64.5,0.0003960731221528883,0.0003944214729563681,-1.7405980482897848e-08,0.9347514573604743,0.058100141934436134,8.559754180403258e-07,0.6931069214609762,0.6942554044250869
1,0.5,129,64.5,65.0,0.0003972541602167753,0.0003957240395239679,-2.3316766217459928e-08,0.934998087593504,0.05818832408904413,8.643992622276284e-07,0.6993140177143633,0.700438592542649
1,0.5,130,65.0,65.5,0.0003978165760508655,0.0003964247436278079,-2.9449216506355347e-08,0.9336350101776558,0.05828231664437911,8.732035469732294e-07,0.7055299017151582,0.7066327291618334
1,0.5,131,65.5,66.0,0.00039776731359984427,0.0003965206778999368,-3.580403805034105e-08,0.9306841528130073,0.05838170228987471,8.823782143749576e-07,0.7117450159901557,0.7128283647540198
1,0.5,132,66.0,66.5,0.0003970935203400105,0.0003959996957678521,-4.2322148121557573e-08,0.9261489673823307,0.05848601027384828,8.918527111923315e-07,0.7179496022454684,0.7190158600003925
1,0.5,133,66.5,67.0,0.00039583887453517293,0.00039488933631363834,-4.894211421942532e-08,0.9201284982737384,0.05859471626411603,9.015535605557082e-07,0.7241345846600805,0.7251860058802931
1,0.5,134,67.0,67.5,0.00039405966166169374,0.0003932377667002852,-5.556211343186318e-08,0.9127710159430356,0.058707242709418093,9.113659382085253e-07,0.7302917668735445,0.7313303459849851
1,0.5,135,67.5,68.0,0.00039184423866084036,0.00039112654888594006,-6.208085251121001e-08,0.9043021089223606,0.05882295932693712,9.211741809327872e-07,0.7364143331026202,0.737441698311328
1,0.5,136,68.0,68.5,0.0003893074024965142,0.0003886588032223744,-6.838401397967278e-08,0.8949953581989613,0.058941184126591877,9.30848248871299e-07,0.7424972612666282,0.7435144921116776
1,0.5,137,68.5,69.0,0.0003865812950736751,0.00038596408307589895,-7.435093390007613e-08,0.8851819833762951,0.059061185031219036,9.402497469227518e-07,0.7485375940021544,0.7495451809097384
1,0.5,138,69.0,69.5,0.0003837765703040841,0.00038316281109794623,-7.985103045449193e-08,0.8751679212539372,0.059182182062228327,9.492278763894469e-07,0.7545341029131557,0.7555320998331438
1,0.5,139,69.5,70.0,0.0003810409394902352,0.00038038331886658714,-8.475395699191271e-08,0.8652726785101131,0.05930335037495198,9.576301412091537e-07,0.7604878675926906,0.7614755891904342
1,0.5,140,70.0,70.5,0.0003785178357142247,0.00037778149755718165,-8.89397958989558e-08,0.8558732859511072,0.059423824558702106,9.65311864145105e-07,0.7664022087757253,0.7673784250897653
1,0.5,141,70.5,71.0,0.00037628706325821214,0.00037545502155405576,-9.227946096645144e-08,0.8472094799679284,0.05954270337730101,9.721169531196158e-07,0.7722816941391349,0.7732449098015474
1,0.5,142,71.0,71.5,0.00037447074683088404,0.0003735139792869034,-9.466832578313225e-08,0.8395452274191106,0.05965905573497017,9.779124520994076e-07,0.7781327995583674,0.7790810657279051
1,0.5,143,71.5,72.0,0.00037311958581504826,0.00037203701744956136,-9.601777623772373e-08,0.833070223076138,0.05977192801882074,9.825795647779073e-07,0.7839627930867276,0.7848941441255546
1,0.5,144,72.0,72.5,0.00037217117942511856,0.0003710068147283607,-9.625753549834595e-08,0.8277576179333662,0.05988035188500207,9.86016545823393e-07,0.7897779677652451,0.7906911256056852
1,0.5,145,72.5,73.0,0.0003716248866525115,0.0003703770377008577,-9.532689878655534e-08,0.823516977807127,0.05998335344275263,9.881314789368783e-07,0.7955846066191905,0.7964782668197611
1,0.5,146,73.0,73.5,0.00037143184678400313,0.00037014183355716664,-9.318557969077539e-08,0.8203493318775379,0.06007996418777646,9.888528799961828e-07,0.8013882292251906,0.8022617329690918
1,0.5,147,73.5,74.0,0.0003715328390062852,0.0003702363251825671,-8.982741763938727e-08,0.8181258026944884,0.0601692311180489,9.8814411407715e-07,0.8071934298346637,0.8080466755500694
1,0.5,148,74.0,74.5,0.00037182213919636576,0.0003705668131653808,-8.527012004344928e-08,0.8166559350274085,0.060250227830602215,9.859934573648055e-07,0.8130031507596069,0.8138367820057784
1,0.5,149,74.5,75.0,0.0003721828042490788,0.00037102411326878364,-7.955440791849663e-08,0.8157173756772785,0.060322065617108796,9.824137325345646e-07,0.8188185070759987,0.8196340337756031
1,0.5,150,75.0,75.5,0.0003724717505250194,0.00037147015414633897,-7.274378399950085e-08,0.8150261222589554,0.06038390458942595,9.774422795715098e-07,0.8246383781779522,0.8254382549341396
1,0.5,151,75.5,76.0,0.00037254554073611447,0.00037175837946573176,-6.49214401582561e-08,0.8142808288235208,0.06043496454461525,9.711382397392404e-07,0.8304594022519539,0.8312469796132916
1,0.5,152,76.0,76.5,0.0003722768588480703,0.0003717556978703532,-5.619283234906125e-08,0.8132096794697558,0.06047453541550343,9.635854005489571e-07,0.836276228171455,0.8370556623925159
1,0.5,153,76.5,77.0,0.00037153173577595625,0.00037132751650746583,-4.6682074408312124e-08,0.8115361046264601,0.06050198686461807,9.548888197976032e-07,0.8420814115429542,0.8428576548379451
1,0.5,154,77.0,77.5,0.00037015873187136884,0.0003703301916865426,-3.6488779072037236e-08,0.8089608953249423,0.06051677683978364,9.451316064078931e-07,0.8478651417284445,0.8486440640830473
1,0.5,155,77.5,78.0,0.00036807960366708973,0.0003686439001020417,-2.5786032372722423e-08,0.8052325363592459,0.06051845917404296,9.344735934469109e-07,0.8536163855357427,0.8544041250221417
1,0.5,156,78.0,78.5,0.00036528914102211714,0.00036624347802825244,-1.4697097249286029e-08,0.8003005001546315,0.060506690490100844,9.230281195881915e-07,0.8593240283642133,0.8601266793663331
1,0.5,157,78.5,79.0,0.00036182231013690003,0.0003631586817869305,-3.3845137525911895e-09,0.794227862646731,0.06048123485804396,9.109508232907756e-07,0.8649775019601024,0.8658010337692539
1,0.5,158,79.0,79.5,0.0003576892806235153,0.00035939373055563514,7.980097808252262e-09,0.7870155453121781,0.06044196659881668,9.143701566072283e-07,0.8705663969698447,0.8714165608091857
1,0.5,159,79.5,80.0,0.0003529969688273278,0.00035502864093470984,1.928554079367456e-08,0.7788243906050991,0.06038887185699828,9.240880197664783e-07,0.8760819746077717,0.8769638833237905
1,1.0,0,0.0,1.0,0.001692302534112275,0.001715882172667929,6.691830418958933e-08,0.9964367586030414,0.05868591209118389,3.469092850869314e-06,0.026442227095504298,0.02681065894793639
1,1.0,1,1.0,2.0,0.001631938561687112,0.0016592653390590474,1.0104786038554053e-07,0.9637631710040258,0.05867968249376566,3.502215406941277e-06,0.05194126712186542,0.052736679870734
1,1.0,2,2.0,3.0,0.0015686161122195983,0.0015977796857845725,1.2444543716870482e-07,0.9295974416409561,0.058630822341478324,3.5196964698821003e-06,0.07645089387529665,0.07770198746111795
1,1.0,3,3.0,4.0,0.0015067507655319185,0.0015362224159550504,1.375656349372062e-07,0.8964443578132872,0.05854372844920368,3.522531892348725e-06,0.09999387458673287,0.10170546271041561
1,1.0,4,4.0,5.0,0.0014490202294068833,0.0014778855565852542,1.4192191130071516e-07,0.8659462798688441,0.05842381666559732,3.512889590374062e-06,0.12263481567121542,0.1247974245320602
1,1.0,5,5.0,6.0,0.0013966997595579382,0.0014242292387024577,1.3987569911404554e-07,0.8387134158249729,0.058277129439767365,3.4938521947957347e-06,0.1444582494143082,0.14705100638678612
1,1.0,6,6.0,7.0,0.0013508007691736042,0.0013765374225097782,1.340235251615779e-07,0.8152974910564473,0.05811001080715756,3.4687626222412725e-06,0.16556451143264578,0.16855940361350139
1,1.0,7,7.0,8.0,0.0013123587981812093,0.0013355564794593684,1.268702118281933e-07,0.79598016517399,0.057928862973917306,3.440873308772234e-06,0.1860701176542272,0.18942747360505402
1,1.0,8,8.0,9.0,0.0012817937875182362,0.0013021368797006341,1.2030341501982622e-07,0.7811479499632441,0.05773998528156028,3.4127947353719133e-06,0.20609814558419964,0.2097733623503764
1,1.0,9,9.0,10.0,0.0012587331465389292,0.0012761906096292385,1.154250758054684e-07,0.7706597189949667,0.0575494848320704,3.386318786921883e-06,0.2257658509988704,0.22971384062583325
1,1.0,10,10.0,11.0,0.001241923097810415,0.0012567775411058645,1.1229664802561712e-07,0.7638724453340229,0.05736325426791925,3.3621626562625224e-06,0.2451708994021581,0.2493509897056124
1,1.0,11,11.0,12.0,0.0012297837261763685,0.0012423962175624767,1.1002729523182722e-07,0.7597935759733121,0.0571869914628174,3.3400598775543674e-06,0.26438627012366384,0.2687634306050261
1,1.0,12,12.0,13.0,0.0012195722510038873,0.0012309073304349837,1.0707149733415328e-07,0.7570177133642253,0.05702622930280987,3.3190639311829128e-06,0.2834420865455996,0.28799635764307274
1,1.0,13,13.0,14.0,0.001210116307716098,0.001220072390927926,1.0153012093734592e-07,0.7540491443242949,0.05688633727737011,3.2978622418351605e-06,0.3023501538536636,0.30705998875132157
1,1.0,14,14.0,15.0,0.001201064731931661,0.0012097326748169532,9.137010986183525e-08,0.7506606319146685,0.05677248226820352,3.2749898653271232e-06,0.3211167902900958,0.3259620617953365
1,1.0,15,15.0,16.0,0.0011931770677998214,0.0011999870403419592,7.514622650875435e-08,0.7467949492316832,0.05668949519032149,3.24953873162842e-06,0.33976018197446806,0.3447118593006796
1,1.0,16,16.0,17.0,0.001188445248670237,0.0011925895949384034,5.2022200432849663e-08,0.7434453542551271,0.05664166092188395,3.2211492721389057e-06,0.35832963898494047,0.36334607172159217
1,1.0,17,17.0,18.0,0.0011894418749539212,0.0011899817669159451,2.2149660473813615e-08,0.7420612317667674,0.05663244083392015,3.1903561577591872e-06,0.3769146682810955,0.38193953682965376
1,1.0,18,18.0,19.0,0.0011991103705248883,0.001195109755723274,-1.3273893980508822e-08,0.7444248316297096,0.05666416167557783,3.1851594636251917e-06,0.39565076782054687,0.40061312676282995
1,1.0,19,19.0,20.0,0.001219676991303308,0.0012106266589607451,-5.209231844667539e-08,0.7521361817950389,0.056737719237082124,3.232353230992946e-06,0.4147082208096611,0.41952916830909165
1,1.0,20,20.0,21.0,0.0012519426373867396,0.0012378648194913758,-9.145052718567692e-08,0.7659606339066449,0.056852345029056305,3.284698555409104e-06,0.4342698245188289,0.4388708061136444
1,1.0,21,21.0,22.0,0.0012952235268276005,0.0012768349990589345,-1.281500874930619e-07,0.7858351265592514,0.05700548805197977,3.3387215770983263e-06,0.4545076921255102,0.4588213529739402
1,1.0,22,22.0,23.0,0.001346891419758016,0.0013254236786280754,-1.5911974376309201e-07,0.8104035959486521,0.05719284236431637,3.390887041617536e-06,0.4755528705592292,0.4795310979525039
1,1.0,23,23.0,24.0,0.0014039353950249037,0.0013805196002770123,-1.818393796440554e-07,0.8377602046970296,0.057408529541698526,3.4380429230089967e-06,0.4974893611064933,0.5011017167068322
1,1.0,24,24.0,25.0,0.0014633244561759705,0.0014395266435844383,-1.9456680272131321e-07,0.8664032484669444,0.057645421037867746,3.4776746049554087e-06,0.5203538057342428,0.523594320512839
1,1.0,25,25.0,26.0,0.0015205094718174633,0.001498084075388615,-1.9670047422815085e-07,0.8938730412517599,0.05789554838236227,3.50830493076962e-06,0.5441117662313908,0.5470018841907862
1,1.0,26,26.0,27.0,0.0015710539535714087,0.0015517550490989245,-1.8873410903910703e-07,0.9177940953851218,0.05815056673890297,3.5294958015894263e-06,0.5686594842559439,0.5712480568329569
1,1.0,27,27.0,28.0,0.0016106375845686876,0.0015961094325788092,-1.72051503812172e-07,0.9359093135172671,0.05840223202628817,3.54169098308718e-06,0.5938256965148297,0.5961872667170007
1,1.0,28,28.0,29.0,0.0016353687758464608,0.0016270439445258062,-1.4868083108351277e-07,0.9462357466073621,0.05864283587476646,3.5460164266614744e-06,0.6193783336374307,0.6216098283502165
1,1.0,29,29.0,30.0,0.001642314461212541,0.001641185426074308,-1.2089877676237093e-07,0.947250790403398,0.0588655675393479,3.543929864078099e-06,0.6450394970938766,0.6472533506326276
1,1.0,30,30.0,31.0,0.0016298524861201192,0.00163638223276543,-9.105375729963339e-08,0.9381181418999347,0.059064782384160165,3.5370851939242916e-06,0.6705059421895034,0.6728218230195875
1,1.0,31,31.0,32.0,0.0015982019782447066,0.0016121921737780695,-6.094471275428295e-08,0.9189098373595859,0.059236167390016484,3.526744094825155e-06,0.695477848099577,0.6980123257348698
1,1.0,32,32.0,33.0,0.0015497263941916884,0.0015699019727782207,-3.213095476576472e-08,0.8905716378135946,0.05937680643110352,3.5141051400898308e-06,0.7196923230088221,0.7225420440595294
1,1.0,33,33.0,34.0,0.0014893000136737286,0.001513952439899018,-5.76593348164834e-09,0.8557067702514505,0.05948515942924274,3.5001401660423114e-06,0.7429626357224741,0.7461975509329516
1,1.0,34,34.0,35.0,0.001422485304936258,0.0014494485732828616,1.7454473658085057e-08,0.8171643010044677,0.05956096295138058,3.5204385722860476e-06,0.7651889686121032,0.7688451848904964
1,1.0,35,35.0,36.0,0.0013563920918212757,0.0013830890217026855,3.690844017413021e-08,0.7785986659021814,0.059605074793184484,3.5448334720362185e-06,0.7863825950468106,0.7904559508546009
1,1.0,36,36.0,37.0,0.0012977204435929788,0.0013219816772107238,5.2143212322594557e-08,0.7438440058313187,0.05961928755088814,3.5615646757036445e-06,0.8066594769779509,0.8111119145610184
1,1.0,37,37.0,38.0,0.0012516911526550527,0.0012718815909864894,6.277244763049084e-08,0.7159704512782736,0.05960611125550447,3.5705387254052258e-06,0.8262171512381861,0.8309850644201823
1,1.0,38,38.0,39.0,0.0012208547547139688,0.0012364213730269031,6.850153614831878e-08,0.6968870639827862,0.05956855266985407,3.5717964818149966e-06,0.8452930067805919,0.8503041483737277
1,1.0,39,39.0,40.0,0.0012060268859108206,0.0012167450319690621,6.931444867597572e-08,0.6871493106363422,0.05950990145513675,3.5656932580638154e-06,0.8641371768729486,0.8693157894982443
1,1.0,40,40.0,41.0,0.0012063614762869712,0.0012126323834693268,6.54870291050269e-08,0.6865876377165638,0.05943353868912346,3.552901812074999e-06,0.8829865749399325,0.8882631704899525
1,1.0,41,41.0,42.0,0.0012195293699226832,0.00122215938943618,5.787133546333867e-08,0.6941005155183699,0.059342759648209384,3.5346838960181636e-06,0.9020417213449743,0.9073594109498928
1,1.0,42,42.0,43.0,0.0012418904107637649,0.0012420978554137218,4.771746582674791e-08,0.7078586891323806,0.05924062340235174,3.512685719417146e-06,0.9214462590131581,0.9267671899407322
1,1.0,43,43.0,44.0,0.001269461294147092,0.0012684146182862894,3.678852553449727e-08,0.725567452211539,0.05912984230167248,3.4890191385486378e-06,0.9412815917342066,0.9465861683514555
1,1.0,44,44.0,45.0,0.001297973438655971,0.001297016522548418,2.6913802779297835e-08,0.7448762974353981,0.05901272572917827,3.4657818936172268e-06,0.9615624267132061,0.9668520515162746
1,1.0,45,45.0,46.0,0.0013232333103843147,0.0013235087220590139,1.9812399048614593e-08,0.76323143897736,0.05889118265578074,3.4448744094478836e-06,0.9822379471879611,0.9875318752984467
1,1.0,46,46.0,47.0,0.0013428254985430824,0.0013446726811711172,1.678561418159974e-08,0.7787223240149107,0.05876679096656257,3.4277239832304816e-06,1.0032195956026968,1.0085423859417453
1,1.0,47,47.0,48.0,0.0013561289543052445,0.0013595207115320645,1.8415054494746314e-08,0.790704544126621,0.05864092261920872,3.415024120720828e-06,1.0244091105137163,1.0297848970594337
1,1.0,48,48.0,49.0,0.001363931770774136,0.00136830846836414,2.4583052664686744e-08,0.7992473488728185,0.05851489135842806,3.406792556462295e-06,1.045720544432062,1.0511647168776233
1,1.0,49,49.0,50.0,0.0013676084333285711,0.0013724292000993142,3.437127664689815e-08,0.8050844515560187,0.05839010456770792,3.4022854163637634e-06,1.067089426202821,1.072608923129175
1,1.0,50,50.0,51.0,0.0013696092302194853,0.0013739635750380358,4.620956602563106e-08,0.8093606128889586,0.05826819629034454,3.400151059420202e-06,1.0884895704250006,1.0940771039891446
1,1.0,51,51.0,52.0,0.0013722795555291432,0.0013753789303772572,5.831871225953772e-08,0.8134598244909024,0.058151125795875974,3.3988617470985455e-06,1.1099314384801435,1.1155673997762892
1,1.0,52,52.0,53.0,0.0013772579756073625,0.001378827752696899,6.898883456478086e-08,0.8185911653149831,0.058041212890080914,3.3969859311447547e-06,1.1314510943490086,1.1371115834121783
1,1.0,53,53.0,54.0,0.0013853334593055353,0.0013850930291671617,7.679103213552307e-08,0.8251544429350555,0.0579411150059798,3.393397307688686e-06,1.1530969296506577,1.158753661992915
1,1.0,54,54.0,55.0,0.0013972188813231733,0.0013950916244491092,8.083368151180423e-08,0.8336228630812119,0.0578537553801879,3.387526928588984e-06,1.1749284746713322,1.1805519686249324
1,1.0,55,55.0,56.0,0.0014120717721279531,0.0014084553909988033,8.07807616696847e-08,0.8436938279371775,0.057782204907354855,3.37937140125491e-06,1.1969920961108316,1.2025590841092888
1,1.0,56,56.0,57.0,0.0014301122659144227,0.001424670840865418,7.681125998139707e-08,0.8549652277008952,0.05772953238302495,3.3694479063808152e-06,1.2193376002657446,1.224819565997811
1,1.0,57,57.0,58.0,0.0014512643188115645,0.0014441087213539871,6.945378320057961e-08,0.8675580095528825,0.057698653919186216,3.3586096394617e-06,1.2420136052471753,1.247383764768967
1,1.0,58,58.0,59.0,0.0014744519131545306,0.0014656919234105048,5.939701920110521e-08,0.8807222464691709,0.05769216832364756,3.3478419246668627e-06,1.2650519163902147,1.2702852010722563
1,1.0,59,59.0,60.0,0.0014996855290427867,0.0014891439536534666,4.7176747393178065e-08,0.8941928036010479,0.057712216460830475,3.33793800549494e-06,1.2884845027815082,1.2935530753480915
1,1.0,60,60.0,61.0,0.001526284969449128,0.0015140714243217634,3.31097575398398e-08,0.9076458362744689,0.05776037038160747,3.329406715545085e-06,1.3123327054291507,1.3172104413531192
1,1.0,61,61.0,62.0,0.0015531631368951894,0.001539571461881092,1.722817382851516e-08,0.9204714104996173,0.05783753455000499,3.3223890786590638e-06,1.3366008794431379,1.341266245445011
1,1.0,62,62.0,63.0,0.0015786560512879811,0.0015642786777944945,-6.315398716136289e-10,0.9318136376538758,0.057943874221951096,3.317997238796571e-06,1.3612673802445128,1.36570809978555
1,1.0,63,63.0,64.0,0.0016002127645664043,0.0015859694874357261,-2.07111765003834e-08,0.9403513010365898,0.0580787615116275,3.3535355686897906e-06,1.3862707046908627,1.3904888730267333
1,1.0,64,64.0,65.0,0.0016153874679458316,0.0016022398280721465,-4.321190245990675e-08,0.9447214758769276,0.05824073744167148,3.3945671330627064e-06,1.4115111338775164,1.4155238703403605
1,1.0,65,65.0,66.0,0.0016214527816781352,0.0016103746359815803,-6.79047414972947e-08,0.9434577630173174,0.05842748969504633,3.4405990476845807e-06,1.4368463335912371,1.4406859740275728
1,1.0,66,66.0,67.0,0.0016175546346732482,0.0016088000935952007,-9.409273668201101e-08,0.9358490635868316,0.05863583771628006,3.4906004783626694e-06,1.4621206247580067,1.4658234754899977
1,1.0,67,67.0,68.0,0.0016045735170801094,0.0015978302559641372,-1.2066442479571893e-07,0.9223473297207202,0.058861736567303306,3.5430531824095055e-06,1.4871920859623835,1.4907895732394372
1,1.0,68,68.0,69.0,0.0015851711617766414,0.0015795485848163111,-1.459536366739747e-07,0.9044483826318581,0.05910028823709694,3.5957967722793393e-06,1.5119603853651435,1.515470019877192
1,1.0,69,69.0,70.0,0.00156325437704956,0.0015576100395201518,-1.6800686834968215e-07,0.8845230067662648,0.0593457742129543,3.6462755042638565e-06,1.536386235006543,1.5398076767446944
1,1.0,70,70.0,71.0,0.0015431028333006492,0.0015362271148848072,-1.8476677769111577e-07,0.865194089219871,0.059591722524238645,3.6917077438128344e-06,1.5604972167768656,1.5638112254147696
1,1.0,71,71.0,72.0,0.001528358202959977,0.0015194718017869494,-1.9431120250454e-07,0.8489258659034251,0.05983102418398468,3.7293316086021273e-06,1.5843778136981153,1.5875529723176907
1,1.0,72,72.0,73.0,0.001520513576328594,0.001509961369027959,-1.951917021872536e-07,0.8373007189689667,0.06005610801596935,3.7567693607679027e-06,1.6081358383282496,1.6111461187087526
1,1.0,73,73.0,74.0,0.0015187234143737441,0.0015072461406162576,-1.8648163467669537e-07,0.830171381425864,0.06025917883763491,3.772121120067248e-06,1.6318658916778392,1.6346968396558816
1,1.0,74,74.0,75.0,0.001520805053554287,0.0015098298098965746,-1.6802073027431114e-07,0.8268306342131988,0.060432521642810405,3.7742615589309977e-06,1.6556284706396251,1.6582879304355156
1,1.0,75,75.0,76.0,0.001522966263594154,0.0015143499645727128,-1.404520261136244e-07,0.8255771748520874,0.06056884401834834,3.762925233612959e-06,1.6794248185082838,1.6819496486319643
1,1.0,76,76.0,77.0,0.0015207249763290204,0.0015162972681090476,-1.0512979206796225e-07,0.8241119507975211,0.060661628920143214,3.738659739090377e-06,1.7031861462634248,1.705641793446168
1,1.0,77,77.0,78.0,0.001509733853456362,0.001511185598611872,-6.389226629884004e-08,0.8201477509997801,0.060705473614643124,3.7026388325825043e-06,1.7267757377236803,1.7292540684244786
1,1.0,78,78.0,79.0,0.0014873770811766277,0.0014951758348309572,-1.899239132109598e-08,0.8117020191627086,0.060696384095034375,3.656630257204051e-06,1.7500160046170652,1.7526161908437121
1,1.0,79,79.0,80.0,0.0014541565160750471,0.0014679246428476803,2.708892444559796e-08,0.7986010586729757,0.06063200608988133,3.657015199823235e-06,1.7727372001807378,1.775552513388207
1,2.0,0,0.0,2.0,0.006667444836818746,0.006863528690670572,1.5588248153571016e-07,0.9964367586028753,0.05868591209118389,1.3726832265178433e-05,0.10417882557529291,0.10724263579172769
1,2.0,1,2.0,4.0,0.00617129099493488,0.0064044885969788716,2.522915974745299e-07,0.9309254017856436,0.05865023952508383,1.3805698802804275e-05,0.2006052473711504,0.20731277011952254
1,2.0,2,4.0,6.0,0.0057086967854567934,0.005936392233439216,2.7454826537470084e-07,0.8685110384668691,0.05845997496086465,1.3739545355069526e-05,0.28980363464391284,0.30006889876701026
1,2.0,3,6.0,8.0,0.005339876462082051,0.005540671447182827,2.5584799141342013e-07,0.8190154640727983,0.05815943116584251,1.3582616998187152e-05,0.37323920436394487,0.38664189012924194
1,2.0,4,8.0,10.0,0.005093100550049779,0.005251128686268693,2.3257023403725624e-07,0.7859294194350392,0.057798898231656744,1.3394866389390748e-05,0.4528189004584727,0.4686907758521902
1,2.0,5,10.0,12.0,0.00495971437881877,0.00507627805736036,2.2083842658900121e-07,0.7696036585042412,0.05742805952257841,1.3215202652268742e-05,0.530314437627516,0.5480076204984459
1,2.0,6,12.0,14.0,0.004886759784072265,0.004978070167269694,2.0858575200920215e-07,0.7635753781199853,0.05709387910937417,1.305255518659248e-05,0.606670059253645,0.6257899668620348
1,2.0,7,14.0,16.0,0.00482776116592603,0.004897499491312734,1.6744899817427994e-07,0.7579234190831687,0.05684071583641711,1.289808865089074e-05,0.6821038274712393,0.7023133964137963
1,2.0,8,16.0,18.0,0.004802384695368644,0.004832296403091745,7.493901232891176e-08,0.7513059728282258,0.056709179538942216,1.2747136750305458e-05,0.7571410883363744,0.7778180277121048
1,2.0,9,18.0,20.0,0.0048851809626581505,0.004845989974261977,-6.629454600559637e-08,0.7528585330923645,0.05673088638935293,1.274876213160843e-05,0.8334720408779079,0.8535366210599483
1,2.0,10,20.0,22.0,0.0051412219081463754,0.005022036900490629,-2.2352665963662477e-07,0.7750425822488625,0.05691964330499893,1.2991078077554215e-05,0.9138036331926951,0.9320059476301144
1,2.0,11,22.0,24.0,0.005552164629143992,0.0053789757150216055,-3.48296538395243e-07,0.8201895244294808,0.05726347308648867,1.3270847428728855e-05,1.0005562055230701,1.0160524431773268
1,2.0,12,24.0,26.0,0.0060278914865871565,0.005843148936527939,-4.014013885063339e-07,0.876837167182926,0.05772301472801008,1.3532137821573317e-05,1.0947420100009944,1.1073516453105758
1,2.0,13,26.0,28.0,0.006440841286062558,0.006299851486342599,-3.7249072622896895e-07,0.9286989963099141,0.05823883378819399,1.3738635614883758e-05,1.1953801550957217,1.205786824784679
1,2.0,14,28.0,30.0,0.006655573434015384,0.006607992642437813,-2.8160117807735086e-07,0.9574161122742021,0.058744797569071736,1.3880464434678994e-05,1.2993734900022118,1.30903670982277
1,2.0,15,30.0,32.0,0.00657894315189584,0.006651181809293191,-1.6340741954695703e-07,0.9494826207983809,0.05918217228516526,1.3964645736238205e-05,1.4021694767505843,1.412961425592976
1,2.0,16,32.0,34.0,0.006214040204149016,0.006389391854749068,-4.807189108758936e-08,0.9020971187010636,0.05950974868633478,1.400128231844857e-05,1.4992638549404127,1.5127956733234305
1,2.0,17,34.0,36.0,0.005691220706824415,0.005910286461751144,4.596998921845355e-08,0.8289213284601066,0.05970801186647197,1.4091096287093818e-05,1.5881891784845443,1.6051438992882918
1,2.0,18,36.0,38.0,0.005215910065338387,0.005403522634963353,1.0885746349210274e-07,0.7560765113651406,0.05977789481926289,1.4186154568260675e-05,1.6696877732554567,1.6895739404595942
1,2.0,19,38.0,40.0,0.0049522966267511355,0.005067104243459307,1.3439716882142697e-07,0.7100028631762298,0.0597358257671683,1.4191645612218524e-05,1.747067408048443,1.768747444263646
1,2.0,20,40.0,42.0,0.004938125531079345,0.004980786294924727,1.222095576572206e-07,0.7009282606242688,0.05960698717475965,1.4118892914769302e-05,1.8242256194715578,1.8465722301218448
1,2.0,21,42.0,44.0,0.005107893429675104,0.005108139920637881,8.435440412759426e-08,0.7234153763525146,0.05941861531081262,1.399317420249472e-05,1.9040364543102313,1.9263869163818117
1,2.0,22,44.0,46.0,0.00533811157863558,0.005335670985222344,4.59021973035767e-08,0.761366944155656,0.05919465780949959,1.3851226557834288e-05,1.9874444477264124,2.009756775525911
1,2.0,23,46.0,48.0,0.0055115128807454,0.005532737687393005,3.261557231584722e-08,0.7959736321474515,0.058952971674487174,1.3726715799259799e-05,2.073561836488059,2.096205801891427
1,2.0,24,48.0,50.0,0.0055969934271570525,0.005635230299199077,5.470414085780029e-08,0.8175487347769954,0.05870620563458799,1.3635162800836762e-05,2.161014858787388,2.1842562753164123
1,2.0,25,50.0,52.0,0.005635981007453144,0.0056689588757237236,9.943651387359087e-08,0.8292193003350674,0.058465807791824594,1.356926344968606e-05,2.249077062028843,2.2728337577495954
1,2.0,26,52.0,54.0,0.005691781825483754,0.005701252104955121,1.4044215417355344e-07,0.8402370939538913,0.058246414940720234,1.3509692296399036e-05,2.338011153052027,2.3619158218895193
1,2.0,27,54.0,56.0,0.005795059998740385,0.005777271252147181,1.5601414008197152e-07,0.856681746997398,0.0580679674571164,1.3443810084373386e-05,2.4285589655323454,2.452185685204319
1,2.0,28,56.0,58.0,0.005944233898686813,0.005901908017991058,1.4004415471681117e-07,0.8785994534354723,0.057954312216699305,1.3376105698210984e-05,2.5214376201993267,2.5444029979854292
1,2.0,29,58.0,60.0,0.0061335994838503174,0.006066933310420178,9.944950726120672e-08,0.9039496856453048,0.057929193693346696,1.3324155127604813e-05,2.617275112134488,2.6391988309607446
1,2.0,30,60.0,62.0,0.006350766994639857,0.006257916822685486,4.2203762061487904e-08,0.9297638048699011,0.05801143088119493,1.330464045646001e-05,2.7165058464257354,2.7369787813152056
1,2.0,31,62.0,64.0,0.006564692053717425,0.006456555209975042,-3.0585706379052113e-08,0.9527160511484167,0.05821081711525673,1.3384487109610525e-05,2.8190791597650704,2.8378624564710653
1,2.0,32,64.0,66.0,0.006704984889807083,0.006609260997054742,-1.2166897267115728e-07,0.9647960840900759,0.05852530521832505,1.3619911831291467e-05,2.9238445486683062,2.9411321595500457
1,2.0,33,66.0,68.0,0.006699663847033164,0.006638120559530375,-2.2689169879366866e-07,0.9554438568347644,0.05893930138483536,1.3915682057602102e-05,3.028526796278199,3.0448527932927076
1,2.0,34,68.0,70.0,0.006564405794650329,0.006522637125504058,-3.277855888817599e-07,0.9236000906844424,0.0594230074094991,1.4240846139519203e-05,3.131095636819611,3.1467689983787084
1,2.0,35,70.0,72.0,0.006409602155656455,0.0063510430986693485,-3.941573031383122e-07,0.8840637895308097,0.05993296047273611,1.454616347665432e-05,3.231245670501743,3.246004046795417
1,2.0,36,72.0,74.0,0.00634161748038625,0.0062525656395716585,-3.96718367876199e-07,0.8565462168093216,0.06041415860323039,1.4776498308562472e-05,3.330333443632778,3.3437003849137246
1,2.0,37,74.0,76.0,0.0063516498696449125,0.0062653078678958345,-3.2146234489605074e-07,0.8472968213179526,0.06080487805415623,1.4887581851933916e-05,3.4295779728459794,3.4415958203495967
1,2.0,38,76.0,78.0,0.006329149942099368,0.006305412673126508,-1.778276874000312e-07,0.8460271157224694,0.06104493258770124,1.4858946509697157e-05,3.528470940691282,3.5401178933671984
1,2.0,39,78.0,80.0,0.006150407595046014,0.006228964785562874,4.962687616752448e-09,0.8346379180835939,0.061086308970133785,1.4705861433282695e-05,3.6245710593638765,3.6374454681416184
2,0.25,0,0.0,0.25,8.970219506831446e-05,9.031171517352405e-05,2.0393378546632035e-08,0.8421649550767305,0.058579876496929605,2.356709954366881e-07,0.0014015967979424135,0.0014111205495863132
2,0.25,1,0.25,0.5,8.85795461291368e-05,8.919323060797663e-05,2.116493384371476e-08,0.8329803936676581,0.05853606803067363,2.361072952848253e-07,0.002785652206210176,0.002804764777835948
2,0.25,2,0.5,0.75,8.746485074810975e-05,8.807981381830221e-05,2.1856780118428842e-08,0.8238550902569088,0.05849082788499775,2.3645487757081327e-07,0.0041522904991493905,0.00418101186874692
2,0.25,3,0.75,1.0,8.636016524102112e-05,8.697477891390145e-05,2.2467967238440356e-08,0.8148169362678361,0.05844422878862715,2.367135576724381e-07,0.005501668081040346,0.005539992789276631
2,0.25,4,1.0,1.25,8.526660405039311e-05,8.58802955019121e-05,2.2997177385065265e-08,0.8058833212580703,0.058396345637037925,2.3688273585923327e-07,0.006833958769327738,0.006881872406494007
2,0.25,5,1.25,1.5,8.418474791407719e-05,8.479691209999618e-05,2.344297375840576e-08,0.7970565834519855,0.05834725530150328,2.3696165079792375e-07,0.008149345455485194,0.008206824158056448
2,0.25,6,1.5,1.75,8.311426330190764e-05,8.37247879047043e-05,2.3805539840597578e-08,0.7883354909362579,0.05829703643381391,2.369511058014504e-07,0.009448005819577502,0.009515023969067452
2,0.25,7,1.75,2.0,8.205498824964078e-05,8.266368395830475e-05,2.4085052847087896e-08,0.7797151328548458,0.05824576927844482,2.3685185091300818e-07,0.010730115010978139,0.010806644030915965
2,0.25,8,2.0,2.25,8.100663686992637e-05,8.16133160916316e-05,2.428200442106121e-08,0.7711902255118191,0.05819353548946121,2.3666489316461828e-07,0.011995843712070738,0.01208185209484771
2,0.25,9,2.25,2.5,7.996887949433557e-05,8.05734433038824e-05,2.4397166969829243e-08,0.7627559483220591,0.058140417944019175,2.3639146633372064e-07,0.01324535745416973,0.013340812146470872
2,0.25,10,2.5,2.75,7.894172312893338e-05,7.954384218272526e-05,2.4426079059565453e-08,0.7544077079230794,0.05808650055664754,2.360275227597626e-07,0.014478821878059316,0.014583684680575955
2,0.25,11,2.75,3.0,7.792494161853276e-05,7.852443757013466e-05,2.438226596361906e-08,0.7461423843860351,0.05803186809020367,2.3558695900960666e-07,0.01569639909084889,0.015810629017609306
2,0.25,12,3.0,3.25,7.691876905814663e-05,7.751532410745011e-05,2.4263596450600777e-08,0.7379585529560904,0.0579766059591172,2.3506797336690037e-07,0.01689825485738243,0.017021805956788216
2,0.25,13,3.25,3.5,7.592385280622959e-05,7.651685062224316e-05,2.4071619660233357e-08,0.7298573076125747,0.057920800047634995,2.3447243046125262e-07,0.018084565057479768,0.018217381747760764
2,0.25,14,3.5,3.75,7.49404813190236e-05,7.552961226252063e-05,2.3808548172896127e-08,0.7218422128834676,0.0578645365217685,2.33802851451635e-07,0.01925551007808951,0.01939753193936265
2,0.25,15,3.75,4.0,7.397017630235599e-05,7.455463405309789e-05,2.347796094863408e-08,0.7139210883620026,0.05780790163562339,2.3306310388368796e-07,0.020411294082813825,0.020562448096442303
2,0.25,16,4.0,4.25,7.301457760320804e-05,7.359343056388123e-05,2.30832121368707e-08,0.7061066253869648,0.05775098154282251,2.3225684973796924e-07,0.02155214685786395,0.021712345449002947
2,0.25,17,4.25,4.5,7.207554747581685e-05,7.264782671617037e-05,2.26276751528684e-08,0.6984147147256925,0.05769386209626731,2.3138779327844284e-07,0.02267832728717359,0.02284746774144311
2,0.25,18,4.5,4.75,7.115533961447266e-05,7.171993780001658e-05,2.2115240048102558e-08,0.6908642871940582,0.057636628651517224,2.3046018420654805e-07,0.023790129468649723,0.02396809176956837
2,0.25,19,4.75,5.0,7.0256588839873e-05,7.081220874317743e-05,2.1550477053051964e-08,0.6834777231095753,0.05757936587115297,2.2947898951649944e-07,0.02488788866927274,0.025074532531180516
2,0.25,20,5.0,5.25,6.938108498162968e-05,6.992566502124268e-05,2.0936563187995416e-08,0.6762639696688459,0.05752215752921177,2.284477912220866e-07,0.0259719681221107,0.026167121047137434
2,0.25,21,5.25,5.5,6.85261176404453e-05,6.906186117930715e-05,2.027843522961481e-08,0.6692372866209535,0.05746508631693678,2.2737190811335322e-07,0.027042688710242662,0.02724621262806411
2,0.25,22,5.5,5.75,6.770073843900739e-05,6.82239573917513e-05,1.958132708843735e-08,0.66242774818587,0.05740823367706545,2.262572246102937e-07,0.028100512748352152,0.02831221196231022
2,0.25,23,5.75,6.0,6.690771783982204e-05,6.741637082893905e-05,1.8849205833323945e-08,0.6558780016461195,0.057351679666872796,2.2510831386566175e-07,0.029145945839599372,0.029365592756512394
2,0.25,24,6.0,6.25,6.614960793277589e-05,6.664334931378823e-05,1.808723110088145e-08,0.6496294804794579,0.05729550271146317,2.239309341613004e-07,0.030179533463548992,0.030406895089540337
2,0.25,25,6.25,6.5,6.543138819872178e-05,6.590482674348667e-05,1.729388496903711e-08,0.6436819006113785,0.057239779447819945,2.2272411392249714e-07,0.03120189890415402,0.03143665800740731
2,0.25,26,6.5,6.75,6.474143313529943e-05,6.520229315595187e-05,1.648680046564127e-08,0.6380502861818704,0.057184584553270947,2.215058540847922e-07,0.03221348379689307,0.03245544383796906
2,0.25,27,6.75,7.0,6.409834159081147e-05,6.453989196922823e-05,1.5664481390828544e-08,0.6327758664534002,0.05712999060393204,2.2027582273256904e-07,0.033215020384249505,0.03346387964998825
2,0.25,28,7.0,7.25,6.350774861258726e-05,6.392629488382726e-05,1.4832190856160082e-08,0.6279447267365493,0.057076068065196627,2.1904007050704925e-07,0.03420732895632118,0.03446272800754806
2,0.25,29,7.25,7.5,6.29719790807043e-05,6.336604684066691e-05,1.3990806148594243e-08,0.6236030353545777,0.0570228849819461,2.1780022744205668e-07,0.03519126612945719,0.035452822489433475
2,0.25,30,7.5,7.75,6.249085751857623e-05,6.286040199565777e-05,1.3150456119014053e-08,0.6197648848273039,0.056970506839952396,2.1656717346849332e-07,0.03616768577818494,0.03643501627061563
2,0.25,31,7.75,8.0,6.20669533053014e-05,6.24111606122154e-05,1.2311228974638821e-08,0.616449874183862,0.05691899646568713,2.1534171784742277e-07,0.037137481923580275,0.03741019065518149
2,0.25,32,8.0,8.25,6.170209937997589e-05,6.201982521032228e-05,1.146809766334328e-08,0.6136747916796189,0.056868413973214,2.1411953720819366e-07,0.038101577226392395,0.03837925042409278
2,0.25,33,8.25,8.5,6.139845850180233e-05,6.168920471056583e-05,1.0653039819209786e-08,0.6114694732989769,0.05681881666466073,2.1293331488419723e-07,0.03906092814048306,0.039343144247695375
2,0.25,34,8.5,8.75,6.115852333653596e-05,6.14208252694896e-05,9.85471061351606e-09,0.6098511891502075,0.05677025897511375,2.1177233079584466e-07,0.040016530067616435,0.040302844642531144
2,0.25,35,8.75,9.0,6.0983015083188735e-05,6.121661313831472e-05,9.07982831629961e-09,0.608841253019701,0.05672279242466659,2.1064393293897187e-07,0.04096938967829126,0.04125935422281731
2,0.25,36,9.0,9.25,6.087228073179936e-05,6.107656516846399e-05,8.330299800223678e-09,0.6084418312414102,0.05667646559562151,2.0955059879984553e-07,0.041920519064725624,0.04221367555357456
2,0.25,37,9.25,9.5,6.082500872019517e-05,6.100058198144446e-05,7.610409396424656e-09,0.608654061575735,0.05663132412157927,2.0849709181048695e-07,0.04287090982597867,0.04316680964703463
2,0.25,38,9.5,9.75,6.084082764320044e-05,6.098764985729378e-05,6.91795180472396e-09,0.6094698583104251,0.056587410705557284,2.074816337935149e-07,0.04382154775790368,0.04411974167605484
2,0.25,39,9.75,10.0,6.091787755328065e-05,6.10364936504133e-05,6.26499981754014e-09,0.6108783670163666,0.05654476515838174,2.0651665614869946e-07,0.04477338959467369,0.04507343688934255
2,0.25,40,10.0,10.25,6.105391231239158e-05,6.11450817230279e-05,5.652938651033723e-09,0.6128609771628781,0.056503424438035736,2.0560384004270607e-07,0.04572735697455481,0.04602882879126487
2,0.25,41,10.25,10.5,6.124637390345642e-05,6.131102254661498e-05,5.080419329586e-09,0.6153952445533826,0.05646342272635628,2.0474207034320897e-07,0.046684331566796314,0.04698681351855572
2,0.25,42,10.5,10.75,6.149222970669313e-05,6.15313880152456e-05,4.553436462519794e-09,0.6184530904038248,0.05642479152126054,2.0393751668532967e-07,0.047645147655963394,0.047948241456293936
2,0.25,43,10.75,11.0,6.178807137748174e-05,6.18030134086754e-05,4.070389454744611e-09,0.6220037872185981,0.056387559735521744,2.0318870058480836e-07,0.048610586271236544,0.04891391354080448
2,0.25,44,11.0,11.25,6.213045416681232e-05,6.212260348447089e-05,3.6355403097709793e-09,0.6260150187465376,0.056351753818489295,2.0249996593412535e-07,0.04958137461759299,0.04988457922024934
2,0.25,45,11.25,11.5,6.25164195918286e-05,6.248638106994696e-05,3.251971514989238e-09,0.6304493348977532,0.056317397880265144,2.018744227236122e-07,0.05055819367371531,0.05086092892446726
2,0.25,46,11.5,11.75,6.293857982899147e-05,6.288942474133344e-05,2.9177511353187247e-09,0.6352574431434894,0.05628451382961681,2.0131017118106407e-07,0.0515416089835433,0.051843576186050594
2,0.25,47,11.75,12.0,6.339463934497435e-05,6.332807948578785e-05,2.633015735780883e-09,0.6404025352011687,0.05625312151960533,2.0080731001914834e-07,0.05253215022330853,0.052833077428016025
2,0.25,48,12.0,12.25,6.388401771004627e-05,6.380001354617248e-05,2.397204680419651e-09,0.6458609498566961,0.05622323894955474,2.0036523154162953e-07,0.053530338000028,0.05382995263967497
2,0.25,49,12.25,12.5,6.44030622755508e-05,6.430248979963352e-05,2.211999985523433e-09,0.6516047392186614,0.056194882385202656,1.99985559169557e-07,0.054536635848083485,0.054834679042794245
2,0.25,50,12.5,12.75,6.494529490759559e-05,6.483081468685418e-05,2.0748004837638223e-09,0.6575859255004997,0.05616806648286744,1.9966560492347426e-07,0.055551406081014665,0.05584766052227634
2,0.25,51,12.75,13.0,6.550654802030243e-05,6.538016237047579e-05,1.9852727103312345e-09,0.6637549416724322,0.05614280446196456,1.9940498343277983e-07,0.05657494589383189,0.05686922555931503
2,0.25,52,13.0,13.25,6.608386273730628e-05,6.594670186990849e-05,1.940440045190145e-09,0.6700720999227854,0.056119108295408185,1.9920068160091388e-07,0.057607506249102304,0.057899642776032344
2,0.25,53,13.25,13.5,6.667320608771542e-05,6.652658977855127e-05,1.939673259466687e-09,0.6764974122181091,0.05609698886871406,1.9905200939893535e-07,0.05864927509422286,0.058939120741322217
2,0.25,54,13.5,13.75,6.726845614966361e-05,6.711466002201261e-05,1.979421645798181e-09,0.6829772751087935,0.05607645613087605,1.989554357787517e-07,0.059700344721561355,0.059987787304166165
2,0.25,55,13.75,14.0,6.786544874107518e-05,6.770674716837809e-05,2.057614159568441e-09,0.6894681017020796,0.05605751925390314,1.9890886718249178e-07,0.06076074235814065,0.06104570522867207
2,0.25,56,14.0,14.25,6.846171864161564e-05,6.829930784950509e-05,2.1710021505137386e-09,0.6959325216812007,0.056040186819956386,1.9890896063166885e-07,0.06183045671191589,0.0621128819138206
2,0.25,57,14.25,14.5,6.905600537694884e-05,6.889077810239575e-05,2.3042707027404533e-09,0.7023532592954334,0.05602446695206635,1.9894048170953476e-07,0.06290945679593071,0.06318930032167054
2,0.25,58,14.5,14.75,6.964697196436878e-05,6.947976486918013e-05,2.4758989936924693e-09,0.7087147553192616,0.056010367446228344,1.9902197249001176e-07,0.06399769073287398,0.06427492164775148
2,0.25,59,14.75,15.0,7.023406192834246e-05,7.006459543846767e-05,2.6769881423887275e-09,0.7149985813028041,0.055997895848718934,1.991446124993836e-07,0.06509509795050433,0.06536968095147752
2,0.25,60,15.0,15.25,7.081213435796991e-05,7.064257932864897e-05,2.897603965036806e-09,0.7211759052351775,0.05598705956359412,1.99298491749652e-07,0.06620153754984762,0.06647347125348768
2,0.25,61,15.25,15.5,7.137890549805374e-05,7.121043946531202e-05,3.1333790787165493e-09,0.7272118860999985,0.05597786594954863,1.9947930202638904e-07,0.0673168329482547,0.06758613437013317
2,0.25,62,15.5,15.75,7.193151006591362e-05,7.176544124371778e-05,3.3799121178170084e-09,0.7330772129968111,0.05597032243744923,1.9968269828193806e-07,0.0684407627930346,0.06870746938956626
2,0.25,63,15.75,16.0,7.246819328674074e-05,7.230551512517592e-05,3.620644588883757e-09,0.738749382151396,0.05596443660600592,1.9989220959467445e-07,0.06957307831313993,0.06983724306339713
2,0.25,64,16.0,16.25,7.29874602514833e-05,7.282886388151088e-05,3.866927378510295e-09,0.7442087041443157,0.05596021625453353,2.001192673771761e-07,0.07071350737956936,0.07097519406154575
2,0.25,65,16.25,16.5,7.348768352056167e-05,7.333398275475242e-05,4.117483349283871e-09,0.7494385239799278,0.05595766942949991,2.0036267196145178e-07,0.07186175243457814,0.07212103754208875
2,0.25,66,16.5,16.75,7.396730670783424e-05,7.381927044311664e-05,4.359951732654278e-09,0.7544212567170125,0.055956804465149175,2.0061013268514676e-07,0.07301749160188804,0.07327446364276245
2,0.25,67,16.75,17.0,7.442488463507908e-05,7.428324511102361e-05,4.588352445927292e-09,0.7591406043027891,0.0559576300214979,2.0085573150853932e-07,0.07418038042431115,0.0744351393476222
2,0.25,68,17.0,17.25,7.48590785340338e-05,7.472442219233606e-05,4.7978920451408405e-09,0.76358031688883,0.055960155095697094,2.0109472534867102e-07,0.07535005352640542,0.07560270844437744
2,0.25,69,17.25,17.5,7.526788436377536e-05,7.514101756512002e-05,4.986500620350522e-09,0.7677211704715332,0.055964389018480415,2.013250646970622e-07,0.07652611421958941,0.07677678684383245
2,0.25,70,17.5,17.75,7.564960468831142e-05,7.553130558174919e-05,5.147354319526027e-09,0.771544638140369,0.055970341438418836,2.0153996743187582e-07,0.07770813929284427,0.07795696349354729
2,0.25,71,17.75,18.0,7.600217702294495e-05,7.589362235366807e-05,5.275638618996124e-09,0.7750329354954808,0.05597802230781942,2.0173455910688903e-07,0.0788956733088278,0.07914280134282335
2,0.25,72,18.0,18.25,7.632622145080663e-05,7.622763137110641e-05,5.364700583613581e-09,0.7781819529822659,0.05598744184398388,2.019022730559025e-07,0.08008827051899664,0.08033385808299688
2,0.25,73,18.25,18.5,7.662232998257722e-05,7.653331114860605e-05,5.412208949019323e-09,0.780990911085927,0.05599861048870004,2.0204080902431876e-07,0.08128549442497442,0.08152969106969386
2,0.25,74,18.5,18.75,7.68896789011392e-05,7.68106447963334e-05,5.413275204176407e-09,0.7834591926617633,0.05601153881073481,2.021452598780594e-07,0.08248689565780472,0.08272985739463658
2,0.25,75,18.75,19.0,7.712769224939135e-05,7.705886907371937e-05,5.365127385653472e-09,0.7855786912297904,0.05602623741278655,2.0221283292121888e-07,0.08369201584920145,0.08393390222391345
2,0.25,76,19.0,19.25,7.733432686383263e-05,7.727529959229056e-05,5.2635347403328855e-09,0.7873218677229741,0.056042716840829905,2.0223917518603256e-07,0.08490036470644884,0.08514132878004299
2,0.25,77,19.25,19.5,7.750292724050163e-05,7.745829295325734e-05,5.104485624007719e-09,0.7886719834115122,0.05606098747998352,2.022200740749992e-07,0.08611134794458168,0.08635161460743764
2,0.25,78,19.5,19.75,7.764122663602758e-05,7.76079893647007e-05,4.884343018474006e-09,0.7896306384367122,0.05608105947630887,2.0215207279588411e-07,0.0873244921107696,0.08756423944126109
2,0.25,79,19.75,20.0,7.774908506853273e-05,7.772682883595352e-05,4.6024732822634584e-09,0.7902229628028826,0.056102942660372156,2.0203455919564787e-07,0.08853932156496544,0.08877872114182285
2,0.25,80,20.0,20.25,7.78273089476725e-05,7.781593597826108e-05,4.254756550119837e-09,0.7904608004549754,0.05612664632091599,2.0186340250627624e-07,0.08975537326727281,0.08999459514148318
2,0.25,81,20.25,20.5,7.787637343835939e-05,7.787563418399348e-05,3.841555970898747e-09,0.7903479770026326,0.056152179066677244,2.0163894070428287e-07,0.09097219160224718,0.09121140192560807
2,0.25,82,20.5,20.75,7.789666736387948e-05,7.790653720130712e-05,3.3605266633665587e-09,0.7898914043210008,0.05617954866625095,2.0135881108171186e-07,0.0921893270298078,0.0924286915693785
2,0.25,83,20.75,21.0,7.788919740628602e-05,7.790894509250377e-05,2.8070898635060293e-09,0.7890949496509493,0.05620876189166064,2.0101842958567537e-07,0.09340634573928101,0.09364601883644887
2,0.25,84,21.0,21.25,7.785313907710586e-05,7.788342144379699e-05,2.1833527702810884e-09,0.7879652933160486,0.056239824354190296,2.0061991333600792e-07,0.0946228010373608,0.09486294729650821
2,0.25,85,21.25,21.5,7.779107662871034e-05,7.783101293516664e-05,1.488183396609541e-09,0.7865141343420197,0.05627274033029404,2.0016212179640534e-07,0.0958382866096844,0.09607905687362017
2,0.25,86,21.5,21.75,7.770487238498202e-05,7.77537682381901e-05,7.251697293868264e-10,0.7847633973103505,0.05630751260486677,1.996486598160091e-07,0.09705242524069972,0.0972939595023419
2,0.25,87,21.75,22.0,7.759691451133047e-05,7.765324535239198e-05,-1.0202823655380833e-10,0.7827301182938144,0.056344142273603376,1.9928728977257652e-07,0.09826487702993926,0.09850729146097302
2,0.25,88,22.0,22.25,7.74664725076194e-05,7.753080264053133e-05,-9.987422048239603e-10,0.7804293983876573,0.05638262856086865,2.0045800116620545e-07,0.09947529066287082,0.09971871025223132
2,0.25,89,22.25,22.5,7.73167297708423e-05,7.738795320909661e-05,-1.9621738613258277e-09,0.7778779729647622,0.05642296864560181,2.0170768124282047e-07,0.10068336456554022,0.10092789702112345
2,0.25,90,22.5,22.75,7.715013142907293e-05,7.722714201933184e-05,-2.991585547644157e-09,0.7751019928782951,0.05646515750437926,2.0303562772249996e-07,0.1018888353691195,0.10213457111517552
2,0.25,91,22.75,23.0,7.696935690987934e-05,7.705110938405558e-05,-4.092874101701421e-09,0.7721305661398751,0.05650918771832326,2.044477772905543e-07,0.10309148157083635,0.10333849469930138
2,0.25,92,23.0,23.25,7.677726873888866e-05,7.686253607421426e-05,-5.252256181842094e-09,0.7689921698711419,0.05655504929328642,2.059303863166757e-07,0.1042911263948815,0.10453947182546099
2,0.25,93,23.25,23.5,7.657646480798081e-05,7.666310008838191e-05,-6.4639153079561196e-09,0.7657052194317002,0.05660272946794828,2.0747767065967296e-07,0.10548763365750619,0.10573733276434195
2,0.25,94,23.5,23.75,7.636094842232389e-05,7.645097264524423e-05,-7.72875995104158e-09,0.7622531744411334,0.05665221254673374,2.0909045584486934e-07,0.10668077347660501,0.1069318792119239
2,0.25,95,23.75,24.0,7.61335753856683e-05,7.622834129966913e-05,-9.044702160409396e-09,0.7586597184616536,0.056703479752601905,2.1076667864856134e-07,0.10787036059200608,0.10812294704473123
2,0.25,96,24.0,24.25,7.590610775677522e-05,7.599995854501784e-05,-1.0407355101630864e-08,0.7549739743876727,0.05675650920782076,2.125020071361495e-07,0.10905639352570569,0.10931044639699714
2,0.25,97,24.25,24.5,7.568161048971604e-05,7.577298901648682e-05,-1.1814417063367097e-08,0.7512687325220537,0.05681127573062295,2.1429411236438776e-07,0.11023891868960752,0.11049439935037975
2,0.25,98,24.5,24.75,7.546233722480374e-05,7.555021003971425e-05,-1.3264222194567243e-08,0.7475729073196347,0.056867750626043316,2.1614125768378641e-07,0.11141801770874507,0.11167487138225028
2,0.25,99,24.75,25.0,7.52512500375262e-05,7.533473416242998e-05,-1.474119319211202e-08,0.7439185762563706,0.05692590155858115,2.1802779600726302e-07,0.11259381849058142,0.11285197660353825
2,0.25,100,25.0,25.25,7.505232030701565e-05,7.512950633721682e-05,-1.6246093352111773e-08,0.7403359753952041,0.05698569245112562,2.1995437301683342e-07,0.11376651099537853,0.11402587514005727
2,0.25,101,25.25,25.5,7.486784000013905e-05,7.493804839872282e-05,-1.777407968809458e-08,0.7368608218437757,0.05704708338834254,2.2191600258657314e-07,0.1149363209953807,0.11519678214628731
2,0.25,102,25.5,25.75,7.470154819474084e-05,7.476320094509734e-05,-1.9319497520427914e-08,0.7335218934690324,0.05711003053371783,2.2390687597418532e-07,0.11610353268592352,0.11636495716105447
2,0.25,103,25.75,26.0,7.455619301932094e-05,7.460819877866187e-05,-2.0873553547087753e-08,0.7303516160852921,0.05717448606438987,2.2591797497861656e-07,0.11726847320185041,0.11753071026697105
2,0.25,104,26.0,26.25,7.443427176221339e-05,7.44754531311011e-05,-2.2433497703575056e-08,0.7273741139910599,0.05724039811816269,2.2794625610814276e-07,0.118431508698135,0.11869438922214452
2,0.25,105,26.25,26.5,7.433735667499754e-05,7.436666518427837e-05,-2.3991654269153728e-08,0.7246063984310686,0.05730771076268199,2.299837323200627e-07,0.11959302989618184,0.11985636836564886
2,0.25,106,26.5,26.75,7.426482107761312e-05,7.42831902026397e-05,-2.554331854365266e-08,0.7220619821305101,0.05737636398886479,2.3202531939518373e-07,0.12075341772551954,0.12101704321256511
2,0.25,107,26.75,27.0,7.422196364816188e-05,7.422755259805853e-05,-2.708349912524874e-08,0.7197656071748133,0.057446293728121364,2.3406568250885135e-07,0.12191313590752208,0.12217684872190977
2,0.25,108,27.0,27.25,7.421091494737471e-05,7.420236569108045e-05,-2.860110189135956e-08,0.7177426532982675,0.057517431905543814,2.3609329509691074e-07,0.1230726814535748,0.12333626068583291
2,0.25,109,27.25,27.5,7.423101647176505e-05,7.420850355274814e-05,-3.009045847473385e-08,0.7160014845434206,0.05758970643990435,2.381019921321523e-07,0.12423254108594613,0.12449576855384459
2,0.25,110,27.5,27.75,7.428220875068791e-05,7.424613216843723e-05,-3.154564117823638e-08,0.7145435827612828,0.05766304131664637,2.400853230909755e-07,0.12539320059767564,0.1256558643689764
2,0.25,111,27.75,28.0,7.43657603573403e-05,7.43155720158353e-05,-3.296054772259499e-08,0.7133719166792245,0.05773735670524861,2.420366275084921e-07,0.12655516560325905,0.12681704518172385
2,0.25,112,28.0,28.25,7.448152177912809e-05,7.441717581224249e-05,-3.432912586837089e-08,0.7124897560319834,0.05781256907392599,2.4394924906314926e-07,0.12771893938105794,0.12797981355379012
2,0.25,113,28.25,28.5,7.462786258121421e-05,7.454956284794134e-05,-3.564666344610737e-08,0.7118838108789647,0.05788859131575556,2.45817830765226e-07,0.1288849997338894,0.12914465047328924
2,0.25,114,28.5,28.75,7.480103489420319e-05,7.471071680054985e-05,-3.690615290284638e-08,0.711534909945974,0.0579653329030162,2.4763466333369353e-07,0.13005376590411133,0.13031200542329782
2,0.25,115,28.75,29.0,7.500103345895338e-05,7.489896992419874e-05,-3.810203666899242e-08,0.7114274351336218,0.05804270007597653,2.493934967240986e-07,0.13122565705190747,0.13148230182836343
2,0.25,116,29.0,29.25,7.522656727786212e-05,7.511306666055283e-05,-3.9225439994218514e-08,0.7115498845750925,0.05812059606008587,2.510847226304165e-07,0.13240107216562405,0.13265594349493454
2,0.25,117,29.25,29.5,7.54745009150428e-05,7.535047373012311e-05,-4.0275050175106464e-08,0.7118788589149434,0.05819892125725563,2.527062522314194e-07,0.1335803612424216,0.13383329464696772
2,0.25,118,29.5,29.75,7.574027171274554e-05,7.560831062184447e-05,-4.124334528586571e-08,0.7123879939036281,0.05827757347195716,2.5424977701249615e-07,0.13476380298793322,0.13501467450043403
2,0.25,119,29.75,30.0,7.602447255999683e-05,7.588418565009333e-05,-4.212833998101448e-08,0.7130558615976947,0.05835644816825065,2.557125055907498e-07,0.1359516853716832,0.13620036490121673
2,0.25,120,30.0,30.25,7.63226604862978e-05,7.617557088551075e-05,-4.2922772450909585e-08,0.7138600494590435,0.05843543873991506,2.5708634310361066e-07,0.1371442269417816,0.13739060819630283
2,0.25,121,30.25,30.5,7.663050125790612e-05,7.647848142086168e-05,-4.3623910333037696e-08,0.7147648325676487,0.05851443673974073,2.5836771352944617e-07,0.1383415785239364,0.13858558446850378
2,0.25,122,30.5,30.75,7.694370200814378e-05,7.678851942985683e-05,-4.422920971310085e-08,0.7157310834599533,0.05859333217851036,2.595532036679875e-07,0.13954382386781364,0.13978540508459528
2,0.25,123,30.75,31.0,7.72580063913746e-05,7.710142089935018e-05,-4.473606720224038e-08,0.7167213971318909,0.058672013823090424,2.6063933760030407e-07,0.14075098021767887,0.14099011478614762
2,0.25,124,31.0,31.25,7.756904156898132e-05,7.741290673303304e-05,-4.51427290106346e-08,0.7176986816171019,0.05875036949768357,2.616234742771443e-07,0.14196299649219418,0.14219969145385125
2,0.25,125,31.25,31.5,7.787259159741135e-05,7.771859479074742e-05,-4.5452753666755386e-08,0.7186253314913935,0.05882828638761562,2.625082780865164e-07,0.14317975573590375,0.14341404449745668
2,0.25,126,31.5,31.75,7.81637665966976e-05,7.801369235925623e-05,-4.565324890608985e-08,0.7194603864940728,0.05890565134320347,2.632799407469876e-07,0.1444010645889771,0.14463300844057006
2,0.25,127,31.75,32.0,7.843476552168212e-05,7.82906895924432e-05,-4.576295350219167e-08,0.7201383437357309,0.0589823511795437,2.6395625328230486e-07,0.1456266078002534,0.145856300465452
2,0.25,128,32.0,32.25,7.867423814467145e-05,7.854182217900232e-05,-4.577293832852547e-08,0.7205920477491692,0.05905827299343388,2.64527347932054e-07,0.1468558927712639,0.1470835164369989
2,0.25,129,32.25,32.5,7.888275242701973e-05,7.87629641415049e-05,-4.566043549595472e-08,0.7207883060379646,0.059133304504898225,2.6496957819949773e-07,0.1480884357779361,0.1483141877517099
2,0.25,130,32.5,32.75,7.90615393125825e-05,7.895343585992401e-05,-4.544571818518306e-08,0.7207256763680268,0.05920733441426427,2.6530232432619703e-07,0.14932377232969518,0.14954783518702122
2,0.25,131,32.75,33.0,7.920671840258749e-05,7.911181739413347e-05,-4.513082155384318e-08,0.7203959257547963,0.05928025264665393,2.6552671035505535e-07,0.15056137730473562,0.15078395733380456
2,0.25,132,33.0,33.25,7.931429228171406e-05,7.92339610360278e-05,-4.472475125406189e-08,0.7197660414107082,0.05935195059420372,2.656508356735953e-07,0.15180066312163742,0.1520219879749925
2,0.25,133,33.25,33.5,7.937874424499263e-05,7.931574907711279e-05,-4.421707508733136e-08,0.7188034959384533,0.059422321388246546,2.656633576182918e-07,0.15304095600046544,0.15326129655432238
2,0.25,134,33.5,33.75,7.939923822017619e-05,7.935411660122294e-05,-4.361494762832735e-08,0.7174854574279176,0.05949126016045559,2.6557056484742925e-07,0.1542815690976557,0.1545012046262165
2,0.25,135,33.75,34.0,7.937322317749709e-05,7.934709849645653e-05,-4.2922075975913854e-08,0.7157990697357318,0.059558664317820885,2.65375313271976e-07,0.1555217757098041,0.15574100304022362
2,0.25,136,34.0,34.25,7.929908211151519e-05,7.92926707541786e-05,-4.214343901458306e-08,0.7137308832026203,0.05962443375722614,2.650817399814357e-07,0.15676082386779652,0.15697995102075765
2,0.25,137,34.25,34.5,7.917308793924192e-05,7.918751680947336e-05,-4.128680085400266e-08,0.7112557550418837,0.05968847108772798,2.6469680472698247e-07,0.1579979033668472,0.1582172559709057
2,0.25,138,34.5,34.75,7.899127170069497e-05,7.90289780962489e-05,-4.034846696121183e-08,0.7083544288820509,0.059750681826486095,2.642160537193644e-07,0.15923214198717056,0.15945208375365955
2,0.25,139,34.75,35.0,7.875588574619407e-05,7.881670475675198e-05,-3.93350294098857e-08,0.7050282078807312,0.05981097461712132,2.636453263291505e-07,0.16046270270195484,0.1606835947654838
2,0.25,140,35.0,35.25,7.847098596533778e-05,7.855346971426109e-05,-3.8252650134268373e-08,0.7013059927062792,0.05986926141932584,2.629900690706644e-07,0.16168881185766323,0.16191099272976914
2,0.25,141,35.25,35.5,7.813839192283203e-05,7.824189102211888e-05,-3.710432294658922e-08,0.6972148011487307,0.05992545762634126,2.622526072501363e-07,0.1629097242314575,0.16313352227698974
2,0.25,142,35.5,35.75,7.775966141741926e-05,7.78837144504642e-05,-3.589480889083785e-08,0.6927734102825762,0.05997948215315588,2.614370686622908e-07,0.16412471894110467,0.16435045531527825
2,0.25,143,35.75,36.0,7.733678812819281e-05,7.748115950466726e-05,-3.462805334922964e-08,0.6880043869045587,0.060031257541599624,2.6054682118276726e-07,0.1653331062556077,0.16556109843253866
2,0.25,144,36.0,36.25,7.687442298683934e-05,7.703760880621127e-05,-3.330407546443814e-08,0.6829401712712586,0.06008071005278944,2.5958134052682754e-07,0.16653426911477706,0.16676481107013572
2,0.25,145,36.25,36.5,7.637694456197764e-05,7.655748240196641e-05,-3.193127829249215e-08,0.6776218960537506,0.06012776974003165,2.5854853934721113e-07,0.16772765887355798,0.16796102173266644
2,0.25,146,36.5,36.75,7.584927495421718e-05,7.60455680282543e-05,-3.051124333958502e-08,0.6720934219756771,0.06017237049165307,2.57449553718466e-07,0.16891280379471763,0.16914923373310792
2,0.25,147,36.75,37.0,7.529706884854773e-05,7.55072166737903e-05,-2.9044504670262816e-08,0.6664030735799077,0.06021445006104081,2.5628452568954217e-07,0.1700893204954762,0.17032903399363591
2,0.25,148,37.0,37.25,7.472624409159611e-05,7.494808284207452e-05,-2.754105781410318e-08,0.6606013544454146,0.06025395008401403,2.550630986630611e-07,0.17125691805940738,0.17150009778804334
2,0.25,149,37.25,37.5,7.414288649964032e-05,7.437441762300035e-05,-2.5988279073879683e-08,0.6547435541774385,0.06029081608204089,2.537723404811339e-07,0.17241540066096428,0.17266219806340272
2,0.25,150,37.5,37.75,7.355278436826712e-05,7.379176717969199e-05,-2.4396673346024217e-08,0.6488783213387295,0.06032499745329676,2.524225329619126e-07,0.17356466291671846,0.1738151944255854
2,0.25,151,37.75,38.0,7.296229565516895e-05,7.320728281431266e-05,-2.2767286881296422e-08,0.6430680412132194,0.06035644746549617,2.5101447347952096e-07,0.17470469878633046,0.17495905821955904
2,0.25,152,38.0,38.25,7.238226864861265e-05,7.26292528213196e-05,-2.11039501703085e-08,0.6373847089872455,0.06038512325786614,2.495517599017999e-07,0.17583567173396505,0.17609389029489214
2,0.25,153,38.25,38.5,7.182172962974433e-05,7.206720636454673e-05,-1.939718288681419e-08,0.6319108614306482,0.06041098579956352,2.4802474051207664e-07,0.17695788625942982,0.1772199403943382
2,0.25,154,38.5,38.75,7.128771888696359e-05,7.152917529544193e-05,-1.7653775202103317e-08,0.6267156188433911,0.060433999822329276,2.46440078797722e-07,0.17807175686703863,0.17833758375832948
2,0.25,155,38.75,39.0,7.078802721146877e-05,7.10223690506096e-05,-1.5873760053804198e-08,0.6218607231776223,0.06045413377844765,2.4479770066172955e-07,0.1791778197922178,0.17944730827474525
2,0.25,156,39.0,39.25,7.032691320952873e-05,7.055285296151087e-05,-1.405559325613065e-08,0.6173978163955778,0.060471359812172616,2.430959630718835e-07,0.1802766778111167,0.18054969660226886
2,0.25,157,39.25,39.5,6.991315203498877e-05,7.012803290315683e-05,-1.2195939607610035e-08,0.6133902630775233,0.060485653724180535,2.413314806202329e-07,0.18136907081166337,0.18164544711638067
2,0.25,158,39.5,39.75,6.955613562429925e-05,6.975606358988069e-05,-1.0295562386138102e-08,0.6099080106839034,0.06049699498462183,2.395049874036642e-07,0.18245588543079308,0.18273538560997257
2,0.25,159,39.75,40.0,6.926150745833332e-05,6.944442177148771e-05,-8.354835150103934e-09,0.6070151772936146,0.06050536668155526,2.3761684330778272e-07,0.18353809648482952,0.18382045470015204
2,0.25,160,40.0,40.25,6.90353372897151e-05,6.919929971372541e-05,-6.371556917055682e-09,0.6047648306529984,0.060510755488488,2.3566484316852694e-07,0.18461677362998133,0.184901693758179
2,0.25,161,40.25,40.5,6.8883758225796e-05,6.902624909220156e-05,-4.347211829229536e-09,0.6032046870196976,0.06051315166897432,2.3365051170854524e-07,0.1856930823522594,0.18598022890024465
2,0.25,162,40.5,40.75,6.881116148281605e-05,6.893106401114229e-05,-2.2779868972047645e-09,0.602384883370535,0.06051254907491357,2.3157009206780638e-07,0.1867682567504284,0.18705727677541878
2,0.25,163,40.75,41.0,6.882487582734803e-05,6.891929609779758e-05,-1.6698062160411253e-10,0.6023537902175228,0.060508945160182716,2.2942681018093503e-07,0.18784364543523072,0.18813414077694687
2,0.25,164,41.0,41.25,6.892747297236558e-05,6.899537162858098e-05,1.9762045476608148e-09,0.6031503421001629,0.06050234100230164,2.3118273724667853e-07,0.18892063720042393,0.18921219345864343
2,0.25,165,41.25,41.5,6.912156651741729e-05,6.916180017417243e-05,4.172603794601326e-09,0.6047971500559632,0.06049274130252876,2.3330495160442208e-07,0.19000066167725857,0.19029284658636486
2,0.25,166,41.5,41.75,6.940692488450551e-05,6.941971145468589e-05,6.409073540544069e-09,0.6073051996848864,0.06048015443923338,2.3544648377291514e-07,0.19108514487857897,0.19137752957784435
2,0.25,167,41.75,42.0,6.978502826644186e-05,6.976982899604133e-05,8.685088917579492e-09,0.6106823606700141,0.06046459253577319,2.376069779121706e-07,0.19217553594524212,0.19246768315590748
2,0.25,168,42.0,42.25,7.025529321580209e-05,7.021228324155139e-05,1.0996961676565734e-08,0.6149317437710864,0.06044607155552483,2.3978293351365057e-07,0.19327327490173904,0.1935647500815567
2,0.25,169,42.25,42.5,7.081607842233072e-05,7.074541708513198e-05,1.3338844107382841e-08,0.6200412139701623,0.06042461137396233,2.4196868350801365e-07,0.19437977612708796,0.19467014722351192
2,0.25,170,42.5,42.75,7.146348540012712e-05,7.136733482863461e-05,1.571141647685459e-08,0.6259969074005863,0.06040023587249904,2.4416512205533855e-07,0.19549639308646494,0.19578526183020933
2,0.25,171,42.75,43.0,7.219802674946277e-05,7.207606595456643e-05,1.810642263552764e-08,0.6327846364026458,0.060372973045086,2.4636432145716093e-07,0.1966244872544253,0.19691145036074945
2,0.25,172,43.0,43.25,7.301579049083344e-05,7.286812582282728e-05,2.051505661355979e-08,0.6403772106467893,0.060342855110263896,2.485577395726065e-07,0.19776535898084457,0.19805001482673115
2,0.25,173,43.25,43.5,7.390528891350009e-05,7.373742180395024e-05,2.2934902966153733e-08,0.6487247129690764,0.06030991858401135,2.507431857261048e-07,0.198920129120118,0.19920216204241786
2,0.25,174,43.5,43.75,7.48676352264107e-05,7.467924892920703e-05,2.5351492511163642e-08,0.6577895152211776,0.06027420439374195,2.5290654548702337e-07,0.20008993592053068,0.2003690253069367
2,0.25,175,43.75,44.0,7.589787220731148e-05,7.568994962950668e-05,2.7770278729572287e-08,0.6675432890725276,0.0602357580461706,2.5505361687307385e-07,0.2012758401737699,0.20155168076989777
2,0.25,176,44.0,44.25,7.69875202587594e-05,7.676352653608891e-05,3.017421034649109e-08,0.677937102648962,0.060194629644668485,2.5716766463984653e-07,0.20247877017781304,0.20275111087202416
2,0.25,177,44.25,44.5,7.813141415030666e-05,7.789340865937492e-05,3.255144748171533e-08,0.6889168442318376,0.06015087399132877,2.592371717489017e-07,0.20369957352391158,0.20396819538232688
2,0.25,178,44.5,44.75,7.932406234604432e-05,7.907387433130253e-05,3.489160623555872e-08,0.7004357215717781,0.06010455069034218,2.6125211581352627e-07,0.20493901199806852,0.2052037246687535
2,0.25,179,44.75,45.0,8.055827963134553e-05,8.029803157187574e-05,3.718669698039856e-08,0.7124363348700222,0.06005572418998374,2.63204868048132e-07,0.2061977351173083,0.20645838141206407
2,0.25,180,45.0,45.25,8.182495750389462e-05,8.155841677807952e-05,3.94250276544196e-08,0.724855846588502,0.060004463815558885,2.6508411457916855e-07,0.20747625007830664,0.20773273167422157
2,0.25,181,45.25,45.5,8.31185343125795e-05,8.284755709923438e-05,4.1591075091752805e-08,0.7376308721303988,0.059950843809341355,2.6687477746780065e-07,0.2087749771769407,0.2090272247538971
2,0.25,182,45.5,45.75,8.443074591831423e-05,8.415751754722834e-05,4.366773779618076e-08,0.7506933654213042,0.059894943353169645,2.685601741387821e-07,0.21009420758191438,0.21034218596557253
2,0.25,183,45.75,46.0,8.575041421171039e-05,8.547982764478907e-05,4.565881212567971e-08,0.7639698522731753,0.059836846531961425,2.701445405698348e-07,0.21143405780397237,0.21167780827252236
2,0.25,184,46.0,46.25,8.70738292692659e-05,8.680708370065632e-05,4.754660070369933e-08,0.7773956588050446,0.05977664230273665,2.716107579216447e-07,0.21279458638630463,0.21303416895534513
2,0.25,185,46.25,46.5,8.839392119607816e-05,8.81331716778145e-05,4.931847453213192e-08,0.790916937371627,0.05971442447030842,2.729467498109097e-07,0.21417574140499337,0.21441124976281098
2,0.25,186,46.5,46.75,8.970173927297332e-05,8.944865265366748e-05,5.095403116149935e-08,0.8044492294368355,0.05965029156247658,2.741326773896761e-07,0.21557733108113358,0.21580888496052456
2,0.25,187,46.75,47.0,9.09821036010729e-05,9.07429077740647e-05,5.245165564642801e-08,0.8178964174680027,0.059584346712596985,2.751675053941963e-07,0.21699892644990035,0.2172267428944943
2,0.25,188,47.0,47.25,9.222410526186879e-05,9.200216357551051e-05,5.380427660524323e-08,0.8311326985066374,0.05951669754096978,2.760445248008698e-07,0.21843992809461704,0.21866427670036165
2,0.25,189,47.25,47.5,9.342158069960667e-05,9.322174587510805e-05,5.5009175190228604e-08,0.844113141467955,0.059447456050427845,2.767619262695432e-07,0.2198996402930484,0.2201208664796602
2,0.25,190,47.5,47.75,9.458152097122563e-05,9.439939202373361e-05,5.6050643649444704e-08,0.8568138892848082,0.059376738529145136,2.7730501471384454e-07,0.2213774765582238,0.22159585698003104
2,0.25,191,47.75,48.0,9.569779978526108e-05,9.553518775330616e-05,5.6923650442602947e-08,0.869231831817787,0.059304665251157525,2.776695904861098e-07,0.2228727546798685,0.22308859428867647
2,0.25,192,48.0,48.25,9.67647467222416e-05,9.662337577925405e-05,5.7614721685151846e-08,0.8813101543395723,0.05923136012598241,2.778430517032693e-07,0.22438470384740353,0.2245983345352273
2,0.25,193,48.25,48.5,9.777645441542623e-05,9.765797333575516e-05,5.812817806608028e-08,0.8929890427091585,0.05915695043003494,2.778306213998175e-07,0.22591246094764458,0.22612424036859846
2,0.25,194,48.5,48.75,9.872668007406861e-05,9.863329718917419e-05,5.8462794360822357e-08,0.90421045850901,0.05908156650812074,2.776320087934013e-07,0.22745506532380189,0.2276653856371793
2,0.25,195,48.75,49.0,9.961148558920523e-05,9.95442614747532e-05,5.861470300989359e-08,0.9149209055383014,0.05900534147228037,2.7724430861162335e-07,0.22901149478613322,0.22922076472272232
2,0.25,196,49.0,49.25,0.00010042628077220088,0.00010038643311080232,5.8583877329560635e-08,0.9250720132617186,0.05892841089070213,2.766684693085537e-07,0.23058065542319886,0.2307893027400786
2,0.25,197,49.25,49.5,0.00010116673994771549,0.00010115532563233395,5.837068721274187e-08,0.934614101707398,0.05885091244066824,2.7590584580345337e-07,0.23216138573488193,0.23236985470308383
2,0.25,198,49.5,49.75,0.00010182718771341022,0.00010184494719999802,5.797508555453919e-08,0.9434827417003562,0.058772985559744424,2.749573418521047e-07,0.23375243554290395,0.23396118200308377
2,0.25,199,49.75,50.0,0.00010239840873690897,0.00010244924100154971,5.739937261606265e-08,0.9516119721461787,0.058694771086480774,2.738260870025262e-07,0.23535241067941814,0.23556195139373298
2,0.25,200,50.0,50.25,0.00010288142382672847,0.00010296517640093951,5.666825200192557e-08,0.9589631083416927,0.05861641091935451,2.7253786251896454e-07,0.23695993292671078,0.23717078227499766
2,0.25,201,50.25,50.5,0.00010327746225686054,0.00010339257440147852,5.57761446434539e-08,0.9655235231820559,0.058538047698627416,2.710881197315833e-07,0.23857364327447422,0.23878629125002077
2,0.25,202,50.5,50.75,0.00010358467332199743,0.00010373122842864635,5.473086023451146e-08,0.9712800903669787,0.058459824388572584,2.6948560828094856e-07,0.24019215379513043,0.24040709169421837
2,0.25,203,50.75,51.0,0.00010380151154834984,0.00010397839377648053,5.3540590262950855e-08,0.9761956612726612,0.05838188387716027,2.677394265439793e-07,0.24181405241307338,0.2420317540969759
2,0.25,204,51.0,51.25,0.0001039187676912536,0.0001041292481005533,5.221509466338606e-08,0.9802131344073809,0.05830436860309552,2.658601130187753e-07,0.24343778315824924,0.24365877359854704
2,0.25,205,51.25,51.5,0.00010393782663286862,0.00010418198387117723,5.076426357357097e-08,0.9833033161425166,0.05822742019744673,2.638584877342669e-07,0.2450618116993878,0.24528661709653418
2,0.25,206,51.5,51.75,0.00010386353139829,0.00010413900625205061,4.919787272624626e-08,0.9854766882133218,0.058151179223786174,2.617452387927485e-07,0.24668467937748606,0.24691378906922248
2,0.25,207,51.75,52.0,0.00010370120597384008,0.00010400525971454762,4.749688872047152e-08,0.9867681129688639,0.05807578477123711,2.5950222796518377e-07,0.2483050107208273,0.24853887125226232
2,0.25,208,52.0,52.25,0.00010345401462618622,0.00010378478355568097,4.573700607710205e-08,0.9872044356545544,0.05800137405051046,2.572060055181217e-07,0.24992147969936146,0.25016050849531984
2,0.25,209,52.25,52.5,0.00010312614195162389,0.00010348133786904494,4.390184183073256e-08,0.9868103939287762,0.057928081969589276,2.548410601447698e-07,0.2515328256673556,0.2517774043995236
2,0.25,210,52.5,52.75,0.00010272004183826174,0.00010309802974836089,4.2000248994845946e-08,0.9856050553241443,0.0578560408182631,2.5241702868471454e-07,0.2531378263210784,0.25338831111434174
2,0.25,211,52.75,53.0,0.00010224104203910515,0.0001026401506787227,4.0043252872400126e-08,0.9836289741868142,0.05778537993964859,2.4994582067030843e-07,0.2547353426029394,0.25499206346869685
2,0.25,212,53.0,53.25,0.00010169859604827053,0.00010211455168871436,3.803937185381523e-08,0.9809384798068528,0.057716225437095814,2.4743690451571224e-07,0.25632438316619366,0.256587603338833
2,0.25,213,53.25,53.5,0.00010109999402947473,0.00010152948650690701,3.599849522878222e-08,0.977604369549105,0.05764869983492081,2.44901069679419e-07,0.25790407057290415,0.2581740015655034
2,0.25,214,53.5,53.75,0.00010045249562238298,0.00010089237572026112,3.393167316003906e-08,0.973690500013886,0.05758292173608952,2.423502685348656e-07,0.2594736408170039,0.25975044493613253
2,0.25,215,53.75,54.0,9.976403527001609e-05,0.00010021091602525972,3.1846139276429236e-08,0.9692644250123887,0.05751900551502783,2.397926540368498e-07,0.2610324538680979,0.2613162404990272
2,0.25,216,54.0,54.25,9.904256737401293e-05,9.949321145069959e-05,2.974904246902388e-08,0.9643986907317796,0.057457061030154036,2.372363012714441e-07,0.2625799939833169,0.26287082192794436
2,0.25,217,54.25,54.5,9.829709613510661e-05,9.874786682052368e-05,2.7647761931433312e-08,0.959171769641638,0.0573971933443796,2.346895311513392e-07,0.2641158861104279,0.2644137573470151
2,0.25,218,54.5,54.75,9.75363906626477e-05,9.798358299909532e-05,2.5546744416952982e-08,0.9536641439781853,0.057339502461969234,2.321577212788375e-07,0.26563989221453177,0.265944750831376
2,0.25,219,54.75,55.0,9.676860328018113e-05,9.7209088000136e-05,2.345203280748956e-08,0.9479576055255439,0.05728408306882532,2.2964783232832876e-07,0.26715190164078456,0.2674636428313781
2,0.25,220,55.0,55.25,9.600266725415057e-05,9.643291858481465e-05,2.1366805132714065e-08,0.942133077682582,0.05723102429274794,2.2716395216895318e-07,0.26865194331663067,0.26897040718426585
2,0.25,221,55.25,55.5,9.524638633666362e-05,9.56628813550931e-05,1.9293139045346505e-08,0.9362652696082243,0.057180409483431276,2.2470901893717215e-07,0.27014016810314107,0.2704651397054392
2,0.25,222,55.5,55.75,9.450468562931507e-05,9.490597511887464e-05,1.723450339125715e-08,0.930421794329382,0.05713231599972044,2.2228729698830843e-07,0.2716168038160991,0.27194804556667157
2,0.25,223,55.75,56.0,9.378612438725614e-05,9.416898758197137e-05,1.519187554205846e-08,0.9246689029958391,0.05708681502644026,2.1990056646626352e-07,0.27308221200965,0.27341943599763985
2,0.25,224,56.0,56.25,9.309591391448062e-05,9.345790070298672e-05,1.3161969520791156e-08,0.9190655604417723,0.05704397143139463,2.1754624002262116e-07,0.2745368356645637,0.274879715696124
2,0.25,225,56.25,56.5,9.24375242896177e-05,9.277773988063935e-05,1.1145881157262338e-08,0.9136618417185833,0.05700384359389779,2.1522605329059702e-07,0.27598117198158906,0.276329367881759
2,0.25,226,56.5,56.75,9.181624134067161e-05,9.213285959795021e-05,9.142859711940704e-09,0.90850162657341,0.05696648329161373,2.1293988306158853e-07,0.277415800752537,0.27776894381297695
2,0.25,227,56.75,57.0,9.123557471714134e-05,9.15272620862645e-05,7.160278803035325e-09,0.9036256512424637,0.056931935597056456,2.1069549247010155e-07,0.2788413566074923,0.2791990572830748
2,0.25,228,57.0,57.25,9.069689159090042e-05,9.096331041014085e-05,5.190693110578015e-09,0.8990587201664925,0.0569002387780937,2.0848578590142087e-07,0.28025849553860016,0.2806203590082333
2,0.25,229,57.25,57.5,9.0200576505632e-05,9.044176967545062e-05,3.2325779013211292e-09,0.8948099834102081,0.056871424243535175,2.063095036263646e-07,0.2816678795465007,0.2820335116594122
2,0.25,230,57.5,57.75,8.974588259391247e-05,8.996235423656432e-05,1.2849739093948043e-09,0.8908782505839132,0.056845516513465075,2.0416585764576348e-07,0.2830701589620306,0.2834391734443585
2,0.25,231,57.75,58.0,8.933103928270014e-05,8.952370494926045e-05,-6.534209145980796e-10,0.8872517063405045,0.05682253321156059,2.033604664315024e-07,0.28446595645082273,0.2848379813341907
2,0.25,232,58.0,58.25,8.895295910566316e-05,8.912277644884075e-05,-2.583352591307292e-09,0.8839017899569855,0.0568024850810042,2.051387506264992e-07,0.28585584643684875,0.2862305247162038
2,0.25,233,58.25,58.5,8.860548160948218e-05,8.875568088081996e-05,-4.505723671336531e-09,0.8807915234023729,0.05678537602335593,2.0693156422264464e-07,0.28724030708699694,0.2876173322299666
2,0.25,234,58.5,58.75,8.828658374285345e-05,8.841829255342217e-05,-6.4199681413038e-09,0.8778815168900409,0.056771203169337196,2.0873818015151396e-07,0.28861978495797896,0.28899886805111386
2,0.25,235,58.75,59.0,8.799141044360179e-05,8.810658964168164e-05,-8.327970670712892e-09,0.8751333899098969,0.056759956984103285,2.105602426537428e-07,0.28999465074616027,0.2903755335142651
2,0.25,236,59.0,59.25,8.771505770953977e-05,8.781610321162904e-05,-1.02287501723905e-08,0.8725043343553227,0.056751621340961136,2.1239647604870283e-07,0.29136519852287185,0.2917476601269468
2,0.25,237,59.25,59.5,8.745324209491478e-05,8.754236172463653e-05,-1.2116753600466268e-08,0.8699515613212285,0.056746173641270686,2.1424098172141283e-07,0.29273165543060486,0.2931155095288942
2,0.25,238,59.5,59.75,8.720203063290006e-05,8.728042805673271e-05,-1.3983755548906823e-08,0.8674277380346995,0.05674358493751768,2.160851616273233e-07,0.29409418715924396,0.29447926621728066
2,0.25,239,59.75,60.0,8.695358284495922e-05,8.702458497556935e-05,-1.5835394126615526e-08,0.8648778995861223,0.05674382007137567,2.1793420265278025e-07,0.29545283689119645,0.29583902535752393
2,0.25,240,60.0,60.25,8.670256639863993e-05,8.676870295035489e-05,-1.7668537961694486e-08,0.8622431483621519,0.05674683783803396,2.1978451166590774e-07,0.29680756449117524,0.29719478634112323
2,0.25,241,60.25,60.5,8.644408994856311e-05,8.650753353661856e-05,-1.9465620389007288e-08,0.8594735536680218,0.05675259118475261,2.2161803650414842e-07,0.29815825339662155,0.29854646655263284
2,0.25,242,60.5,60.75,8.617400795534478e-05,8.623675454528973e-05,-2.1227983973502035e-08,0.8565286349539254,0.05676102739654861,2.2343562730297017e-07,0.29950472227092384,0.29989391584240305
2,0.25,243,60.75,61.0,8.588931581096117e-05,8.595267026545961e-05,-2.2962828383557565e-08,0.8533744036132359,0.05677208830986521,2.2524398418584808e-07,0.3008467428304701,0.3012369263153008
2,0.25,244,61.0,61.25,8.558658740445181e-05,8.565215847982877e-05,-2.4640468910056e-08,0.8499828476512274,0.056785710517270646,2.2701288046252307e-07,0.30218403325866466,0.3025752412915481
2,0.25,245,61.25,61.5,8.526467959888264e-05,8.533347661362594e-05,-2.6264520645597617e-08,0.8463399286085167,0.05680182556527064,2.2874542885719845e-07,0.30351629387739715,0.30390857686363604
2,0.25,246,61.5,61.75,8.492371100399677e-05,8.499564307771454e-05,-2.7826691288874994e-08,0.8424394142812219,0.056820360194166475,2.3043282664872137e-07,0.3048432268618346,0.30523663378672533
2,0.25,247,61.75,62.0,8.45630264363342e-05,8.463862377784308e-05,-2.9319326521302924e-08,0.8382846949114338,0.056841236550710814,2.3206691513525667e-07,0.30616452414990236,0.3065591122832541
2,0.25,248,62.0,62.25,8.418356691283595e-05,8.426280260460723e-05,-3.0735549076330027e-08,0.8338834937155654,0.05686437241515752,2.33640319611101e-07,0.30747989238291545,0.3078757185739511
2,0.25,249,62.25,62.5,8.378768807727841e-05,8.386987981405193e-05,-3.2068657744056817e-08,0.8292567116101246,0.05688968144146989,2.351458447993792e-07,0.3087890750091229,0.30918618544604565
2,0.25,250,62.5,62.75,8.337761727133424e-05,8.346106951959046e-05,-3.3312347152026495e-08,0.8244205369513165,0.056917073393382485,2.365766584192446e-07,0.3100918502789875,0.31049026465728924
2,0.25,251,62.75,63.0,8.295206832695766e-05,8.303847130877983e-05,-3.445861882465928e-08,0.8193999737032003,0.05694645437857355,2.3792420215880057e-07,0.3113879763465962,0.31178774077148896
2,0.25,252,63.0,63.25,8.251651119427347e-05,8.260145249643262e-05,-3.5509693506376866e-08,0.8141931061420349,0.056977727105065865,2.391902385919434e-07,0.31267729683400675,0.31307838846674574
2,0.25,253,63.25,63.5,8.206372274128203e-05,8.2153060212964e-05,-3.6448641054995234e-08,0.8088343523022339,0.05701079116274528,2.4035728120077725e-07,0.3139595425018393,0.31436203003257335
2,0.25,254,63.5,63.75,8.161200379579962e-05,8.169968333896815e-05,-3.726684110697681e-08,0.8033909041837651,0.05704554328307456,2.414164688735792e-07,0.31523473006114866,0.3156385875847447
2,0.25,255,63.75,64.0,8.117110393546928e-05,8.125231175677349e-05,-3.796763015789795e-08,0.7979748491635253,0.057081877681665595,2.423707038872696e-07,0.31650302856014034,0.3169081549559443
2,0.25,256,64.0,64.25,8.074588319996424e-05,8.081870600146737e-05,-3.8547662630904894e-08,0.7926660280963741,0.05711968616605592,2.432161849819228e-07,0.3177646829851398,0.3181709472372173
2,0.25,257,64.25,64.5,8.03421513053959e-05,8.040498982439023e-05,-3.9004692170552246e-08,0.7875277896044695,0.05715885835318563,2.439501754358082e-07,0.3190200290992866,0.3194272752032234
2,0.25,258,64.5,64.75,7.9967330021529e-05,8.00172533985399e-05,-3.9336338358061246e-08,0.7826227436716061,0.057199281940817935,2.4456976896331874e-07,0.320269518630873,0.3206775447875756
2,0.25,259,64.75,65.0,7.962544852682663e-05,7.966016741073104e-05,-3.954393670846379e-08,0.7779992021523564,0.057240842952660714,2.450757196476072e-07,0.32151366626410466,0.32192223490336824
2,0.25,260,65.0,65.25,7.93172975273686e-05,7.933785411467393e-05,-3.9631297419793696e-08,0.7736997556116172,0.057283425985169535,2.454712018431641e-07,0.3227529990379698,0.32316188887391
2,0.25,261,65.25,65.5,7.905105779751494e-05,7.905433880925965e-05,-3.9595752483875465e-08,0.7697656977807326,0.05732691449764503,2.4575289497725066e-07,0.32398817181605594,0.3243971129178047
2,0.25,262,65.5,65.75,7.88291986315282e-05,7.881429464116027e-05,-3.943898249430741e-08,0.7662442675185961,0.057371191100627605,2.459217213038818e-07,0.32521987804467356,0.3256285862715728
2,0.25,263,65.75,66.0,7.865401315777115e-05,7.862010837026573e-05,-3.9167521788613727e-08,0.7631601162747069,0.05741613779013292,2.4598337335552026e-07,0.3264488470002637,0.3268570254648582
2,0.25,264,66.0,66.25,7.852466154563247e-05,7.847156874384816e-05,-3.878518935011843e-08,0.7605124641264074,0.05746163623438755,2.4594072287635523e-07,0.3276757948369142,0.3280831437264808
2,0.25,265,66.25,66.5,7.843786330752984e-05,7.836808373860827e-05,-3.829849404930405e-08,0.758296762394746,0.057507568053871395,2.457992477210256e-07,0.32890138645109435,0.32930764503489657
2,0.25,266,66.5,66.75,7.839527446435813e-05,7.830785485793284e-05,-3.771437235644895e-08,0.7564967567951828,0.057553815138414705,2.455647812908145e-07,0.33012631261459996,0.3305312052670518
2,0.25,267,66.75,67.0,7.839186066797735e-05,7.828921994200236e-05,-3.703859734085872e-08,0.7550975435029443,0.057600259948028004,2.452418973386209e-07,0.33135118543753717,0.3317544743286456
2,0.25,268,67.0,67.25,7.842466137663717e-05,7.83078288759152e-05,-3.627805888594543e-08,0.7540583733205802,0.05764678577885544,2.448362268551277e-07,0.3325765707715471,0.33297803415483174
2,0.25,269,67.25,67.5,7.848633425093705e-05,7.835833509199755e-05,-3.544255782112794e-08,0.7533291306127616,0.057693277070636685,2.4435623555299277e-07,0.33380291974421805,0.33420238314064415
2,0.25,270,67.5,67.75,7.856900627848133e-05,7.843281000936074e-05,-3.4544104163519024e-08,0.752835196537356,0.05773961969084081,2.43812557478464e-07,0.3350305604673193,0.33542789579704047
2,0.25,271,67.75,68.0,7.866387229773977e-05,7.85237836937516e-05,-3.358252068010742e-08,0.7525067858774659,0.0577857012384594,2.4320367234943533e-07,0.3362596834719715,0.3366548299172553
2,0.25,272,68.0,68.25,7.876462360739949e-05,7.862290153162147e-05,-3.25711200814191e-08,0.7522660512021169,0.057831411348296544,2.4254156300153896e-07,0.33749038071583715,0.33788331275368694
2,0.25,273,68.25,68.5,7.886168181685921e-05,7.872255578375945e-05,-3.151766763526652e-08,0.752042723129936,0.05787664196431282,2.41832676088388e-07,0.33872259449422554,0.3391133526878081
2,0.25,274,68.5,68.75,7.894721907238263e-05,7.88138175999925e-05,-3.0430555035673365e-08,0.7517543111514636,0.05792128759617021,2.410841421308368e-07,0.3399561447922315,0.340344818587808
2,0.25,275,68.75,69.0,7.901179395394982e-05,7.888796526250505e-05,-2.9318027313166017e-08,0.7513207315923612,0.057965245567510114,2.4030302180208456e-07,0.34119070407276203,0.3415774430450347
2,0.25,276,69.0,69.25,7.904619176375975e-05,7.893575738163284e-05,-2.8187708239800838e-08,0.7506573509251154,0.058008416238710434,2.3949585387671927e-07,0.34242580081907076,0.34281081425412263
2,0.25,277,69.25,69.5,7.90416808791165e-05,7.894825943869339e-05,-2.7046124878972802e-08,0.7496828358336208,0.0580507032232311,2.3866819633539167e-07,0.34366082708280693,0.34404438080785227
2,0.25,278,69.5,69.75,7.898998481721e-05,7.891702690592324e-05,-2.590023857342548e-08,0.7483208283297881,0.05809201358156302,2.378261764887329e-07,0.3448950455955758,0.3452774593532573
2,0.25,279,69.75,70.0,7.888397343353438e-05,7.883463009054763e-05,-2.4755395238058864e-08,0.7465048401371919,0.05813225799044857,2.3697443442863012e-07,0.3461276076804748,0.3465092504484221
2,0.25,280,70.0,70.25,7.87180882400229e-05,7.869468606735077e-05,-2.361712094444378e-08,0.7441784453520006,0.058171350889503454,2.3611792717175218e-07,0.3473575778092251,0.3477388549182245
2,0.25,281,70.25,70.5,7.848657625467029e-05,7.849149082726599e-05,-2.2508073209501905e-08,0.7412916991505398,0.05820921059379034,2.3527888503997588e-07,0.34858393056320436,0.34896528446240055
2,0.25,282,70.5,70.75,7.81819096821075e-05,7.821252373853234e-05,-2.1434812914195023e-08,0.7377303569728857,0.058245759375154915,2.3446341549298723e-07,0.3498055229019873,0.3501873551458151
2,0.25,283,70.75,71.0,7.777014895016948e-05,7.784700131868855e-05,-2.034661517741343e-08,0.7333968102241187,0.058280923501432186,2.3362017068933e-07,0.3510206814793337,0.3514037145414196
2,0.25,284,71.0,71.25,7.728286765718365e-05,7.739561202221577e-05,-1.927115867231266e-08,0.7283015238801904,0.05831463333578059,2.3277727822115535e-07,0.3522282262864772,0.3526130209792667
2,0.25,285,71.25,71.5,7.672734968094128e-05,7.687048238606077e-05,-1.821340594185608e-08,0.7225620493059632,0.058346823667537115,2.319397729249305e-07,0.3534270911252419,0.3538141222665489
2,0.25,286,71.5,71.75,7.610382571841086e-05,7.627719824148692e-05,-1.7177483192364756e-08,0.7162336446685028,0.058377433320330345,2.3111185816024196e-07,0.3546162134020921,0.3550059534890721
2,0.25,287,71.75,72.0,7.541291799753993e-05,7.561750841453269e-05,-1.6159216330042386e-08,0.7093350001460497,0.05840640506898684,2.3028947028349877e-07,0.35579454024580365,0.3561874770580492
2,0.25,288,72.0,72.25,7.466394065482572e-05,7.489632365282356e-05,-1.5153842422219177e-08,0.7019140246380863,0.05843368559026055,2.294679781184108e-07,0.35696116431853525,0.35735773211512456
2,0.25,289,72.25,72.5,7.386245061574356e-05,7.412072119444471e-05,-1.416105404813961e-08,0.6940384024877155,0.05845922540736199,2.28647178023339e-07,0.3581152651094063,0.3585158683837878
2,0.25,290,72.5,72.75,7.301638236876856e-05,7.329736430721849e-05,-1.318005347699866e-08,0.6857713972167472,0.05848297874165293,2.2782637988800053e-07,0.35925614608391826,0.3596611397010881
2,0.25,291,72.75,73.0,7.213211268509729e-05,7.243427307879119e-05,-1.220512358974385e-08,0.6771884637207324,0.05850490340933082,2.2699989929367795e-07,0.3603832103446229,0.3607929252179442
2,0.25,292,73.0,73.25,7.122172220322279e-05,7.154047168956018e-05,-1.1234112111489086e-08,0.6683739519895034,0.058524960698583074,2.2616564738860332e-07,0.36149604975404825,0.3619107450880936
2,0.25,293,73.25,73.5,7.029401292114488e-05,7.062584286885736e-05,-1.0263831128325823e-08,0.6594197716210755,0.058543115248826216,2.25320370212311e-07,0.36259439370594115,0.36301427388291946
2,0.25,294,73.5,73.75,6.93567073831846e-05,6.969856737982515e-05,-9.29205658077581e-09,0.6504015371173684,0.058559334890046805,2.2446169634862915e-07,0.36367809225880343,0.3641033139982292
2,0.25,295,73.75,74.0,6.841805006049155e-05,6.876743444875848e-05,-8.311308496034703e-09,0.6414002234439871,0.05857359051928227,2.2358194117549524e-07,0.3647471242909986,0.36517780516149106
2,0.25,296,74.0,74.25,6.748836617870204e-05,6.784087757359379e-05,-7.323575134353388e-09,0.6324932221410959,0.058585856000807776,2.2268282773106952e-07,0.36580163001254085,0.3662378188735785
2,0.25,297,74.25,74.5,6.65741014956641e-05,6.692722029095683e-05,-6.323386347525939e-09,0.623756700156022,0.05859610805024134,2.2175857291227e-07,0.3668418503484106,0.3672835566906247
2,0.25,298,74.5,74.75,6.568114348035189e-05,6.603262147788434e-05,-5.300130863274827e-09,0.6152465178743527,0.058604326122645746,2.207981981479318e-07,0.3678681182152911,0.3683153164012166
2,0.25,299,74.75,75.0,6.481756223880239e-05,6.51652594993721e-05,-4.257140803071158e-09,0.6070372869857693,0.05861049234024705,2.1980462953784597e-07,0.3688808926252724,0.36933352358089433
2,0.25,300,75.0,75.25,6.399454796749836e-05,6.433390378349188e-05,-3.1915848117559237e-09,0.5992090982168139,0.058614591455019606,2.1877465490022007e-07,0.3698808074372646,0.3703387408275114
2,0.25,301,75.25,75.5,6.321882132333777e-05,6.35470231552567e-05,-2.100819648451213e-09,0.5918392749209727,0.058616610755154244,2.1770524653809845e-07,0.37086860152044177,0.37133166306431226
2,0.25,302,75.5,75.75,6.249530782820225e-05,6.281004696807059e-05,-9.839488104498861e-10,0.5849769286137644,0.058616539976760515,2.1659514700151091e-07,0.3718450907052574,0.37231307004818837
2,0.25,303,75.75,76.0,6.182649354599602e-05,6.212705653870007e-05,1.6051529615028481e-10,0.5786587635787779,0.05861437126350296,2.1576358737490616e-07,0.3728111296669136,0.37328380530660554
2,0.25,304,76.0,76.25,6.121713810598403e-05,6.150163296021361e-05,1.3321817431740518e-09,0.5729170053996238,0.05861009915279458,2.1691191557763172e-07,0.3737676474498196,0.3742447683216089
2,0.25,305,76.25,76.5,6.066983595461365e-05,6.093699629343679e-05,2.52690716636729e-09,0.5677807228694689,0.05860372058780438,2.1806785083697753e-07,0.37471561363661043,0.37519690888869384
2,0.25,306,76.5,76.75,6.018611805378858e-05,6.043516002094371e-05,3.752516537737158e-09,0.5632679691888896,0.05859523490772152,2.192390413075053e-07,0.37565602173120094,0.3761412082640211
2,0.25,307,76.75,77.0,5.976621087295099e-05,5.9996776063004515e-05,5.0057449810670535e-09,0.5593843399796103,0.05858464386218968,2.2042210224494106e-07,0.37658986877609074,0.37707865789000555
2,0.25,308,77.0,77.25,5.9409350671603585e-05,5.962143370894008e-05,6.282197216427032e-09,0.556125748402522,0.05857195164695075,2.2161258339750897e-07,0.37751813988033456,0.3780102427917077
2,0.25,309,77.25,77.5,5.911384150436398e-05,5.9308068775866426e-05,7.579853302311368e-09,0.5534822228254586,0.05855716495611208,2.228084691646396e-07,0.37844179365384023,0.37893693136633066
2,0.25,310,77.5,77.75,5.887878879283102e-05,5.905521235915313e-05,8.89377917536252e-09,0.5514402085699959,0.05854029303622669,2.2400489325938786e-07,0.37936177472872823,0.3798596690594424
2,0.25,311,77.75,78.0,5.8701517315550185e-05,5.886090717408327e-05,1.0224437209209458e-08,0.5499817655176698,0.058521347745621,2.2520243244390068e-07,0.38027898593678366,0.38077937073403745
2,0.25,312,78.0,78.25,5.857918891340359e-05,5.872236530544415e-05,1.1566028563711472e-08,0.5490813399934261,0.05850034360292826,2.26395460130263e-07,0.3811942857635556,0.38169690769193504
2,0.25,313,78.25,78.5,5.850822851753961e-05,5.863626968035404e-05,1.2914580138807807e-08,0.5487085396682005,0.05847729785206287,2.2758020951181722e-07,0.3821084768341421,0.38261309940569055
2,0.25,314,78.5,78.75,5.848464663939365e-05,5.859880423370619e-05,1.4265496324581545e-08,0.5488283733543108,0.05845223052257342,2.2875232462028196e-07,0.38302229943788263,0.3835287057218422
2,0.25,315,78.75,79.0,5.8504149072215314e-05,5.860579053239024e-05,1.561406709330894e-08,0.5494024847812216,0.058425164490274545,2.2990736194745461e-07,0.38393642676713596,0.3844444211989108
2,0.25,316,79.0,79.25,5.8562231754772775e-05,5.8652800078761625e-05,1.6955769948246574e-08,0.5503901607037709,0.05839612553441356,2.3104108595551108e-07,0.3848514616383043,0.3853608712001415
2,0.25,317,79.25,79.5,5.865417537663834e-05,5.8735152678562344e-05,1.8284582303318767e-08,0.5517482718584925,0.05836514238948604,2.3214776632981096e-07,0.3857679331285643,0.38627860796074404
2,0.25,318,79.5,79.75,5.8774905405137084e-05,5.884796486199562e-05,1.959372013271045e-08,0.5534316822288231,0.05833224678999438,2.332209326526675e-07,0.38668629102551955,0.38719810741171273
2,0.25,319,79.75,80.0,5.891981694427801e-05,5.898658871108389e-05,2.0883181631008163e-08,0.5553973353545804,0.05829747350759188,2.3426090967647905e-07,0.3876069131652739,0.3881197728603234
2,0.5,0,0.0,0.5,0.0003566024934543088,0.0003612468606940962,4.096361645115204e-08,0.8421649550767305,0.058579876496929605,8.928098054433217e-07,0.005571913960223575,0.005644482198345253
2,0.5,1,0.5,1.0,0.0003476992248564875,0.0003523691077624718,4.3757973980373954e-08,0.8239422509562357,0.05849187188211797,8.92997555261198e-07,0.011004714348606193,0.011150249507133876
2,0.5,2,1.0,1.5,0.0003389615879080465,0.00034361948705410357,4.5901297076635095e-08,0.8060573588201306,0.058398395163530174,8.923916922711842e-07,0.01630098915966942,0.016519303992354243
2,0.5,3,1.5,2.0,0.00033040936664466454,0.0003350445528388989,4.737993094909576e-08,0.7885962269977184,0.058300049947938686,8.909981926352667e-07,0.021463635513492303,0.02175437513046204
2,0.5,4,2.0,2.5,0.00032203669494938053,0.00032664450161395844,4.8197637513014424e-08,0.7715376947574336,0.05819746864661402,8.888392168336913e-07,0.026495458872076372,0.026858195468180142
2,0.5,5,2.5,3.0,0.00031383655344887837,0.0003184112753907098,4.835555253782098e-08,0.7548421421827238,0.05809130641432727,8.85932909006909e-07,0.031399155019715096,0.03183337164615998
2,0.5,6,3.0,3.5,0.00030580814292485194,0.0003103407420882422,4.791198033281263e-08,0.7384802326694807,0.0579822351950039,8.82353332907413e-07,0.03617740725291591,0.03668244574128876
2,0.5,7,3.5,4.0,0.0002979651456271968,0.0003024402458686597,4.689322884686431e-08,0.7224512232178644,0.05787093769083039,8.781417935935603e-07,0.04083311265334086,0.04140807458298657
2,0.5,8,4.0,4.5,0.00029034399141136726,0.00029473650592908853,4.534829190026152e-08,0.7068025373830469,0.0577581014037784,8.733620434944156e-07,0.04536973751914347,0.046013332488128576
2,0.5,9,4.5,5.0,0.0002830051397842495,0.0002872818745060414,4.333415753315917e-08,0.6916458524015365,0.05764441258811553,8.680862632972347e-07,0.04979169282827237,0.050502111777285474
2,0.5,10,5.0,5.5,0.0002760151818408116,0.0002801420849964685,4.0915370007853225e-08,0.6771288072462521,0.057530550080421836,8.623948528022091e-07,0.05410443004453505,0.05487933185535529
2,0.5,11,5.5,6.0,0.0002694281314907492,0.0002733700960690718,3.8162630196583724e-08,0.6633722314307422,0.05741717913829716,8.563754986358688e-07,0.05831424459907801,0.059150739606434535
2,0.5,12,6.0,6.5,0.000263379043776683,0.0002670797570700201,3.514494609398178e-08,0.6506489736469279,0.05730494568583386,8.501159236769018e-07,0.06242954215808868,0.0633238608106536
2,0.5,13,6.5,7.0,0.0002579044335463271,0.00026134420900234814,3.1946670100979624e-08,0.6391382010961754,0.057194470818998894,8.437181624889657e-07,0.06645929893225004,0.06740736407631528
2,0.5,14,7.0,7.5,0.00025317503631820844,0.00025626566441264647,2.8648372963832602e-08,0.6290945604658463,0.05708634517819664,8.372840125377863e-07,0.07041515887472205,0.07141151508276289
2,0.5,15,7.5,8.0,0.0002493211985209638,0.0002520243300920995,2.5315035716982903e-08,0.620969709466556,0.05698112507096713,8.308988095705363e-07,0.0743108026016121,0.07534939524045194
2,0.5,16,8.0,8.5,0.00024639275124625423,0.00024868100000330085,2.199943617900435e-08,0.6149271812381387,0.05687932722748415,8.246341603725017e-07,0.07816068933983483,0.07923503586550351
2,0.5,17,8.5,9.0,0.00024445694477127737,0.0002463009065029072,1.8834315428442605e-08,0.6111438085103742,0.056781425391402976,8.186403029782779e-07,0.08198032910188605,0.08308348752961144
2,0.5,18,9.0,9.5,0.00024355121992980944,0.0002449370882232135,1.5857545161528097e-08,0.609767950463888,0.056687848175733385,8.129708024935869e-07,0.0857858169132893,0.08691062953309915
2,0.5,19,9.5,10.0,0.00024365922724205484,0.0002445923543661335,1.3112044627578562e-08,0.6108234317552469,0.056598977821595176,8.076817094570805e-07,0.08959299233894641,0.09073238507006999
2,0.5,20,10.0,10.5,0.00024473244437655216,0.0002452311110982725,1.0669603043092502e-08,0.614236728781165,0.05651515011213907,8.028551767911534e-07,0.09341693678233004,0.0945641211809805
2,0.5,21,10.5,11.0,0.0002466888357956455,0.0002467838401192194,8.562217217351897e-09,0.619846518210583,0.05643665554436952,7.985309248069956e-07,0.097271449841637,0.0984201186828433
2,0.5,22,11.0,11.5,0.0002494246800061363,0.0002491550424375525,6.822479328011388e-09,0.6274224236867298,0.05636374169304985,7.947469056902533e-07,0.10116871046673288,0.10231316622093005
2,0.5,23,11.5,12.0,0.0002528102410741758,0.0002522277480781587,5.477362318481033e-09,0.6366756794568578,0.05629661656914006,7.915335725776412e-07,0.10511887048351688,0.10625422478465128
2,0.5,24,12.0,12.5,0.0002567322508167484,0.00025587491797001615,4.523209296697361e-09,0.6472876361180615,0.05623545274065215,7.888892203204424e-07,0.10913031190252857,0.11025227037793278
2,0.5,25,12.5,13.0,0.0002610857285894946,0.00026000247756803715,3.9572506599708235e-09,0.6590190041595608,0.05618039229018969,7.868119433242824e-07,0.11320977641173943,0.11431480908993336
2,0.5,26,13.0,13.5,0.0002657253300776196,0.0002644700155722342,3.757761109007482e-09,0.6715097690423454,0.05613155148278755,7.852805732827414e-07,0.11736173469420223,0.11844715308324952
2,0.5,27,13.5,14.0,0.0002705175538067937,0.00026914580054589665,3.891768362218259e-09,0.6844185945916746,0.056089025865873506,7.842628255248126e-07,0.12158857147243338,0.12265255621677916
2,0.5,28,14.0,14.5,0.00027532592948340483,0.0002738883384133495,4.304807422203863e-09,0.6973766871178253,0.056052895491985444,7.837048099861351e-07,0.12589053912061157,0.12693206150448774
2,0.5,29,14.5,15.0,0.000280092115631188,0.0002786142150795749,4.957480196970607e-09,0.7101612461830895,0.05602323000321962,7.835683838508145e-07,0.13026697842734888,0.1312854086151061
2,0.5,30,15.0,15.5,0.00028475676519104263,0.0002832700318359853,5.809192769618693e-09,0.7226252303458156,0.05600009306737273,7.838146893362831e-07,0.13471630288345893,0.13571150286254338
2,0.5,31,15.5,16.0,0.0002892214741854733,0.0002877667729566438,6.752377936089168e-09,0.7345304986575507,0.055983545623811,7.84337753310598e-07,0.13923538841760694,0.14020785868999094
2,0.5,32,16.0,16.5,0.0002934207386330956,0.00029202674652266316,7.709842811919054e-09,0.7456677801484533,0.055973648929681236,7.850623621434158e-07,0.14382008745874908,0.14477077660440757
2,0.5,33,16.5,17.0,0.0002973045483309221,0.00029599592190231253,8.648470674202727e-09,0.7558887010612646,0.0559704669933657,7.859574413326412e-07,0.14846547102641974,0.14939571288413117
2,0.5,34,17.0,17.5,0.00030082573151905465,0.0002996255787302523,9.46041896568179e-09,0.7650593581057524,0.055974067935814394,7.869170016203521e-07,0.15316587308140497,0.15407736255179139
2,0.5,35,17.5,18.0,0.0003039300466589239,0.00030286376396689826,1.0076007622228725e-08,0.7730388342382999,0.05598452469207856,7.878728452623445e-07,0.15791478006045065,0.15880960886377415
2,0.5,36,18.0,18.5,0.0003065764341621236,0.00030566156117859766,1.0409479252963122e-08,0.7796955597773867,0.056001914793927486,7.887405056246364e-07,0.16270503684423385,0.16358557075718974
2,0.5,37,18.5,19.0,0.00030876765144390874,0.00030800816635872993,1.0391761484521492e-08,0.7849970617847204,0.05602631949493062,7.894524514492296e-07,0.16752953139804494,0.1683981983565449
2,0.5,38,19.0,19.5,0.0003104675002628414,0.00030988261556133664,9.965492790567701e-09,0.7888869330705764,0.056057821802845215,7.899516684836766e-07,0.17238058608965182,0.1732401142246908
2,0.5,39,19.5,20.0,0.00031162636073733645,0.00031123010463239673,9.07065722706435e-09,0.7912250012069437,0.05609650344008616,7.901784627205343e-07,0.1772497479761727,0.178103084609572
2,0.5,40,20.0,20.5,0.00031230611573910064,0.0003120810432566876,7.670200443538056e-09,0.7920904572887573,0.05614244180234922,7.90097596374546e-07,0.18212953103459614,0.18297935091045772
2,0.5,41,20.5,21.0,0.000312522416982851,0.00031246396314232107,5.7344971228154296e-09,0.791559672617459,0.05619570601073108,7.896803765467065e-07,0.18701269379995322,0.1878616003345565
2,0.5,42,21.0,21.5,0.000312290296291662,0.00031239274630356543,3.2346617493891894e-09,0.7896739296854908,0.056256351655943906,7.888988824416043e-07,0.19189222967951042,0.19274273699554972
2,0.5,43,21.5,22.0,0.0003116514466132434,0.00031189549745237527,1.868654389211577e-10,0.7865126324350211,0.05632441567940707,7.877702482192375e-07,0.19676178353284235,0.1976161041432431
2,0.5,44,22.0,22.5,0.00031065836901009863,0.00031102446384435433,-3.393372118021265e-09,0.7822178086054585,0.056399911035451666,7.930977274252744e-07,0.20161582054862512,0.2024758613908111
2,0.5,45,22.5,23.0,0.0003093694756640033,0.0003098302710436872,-7.508235857697776e-09,0.7769285399987762,0.056482821021781635,7.995360358182371e-07,0.2064497186058752,0.20731695937586875
2,0.5,46,23.0,23.5,0.000307871137783129,0.00030839150375269574,-1.2129900246564407e-08,0.7708547151346636,0.05657309375462083,8.066840501299176e-07,0.21126020513373656,0.2121355766220046
2,0.5,47,23.5,24.0,0.0003061934973454957,0.0003067644454145616,-1.717280993926082e-08,0.7641503716419346,0.056670636500516985,8.144556445978616e-07,0.21604447852975994,0.21692877108160713
2,0.5,48,24.0,24.5,0.0003044019954015374,0.0003049783185981828,-2.2604636651206433e-08,0.7569024696270149,0.05677531013621899,8.228172491719168e-07,0.22080075970790894,0.22169405730970376
2,0.5,49,24.5,25.0,0.0003026713442504268,0.0003031953926567995,-2.836968037139148e-08,0.7495276575400188,0.056886925260627136,8.31710989274452e-07,0.22552999946182187,0.22643148531996626
2,0.5,50,25.0,25.5,0.0003010964979543781,0.00030152773974566615,-3.436474169636605e-08,0.7423141502679369,0.05700523757279563,8.410296910289216e-07,0.23023463224235904,0.23114285625349232
2,0.5,51,25.5,26.0,0.00029977845988545145,0.000300077234062059,-4.051671572032067e-08,0.735521625390537,0.057129943489244654,8.506945659793345e-07,0.2349186706780692,0.23583156303571198
2,0.5,52,26.0,26.5,0.000298809614290573,0.0002989405012958722,-4.6728992618948195e-08,0.729393322640559,0.057260677356853175,8.606011103027768e-07,0.23958757090135943,0.24050250836846
2,0.5,53,26.5,27.0,0.0002982417260051955,0.00029818516722188187,-5.2911478605650875e-08,0.724098239324727,0.057397009572591064,8.70648897556003e-07,0.2442475978701906,0.24516165160630188
2,0.5,54,27.0,27.5,0.0002981524628339685,0.0002978769752786457,-5.895928693183672e-08,0.7197980528096861,0.05753844588246578,8.807207836672202e-07,0.24890623010197135,0.24981597934503072
2,0.5,55,27.5,28.0,0.00029856622088543765,0.0002980686222440087,-6.475881454953009e-08,0.7166202304639274,0.05768442812047078,8.906883586600523e-07,0.25357132730330634,0.25447330156759335
2,0.5,56,28.0,28.5,0.000299493292690624,0.0002987708623040481,-7.021692593079526e-08,0.7145896537121896,0.05783433573711231,9.00441431997098e-07,0.25825091000159733,0.25914159629109407
2,0.5,57,28.5,29.0,0.00030088965737367496,0.00029996478122136354,-7.52402557410714e-08,0.7136604758953586,0.05798748918695845,9.098673114897104e-07,0.262952310898061,0.2638285459976779
2,0.5,58,29.0,29.5,0.00030270385101861287,0.00030159649884560415,-7.972842187321805e-08,0.7137055987844236,0.05814315438951419,9.1884442609443e-07,0.26768205857022676,0.2685409912921405
2,0.5,59,29.5,30.0,0.0003048540114976789,0.0003036022076920074,-8.359771882463646e-08,0.7145779760530429,0.058300548780701775,9.272661269947987e-07,0.272445402499878,0.27328477578732807
2,0.5,60,30.0,30.5,0.0003072620671424539,0.00030589849887975747,-8.677575721177666e-08,0.7160887061349944,0.05845884819379835,9.350356432419867e-07,0.27724637229897886,0.27806443983232426
2,0.5,61,30.5,31.0,0.0003097999358681108,0.00030838029351508797,-8.919975048090473e-08,0.7180034675350891,0.05861719487042755,9.42064544600637e-07,0.2820869962969181,0.28288288191849753
2,0.5,62,31.0,31.5,0.0003123298148378223,0.00031091049362287295,-9.083929526643164e-08,0.7200197963518455,0.05877470595367419,9.482958044787489e-07,0.2869671496537591,0.2877408583813549
2,0.5,63,31.5,32.0,0.00031470679941495144,0.0003133490514820487,-9.167165696249285e-08,0.7218357223222643,0.0589304829631026,9.536792618733322e-07,0.29188444339461767,0.2926369373107619
2,0.5,64,32.0,32.5,0.0003167012519931095,0.0003154997345698275,-9.170306113082116e-08,0.7230274258846865,0.05908362145287056,9.581929566589828e-07,0.29683290045701005,0.2975666206634155
2,0.5,65,32.5,33.0,0.00031819947812208003,0.00031718609235539466,-9.086198728656958e-08,0.7232249958993862,0.059233220791539205,9.617374862119732e-07,0.3018047673026675,0.30252265335646855
2,0.5,66,33.0,33.5,0.0003191331061905755,0.00031835057151819433,-8.924426030728488e-08,0.7223350942476889,0.05937839477317867,9.643808340370494e-07,0.30679122208689524,0.30749688103644035
2,0.5,67,33.5,34.0,0.00031937857743001563,0.0003188755807532977,-8.685632567340118e-08,0.7201293291023994,0.059518280423488536,9.661019282213642e-07,0.31178151235923923,0.31247931198571066
2,0.5,68,34.0,34.5,0.00031886829852975813,0.00031867582968719106,-8.376654367543701e-08,0.7164541811619354,0.05965204617036529,9.669425925236865e-07,0.3167638295237667,0.317458621824573
2,0.5,69,34.5,35.0,0.00031750946233214707,0.00031766782997758925,-8.003618071940333e-08,0.711160108503679,0.059778899811761155,9.66938827429866e-07,0.3217249148727065,0.3224221816679729
2,0.5,70,35.0,35.5,0.0003153153072317748,0.0003158138531107362,-7.572513310502571e-08,0.7041985703669701,0.05989809525321712,9.661267834808166e-07,0.32665171654820296,0.3273567731228281
2,0.5,71,35.5,36.0,0.00031236409556908463,0.0003131841173424982,-7.0905300486937e-08,0.6957573830624764,0.06000893874959574,9.645564743491128e-07,0.3315324055414699,0.33225027495630466
2,0.5,72,36.0,36.5,0.0003087360042847917,0.00030984895073950404,-6.563028184108921e-08,0.6860173544287368,0.060110792982524155,9.622618045104068e-07,0.3363564056084198,0.3370916648116094
2,0.5,73,36.5,37.0,0.0003045734358578323,0.00030592971677366644,-5.996093317087864e-08,0.675264985224546,0.06020308001064291,9.592862591006744e-07,0.3411153655436984,0.3418718166361979
2,0.5,74,37.0,37.5,0.0003000484870222843,0.00030158722412611597,-5.39447550275407e-08,0.6638658269911272,0.060285283375188924,9.5566240758342e-07,0.3458036231534216,0.3465841170131685
2,0.5,75,37.5,38.0,0.00029535710948155706,0.0002970093976726929,-4.758722712931707e-08,0.6522372850167283,0.060356948980726556,9.51383298505323e-07,0.3504185779890709,0.35122488885180436
2,0.5,76,38.0,38.5,0.0002907253931252983,0.00029240653121453535,-4.093184152384466e-08,0.6408389373506311,0.06041768521463895,9.464820064712203e-07,0.3549611622566537,0.3557937409020315
2,0.5,77,38.5,39.0,0.0002864397055960845,0.0002880512445819895,-3.3964025068083936e-08,0.6302611863404481,0.06046716263314379,9.409354693529974e-07,0.3594367826565925,0.3602945415986251
2,0.5,78,39.0,39.5,0.0002827236906416588,0.0002841897042420073,-2.669421630095703e-08,0.6210322817309009,0.06050511290140138,9.347477020277484e-07,0.36385434032286845,0.3647350057274064
2,0.5,79,39.5,40.0,0.0002798129469848464,0.0002810447267528242,-1.9098430924409382e-08,0.6136278087320883,0.060531327371345235,9.278901122450172e-07,0.36822641761950664,0.36912632958291935
2,0.5,80,40.0,40.5,0.0002779358338132164,0.0002788588186572909,-1.1172252924879222e-08,0.6085669826223246,0.060545656403597124,9.203553654205703e-07,0.37256916502283816,0.3734834986244395
2,0.5,81,40.5,41.0,0.000277274133668755,0.0002778256133855422,-2.9027789243477042e-09,0.6062650614159165,0.06054800860470364,9.121293988448089e-07,0.37690157336141245,0.3778245238335886
2,0.5,82,41.0,41.5,0.00027799593219839276,0.00027812116730189276,5.684946026082716e-09,0.6071036755483302,0.060538350592705834,9.146078254671781e-07,0.38124525980201235,0.3821701670726807
2,0.5,83,41.5,42.0,0.0002801759449637415,0.00027985706002416283,1.4627641124406732e-08,0.6113299495809448,0.060516707397036885,9.229016579455659e-07,0.3856230089420708,0.38654293363555825
2,0.5,84,42.0,42.5,0.0002838291578612061,0.00028306545560826237,2.3866099183728062e-08,0.6190245400983511,0.06048316327971245,9.311499639828189e-07,0.39005783953365214,0.39096583137943736
2,0.5,85,42.5,43.0,0.00028890739375389725,0.00028772286394798457,3.334696194005893e-08,0.6301532036342504,0.060437863923446744,9.393048113456503e-07,0.3945720175610568,0.3954615011286246
2,0.5,86,43.0,43.5,0.0002953367759771625,0.00029376359668606324,4.2978906755145735e-08,0.6445952281322467,0.06038101911927266,9.472824401981434e-07,0.39918665468569997,0.40005155732684433
2,0.5,87,43.5,44.0,0.0003029410534818571,0.00030104519235669725,5.2652631562025154e-08,0.6620658327752128,0.06031290591625014,9.549823730099472e-07,0.40392010864635397,0.4047553884574177
2,0.5,88,44.0,44.5,0.0003115787779272988,0.0003094189106477632,6.226262040665009e-08,0.6822684372799286,0.06023387170152107,9.623098212230712e-07,0.408788527051468,0.409590058936289
2,0.5,89,44.5,45.0,0.00032104797916380915,0.0003186965863274235,7.16234346983223e-08,0.7048194951146587,0.06014433748131314,9.690912685364855e-07,0.41380490172590256,0.41456969309765507
2,0.5,90,45.0,45.5,0.0003311287623644051,0.0003286698114439987,8.057435074964453e-08,0.7292878764837246,0.06004480023837282,9.751796085734527e-07,0.4189787886378464,0.41970515890146753
2,0.5,91,45.5,46.0,0.0003415810712056287,0.00033910019365039173,8.889814784654448e-08,0.7551703176207736,0.05993583452534536,9.80373167139919e-07,0.4243159928754343,0.4250035994272549
2,0.5,92,46.0,46.5,0.000352143644948602,0.00034973097004718535,9.645445433201574e-08,0.7819139323632922,0.05981809304637813,9.845492402026477e-07,0.4298182373277562,0.4304681458342422
2,0.5,93,46.5,47.0,0.00036258928104628777,0.0003603281151981451,1.0301536499442848e-07,0.8090054107083473,0.059692305826733745,9.874999918358326e-07,0.43548369484410443,0.4360982726342132
2,0.5,94,47.0,47.5,0.0003725496799929979,0.00037057050150540483,1.0844666465661609e-07,0.8357222857881684,0.0595592779961788,9.891120809196933e-07,0.44130478359399505,0.44188843672023514
2,0.5,95,47.5,48.0,0.00038185032535433677,0.00038018503633825636,1.1263312214154775e-07,0.8614327556815677,0.059419885751318575,9.892958994980772e-07,0.44727119492765655,0.4478288279130204
2,0.5,96,48.0,48.5,0.000390420474198923,0.00038910354251708813,1.1542817722042659e-07,0.8859536202949685,0.059275072290569546,9.879333830383147e-07,0.4533715148370147,0.4539085707648499
2,0.5,97,48.5,49.0,0.00039807318301617305,0.00039716180958245103,1.1679097826084589e-07,0.9088722154560502,0.05912583952949622,9.85013065164661e-07,0.4595914083216424,0.4601142240395757
2,0.5,98,49.0,49.5,0.00040465270511814326,0.0004041894830257147,1.1669640530937928e-07,0.9297475554180712,0.05897323820597317,9.805406927957851e-07,0.4659141068391134,0.46642968471185253
2,0.5,99,49.5,50.0,0.0004100048029386685,0.0004100346414917309,1.1514472515435428e-07,0.9481667976788468,0.05881835801220661,9.745479592078352e-07,0.4723204318850301,0.4728364759851608
2,0.5,100,50.0,50.5,0.00041395881614057295,0.00041452095403671604,1.1224336451043024e-07,0.9636471821560386,0.05866231668805415,9.671736885138268e-07,0.47878853838722657,0.4793133658919845
2,0.5,101,50.5,51.0,0.00041650550761561335,0.00041758479234242857,1.0809991492265539e-07,0.9759558086630346,0.05850624883303735,9.585578858728726e-07,0.48529643694372054,0.48583812827233497
2,0.5,102,51.0,51.5,0.0004175532882729066,0.00041917151893222713,1.0283689606815916e-07,0.9848741998178291,0.058351294664392366,9.488537104174548e-07,0.4918207070729847,0.492387683255651
2,0.5,103,51.5,52.0,0.00041706544004988075,0.0004191975417064911,9.657977933954891e-08,0.990110859440309,0.0581985876147359,9.382168960045447e-07,0.4983373545737641,0.4989376448448149
2,0.5,104,52.0,52.5,0.00041518730840659043,0.0004177620243362014,8.955779032151882e-08,0.9918039108379653,0.05804924354916166,9.269066954773734e-07,0.5048246562676171,0.5054651764750681
2,0.5,105,52.5,53.0,0.0004120356996102923,0.00041499049470727326,8.199514661601931e-08,0.9901608865978663,0.057904349191927246,9.151761508823681e-07,0.5112627140740278,0.5119494029548691
2,0.5,106,53.0,53.5,0.0004077846994681969,0.00041102776170704445,7.40231937165596e-08,0.985444873879668,0.057764950319844806,9.031852018376272e-07,0.5176343500032184,0.5183717117315417
2,0.5,107,53.5,54.0,0.0004026847980860629,0.0004061071483096403,6.579667296419123e-08,0.9781435848904808,0.05763204165284094,8.911170219063127e-07,0.5239262999733132,0.5247171359238798
2,0.5,108,54.0,54.5,0.00039698533880856614,0.0004004773592912923,5.744940660776937e-08,0.9687979858727311,0.05750655668517367,8.791330121269401e-07,0.5301291958921971,0.5309745946628063
2,0.5,109,54.5,55.0,0.0003909598086672761,0.0003944059182450748,4.9082830514378395e-08,0.9580114004826904,0.05738935799700046,8.673614055165328e-07,0.5362379429026233,0.5371371871353857
2,0.5,110,55.0,55.5,0.0003848831412504761,0.0003881725001172981,4.0772319558329134e-08,0.9464334978520728,0.05728122858464439,8.559030124771699e-07,0.542251741984662,0.5432023824497185
2,0.5,111,55.5,56.0,0.0003789984122063374,0.00038203834687893895,3.2561354841153384e-08,0.9346847118133346,0.05718286390734138,8.448245551735373e-07,0.548173592175386,0.5491717316197019
2,0.5,112,56.0,56.5,0.0003735136396737981,0.00037622551578061,2.4458850785870345e-08,0.9233027615159131,0.05709486486399182,8.341554636011672e-07,0.5540097427952891,0.5550502553037738
2,0.5,113,56.5,57.0,0.00036857974007998336,0.0003709113889535484,1.645867430625364e-08,0.9127256978453412,0.0570177320462103,8.23906786452815e-07,0.5597688012340388,0.5608457457561731
2,0.5,114,57.0,57.5,0.0003643061547045478,0.00036622756135838903,8.572879255444588e-09,0.9032857751414336,0.056951861072110116,8.141031279830223e-07,0.5654610849012974,0.5665680514023979
2,0.5,115,57.5,58.0,0.00036070803240991715,0.00036222605380086914,7.610732382853924e-10,0.8951229736477049,0.056897539235864505,8.047121755172528e-07,0.5710971479077024,0.5722278334930364
2,0.5,116,58.0,58.5,0.00035772697820213696,0.0003588776349138813,-6.992279537060969e-09,0.8881778031711471,0.05685494358073404,8.097066676334369e-07,0.5766866319421108,0.5778352965385658
2,0.5,117,58.5,59.0,0.00035523021828465836,0.00035607606720642503,-1.4699900303082047e-08,0.8821999284651925,0.056824140657830265,8.165195147585821e-07,0.5822371041028086,0.5833989850886662
2,0.5,118,59.0,59.5,0.0003530818376584117,0.00035368676976358754,-2.235875611608998e-08,0.8768682184028037,0.05680508787396693,8.236213349231224e-07,0.5877540078162213,0.5889253408662222
2,0.5,119,59.5,60.0,0.000351132482359252,0.0003515649263935455,-2.990744692003833e-08,0.8718364137875261,0.05679763626935423,8.309434086322327e-07,0.5932404528530847,0.5944185428411213
2,0.5,120,60.0,60.5,0.000349196633172811,0.00034953913891874565,-3.7307350121088684e-08,0.8666937568449908,0.05680153411266391,8.384369930321797e-07,0.5986966502464098,0.5998800918867268
2,0.5,121,60.5,61.0,0.00034711123857419923,0.0003474308803357602,-4.445707865730064e-08,0.8610145592981264,0.05681643163090933,8.459884656021199e-07,0.6041202633491316,0.605308699391973
2,0.5,122,61.0,61.5,0.0003447634074784777,0.0003451084889459787,-5.127155035082598e-08,0.8544932852467908,0.05684188706530482,8.534988364550906e-07,0.6095071915909829,0.6107010195317539
2,0.5,123,61.5,62.0,0.0003421028039597117,0.00034249500329238807,-5.761440377213822e-08,0.8469644128197353,0.05687737334601152,8.608166100515435e-07,0.6148525479028535,0.6160525039581974
2,0.5,124,62.0,62.5,0.0003391291786202658,0.00033957273515933505,-6.337447115787459e-08,0.8384132755634491,0.056922285168356304,8.678145681195891e-07,0.6201514413187951,0.621358327945062
2,0.5,125,62.5,63.0,0.000335893674562578,0.00033637135048495575,-6.844003677848598e-08,0.8289453321831544,0.056975946396034136,8.743638983091703e-07,0.6253997799838353,0.6266141302963893
2,0.5,126,63.0,63.5,0.0003324359623437744,0.00033293458192847487,-7.271925017140676e-08,0.8187025384421724,0.05703761781726207,8.803545470868577e-07,0.6305940918954568,0.6318162331390219
2,0.5,127,63.5,64.0,0.00032885834201182773,0.00032932871618395116,-7.60789018775486e-08,0.8078829121701765,0.057106505182402484,8.856356155566511e-07,0.6357325034893916,0.636961994329396
2,0.5,128,64.0,64.5,0.0003254756029285599,0.00032581132950160093,-7.847039357189445e-08,0.797151758895063,0.0571817681333736,8.901407674457699e-07,0.6408180597851504,0.6420527963528586
2,0.5,129,64.5,65.0,0.00032248561268368803,0.00032261845902226995,-7.986058094900175e-08,0.7871149455475592,0.057262528423401855,8.938171248472329e-07,0.645856897483333,0.6470937097750815
2,0.5,130,65.0,65.5,0.0003200376044357918,0.0003199220660538112,-8.025669586200768e-08,0.7782148158951168,0.057347876856839494,8.966503076905666e-07,0.6508574850526423,0.6520924920571723
2,0.5,131,65.5,66.0,0.00031827224872412905,0.0003178614561772296,-7.967308509769164e-08,0.7708078904784086,0.05743688147762021,8.986310059294644e-07,0.6558304889389568,0.6570590773099415
2,0.5,132,66.0,66.5,0.0003172516191080575,0.0003165388953649762,-7.817309060839661e-08,0.765155165739497,0.05752859630820807,8.997959291798183e-07,0.6607875454875201,0.6620049975500193
2,0.5,133,66.5,67.0,0.0003169348801574474,0.00031594667821562185,-7.585176349089034e-08,0.7612478362527818,0.05762206986900471,9.002103755248922e-07,0.6657396529899802,0.6669416643971383
2,0.5,134,67.0,67.5,0.000317238468400921,0.0003160231108401769,-7.281631341773606e-08,0.7589463012760005,0.05771635433949411,8.999491073157573e-07,0.6706965040587445,0.6718795255040161
2,0.5,135,67.5,68.0,0.0003179638591225536,0.0003166131377828425,-6.920579611983946e-08,0.7578883713714085,0.05781051491749858,8.99116624567236e-07,0.6756646893575344,0.6768266057818729
2,0.5,136,68.0,68.5,0.0003188507382790662,0.00031747246312067713,-6.513989090576461e-08,0.757502958373842,0.05790363892458332,8.977977344455732e-07,0.6806467321431449,0.6817871130181336
2,0.5,137,68.5,69.0,0.00031963165823965627,0.00031833933523441,-6.076156554117584e-08,0.7571841344754981,0.05799484516335801,8.961015642046356e-07,0.6856409768031395,0.6867611651311712
2,0.5,138,69.0,69.5,0.0003200155708075001,0.0003189296151746839,-5.619931662571853e-08,0.756279590361528,0.05808329263844302,8.941252440427199e-07,0.6906412200970067,0.6917444403682756
2,0.5,139,69.5,70.0,0.00031971614294970096,0.0003189507432738182,-5.156680607087266e-08,0.7541236007582124,0.05816818816565467,8.919550702716622e-07,0.6956367848305958,0.696728045731929
2,0.5,140,70.0,70.5,0.00031849919843804754,0.00031814582383325827,-4.697363551299863e-08,0.750140049805595,0.058248792978806405,8.896781479316595e-07,0.7006133348061903,0.7016990742293238
2,0.5,141,70.5,71.0,0.00031612375243333067,0.00031628284292390584,-4.2571336169791585e-08,0.7438145067458637,0.058324428003153204,8.874275813177947e-07,0.7055527684379611,0.7066409936500098
2,0.5,142,71.0,71.5,0.00031231570724900726,0.0003130594346185045,-3.820885576422822e-08,0.7344686014870643,0.05839447719541738,8.850388020740819e-07,0.7104327013637268,0.7115325473159239
2,0.5,143,71.5,72.0,0.0003073803168486596,0.00030861412226358535,-3.399698226234926e-08,0.7224571195674183,0.058458390454373434,8.826160962028234e-07,0.7152355188144872,0.7163546429762925
2,0.5,144,72.0,72.5,0.0003014133312761614,0.00030309925555877025,-2.991105581447162e-08,0.708158169080769,0.05851568503848823,8.801289935214684e-07,0.7199451021156772,0.7210905688443981
2,0.5,145,72.5,73.0,0.0002946403912441179,0.00029669777367465137,-2.5919682246442616e-08,0.6920126216114073,0.058565941512808944,8.775413062842835e-07,0.7245488582288665,0.7257264715580646
2,0.5,146,73.0,73.5,0.0002873219914195386,0.00028965292786381773,-2.1974838922481088e-08,0.6745936271477472,0.058608801136987604,8.748002557522709e-07,0.7290382643447968,0.7302522985559368
2,0.5,147,73.5,74.0,0.00027976065698875983,0.0002822585704288655,-1.802419003025385e-08,0.6565843337903216,0.05864396207385084,8.718478176675516e-07,0.7334095246102461,0.7346625887188878
2,0.5,148,74.0,74.5,0.00027223806478666795,0.000274798355907271,-1.4015493055626743e-08,0.6386376839351438,0.058671175273761936,8.686244912387786e-07,0.7376632443725379,0.7389563130299388
2,0.5,149,74.5,75.0,0.0002649997978655199,0.0002675369497488621,-9.873933762196557e-09,0.62135812315782,0.05869024047258661,8.650471630984279e-07,0.7418038662141866,0.7431365778697647
2,0.5,150,75.0,75.5,0.0002583065300211093,0.0002607190984124661,-5.558960943473357e-09,0.6053015595816423,0.05870100272229976,8.610665793179304e-07,0.7458399057457664,0.7472103137824595
2,0.5,151,75.5,76.0,0.00025240043716575093,0.00025460885676544724,-1.0404698938364099e-09,0.5910683734592423,0.058703350035520206,8.566447717385835e-07,0.7497836625764813,0.7511885771694197
2,0.5,152,76.0,76.5,0.00024741295577498544,0.00024936996604721986,3.6923719953958767e-09,0.5790275132732415,0.058697211026941504,8.591492105284857e-07,0.7536494900104653,0.7550849828889075
2,0.5,153,76.5,77.0,0.00024343674306209631,0.00024511060415375284,8.642812078431955e-09,0.5694217874270231,0.05868255352649635,8.637036395997689e-07,0.7574531891208106,0.7589148360788098
2,0.5,154,77.0,77.5,0.00024048550072248423,0.00024187205130857747,1.3799324841221733e-08,0.5623421952883556,0.05865938446305488,8.682137842822482e-07,0.7612107750695994,0.7626940868805064
2,0.5,155,77.5,78.0,0.00023852116724257548,0.00023963195270514543,1.911014687857107e-08,0.5577354543088875,0.05862775043508372,8.726286618931837e-07,0.7649376683077647,0.7664383361415243
2,0.5,156,78.0,78.5,0.00023747222833685752,0.0002383318747882609,2.452814913114429e-08,0.5554674789117485,0.058587739179541416,8.769043639627176e-07,0.768648171875528,0.770162271685091
2,0.5,157,78.5,79.0,0.00023722669555482218,0.00023787284657888862,2.9983939990596564e-08,0.5553120746772122,0.058539481295011804,8.809767860640744e-07,0.7723548389935722,0.7738790349128861
2,0.5,158,79.0,79.5,0.00023764703155579325,0.00023812521635134293,3.540123830192421e-08,0.5569726002335906,0.058483152074645994,8.847765539386591e-07,0.7760680738616315,0.777599741418376
2,0.5,159,79.5,80.0,0.0002385806145320463,0.00023894107099972737,4.069483942100577e-08,0.5601095177268478,0.05841897331957596,8.882266001085836e-07,0.7797958959636946,0.7813331956527466
2,1.0,0,0.0,1.0,0.0014086484380756575,0.001444987442776353,8.238996117293507e-08,0.842164955076712,0.058579876496929605,3.4715471605786964e-06,0.022010131844932147,0.022577928793380515
2,1.0,1,1.0,2.0,0.0013389479608743211,0.0013752653233916159,9.117510789066752e-08,0.8064054979336363,0.058402508878710194,3.459690200137532e-06,0.042931193733593415,0.044066449471374516
2,1.0,2,2.0,3.0,0.001272176929559856,0.001308108092181757,9.467841908042396e-08,0.7722316170946854,0.05820536601911892,3.440444124695529e-06,0.06280895825796617,0.06450563841171446
2,1.0,3,3.0,4.0,0.0012082701803904257,0.0012435966940324585,9.316683398027936e-08,0.7395206081815562,0.05799354231354248,3.4146445917041355e-06,0.08168817982656656,0.08393683675597163
2,1.0,4,4.0,5.0,0.0011477086671983164,0.0011818445956713643,8.728889694907538e-08,0.7081894128115593,0.05777240800204153,3.383494994016817e-06,0.09962112775154026,0.10240315856333669
2,1.0,5,5.0,6.0,0.0010921333061018786,0.0011240800211904766,7.793740068248733e-08,0.6788526387895761,0.05754741989481289,3.3484484192551343e-06,0.11668571065938212,0.1199669088944379
2,1.0,6,6.0,7.0,0.001043943724693911,0.0010723688410856635,6.620550346489451e-08,0.6526828972387041,0.0573239323456584,3.3111792926017322e-06,0.13299733135772449,0.1367226720364014
2,1.0,7,7.0,8.0,0.0010062346080292536,0.0010295504672368156,5.331851763573647e-08,0.6313915335206091,0.057107012471095876,3.27350764766795e-06,0.14871974710818156,0.15280939808697663
2,1.0,8,8.0,9.0,0.000982703245810462,0.0009995468862752492,4.039298678350234e-08,0.6174320999698426,0.05690127278059697,3.2371331632066722e-06,0.16407448532397004,0.16842731818502743
2,1.0,9,9.0,10.0,0.0009751454938638146,0.0009848083850455894,2.8671112352329775e-08,0.6124226620897817,0.05671073032512427,3.203806508767942e-06,0.17931113366559215,0.18381494920136476
2,1.0,10,10.0,11.0,0.0009834122345622927,0.0009861457673162111,1.8997277900084653e-08,0.6169917543403565,0.056538707397910296,3.1747722986033278e-06,0.19467694983062797,0.19922347681568056
2,1.0,11,11.0,12.0,0.0010051078981518097,0.0010019511850364094,1.204562946437171e-08,0.6302403427686945,0.05638780375774438,3.150980381083813e-06,0.21038176073925,0.21487896408187446
2,1.0,12,12.0,13.0,0.001036536989077652,0.0010289093813912627,8.129659201470268e-09,0.650142554225065,0.056259940015817245,3.1329128056844114e-06,0.2265776511935883,0.2309556731661129
2,1.0,13,13.0,14.0,0.001073880357092816,0.0010633521794715698,7.141285851292728e-09,0.674384505528363,0.05615646594760647,3.120556909169934e-06,0.24335703177316356,0.2475705509703562
2,1.0,14,14.0,15.0,0.0011128814938594453,0.0011010838703152243,8.55762196240277e-09,0.7002620786021414,0.05607830701027155,3.113451507600127e-06,0.2607458051147174,0.26477498644403163
2,1.0,15,15.0,16.0,0.0011507141511493666,0.0011386746521752176,1.1644955612202107e-08,0.7255185904385192,0.056026120598329385,3.1109166813309967e-06,0.2787257137264263,0.2825667778842694
2,1.0,16,16.0,17.0,0.0011849895084995589,0.0011737893939917131,1.5227923686345762e-08,0.748578314350835,0.056000443627024755,3.111832325048298e-06,0.2972411747967319,0.3009072371653899
2,1.0,17,17.0,18.0,0.0012138822317266582,0.0012043130050748093,1.8206841402579332e-08,0.7680074881976111,0.056001796446902195,3.115156008975022e-06,0.3162080846674609,0.3197246278696838
2,1.0,18,18.0,19.0,0.0012359182300131764,0.001228638235676691,1.929719678625194e-08,0.7827106629812386,0.056030743576902804,3.119658020947522e-06,0.33551930701141686,0.3389221003021321
2,1.0,19,19.0,20.0,0.0012503212340141418,0.0012457626090966068,1.7393948613039778e-08,0.7920031068825768,0.056087902740570315,3.1242851157110623e-06,0.3550555762928878,0.3583871410692666
2,1.0,20,20.0,21.0,0.0012566328150848231,0.0012548431518100284,1.167169082563757e-08,0.7953353194278735,0.05617390115319064,3.1282627915613774e-06,0.3746904640285882,0.3779940653162983
2,1.0,21,21.0,22.0,0.001255659135514539,0.0012564260901294939,1.6523023756501165e-09,0.7930773235330467,0.05628928144395564,3.131167697694163e-06,0.39431013802100284,0.39762572297457166
2,1.0,22,22.0,23.0,0.001248518604349596,0.0012512950448135887,-1.2645600560613757e-08,0.7857825909196399,0.05643436709278195,3.158354585003587e-06,0.41381824121396527,0.41717720804978403
2,1.0,23,23.0,24.0,0.0012371757019268683,0.0012410906800927079,-3.096654792051484e-08,0.7745706659446495,0.05660909763631158,3.1961625281988795e-06,0.4331491115565726,0.4365692499262326
2,1.0,24,24.0,25.0,0.0012235919333773316,0.0012277420502951062,-5.250841799038508e-08,0.7607533373198718,0.05681285706476337,3.240465353755144e-06,0.4522677355155934,0.4557527194620936
2,1.0,25,25.0,26.0,0.001211378600089047,0.0012141959010041842,-7.625721334947322e-08,0.7462668382521097,0.05704430684984484,3.290162234666252e-06,0.4711955261419848,0.474724530415284
2,1.0,26,26.0,27.0,0.0012037923150771956,0.00120408274676058,-1.0085358972955483e-07,0.7334290993899074,0.05730125001095502,3.343709014077226e-06,0.49000478106506595,0.49353832333341807
2,1.0,27,27.0,28.0,0.0012031285591582973,0.0012000609994283554,-1.2478908753207896e-07,0.7239059042257459,0.05758052222748392,3.399290742284142e-06,0.5088036648019144,0.5122892764494861
2,1.0,28,28.0,29.0,0.0012105419108370333,0.0012039131127858425,-1.4642726898356218e-07,0.7187847783419954,0.05787794922119228,3.4548333203535796e-06,0.5277183821587431,0.531100418836765
2,1.0,29,29.0,30.0,0.0012251642600311832,0.0012155502365085492,-1.6425001982643683e-07,0.7180097997667156,0.0581883802272065,3.5082499421661237e-06,0.5468615737217303,0.550093391282211
2,1.0,30,30.0,31.0,0.0012446813999702506,0.0012331723639844416,-1.7691332243781333e-07,0.7205363347345406,0.058505803276294226,3.5575122078105493e-06,0.5663097205962655,0.569361709469468
2,1.0,31,31.0,32.0,0.0012654583464581787,0.0012537209786549488,-1.8351736795485518e-07,0.724650428554515,0.058823541470642594,3.6009432410990857e-06,0.5860825072596745,0.5889510997609515
2,1.0,32,32.0,33.0,0.0012824032853985291,0.0012726676824804575,-1.8368280929950687e-07,0.7278854191736845,0.05913450910366139,3.6373205903089966e-06,0.6061200585940265,0.6088365322997087
2,1.0,33,33.0,34.0,0.001290981752589817,0.0012847340562535418,-1.7735419835171462e-07,0.7274610635818555,0.05943150656417008,3.665715496717705e-06,0.6262916484782424,0.6289105019286703
2,1.0,34,34.0,35.0,0.0012881951168314896,0.0012867657120520703,-1.651964402580447e-07,0.7218903115314323,0.059707533528364554,3.685927944471252e-06,0.6464196971787344,0.6490162161794839
2,1.0,35,35.0,36.0,0.0012721454593335423,0.0012760871438518822,-1.4815486961902713e-07,0.7099765018178593,0.059956072621042314,3.6980886351057916e-06,0.666296969980821,0.6689550778021696
2,1.0,36,36.0,37.0,0.0012444275117450571,0.0012530290186465562,-1.2722318768094987e-07,0.69216875118804,0.06017132402693714,3.7024648536539065e-06,0.6857411498518374,0.688533656218522
2,1.0,37,37.0,38.0,0.0012091341085742387,0.0012207664603007438,-1.0324627461831548e-07,0.6703959485158527,0.06034837797372915,3.6992942108280635e-06,0.7046338702983099,0.7076081321607213
2,1.0,38,38.0,39.0,0.0011725471201454573,0.0011848162865230605,-7.667236832757662e-08,0.6477538177226662,0.06048330506931442,3.6885510474389025e-06,0.7229549190505827,0.7261208866376441
2,1.0,39,39.0,40.0,0.00114255372328367,0.00115267182815389,-4.761808527695144e-08,0.6283112802032265,0.06057318486067451,3.6700080128223884e-06,0.7408073209768901,0.7441313839525485
2,1.0,40,40.0,41.0,0.001126615757388167,0.0011320242748021152,-1.594039457722407e-08,0.6161832180078065,0.06061609219240919,3.643303925693199e-06,0.7584106921860801,0.7618192632463315
2,1.0,41,41.0,42.0,0.0011308803235089739,0.0011297053317311035,1.841325500059887e-08,0.615022942950285,0.06061106687314457,3.645115681872539e-06,0.7760806972409078,0.77947090905463
2,1.0,42,42.0,43.0,0.0011583198145348923,0.0011500977830389593,5.529443765014963e-08,0.6272205673717757,0.06055809926010451,3.675721821777833e-06,0.7941794443430154,0.7974411869146139
2,1.0,43,43.0,44.0,0.0012079125610333294,0.0011934900603005187,9.371696888665904e-08,0.6530390421359903,0.060458146386019436,3.702394252964412e-06,0.8130530781091612,0.8160894691068095
2,1.0,44,44.0,45.0,0.0012754749442298891,0.001256701707064379,1.3201566725733194e-07,0.6909355778420594,0.06031319321302758,3.723726867526462e-06,0.8329823741127531,0.8357254332796904
2,1.0,45,45.0,46.0,0.0013549689224044625,0.0013342771589165917,1.6769607495085298e-07,0.7381531802310732,0.06012634105916065,3.7376033418116322e-06,0.8541537635253229,0.8565735138877622
2,1.0,46,46.0,47.0,0.0014388718194532617,0.0014190570565555723,1.978315832002614e-07,0.7909496635959737,0.05990188703881799,3.741604864892302e-06,0.8766361357042801,0.878746280396443
2,1.0,47,47.0,48.0,0.0015186888222085268,0.001502895246305043,2.1962833284070588e-07,0.8449003687671797,0.059645351649266286,3.7335834292298136e-06,0.9003656485512884,0.9022290186199593
2,1.0,48,48.0,49.0,0.0015876065970678302,0.0015774229490981985,2.309811156517641e-07,0.8952415206258459,0.05936342736875107,3.712232904127718e-06,0.9251720016304732,0.9268762521996186
2,1.0,49,49.0,50.0,0.0016410513252016644,0.0016380498057549278,2.3083100096372294e-07,0.9391041230645131,0.05906383952863107,3.6774224562951735e-06,0.9508134285867492,0.9524707804145394
2,1.0,50,50.0,51.0,0.0016740815967170456,0.0016795229049659942,2.195685600689043e-07,0.9730271189186492,0.05875508935618583,3.6305414789775143e-06,0.976970953535453,0.978713325804633
2,1.0,51,51.0,52.0,0.0016839931578326887,0.0016980932958344569,1.988790985759173e-07,0.9942146492775865,0.058446120957699126,3.574299678296834e-06,1.0032833466265887,1.0052460335520463
2,1.0,52,52.0,53.0,0.0016706328735641846,0.001692215792183734,1.7127351169266003e-07,1.0010287067486812,0.05814596782759997,3.5122132181835337e-06,1.0293869852760291,1.0316869053049171
2,1.0,53,53.0,54.0,0.0016382814469424328,0.0016648602084105104,1.3981465897539014e-07,0.994489005953699,0.05786339234556226,3.4483110792203583e-06,1.0549851328845046,1.0577003460613315
2,1.0,54,54.0,55.0,0.0015940550567350468,0.0016221398356001007,1.06801535612773e-07,0.9776303946986274,0.05760654050170242,3.38580610686751e-06,1.0798922431459896,1.083046280992583
2,1.0,55,55.0,56.0,0.0015464743330590915,0.0015724070411582813,7.383837386833181e-08,0.9550678339640238,0.0573826206519308,3.3271371334454853e-06,1.104055904600038,1.1076151410106811
2,1.0,56,56.0,57.0,0.00150335271613936,0.0015242354537375429,4.1556248299261245e-08,0.9318075156079031,0.05719761536022535,3.2736451601164956e-06,1.1275457907897153,1.1314313199753303
2,1.0,57,57.0,58.0,0.0014697655788927415,0.0014840773399416635,9.933510162866976e-09,0.9117657891042051,0.05705603901243644,3.225837761907464e-06,1.1505108779599145,1.1546200284119188
2,1.0,58,58.0,59.0,0.0014465645446865806,0.0014547673190692433,-2.135091433774078e-08,0.8967513562465761,0.056960756011548486,3.2263986748483956e-06,1.1731134489706423,1.1773507677723756
2,1.0,59,59.0,60.0,0.0014302783683177748,0.0014342910442322041,-5.24131049698881e-08,0.8856175547932017,0.05691287604541904,3.2520061402115712e-06,1.1954615484756075,1.1997615653385039
2,1.0,60,60.0,61.0,0.001415839832830541,0.0014180400520344618,-8.259377713530636e-08,0.8756180162939262,0.05691174503155101,3.2820023492740486e-06,1.2175840458635847,1.2219184411515422
2,1.0,61,61.0,62.0,0.0013982393772293605,0.0014006078148186259,-1.105175490906038e-07,0.863539787248403,0.05695503122331469,3.314711180414644e-06,1.2394315361327934,1.2438029382580833
2,1.0,62,62.0,63.0,0.0013755173454938,0.0013786435021547075,-1.342721612854203e-07,0.8475003215635275,0.05703888812773034,3.347787937623964e-06,1.2609239946561341,1.2653442429792505
2,1.0,63,63.0,64.0,0.0013486633831338406,0.0013521465570579228,-1.5201001475270703e-07,0.8277458116554421,0.0571581791354101,3.378847127158851e-06,1.2819968600176004,1.2864715329332805
2,1.0,64,64.0,65.0,0.001322083276482638,0.001323706179235632,-1.6215026742930766e-07,0.8061397068708991,0.05730673153784826,3.405696211088151e-06,1.3026544112126417,1.3071544419838375
2,1.0,65,65.0,66.0,0.0013027579207414708,0.0013004032493695633,-1.6416596998469757e-07,0.7872462091085618,0.05747761404560495,3.4271197189724624e-06,1.3230100037242272,1.3274732427552367
2,1.0,66,66.0,67.0,0.0012947888533726276,0.0012875073810203102,-1.5846811872444189e-07,0.7744246358460505,0.0576634046986495,3.4427392550370266e-06,1.3432410795581746,1.347590545583679
2,1.0,67,67.0,68.0,0.0012977327776199955,0.001286549678964544,-1.4645900045864857e-07,0.7686930863691029,0.057856451110384455,3.4530547120359244e-06,1.3635181542084869,1.3676928843175
2,1.0,68,68.0,69.0,0.0013059578272384426,0.0012938721813183624,-1.3013688096759346e-07,0.7679442457081256,0.058049146720526475,3.459082742484358e-06,1.3839237452590876,1.3879096371505995
2,1.0,69,69.0,70.0,0.0013105876036391502,0.0013013854082698669,-1.1164118111483406e-07,0.7675019112693012,0.0582342157949063,3.461996268997561e-06,1.4044016765659493,1.408243784154816
2,1.0,70,70.0,71.0,0.0013025190458512415,0.001299753781968787,-9.295250583130077e-08,0.7620634986107253,0.05840499116997585,3.4629324032762677e-06,1.424753536657375,1.4285524369980784
2,1.0,71,71.0,72.0,0.0012742043081814024,0.00128035682594998,-7.51058698887988e-08,0.7468329167621677,0.058555646834809315,3.462270210819191e-06,1.4446629789727092,1.4485580124035469
2,1.0,72,72.0,73.0,0.0012272755089690335,0.0012408694115868615,-5.821761603352904e-08,0.7207021869901464,0.05868135281913714,3.45967628024848e-06,1.4638391588003505,1.4679465969595917
2,1.0,73,73.0,74.0,0.0011685644097214109,0.0011869373345432686,-4.190979291818914e-08,0.6871048760687963,0.05877834827677236,3.4544432236154047e-06,1.4820979777022474,1.4864924928118302
2,1.0,74,74.0,75.0,0.0011072938604628022,0.0011270832140626839,-2.5365803216562122e-08,0.651003594708816,0.058843879218429436,3.4454740021207244e-06,1.4993994442719787,1.5041031680315597
2,1.0,75,75.0,76.0,0.001052225007957961,0.0010703529359795709,-7.663900934012924e-09,0.6175600094289679,0.058876084181493114,3.431589844260125e-06,1.5158404600213218,1.5208274326562405
2,1.0,76,76.0,77.0,0.0010105539850840612,0.0010247869190418656,1.1681646239734833e-08,0.5913142019162443,0.05887387609602789,3.435468352867893e-06,1.5316303660382604,1.5368397282662696
2,1.0,77,77.0,78.0,0.0009853073325484102,0.0009949703102984711,3.2687275455800524e-08,0.5748322822296608,0.05883685952006144,3.4522787850997042e-06,1.5470257931093294,1.5523861393646832
2,1.0,78,78.0,79.0,0.000975632872718052,0.0009812556378293333,5.474419152978055e-08,0.568290454224839,0.05876529217794415,3.4661070083400542e-06,1.562270056745549,1.5677182587057665
2,1.0,79,79.0,80.0,0.000978108121593815,0.000981003757926565,7.679520797922168e-08,0.5701839958336277,0.05866010307343774,3.47603086810867e-06,1.5775529961454522,1.583046442423369
2,2.0,0,0.0,2.0,0.005491244683212042,0.005779949771105539,1.646296943283443e-07,0.8421649550767305,0.058579876496929605,1.3685119195751009e-05,0.08580069817518815,0.09031171517352404
2,2.0,1,2.0,4.0,0.004960243626687979,0.005244680472594635,1.807789644960034e-07,0.7736162422974608,0.05822127738206191,1.3536011730139174e-05,0.16330450484218784,0.17225984755781523
2,2.0,2,4.0,6.0,0.0044826797588654425,0.004750505830798697,1.6012214050856177e-07,0.7109434188042766,0.05780127399028939,1.332334589691296e-05,0.23334637607446035,0.24648650116404486
2,2.0,3,6.0,8.0,0.0041039348104154535,0.004321835157570843,1.1644457490606053e-07,0.6567276445605108,0.057362286225219286,1.3079776468764138e-05,0.2974703574872018,0.3140151755010893
2,2.0,4,8.0,10.0,0.003915111184552419,0.004036883357902172,6.76438744271618e-08,0.6224374382359059,0.056945609989019694,1.2842247134768238e-05,0.3586439697458334,0.3770914779683107
2,2.0,5,10.0,12.0,0.003974174544794585,0.003986555619314199,3.0231635372163224e-08,0.6225104864150945,0.05658620650420372,1.2643602680094143e-05,0.4207404470082488,0.43938140952009513
2,2.0,6,12.0,14.0,0.004222547054590686,0.004159045333152418,1.378822722664097e-08,0.6558529744328512,0.0563090996131405,1.2504185294796309e-05,0.48671774473622825,0.5043664928506016
2,2.0,7,14.0,16.0,0.004539265398123346,0.0044485511052357665,1.7186441584552542e-08,0.7060143098614909,0.0561290307026107,1.242840188324564e-05,0.5576437665819055,0.5738751038699105
2,2.0,8,16.0,18.0,0.004822466961405331,0.004740416070392445,2.86659852348492e-08,0.7543602074022024,0.05605364354229724,1.2407295906220193e-05,0.6329948128538638,0.6479441049697924
2,2.0,9,18.0,20.0,0.005011070902993077,0.004962129724214469,3.0428688289549366e-08,0.7886812175512512,0.056087787661782455,1.242501273133469e-05,0.7112927957131306,0.7254773819106435
2,2.0,10,20.0,22.0,0.0050766650125351545,0.005071085290387473,6.199471568046899e-09,0.8017527118441711,0.05623610600245542,1.2467124605123634e-05,0.7906156865339925,0.8047130895729477
2,2.0,11,22.0,24.0,0.0050341785465665805,0.005062395652669571,-5.0679220330723806e-08,0.7928462872108877,0.05650261475948117,1.2630208658964413e-05,0.8692747263240952,0.8838130216459098
2,2.0,12,24.0,26.0,0.004938924763790112,0.004973440016069929,-1.3489605789340775e-07,0.7684112359884776,0.056887466270948935,1.2886172878109528e-05,0.9464454257583157,0.9615230218970023
2,2.0,13,26.0,28.0,0.004883641787599639,0.004882898462659518,-2.304737984279437e-07,0.7414705184633499,0.05738216170730187,1.3204254377121686e-05,1.02275232868956,1.0378183103760574
2,2.0,14,28.0,30.0,0.0049428056903547055,0.004886308443153383,-3.1462193699621777e-07,0.7271372259291662,0.057965188380557295,1.3553345958878192e-05,1.0999836676013524,1.114166879800329
2,2.0,15,30.0,32.0,0.005100472766326542,0.005009265038789193,-3.6438416496989423e-07,0.729373121059913,0.05859993444972381,1.389469576446278e-05,1.1796785545752044,1.19243664603141
2,2.0,16,32.0,34.0,0.00524634400983116,0.005175961414129318,-3.6583491725902806e-07,0.7375291755274052,0.05923670793335852,1.4191714243257161e-05,1.2616526797288166,1.2733110431271808
2,2.0,17,34.0,36.0,0.005244298336323252,0.005243676053186106,-3.193240172526257e-07,0.7326973645217394,0.059819201887490896,1.4417984874293589e-05,1.3435948412338674,1.3552434814582137
2,2.0,18,36.0,38.0,0.005047532030554181,0.0051216589936721,-2.3741690401493654e-07,0.7044335577352905,0.06029347477905507,1.45595913345631e-05,1.4224625292112762,1.4352694032343403
2,2.0,19,38.0,40.0,0.004769467395732533,0.004861713971064406,-1.3182132380454292e-07,0.6615806197121543,0.060616145557599574,1.4606614434109873e-05,1.496985457269597,1.5112336840322218
2,2.0,20,40.0,42.0,0.004634100711532842,0.00466208434315643,-5.378969415714696e-09,0.631433014283571,0.06075911266248341,1.4547866545807256e-05,1.569393280887298,1.584078751894041
2,2.0,21,42.0,44.0,0.00482478236920076,0.004744499498867233,1.4105918382661953e-07,0.6436228105653584,0.060710595242943574,1.4660538159147688e-05,1.6447805054060596,1.6582115565638416
2,2.0,22,44.0,46.0,0.005334996596752923,0.005180460989793524,2.9214207778946455e-07,0.7082547683289332,0.0604748016318603,1.4700268410508485e-05,1.728139827230324,1.7391562595293655
2,2.0,23,46.0,48.0,0.005987096821734568,0.005838794582575653,4.109881841778823e-07,0.8089830993667073,0.06007266182231775,1.4629936429829463e-05,1.8216882150699267,1.83038742488211
2,2.0,24,48.0,50.0,0.006540893619211112,0.006479513619682571,4.570361286718172e-07,0.9137850049919307,0.05954347710648924,1.4428283517220834e-05,1.9238896778701002,1.9316298251896502
2,2.0,25,50.0,52.0,0.006821681031455588,0.006891821764018402,4.1558925817017367e-07,0.991798571389282,0.05894409193951777,1.4108211670981359e-05,2.0304784439865937,2.039314540252438
2,2.0,26,52.0,54.0,0.0067452326569173654,0.006940886709017886,3.103734175563186e-07,1.0195486780477148,0.05834296511530587,1.3725498826236597e-05,2.135872704250928,2.147765895080842
2,2.0,27,54.0,56.0,0.006420271371837495,0.00665326082979242,1.822157960507803e-07,0.9953995596423975,0.05781007792833301,1.3352700988163722e-05,2.236189444435888,2.2517230955463488
2,2.0,28,56.0,58.0,0.006092452293063131,0.006254254173709237,5.425622270557873e-08,0.9489047580307655,0.057406550790579575,1.304054470282547e-05,2.3313840115149995,2.3494458170105554
2,2.0,29,58.0,60.0,0.0059154186707161705,0.005975437082946634,-7.289613042534004e-08,0.9139442614581654,0.05717550194664764,1.2954431473186249e-05,2.42381242824494,2.4428120214315965
2,2.0,30,60.0,62.0,0.00581360747527811,0.005833562818048825,-1.9761361720951887e-07,0.8935125067049423,0.05713492001101496,1.3060692857814411e-05,2.5146500450461606,2.5339614404636097
2,2.0,31,62.0,64.0,0.005650831552460968,0.005679915327876704,-2.9748190947392894e-07,0.865739997120559,0.057274616747680716,1.3223107479950931e-05,2.6029442880533633,2.622710117461683
2,2.0,32,64.0,66.0,0.005454107840533738,0.005460861164011147,-3.426370498976067e-07,0.824141093515079,0.057559204750403305,1.3396728754735989e-05,2.688164723061703,2.708036073149357
2,2.0,33,66.0,68.0,0.0053934431215666954,0.005322536365653348,-3.23254520869648e-07,0.7928549497987791,0.057935858923014276,1.3549479618323542e-05,2.7724372718361825,2.791200703862691
2,2.0,34,68.0,70.0,0.005469169581358166,0.0053689868538222526,-2.588975280132244e-07,0.7886349595327837,0.05834359151608222,1.3673058689477102e-05,2.8578930465449037,2.8750911234536636
2,2.0,35,70.0,72.0,0.005427971090307661,0.005419557337128582,-1.8173996694376138e-07,0.7858413754230569,0.05872181415799733,1.377021705003626e-05,2.9427050948309605,2.959771706846298
2,2.0,36,72.0,74.0,0.005075680894056238,0.005196603682347013,-1.0973049029833204e-07,0.745955242766192,0.05901853367966681,1.3834861837414355e-05,3.0220126088005896,3.04096863938297
2,2.0,37,74.0,76.0,0.004578381136045662,0.004737716675985422,-3.89677124682658e-08,0.6759946352307715,0.05919675768645549,1.38468773087568e-05,3.093549814051303,3.114995462445242
2,2.0,38,76.0,78.0,0.004218024507790651,0.004323708537856362,4.1893545167648316e-08,0.6161003320361181,0.059236240259636114,1.3868609127728834e-05,3.159456446985532,3.1825534083492477
2,2.0,39,78.0,80.0,0.004115044615353865,0.004154344939923737,1.3283301200477104e-07,0.5940805986833766,0.05913077814366734,1.3910668699235845e-05,3.2237540191004364,3.2474650480355556
