reference,configuration,segment,local_end_fs,global_end_fs,W_eV,W_pred_eV,error_eV,D_eV,eta_empirical_eV,kappa_eV_A2
MACE,1,0,1,21,0.001692302534112275,0.001715882172667929,2.3579638555654018e-05,6.691830418958933e-08,3.630624113198957e-06,0.9964367586030414
MACE,1,1,2,22,0.001631938561687112,0.001659265339059047,2.732677737193488e-05,1.0104786038554053e-07,3.667567682811452e-06,0.9637631710040258
MACE,1,2,3,23,0.0015686161122195983,0.0015977796857845725,2.916357356497418e-05,1.2444543716870482e-07,3.6863637451313114e-06,0.9295974416409561
MACE,1,3,4,24,0.0015067507655319185,0.0015362224159550504,2.94716504231319e-05,1.375656349372062e-07,3.6886466277875246e-06,0.8964443578132872
MACE,1,4,5,25,0.0014490202294068833,0.0014778855565852542,2.8865327178370865e-05,1.4192191130071516e-07,3.6774326205759213e-06,0.8659462798688441
MACE,1,5,6,26,0.0013966997595579382,0.001424229238702458,2.752947914451973e-05,1.3987569911404554e-07,3.6558115443849745e-06,0.8387134158249728
MACE,1,6,7,27,0.0013508007691736042,0.0013765374225097784,2.573665333617417e-05,1.340235251615779e-07,3.6273809926495157e-06,0.8152974910564473
MACE,1,7,8,28,0.0013123587981812093,0.0013355564794593686,2.3197681278159295e-05,1.268702118281933e-07,3.5954061599077613e-06,0.7959801651739898
MACE,1,8,9,29,0.0012817937875182362,0.0013021368797006341,2.0343092182397923e-05,1.2030341501982622e-07,3.562878466831861e-06,0.7811479499632441
MACE,1,9,10,30,0.0012587331465389292,0.0012761906096292385,1.745746309030939e-05,1.154250758054684e-07,3.532035743119566e-06,0.7706597189949667
MACE,1,10,11,31,0.001241923097810415,0.0012567775411058645,1.485444329544952e-05,1.1229664802561712e-07,3.5039554762328783e-06,0.7638724453340229
MACE,1,11,12,32,0.0012297837261763685,0.0012423962175624765,1.2612491386107972e-05,1.1002729523182722e-07,3.4786468889030225e-06,0.7597935759733122
MACE,1,12,13,33,0.0012195722510038873,0.0012309073304349837,1.133507943109637e-05,1.0707149733415328e-07,3.45533760315333e-06,0.7570177133642253
MACE,1,13,14,34,0.001210116307716098,0.001220072390927926,9.956083211828037e-06,1.0153012093734592e-07,3.431857137691046e-06,0.7540491443242949
MACE,1,14,15,35,0.001201064731931661,0.0012097326748169532,8.667942885292159e-06,9.137010986183525e-08,3.4066673738378965e-06,0.7506606319146685
MACE,1,15,16,36,0.0011931770677998214,0.0011999870403419592,6.809972542137733e-06,7.514622650875435e-08,3.378217198221314e-06,0.7467949492316832
MACE,1,16,17,37,0.001188445248670237,0.0011925895949384039,4.144346268166897e-06,5.2022200432849663e-08,3.3458887232809683e-06,0.7434453542551271
MACE,1,17,18,38,0.0011894418749539212,0.0011899817669159451,5.398919620239109e-07,2.2149660473813615e-08,3.310106586336834e-06,0.7420612317667673
MACE,1,18,19,39,0.0011991103705248883,0.0011951097557232745,-4.000614801613796e-06,-1.3273893980508822e-08,3.308336262559628e-06,0.7444248316297096
MACE,1,19,20,40,0.001219676991303308,0.0012106266589607451,-9.050332342562788e-06,-5.209231844667539e-08,3.3620503108783176e-06,0.7521361817950389
MACE,1,20,21,41,0.0012519426373867396,0.0012378648194913758,-1.4077817895363776e-05,-9.145052718567692e-08,3.4208601905739863e-06,0.7659606339066449
MACE,1,21,22,42,0.0012952235268276005,0.0012768349990589345,-1.838852776866605e-05,-1.281500874930619e-07,3.480280479072809e-06,0.7858351265592514
MACE,1,22,23,43,0.001346891419758016,0.0013254236786280754,-2.146774112994046e-05,-1.5911974376309201e-07,3.536327162618673e-06,0.8104035959486521
MACE,1,23,24,44,0.0014039353950249037,0.0013805196002770123,-2.341579474789135e-05,-1.818393796440554e-07,3.586168284904393e-06,0.8377602046970296
MACE,1,24,25,45,0.0014633244561759705,0.0014395266435844383,-2.3797812591532137e-05,-1.9456680272131321e-07,3.6263978006358784e-06,0.8664032484669444
MACE,1,25,26,46,0.0015205094718174633,0.001498084075388615,-2.242539642884826e-05,-1.9670047422815085e-07,3.6555589925592722e-06,0.8938730412517599
MACE,1,26,27,47,0.0015710539535714087,0.0015517550490989245,-1.9298904472484163e-05,-1.8873410903910703e-07,3.6731983654128444e-06,0.9177940953851218
MACE,1,27,28,48,0.0016106375845686876,0.0015961094325788092,-1.4528151989878346e-05,-1.72051503812172e-07,3.6799005406734615e-06,0.9359093135172671
MACE,1,28,29,49,0.0016353687758464608,0.0016270439445258062,-8.324831320654551e-06,-1.4868083108351277e-07,3.677111033240988e-06,0.9462357466073621
MACE,1,29,30,50,0.001642314461212541,0.001641185426074308,-1.129035138232922e-06,-1.2089877676237093e-07,3.676977412002814e-06,0.947250790403398
MACE,1,30,31,51,0.0016298524861201192,0.00163638223276543,6.5297466453108095e-06,-9.105375729963339e-08,3.6805317428702056e-06,0.9381181418999347
MACE,1,31,32,52,0.0015982019782447066,0.00161219217377807,1.3990195533363338e-05,-6.094471275428295e-08,3.6799863696636193e-06,0.9189098373595859
MACE,1,32,33,53,0.0015497263941916884,0.0015699019727782207,2.0175578586532298e-05,-3.213095476576472e-08,3.6750230943449424e-06,0.8905716378135945
MACE,1,33,34,54,0.0014893000136737286,0.0015139524398990183,2.4652426225289662e-05,-5.76593348164834e-09,3.666367972492179e-06,0.8557067702514505
MACE,1,34,35,55,0.001422485304936258,0.0014494485732828616,2.6963268346603692e-05,1.7454473658085057e-08,3.6888880362645176e-06,0.8171643010044677
MACE,1,35,36,56,0.0013563920918212757,0.0013830890217026855,2.6696929881409818e-05,3.690844017413021e-08,3.712221082375755e-06,0.7785986659021815
MACE,1,36,37,57,0.0012977204435929788,0.0013219816772107238,2.426123361774497e-05,5.2143212322594557e-08,3.7252227067554394e-06,0.7438440058313187
MACE,1,37,38,58,0.0012516911526550527,0.0012718815909864892,2.0190438331436477e-05,6.277244763049084e-08,3.7287030786820177e-06,0.7159704512782736
MACE,1,38,39,59,0.0012208547547139688,0.0012364213730269031,1.5566618312934334e-05,6.850153614831878e-08,3.7237807456151307e-06,0.6968870639827862
MACE,1,39,40,60,0.0012060268859108206,0.0012167450319690624,1.0718146058241729e-05,6.931444867597572e-08,3.7114062687790827e-06,0.6871493106363422
MACE,1,40,41,61,0.0012063614762869712,0.0012126323834693266,6.270907182355338e-06,6.54870291050269e-08,3.6929634118588893e-06,0.6865876377165638
MACE,1,41,42,62,0.0012195293699226832,0.0012221593894361797,2.630019513496498e-06,5.787133546333867e-08,3.6702170098399443e-06,0.6941005155183699
MACE,1,42,43,63,0.0012418904107637649,0.0012420978554137218,2.074446499569435e-07,4.771746582674791e-08,3.6451554637508923e-06,0.7078586891323806
MACE,1,43,44,64,0.001269461294147092,0.0012684146182862894,-1.046675860802643e-06,3.678852553449727e-08,3.6198961677958764e-06,0.725567452211539
MACE,1,44,45,65,0.001297973438655971,0.001297016522548418,-9.56916107552972e-07,2.6913802779297835e-08,3.596707229572692e-06,0.7448762974353981
MACE,1,45,46,66,0.0013232333103843147,0.0013235087220590139,2.7541167469920594e-07,1.9812399048614593e-08,3.577013883932602e-06,0.76323143897736
MACE,1,46,47,67,0.0013428254985430824,0.0013446726811711168,1.8471826280343565e-06,1.678561418159974e-08,3.5613068590384935e-06,0.7787223240149107
MACE,1,47,48,68,0.0013561289543052445,0.0013595207115320645,3.3917572268200337e-06,1.8415054494746314e-08,3.5498252693140764e-06,0.790704544126621
MACE,1,48,49,69,0.001363931770774136,0.00136830846836414,4.376697590003937e-06,2.4583052664686744e-08,3.542116318799505e-06,0.7992473488728185
MACE,1,49,50,70,0.0013676084333285711,0.0013724292000993142,4.820766770743034e-06,3.437127664689815e-08,3.5371915664681347e-06,0.8050844515560187
MACE,1,50,51,71,0.0013696092302194853,0.0013739635750380358,4.354344818550482e-06,4.620956602563106e-08,3.5336150347356986e-06,0.8093606128889586
MACE,1,51,52,72,0.0013722795555291432,0.0013753789303772572,3.099374848114034e-06,5.831871225953772e-08,3.5300001403874995e-06,0.8134598244909024
MACE,1,52,53,73,0.0013772579756073625,0.0013788277526968992,1.569777089536692e-06,6.898883456478086e-08,3.525588653424243e-06,0.818591165314983
MACE,1,53,54,74,0.0013853334593055353,0.0013850930291671617,-2.4043013837357977e-07,7.679103213552307e-08,3.519151972768998e-06,0.8251544429350555
MACE,1,54,55,75,0.0013972188813231733,0.0013950916244491092,-2.1272568740641085e-06,8.083368151180423e-08,3.5113144843993944e-06,0.8336228630812119
MACE,1,55,56,76,0.0014120717721279531,0.0014084553909988033,-3.616381129149847e-06,8.07807616696847e-08,3.5048054824888524e-06,0.8436938279371775
MACE,1,56,57,77,0.0014301122659144227,0.001424670840865418,-5.4414250490048e-06,7.681125998139707e-08,3.496866161816921e-06,0.8549652277008952
MACE,1,57,58,78,0.0014512643188115645,0.0014441087213539871,-7.155597457577344e-06,6.945378320057961e-08,3.4878035906416745e-06,0.8675580095528825
MACE,1,58,59,79,0.0014744519131545306,0.0014656919234105046,-8.759989744025996e-06,5.939701920110521e-08,3.479015441144398e-06,0.880722246469171
MACE,1,59,60,80,0.0014996855290427867,0.0014891439536534666,-1.0541575389320153e-05,4.7176747393178065e-08,3.4712600332004502e-06,0.8941928036010479
MACE,1,60,61,81,0.001526284969449128,0.0015140714243217634,-1.221354512736454e-05,3.31097575398398e-08,3.4648130086880754e-06,0.9076458362744688
MACE,1,61,62,82,0.0015531631368951894,0.001539571461881092,-1.3591675014097433e-05,1.722817382851516e-08,3.4595631513543195e-06,0.9204714104996173
MACE,1,62,63,83,0.0015786560512879811,0.0015642786777944945,-1.4377373493486669e-05,-6.315398716136289e-10,3.456182887160463e-06,0.9318136376538758
MACE,1,63,64,84,0.0016002127645664043,0.0015859694874357261,-1.4243277130678153e-05,-2.07111765003834e-08,3.4918141311716325e-06,0.9403513010365898
MACE,1,64,65,85,0.0016153874679458316,0.0016022398280721465,-1.3147639873685099e-05,-4.321190245990675e-08,3.531806871057452e-06,0.9447214758769276
MACE,1,65,66,86,0.0016214527816781352,0.0016103746359815803,-1.107814569655495e-05,-6.79047414972947e-08,3.576096160156356e-06,0.9434577630173174
MACE,1,66,67,87,0.0016175546346732482,0.0016088000935952007,-8.754541078047524e-06,-9.409273668201101e-08,3.6243946104158992e-06,0.9358490635868316
MACE,1,67,68,88,0.0016045735170801094,0.0015978302559641372,-6.743261115972187e-06,-1.2066442479571893e-07,3.675879580129091e-06,0.9223473297207204
MACE,1,68,69,89,0.0015851711617766414,0.0015795485848163111,-5.622576960330255e-06,-1.459536366739747e-07,3.7289926280298348e-06,0.9044483826318581
MACE,1,69,70,90,0.00156325437704956,0.0015576100395201518,-5.644337529408247e-06,-1.6800686834968215e-07,3.7813114605799264e-06,0.8845230067662648
MACE,1,70,71,91,0.0015431028333006492,0.0015362271148848074,-6.875718415841727e-06,-1.8476677769111577e-07,3.8298889338466526e-06,0.865194089219871
MACE,1,71,72,92,0.001528358202959977,0.0015194718017869494,-8.886401173027574e-06,-1.9431120250454e-07,3.871268209685811e-06,0.8489258659034251
MACE,1,72,73,93,0.001520513576328594,0.001509961369027959,-1.0552207300635035e-05,-1.951917021872536e-07,3.901628429936501e-06,0.8373007189689667
MACE,1,73,74,94,0.0015187234143737441,0.0015072461406162576,-1.1477273757486486e-05,-1.8648163467669537e-07,3.9186142546422105e-06,0.830171381425864
MACE,1,74,75,95,0.001520805053554287,0.0015098298098965746,-1.097524365771237e-05,-1.6802073027431114e-07,3.920265475011853e-06,0.8268306342131988
MACE,1,75,76,96,0.001522966263594154,0.0015143499645727128,-8.616299021441207e-06,-1.404520261136244e-07,3.9058834317522575e-06,0.8255771748520874
MACE,1,76,77,97,0.0015207249763290204,0.0015162972681090476,-4.427708219972891e-06,-1.0512979206796225e-07,3.876136315876691e-06,0.8241119507975211
MACE,1,77,78,98,0.001509733853456362,0.001511185598611872,1.451745155509965e-06,-6.389226629884004e-08,3.846333370476625e-06,0.8201477509997801
MACE,1,78,79,99,0.0014873770811766277,0.0014951758348309568,7.798753654329098e-06,-1.899239132109598e-08,3.8081673612773295e-06,0.8117020191627086
MACE,1,79,80,100,0.0014541565160750471,0.0014679246428476803,1.376812677263313e-05,2.708892444559796e-08,3.815352136480851e-06,0.7986010586729757
MACE,1,80,81,101,0.0014121897324051898,0.0014309245744512009,1.873484204601111e-05,7.20007652492416e-08,3.851090458833708e-06,0.7815687008553399
MACE,1,81,82,102,0.0013644818073152917,0.0013867527041721884,2.2270896856896706e-05,1.1352580143314528e-07,3.874732809935452e-06,0.7618392713898263
MACE,1,82,83,103,0.0013150038474004713,0.0013391474207967706,2.4143573396299316e-05,1.4988934370768758e-07,3.884846555740013e-06,0.7412419118852047
MACE,1,83,84,104,0.0012675677808537626,0.0012919695947903641,2.440181393660156e-05,1.7963695778631938e-07,3.880772789344914e-06,0.7216820125098473
MACE,1,84,85,105,0.0012252839199420953,0.0012486091310839455,2.3325211141850136e-05,2.0180495002158905e-07,3.862422793438974e-06,0.7048518253553419
MACE,1,85,86,106,0.0011909462210483723,0.001212130273933278,2.1184052884905703e-05,2.158659136441976e-07,3.831349910535185e-06,0.6923359223431326
MACE,1,86,87,107,0.0011657348178235431,0.001183722632422376,1.7987814598832957e-05,2.219606092430937e-07,3.7877173167202472e-06,0.6847304485195693
MACE,1,87,88,108,0.0011522890392713422,0.0011661761227204958,1.388708344915359e-05,2.20556585101353e-07,3.734267864132802e-06,0.6836234365980914
MACE,1,88,89,109,0.001150832450227823,0.001160488304779188,9.655854551365124e-06,2.125535676581608e-07,3.6736885414845976e-06,0.6896424560598631
MACE,1,89,90,110,0.0011605003567485665,0.001166125187975946,5.6248312273795426e-06,1.9923319434858588e-07,3.608818251458363e-06,0.7025344425618939
MACE,1,90,91,111,0.001179430348067897,0.0011817054187791014,2.2750707112044032e-06,1.8214026375248243e-07,3.5429796282355052e-06,0.7215062645598961
MACE,1,91,92,112,0.0012048467868584593,0.001204330581743095,-5.162051153642482e-07,1.6299205578620968e-07,3.478077684320712e-06,0.7447614170716814
MACE,1,92,93,113,0.0012360406969983253,0.0012329657798002287,-3.074917198096598e-06,1.4341722555637898e-07,3.420207145590458e-06,0.7715494932541888
MACE,1,93,94,114,0.0012712283704710433,0.0012660801732284296,-5.148197242613693e-06,1.2478807138874629e-07,3.3695582668408e-06,0.800742589862028
MACE,1,94,95,115,0.0013094197641691768,0.0013024429032349486,-6.976860934228106e-06,1.0808896625143227e-07,3.3254335740272876e-06,0.8313321050040399
MACE,1,95,96,116,0.0013487564302640145,0.0013407181404161699,-8.038289847844653e-06,9.366892182423661e-08,3.2882302667375573e-06,0.8621888267742527
MACE,1,96,97,117,0.0013876919102322124,0.0013786392800834801,-9.052630148732302e-06,8.126520460033371e-08,3.259361238207489e-06,0.8915434220701436
MACE,1,97,98,118,0.001426297453686812,0.0014162950502590369,-1.0002403427775185e-05,6.99442522979904e-08,3.2380116504020292e-06,0.9191305550863057
MACE,1,98,99,119,0.0014639317022783031,0.0014531930203571333,-1.0738681921169859e-05,5.8299522449206664e-08,3.2229657322365578e-06,0.9443308714568661
MACE,1,99,100,120,0.001499880583147116,0.0014885121473887906,-1.1368435758325355e-05,4.465221224020377e-08,3.2130607690189406e-06,0.9663467133805447
MACE,1,100,101,121,0.0015335569839138533,0.0015217920611769306,-1.1764922736922723e-05,2.7440429961264612e-08,3.206756019452165e-06,0.9846706787367161
MACE,1,101,102,122,0.0015646342999081787,0.0015522402345035757,-1.2394065404602948e-05,5.403219744889998e-09,3.203687104289839e-06,0.9986576018535526
MACE,1,102,103,123,0.0015939234119939777,0.00158064308919833,-1.3280322795647696e-05,-2.2215694436833466e-08,3.24733652135291e-06,1.0087703059228195
MACE,1,103,104,124,0.0016214312655461558,0.001607354906645907,-1.4076358900248732e-05,-5.542045501162607e-08,3.3146468519670577e-06,1.0152767074046047
MACE,1,104,105,125,0.0016464731834548545,0.001631759114286302,-1.4714069168552486e-05,-9.330312140606867e-08,3.3938194980224513e-06,1.0179238964412858
MACE,1,105,106,126,0.0016683644940221455,0.0016534608690256859,-1.4903624996459672e-05,-1.3429606500209995e-07,3.4824428627024094e-06,1.0167089302348185
MACE,1,106,107,127,0.0016857692012153744,0.0016713469847950363,-1.4422216420338077e-05,-1.7627179232232448e-07,3.5773587569052984e-06,1.0112968915724887
MACE,1,107,108,128,0.0016960800244151877,0.00168334798860108,-1.2732035814107647e-05,-2.168366772317687e-07,3.6751777744213587e-06,1.000904568905508
MACE,1,108,109,129,0.001697411363500093,0.0016870705250080925,-1.0340838492000617e-05,-2.535410036285865e-07,3.7728851791253054e-06,0.9847053441151092
MACE,1,109,110,130,0.0016881353248999944,0.0016810766703260166,-7.058654573977811e-06,-2.841917134035338e-07,3.867059698197558e-06,0.9625563853232717
MACE,1,110,111,131,0.0016666609523474235,0.0016637091326932977,-2.951819654125774e-06,-3.071726173003997e-07,3.956911457610939e-06,0.9342532333297757
MACE,1,111,112,132,0.0016327287873467607,0.0016338851563689116,1.1563690221509312e-06,-3.2147798999584976e-07,4.047068618863025e-06,0.8999408298889493
MACE,1,112,113,133,0.0015876834975613076,0.001592806137915958,5.122640354650364e-06,-3.268440752247914e-07,4.127435981302654e-06,0.8609691653995613
MACE,1,113,114,134,0.0015331967925856123,0.0015418623522633036,8.665559677691276e-06,-3.236391612933265e-07,4.19643669518889e-06,0.8186384536577975
MACE,1,114,115,135,0.0014720154944135606,0.0014833736265186075,1.1358132105046895e-05,-3.1260489319513696e-07,4.252709121884999e-06,0.7745689918007974
MACE,1,115,116,136,0.0014081467033021477,0.0014209338045721475,1.2787101269999763e-05,-2.9471639674148384e-07,4.295307524161077e-06,0.7308461742828485
MACE,1,116,117,137,0.0013464729520316658,0.0013591831631001845,1.2710211068518761e-05,-2.709143971961134e-07,4.32348696312576e-06,0.6898847776118449
MACE,1,117,118,138,0.0012926168787154384,0.0013033728086295426,1.075592991410415e-05,-2.418853196988445e-07,4.336337398775424e-06,0.6542259909531783
MACE,1,118,119,139,0.001252406017186269,0.0012594416943734982,7.035677187229106e-06,-2.077559130616441e-07,4.332583679858958e-06,0.6266265292898037
MACE,1,119,120,140,0.001232726200466547,0.0012338821422750506,1.1559418085036605e-06,-1.6836141791560372e-07,4.311313215409279e-06,0.6100586345853076
MACE,1,120,121,141,0.0012383132291057788,0.001232574180418125,-5.739048687653783e-06,-1.2312572222699346e-07,4.288757266038986e-06,0.6072213707767825
MACE,1,121,122,142,0.0012709226236221804,0.0012583295489403878,-1.259307468179263e-05,-7.13395017692877e-08,4.2485711669965504e-06,0.619435419375237
MACE,1,122,123,143,0.001328906074620029,0.001310840370623734,-1.8065703996295122e-05,-1.2489999512725267e-08,4.186791367773044e-06,0.6466994605669998
MACE,1,123,124,144,0.0014066666007947007,0.0013857627658164105,-2.0903834978290136e-05,5.366320598196132e-08,4.20864925272695e-06,0.6872511519164347
MACE,1,124,125,145,0.0014950479004280579,0.0014750865432953163,-1.9961357132741546e-05,1.2630874549751647e-07,4.244547433417072e-06,0.7376748886058839
MACE,1,125,126,146,0.0015836555005889399,0.0015682243374334345,-1.5431163155505377e-05,2.036647686973897e-07,4.268498753015951e-06,0.7932827776502211
MACE,1,126,127,147,0.0016629000552673655,0.001655327066361116,-7.572988906249384e-06,2.827324568945022e-07,4.278482531443872e-06,0.8495838868219577
MACE,1,127,128,148,0.001724532318406309,0.0017269394529523022,2.4071345459931136e-06,3.594789659208675e-07,4.2934717968149484e-06,0.9019431475150685
MACE,1,128,129,149,0.0017646570425714318,0.001777467650617201,1.2810608045769152e-05,4.287283671584874e-07,4.2977955228017576e-06,0.9472576355216435
MACE,1,129,130,150,0.0017829879306641644,0.001805341698464039,2.235376779987459e-05,4.849591960847874e-07,4.279914552894819e-06,0.9840960980669646
MACE,1,130,131,151,0.001782403125216771,0.0018122131640868583,2.9810038870087176e-05,5.230302221864019e-07,4.235521674440688e-06,1.0124166921404782
MACE,1,131,132,152,0.0017678865143657433,0.0018025187059114685,3.463219154572518e-05,5.385003698761895e-07,4.162223642147561e-06,1.0335306275765592
MACE,1,132,133,153,0.0017446591288554046,0.0017815388780540644,3.6879749198659786e-05,5.285408427070648e-07,4.059853725213282e-06,1.049218291042337
MACE,1,133,134,154,0.0017180298996165811,0.001754692841921681,3.666294230509986e-05,4.923215176410103e-07,3.930890608072999e-06,1.0614530791670833
MACE,1,134,135,155,0.0016915191497747038,0.0017263077344922436,3.47885847175398e-05,4.312792213547606e-07,3.780334505492698e-06,1.0717334081563856
MACE,1,135,136,156,0.0016671260624446004,0.0016989737080023678,3.1847645557767394e-05,3.490762858450111e-07,3.6153479698872486e-06,1.0806558884622068
MACE,1,136,137,157,0.0016449379116337233,0.0016733365593557894,2.8398647722066095e-05,2.5126506181510216e-07,3.4438662597998095e-06,1.0877052919453056
MACE,1,137,138,158,0.0016253842938676404,0.0016499061650567855,2.4521871189145134e-05,1.4460489069232155e-07,3.27504051778637e-06,1.09237936374975
MACE,1,138,139,159,0.001607704496063748,0.0016282393638409733,2.0534867777225298e-05,3.637005750647265e-08,3.1177973610208286e-06,1.093702316384696
MACE,1,139,140,160,0.0015906788608764243,0.0016073352713786944,1.6656410502270073e-05,-6.650320498501408e-08,3.1122803748289213e-06,1.090520431324534
MACE,1,140,141,161,0.0015764211737604077,0.0015879559563286298,1.153478256822214e-05,-1.5822684370104395e-07,3.1813659034907673e-06,1.0831386842227422
MACE,1,141,142,162,0.0015670724457532486,0.0015727580173956453,5.685571642396678e-06,-2.3466640561905366e-07,3.2483018821958397e-06,1.0734637981532584
MACE,1,142,143,163,0.0015648334530399322,0.001564033612277273,-7.998407626592582e-07,-2.9332610907437454e-07,3.310415455537286e-06,1.0634001088253524
MACE,1,143,144,164,0.0015705232040704497,0.001563513293507096,-7.009910563353762e-06,-3.3383042738911045e-07,3.3793333556788304e-06,1.0545994787904314
MACE,1,144,145,165,0.0015833009203806954,0.0015707849224868573,-1.2515997893838143e-05,-3.5728880606617636e-07,3.4445335259744447e-06,1.0473118602856273
MACE,1,145,146,166,0.001601222201247015,0.001584829740974628,-1.6392460272386883e-05,-3.6562030767892106e-07,3.5019559820089886e-06,1.0414107864301978
MACE,1,146,147,167,0.0016196512182464623,0.001601913609143549,-1.773760910291338e-05,-3.615046637456265e-07,3.5514376882830004e-06,1.035032975955005
MACE,1,147,148,168,0.0016318068933310163,0.0016159345059421832,-1.5872387388833143e-05,-3.476571382270144e-07,3.59383202001833e-06,1.0249425551622995
MACE,1,148,149,169,0.0016328348038920984,0.0016204674065891168,-1.2367397302981637e-05,-3.2616657153622386e-07,3.6309465915415873e-06,1.0079457867580868
MACE,1,149,150,170,0.0016189796489088602,0.0016122642510217606,-6.71539788709959e-06,-2.9919145258169855e-07,3.663433967508979e-06,0.9830259493600246
MACE,1,150,151,171,0.0015902221248121316,0.0015882418768439978,-1.980247968133824e-06,-2.682345128755814e-07,3.6999904646808136e-06,0.9493079992725444
MACE,1,151,152,172,0.0015512048882748118,0.0015526043240986216,1.3994358238097852e-06,-2.3483498562057448e-07,3.736854472230701e-06,0.910181216259939
MACE,1,152,153,173,0.0015075728483085141,0.001510192961753859,2.620113445344968e-06,-2.0028181160237912e-07,3.7679802668292507e-06,0.8690452297062399
MACE,1,153,154,174,0.0014663166218302128,0.001467733613171079,1.4169913408661281e-06,-1.658550243168605e-07,3.7935488511235597e-06,0.8300168746812435
MACE,1,154,155,175,0.0014333261727213584,0.0014318589839902164,-1.4671887311420474e-06,-1.329595563179936e-07,3.815612989818235e-06,0.7968014396769643
MACE,1,155,156,176,0.0014115865997737786,0.0014066400242304061,-4.94657554337254e-06,-1.0277217618592793e-07,3.844024843806299e-06,0.771426084847896
MACE,1,156,157,177,0.001401867056623228,0.0013937686321072393,-8.09842451598877e-06,-7.620256322476981e-08,3.869843685257991e-06,0.7545139606357931
MACE,1,157,158,178,0.0014022105281385616,0.0013922595297049985,-9.950998433563146e-06,-5.365473750018612e-08,3.891846008030729e-06,0.7452526711891708
MACE,1,158,159,179,0.0014087389229896878,0.0013988681611986963,-9.870761790991547e-06,-3.5040785977685784e-08,3.908982121366615e-06,0.7417107428922227
MACE,1,159,160,180,0.001417338879155976,0.0014092064638479777,-8.132415307998382e-06,-1.957416019722491e-08,3.920607996297711e-06,0.7414665273726356
MACE,1,160,161,181,0.0014248533643838913,0.0014197485535329102,-5.10481085098111e-06,-6.038536091296232e-09,3.925764362823857e-06,0.7426456803228113
MACE,1,161,162,182,0.0014296521283794304,0.0014276931217899658,-1.959006589464596e-06,7.115996894166421e-09,3.939826800213618e-06,0.7437989199698772
MACE,1,162,163,183,0.0014346636655048128,0.001434601822284835,-6.184321997776757e-08,2.123946408420091e-08,3.964356761684438e-06,0.745755901278596
MACE,1,163,164,184,0.0014440855046636992,0.0014441640400083547,7.853534465546846e-08,3.740906194364679e-08,3.9817141831157104e-06,0.750433022321739
MACE,1,164,165,185,0.0014623595022933223,0.0014608169604591534,-1.5425418341688882e-06,5.610102295824232e-08,3.993950512615992e-06,0.7601378549484369
MACE,1,165,166,186,0.0014933891593808587,0.0014886826541863165,-4.70650519454217e-06,7.711732613081834e-08,4.007021394595026e-06,0.7770530823328428
MACE,1,166,167,187,0.0015392682426413062,0.001530808647293089,-8.45959534821728e-06,9.964055122657633e-08,4.015336573210104e-06,0.8028710812460682
MACE,1,167,168,188,0.0015982091122822748,0.0015869192676824086,-1.1289844599866221e-05,1.2249971291034348e-07,4.016371415993197e-06,0.837619931779326
MACE,1,168,169,189,0.001665034846790336,0.0016528532026943974,-1.2181644095938474e-05,1.44411594716308e-07,4.008099390579348e-06,0.8793128531479739
MACE,1,169,170,190,0.0017324063845281922,0.0017219662458329919,-1.0440138695200305e-05,1.641440975509289e-07,3.989264373306075e-06,0.9245922660745667
MACE,1,170,171,191,0.0017921945913121026,0.0017863092471538885,-5.8853441582140415e-06,1.8083424522174693e-07,3.959620316326888e-06,0.9692541830360473
MACE,1,171,172,192,0.0018370769941886038,0.0018379433992145922,8.664050259884169e-07,1.93973970506571e-07,3.935536964803456e-06,1.0088697627843963
MACE,1,172,173,193,0.0018617841924968076,0.0018708917413043336,9.107548807526069e-06,2.033822663833132e-07,3.909451279907038e-06,1.039811376688192
MACE,1,173,174,194,0.001865281545264098,0.0018818416692999455,1.6560124035847447e-05,2.0933185752467984e-07,3.8764981354041675e-06,1.0596767933628595
MACE,1,174,175,195,0.0018509434474220732,0.0018733827488208513,2.243930139877808e-05,2.1161053578074712e-07,3.8368767360644126e-06,1.0692248414699665
MACE,1,175,176,196,0.0018230055380173684,0.0018494650489334645,2.645951091609605e-05,2.098014745552726e-07,3.7910159711610246e-06,1.0699942031552436
MACE,1,176,177,197,0.0017864166400788813,0.0018144920785101962,2.8075438431314926e-05,2.0322388933832758e-07,3.7386857063626588e-06,1.0638620039637978
MACE,1,177,178,198,0.0017466550158950905,0.0017743477136522281,2.769269775713761e-05,1.9094549986997666e-07,3.6809508305174013e-06,1.05370608160182
MACE,1,178,179,199,0.001707279193899648,0.0017331295899460667,2.5850396046418755e-05,1.7173446490315741e-07,3.6182436089524777e-06,1.041520500555708
MACE,1,179,180,200,0.0016708484576200737,0.0016937967085112555,2.294825089118181e-05,1.4467657775529136e-07,3.5512466008132e-06,1.0287545412783636
MACE,1,180,181,201,0.0016387451282365694,0.0016582201546457061,1.947502640913673e-05,1.0933969964328771e-07,3.480983048655719e-06,1.016308095461144
MACE,1,181,182,202,0.001611642664532952,0.001627245978808063,1.5603314275111028e-05,6.61018819689621e-08,3.4088839640344293e-06,1.0045381673936702
MACE,1,182,183,203,0.001589430691055587,0.0016012816826347467,1.1850991579159592e-05,1.6548973486713026e-08,3.3374296857811706e-06,0.9935999736226174
MACE,1,183,184,204,0.001572883044085374,0.001580299779797099,7.416735711724938e-06,-3.68337272375549e-08,3.342449260851156e-06,0.9834449221157482
MACE,1,184,185,205,0.0015631918497611575,0.0015661861669583619,2.9943171972043534e-06,-9.072646033232712e-08,3.388944637170207e-06,0.9752823131020456
MACE,1,185,186,206,0.0015595863602938312,0.0015587496510269779,-8.367092668533013e-07,-1.4136342394582835e-07,3.440575527018034e-06,0.9690904058170886
MACE,1,186,187,207,0.00156023767270401,0.0015566374735728197,-3.6001991311903573e-06,-1.849614237746551e-07,3.495614894885513e-06,0.964177864318944
MACE,1,187,188,208,0.0015615830545705122,0.0015573361003820663,-4.246954188445989e-06,-2.1824893533303052e-07,3.547707708657831e-06,0.9591981414717823
MACE,1,188,189,209,0.0015583484513708988,0.0015557553262113904,-2.5931251595083613e-06,-2.390030794095256e-07,3.593857679932408e-06,0.9513103668655418
MACE,1,189,190,210,0.0015449518299860588,0.0015464685637574052,1.5167337713464357e-06,-2.461592437841449e-07,3.6353525525731014e-06,0.9376055761686338
MACE,1,190,191,211,0.0015177690932159267,0.0015246967553167617,6.927662100834984e-06,-2.399738154197639e-07,3.668177336955194e-06,0.9157094580954178
MACE,1,191,192,212,0.001475247326571544,0.0014882251218940009,1.2977795322456935e-05,-2.221956642957726e-07,3.6919399843002265e-06,0.8848852456133771
MACE,1,192,193,213,0.0014183128730952729,0.0014367359384619073,1.8423065366634465e-05,-1.9555361033783691e-07,3.706435993510208e-06,0.845530211452529
MACE,1,193,194,214,0.0013524463471302388,0.0013738836634977034,2.143731636746458e-05,-1.6332290949262057e-07,3.712220554753124e-06,0.800291926869507
MACE,1,194,195,215,0.0012854690110794837,0.0013070700020322186,2.160099095273489e-05,-1.288719330989202e-07,3.71163107023427e-06,0.7538009786476333
MACE,1,195,196,216,0.00122523231044505,0.0012441499994522642,1.8917689007214153e-05,-9.511750645322184e-08,3.7069769819828e-06,0.7106909573285716
MACE,1,196,197,217,0.00117928822267231,0.0011929274494500049,1.3639226777694899e-05,-6.418029872660991e-08,3.7005698682179345e-06,0.6753353967490199
MACE,1,197,198,218,0.001153189987666058,0.001159793445512563,6.60345784650484e-06,-3.716461543980948e-08,3.6943408501319157e-06,0.6511317645489443
MACE,1,198,199,219,0.0011494741774403638,0.0011485574442130812,-9.167332272826036e-07,-1.4249330699753204e-08,3.6933950967628223e-06,0.6399300561925529
MACE,1,199,200,220,0.001167668705757758,0.0011596092027458661,-8.059503011891836e-06,5.132071028562946e-09,3.7180423146174576e-06,0.6416590760098153
MACE,1,200,201,221,0.0012050209538878622,0.0011911013757520798,-1.3919578135782344e-05,2.20258844461918e-08,3.764289236879592e-06,0.6550585847678997
MACE,1,201,202,222,0.0012571285311517976,0.0012390317341246955,-1.8096797027102084e-05,3.7165532861330175e-08,3.8037987445879603e-06,0.6777612596740719
MACE,1,202,203,223,0.001318355671134832,0.001298138262246682,-2.021740888815001e-05,5.088040197845367e-08,3.836739537963433e-06,0.7067981758164004
MACE,1,203,204,224,0.0013829360149603433,0.0013626507961507527,-2.028521880959055e-05,6.282416439504224e-08,3.862832483872903e-06,0.7390001147490896
MACE,1,204,205,225,0.001445699989217156,0.0014268189228811455,-1.8881066336010575e-05,7.204090126354534e-08,3.88213109679699e-06,0.7712627672306221
MACE,1,205,206,226,0.001502963904876413,0.0014866743875917364,-1.6289517284676525e-05,7.723793055830486e-08,3.893975353278754e-06,0.801472373924412
MACE,1,206,207,227,0.0015526175286102693,0.0015393385217559305,-1.3279006854338866e-05,7.700563517745729e-08,3.898018752071336e-06,0.8281030357499004
MACE,1,207,208,228,0.0015942298955250248,0.0015837943464116861,-1.0435549113338612e-05,7.045546337319797e-08,3.894478096358775e-06,0.8506173182130289
MACE,1,208,209,229,0.0016293482429659348,0.0016209156737143184,-8.432569251616388e-06,5.762265905401298e-08,3.884388811465637e-06,0.8694744803863039
MACE,1,209,210,230,0.0016609914053959188,0.0016532555844199954,-7.735820975923345e-06,3.959991830976284e-08,3.8696535073449825e-06,0.8860191980905735
MACE,1,210,211,231,0.0016932220262184852,0.0016846780185895663,-8.54400762891885e-06,1.8561970386091198e-08,3.8526065080693225e-06,0.9022928100333406
MACE,1,211,212,232,0.001729325170800565,0.001719018545880729,-1.0306624919836005e-05,-2.5765176311920435e-09,3.84027799876474e-06,0.9203275444518298
MACE,1,212,213,233,0.0017697313451641855,0.0017576364657185654,-1.2094879445620097e-05,-2.0203564002341245e-08,3.86089758924837e-06,0.940847566192831
MACE,1,213,214,234,0.0018144422840438478,0.0018009639416912825,-1.3478342352565278e-05,-3.105948501603423e-08,3.873269639577445e-06,0.9641056187561015
MACE,1,214,215,235,0.0018623571429417386,0.001848115083021438,-1.4242059920300523e-05,-3.275906905637893e-08,3.8739315227495234e-06,0.9896737652994022
MACE,1,215,216,236,0.0019090227555127954,0.0018962208555628722,-1.2801899949923179e-05,-2.4135847370189423e-08,3.860045902083437e-06,1.016080921393735
MACE,1,216,217,237,0.0019473743868523756,0.0019388957399247041,-8.478646927671503e-06,-5.904594859058865e-09,3.831638705261163e-06,1.0399751676381268
MACE,1,217,218,238,0.0019700973536996825,0.0019686088771026897,-1.488476596992784e-06,1.9480408954778566e-08,3.841273188491266e-06,1.057365349290905
MACE,1,218,219,239,0.0019710857465689447,0.0019785313384161063,7.445591847161578e-06,4.7829908213095976e-08,3.874407785681567e-06,1.0645796849626818
MACE,1,219,220,240,0.001947147525588291,0.001964198185045724,1.7050659457432896e-05,7.423864660570465e-08,3.9043371270264636e-06,1.0591357942960153
MACE,1,220,221,241,0.001899043671550565,0.0019247751692522278,2.5731497701662843e-05,9.314329143020848e-08,3.9236588323493375e-06,1.0404227830616104
MACE,1,221,222,242,0.0018320846747501875,0.0018638503594361972,3.176568468600972e-05,9.966305910755202e-08,3.926123315897897e-06,1.0101595833417893
MACE,1,222,223,243,0.0017545702702615675,0.001789004979149642,3.4434708888074613e-05,9.045789687396263e-08,3.90838024733016e-06,0.9722198290985893
MACE,1,223,224,244,0.0016753795738322242,0.0017090695921401992,3.369001830797499e-05,6.428370659221361e-08,3.869823152306496e-06,0.9312023596393012
MACE,1,224,225,245,0.001603228082294638,0.0016329607244949136,2.9732642200275576e-05,2.2446094750244727e-08,3.81312702245396e-06,0.8918342350990519
MACE,1,225,226,246,0.0015439682733574597,0.001567955463340484,2.3987189983024374e-05,-3.1321414023163796e-08,3.806663988669808e-06,0.8580394648853648
MACE,1,226,227,247,0.001501381026797437,0.0015181994083633265,1.6818381565889386e-05,-9.132495872206381e-08,3.8516643449220235e-06,0.8321082448391599
MACE,1,227,228,248,0.0014771980251626488,0.001486678507387087,9.480482224438194e-06,-1.507569222652938e-07,3.89825144780435e-06,0.8157543008339678
MACE,1,228,229,249,0.0014691669740162314,0.0014725202886785261,3.3533146622946944e-06,-2.0264462564402452e-07,3.940041203984332e-06,0.8086201078576776
MACE,1,229,230,250,0.001474683823510548,0.0014729682485166802,-1.7155749938678466e-06,-2.408342430820429e-07,3.971448131432248e-06,0.8093516922242547
MACE,1,230,231,251,0.0014894677977318987,0.001484668300400857,-4.799497331041793e-06,-2.6077509257147954e-07,3.992113045939159e-06,0.8163073094036802
MACE,1,231,232,252,0.0015090639740406183,0.0015029863577688527,-6.0776162717655555e-06,-2.598971739083654e-07,3.988547828325273e-06,0.8271834581712638
MACE,1,232,233,253,0.0015299706817983008,0.0015241207282500556,-5.849953548245183e-06,-2.3779045812662505e-07,3.959624319717914e-06,0.8401677003455107
MACE,1,233,234,254,0.001549953354762634,0.0015453755206671145,-4.577834095519399e-06,-1.9593671544103353e-07,3.906352917628071e-06,0.8540718973408217
MACE,1,234,235,255,0.001568225132260766,0.0015655586626761781,-2.666469584587921e-06,-1.3703672211047568e-07,3.832821192108281e-06,0.8685307256450071
MACE,1,235,236,256,0.001584037301523373,0.001584006698930383,-3.060259299008522e-08,-6.493522467041629e-08,3.744695447098976e-06,0.8834435289958738
MACE,1,236,237,257,0.00159626859181476,0.0015997071708603531,3.4385790455930803e-06,1.60194781485129e-08,3.6747810884417048e-06,0.8984632999351463
MACE,1,237,238,258,0.001603097835017902,0.0016109823470854873,7.884512067585269e-06,1.0154603534212256e-07,3.734162779582828e-06,0.9127841670431264
MACE,1,238,239,259,0.00160283171774864,0.0016156737244530032,1.2842006704363298e-05,1.872710718971507e-07,3.788146153333903e-06,0.9251981702277818
MACE,1,239,240,260,0.0015941753769065634,0.0016123384915069886,1.8163114600425146e-05,2.6892254831453397e-07,3.832600890354606e-06,0.9347360514013848
MACE,1,240,241,261,0.0015767811721674524,0.0015999238457111342,2.314267354368185e-05,3.420618272737333e-07,3.863103673217565e-06,0.9404679100337092
MACE,1,241,242,262,0.001551854672932571,0.0015787161459344795,2.686147300190846e-05,4.0261115945793534e-07,3.875721237070546e-06,0.9420664734751012
MACE,1,242,243,263,0.0015224004235351906,0.0015510932046873575,2.8692781152166906e-05,4.4623427758027495e-07,3.867044830838773e-06,0.9403248153265881
MACE,1,243,244,264,0.001492566422189826,0.001520597184251041,2.8030762061214982e-05,4.69091441287605e-07,3.834344320295403e-06,0.9367116576560015
MACE,1,244,245,265,0.0014680757441247905,0.00149239284710997,2.4317102985179457e-05,4.68073295662938e-07,3.776272635754744e-06,0.9337555029205907
MACE,1,245,246,266,0.0014548916812988904,0.0014725082629814916,1.7616581682601204e-05,4.4136752694497183e-07,3.693409555049269e-06,0.9346727408816478
MACE,1,246,247,267,0.0014584920729965433,0.0014668461964673376,8.354123470794266e-06,3.8891459695940267e-07,3.588825989112825e-06,0.9427708079393644
MACE,1,247,248,268,0.001482310473947113,0.0014796690095417316,-2.6414644053813965e-06,3.126966713114937e-07,3.474840313926078e-06,0.9604128358975029
MACE,1,248,249,269,0.0015285933829975104,0.0015139346946531843,-1.4658688344326059e-05,2.1679881432451475e-07,3.373506376231591e-06,0.9891093761250596
MACE,1,249,250,270,0.001596715354171654,0.0015702070327228105,-2.650832144884363e-05,1.0705027171133141e-07,3.269807642569194e-06,1.0287056282150076
MACE,1,250,251,271,0.0016841178736059035,0.001646695963580779,-3.742191002512442e-05,-9.493768335713804e-09,3.1895996946944436e-06,1.0773646773417813
MACE,1,251,252,272,0.0017860143993640599,0.0017397524921032043,-4.626190726085555e-05,-1.2545229528988788e-07,3.3330941794906037e-06,1.1319653932651372
MACE,1,252,253,273,0.001895492942863987,0.0018432113461439607,-5.22815967200262e-05,-2.3385948769855114e-07,3.4781771896864505e-06,1.1878580951274005
MACE,1,253,254,274,0.0020045768027979246,0.0019496629936700443,-5.491380912788033e-05,-3.2893261986931266e-07,3.617545779620843e-06,1.2399464291507702
MACE,1,254,255,275,0.00210463430050456,0.0020508397213509833,-5.379457915357646e-05,-4.0662128764079597e-07,3.745438228612208e-06,1.283166643342009
MACE,1,255,256,276,0.0021870282427773665,0.002138245464603231,-4.8782778174135625e-05,-4.645529394272513e-07,3.857631047763257e-06,1.3130269453059196
MACE,1,256,257,277,0.0022440019314246967,0.0022037554133796317,-4.024651804506504e-05,-5.020446438436243e-07,3.9518310923918905e-06,1.3259834932513397
MACE,1,257,258,278,0.0022703922836605217,0.0022409274544937445,-2.946482916677722e-05,-5.195956985504235e-07,4.02837585441736e-06,1.3200886360582142
MACE,1,258,259,279,0.002266523297392846,0.0022483211949429595,-1.8202102449886397e-05,-5.183637503611283e-07,4.087625034312126e-06,1.2966274678340668
MACE,1,259,260,280,0.0022362500857765876,0.0022284615485742257,-7.788537202361914e-06,-4.998219968310041e-07,4.130305183819766e-06,1.2590417266344487
MACE,1,260,261,281,0.002187325197807904,0.002187613765919521,2.8856811161697554e-07,-4.651810167673881e-07,4.170120023293611e-06,1.2124483819293648
MACE,1,261,262,282,0.002130026763910871,0.002135437679389655,5.41091547878389e-06,-4.1528970266694124e-07,4.189395798475612e-06,1.1632215748206507
MACE,1,262,263,283,0.0020739322469646416,0.002081804314699854,7.872067735212318e-06,-3.508651257567129e-07,4.183138873835927e-06,1.1172001770589068
MACE,1,263,264,284,0.0020272440532023463,0.002035471684162172,8.227630959825594e-06,-2.727575026152673e-07,4.15157122629408e-06,1.079129589930472
MACE,1,264,265,285,0.0019938270838400275,0.002001966475138609,8.139391298581534e-06,-1.8227612822449904e-07,4.09646031737746e-06,1.0517604491159318
MACE,1,265,266,286,0.0019726825884002278,0.0019816594117492287,8.976823349000906e-06,-8.166117105440351e-08,4.020308545265398e-06,1.0350710197089068
MACE,1,266,267,287,0.001959436122665084,0.0019708722103107153,1.1436087645631289e-05,2.588735209269749e-08,3.977717009769074e-06,1.026995815357973
MACE,1,267,268,288,0.0019484813310060136,0.0019642105744992694,1.5729243493255857e-05,1.3575397849168586e-07,4.089462407209145e-06,1.0246482624085242
MACE,1,268,269,289,0.0019338772058743441,0.001955115465047739,2.1238259173394797e-05,2.423732148332941e-07,4.185691373388888e-06,1.0245223751134684
MACE,1,269,270,290,0.0019111768899189394,0.0019388886093565144,2.7711719437574977e-05,3.3992777702905597e-07,4.2612928753588996e-06,1.0239631630752282
MACE,1,270,271,291,0.001876726205123986,0.0019108962351892282,3.417003006524221e-05,4.223550662922626e-07,4.309683936326191e-06,1.0201401423871497
MACE,1,271,272,292,0.0018306714576374478,0.0018701112864737074,3.943982883625966e-05,4.843811587801339e-07,4.326348837784773e-06,1.0118873651604998
MACE,1,272,273,293,0.0017753736022816033,0.0018179519317933878,4.257832951178454e-05,5.221008685732387e-07,4.308258917660884e-06,0.9991617151772602
MACE,1,273,274,294,0.0017156705674003028,0.0017586848439719311,4.30142765716283e-05,5.333745341992713e-07,4.2552381596873465e-06,0.9833999638258794
MACE,1,274,275,295,0.0016572023919691585,0.0016978386123164735,4.0636220347314974e-05,5.179251441507493e-07,4.169579802608904e-06,0.966818351439112
MACE,1,275,276,296,0.001605850092155893,0.0016413431615266017,3.549306937070877e-05,4.773856940518129e-07,4.055986368398909e-06,0.9520573054011291
MACE,1,276,277,297,0.0015662776673114748,0.0015945671910530777,2.8289523741602957e-05,4.150874216152234e-07,3.92132615530839e-06,0.9416929302812839
MACE,1,277,278,298,0.0015415613166357943,0.0015611042270337174,1.954291039792306e-05,3.3559699958232714e-07,3.772909702513274e-06,0.9374992968203604
MACE,1,278,279,299,0.001534345844425863,0.001544059074889093,9.71323046323005e-06,2.44371691374666e-07,3.619217283208883e-06,0.9411288578029291
MACE,1,279,280,300,0.0015450998965962377,0.001544815314330325,-2.8458226591270355e-07,1.471191308759917e-07,3.468796552702495e-06,0.953289975468688
MACE,1,280,281,301,0.0015726132983301128,0.0015627944235365196,-9.81887479359323e-06,4.947957302041395e-08,3.3515692833315756e-06,0.9734883312280341
MACE,1,281,282,302,0.0016132827626930309,0.001595762206871489,-1.7520555821541823e-05,-4.3416405488133636e-08,3.3347259982014487e-06,1.0001466893982012
MACE,1,282,283,303,0.0016638306708266328,0.0016394701102512967,-2.4360560575336114e-05,-1.2695347316200173e-07,3.417183417810587e-06,1.0303787822077202
MACE,1,283,284,304,0.0017208223240695745,0.001691757991438106,-2.9064332631468463e-05,-1.9757211301794225e-07,3.494714917543959e-06,1.06262971174366
MACE,1,284,285,305,0.0017789366696006831,0.001747671827037623,-3.126484256306015e-05,-2.526418375276354e-07,3.5637276271673197e-06,1.093698375081942
MACE,1,285,286,306,0.0018328227506810924,0.001801943860036767,-3.087889064432546e-05,-2.9054476769711096e-07,3.6215114992735923e-06,1.1203816040753607
MACE,1,286,287,307,0.0018773724019888593,0.001849356490142473,-2.8015911846386316e-05,-3.10807948418132e-07,3.666573796310679e-06,1.1397700495374918
MACE,1,287,288,308,0.0019087580517989844,0.001885411416280778,-2.3346635518206463e-05,-3.1374833361127313e-07,3.6987241640543713e-06,1.149677778325815
MACE,1,288,289,309,0.0019249905492840624,0.0019075461517539679,-1.7444397530094486e-05,-3.0092027790244724e-07,3.718600637460236e-06,1.1493289315212571
MACE,1,289,290,310,0.001925499519014668,0.0019144291577046853,-1.107036130998276e-05,-2.7468002550897104e-07,3.7281355562686472e-06,1.1388088508279464
MACE,1,290,291,311,0.0019118536528212953,0.0019068251520652133,-5.02850075608202e-06,-2.3822594406191534e-07,3.729909906785868e-06,1.1194523687607365
MACE,1,291,292,312,0.0018868283305135884,0.0018870183734945923,1.9004298100391143e-07,-1.952414845555854e-07,3.7388683503037147e-06,1.0933665563765143
MACE,1,292,293,313,0.0018530342602897495,0.0018577271076981297,4.692847408380163e-06,-1.4957164255562615e-07,3.7436352199559444e-06,1.062715880224653
MACE,1,293,294,314,0.001813137196655022,0.001821339655408039,8.202458753017033e-06,-1.0519733420857099e-07,3.7467720238746413e-06,1.029267975352158
MACE,1,294,295,315,0.001770307691471904,0.0017808974654030677,1.0589773931163598e-05,-6.556181641808809e-08,3.7511732802278318e-06,0.9949689921188365
MACE,1,295,296,316,0.0017267114907942363,0.0017389864357252782,1.2274944931041885e-05,-3.3279169037473896e-08,3.759508027777033e-06,0.9613387436215567
MACE,1,296,297,317,0.0016832291007709505,0.0016968205855726387,1.3591484801688241e-05,-9.903778958606294e-09,3.773383227339527e-06,0.9290181895589973
MACE,1,297,298,318,0.001640060266006899,0.0016547398088064668,1.4679542799567744e-05,4.205941855428899e-09,3.801559890056784e-06,0.8981069755491524
MACE,1,298,299,319,0.001597092319219285,0.001612667674083062,1.557535486377713e-05,9.988896764638946e-09,3.837767769013894e-06,0.8684525980946747
MACE,1,299,300,320,0.0015546943938439764,0.0015705559420757863,1.586154823180982e-05,9.36777972272533e-09,3.863688797412201e-06,0.8399115490454511
MACE,1,300,301,321,0.0015138061861880439,0.0015293273557557506,1.5521169567706775e-05,4.863425301154453e-09,3.881836335756703e-06,0.8128596234765029
MACE,1,301,302,322,0.00147623970167665,0.0014902951769161848,1.4055475239534805e-05,-6.059154274238449e-10,3.895985153547773e-06,0.7878775318328269
MACE,1,302,303,323,0.0014442223817326479,0.0014557761383890045,1.1553756656356579e-05,-4.380436298846019e-09,3.914187483615274e-06,0.7660755354172434
MACE,1,303,304,324,0.001419462914506446,0.0014278908990833941,8.427984576948053e-06,-4.263335788567968e-09,3.925165296427208e-06,0.7484595189548915
MACE,1,304,305,325,0.0014031651428478404,0.0014079993060740785,4.834163226238083e-06,1.0418570888827416e-09,3.930173891178832e-06,0.73564380010373
MACE,1,305,306,326,0.001394771744439706,0.0013965983640578383,1.8266196181323212e-06,1.16689827674675e-08,3.947279976787572e-06,0.7278064609521678
MACE,1,306,307,327,0.0013927331779689132,0.0013922918401313596,-4.4133783755361845e-07,2.656658907879833e-08,3.967209064148158e-06,0.7241574613263786
MACE,1,307,308,328,0.0013949511644043167,0.0013932872278658265,-1.6639365384902606e-06,4.361824072589282e-08,3.9882796713497145e-06,0.7237188166686628
MACE,1,308,309,329,0.0013989825856238326,0.0013971536336286688,-1.8289519951638494e-06,6.010291346710515e-08,4.007700102336178e-06,0.7251901766196176
MACE,1,309,310,330,0.0014032977776432505,0.0014019446957729946,-1.3530818702559618e-06,7.28809475018452e-08,4.0220116840703506e-06,0.7275226302471559
MACE,1,310,311,331,0.0014073370765411027,0.0014068419398202932,-4.951367208094661e-07,7.905870820371433e-08,4.028608098103762e-06,0.7302445168321134
MACE,1,311,312,332,0.001409908433802024,0.0014108372980378508,9.288642358268664e-07,7.659897487089992e-08,4.025159006987335e-06,0.732775461264497
MACE,1,312,313,333,0.00141242259614107,0.0014142026654393276,1.7800692982575077e-06,6.482516510435479e-08,4.011073292630856e-06,0.7351920919252383
MACE,1,313,314,334,0.0014153298666432315,0.0014177115104842448,2.381643841013357e-06,4.458432183640157e-08,3.986872042219335e-06,0.7378310431856318
MACE,1,314,315,335,0.0014215627503420371,0.001423656574966738,2.0938246247008754e-06,1.8462088707642266e-08,3.955631412494751e-06,0.7418284538130786
MACE,1,315,316,336,0.0014321918095756845,0.0014338249629062706,1.6331533305860915e-06,-9.594558065574577e-09,3.941484541137818e-06,0.7480755449873566
MACE,1,316,317,337,0.0014466674335187604,0.0014481307149757877,1.4632814570273312e-06,-3.481455304512465e-08,3.961767340767483e-06,0.7565081842976198
MACE,1,317,318,338,0.001463851177478311,0.0014655555169947932,1.7043395164821444e-06,-5.244311589071987e-08,3.9753266196660355e-06,0.7665946945170556
MACE,1,318,319,339,0.001480753456215996,0.0014837752369928825,3.0217807768864735e-06,-5.840286341953632e-08,3.978389444735177e-06,0.7771356733992107
MACE,1,319,320,340,0.0014940836174992577,0.0014994344034800291,5.350785980771456e-06,-5.061434249931801e-08,3.968875605054936e-06,0.7863982050254115
MACE,1,320,321,341,0.0014998587216228949,0.0015087109084598645,8.852186836969672e-06,-2.930100545701919e-08,3.946904022547521e-06,0.7923986349695509
MACE,1,321,322,342,0.001493863851298148,0.0015074114425307904,1.354759123264231e-05,2.7939915728247833e-09,3.920668431859071e-06,0.7929370787043977
MACE,1,322,323,343,0.001472201152980591,0.001491167870116606,1.8966717136014886e-05,4.081891051728459e-08,3.9588640102843346e-06,0.7856843077083402
MACE,1,323,324,344,0.0014346693843841846,0.001457858977873543,2.3189593489358418e-05,7.781074796205795e-08,3.993427542808101e-06,0.7694478693245538
MACE,1,324,325,345,0.0013859012515479762,0.0014109371144289994,2.503586288102322e-05,1.0607208183587707e-07,4.0160590357243e-06,0.7459396777195937
MACE,1,325,326,346,0.0013326329069747993,0.00135632306910404,2.3690162129240628e-05,1.1840944905312789e-07,4.018975117896816e-06,0.7181684689733125
MACE,1,326,327,347,0.0012839541097850625,0.0013025852201503246,1.863111036526214e-05,1.0941275511728438e-07,3.9970581830566545e-06,0.6905629895896742
MACE,1,327,328,348,0.0012495278966081838,0.0012596052233553087,1.0077326747124846e-05,7.661090747207444e-08,3.949336638489922e-06,0.6682847042094828
MACE,1,328,329,349,0.0012369594452806502,0.0012361180665931009,-8.413786875493233e-07,2.103342692204302e-08,3.883890620274491e-06,0.6559209339175587
MACE,1,329,330,350,0.0012514924590075055,0.0012388230755993363,-1.2669383408169237e-05,-5.2493138544273954e-08,3.932224342347798e-06,0.6569940033883432
MACE,1,330,331,351,0.0012938647063945943,0.0012698434510971363,-2.4021255297458025e-05,-1.3593357784530413e-07,4.034364369088438e-06,0.6725980874843903
MACE,1,331,332,352,0.0013623876635692218,0.0013288167128825902,-3.357095068663154e-05,-2.191315272587896e-07,4.135954747004008e-06,0.7025171781304335
MACE,1,332,333,353,0.0014522174216934462,0.0014118356990522924,-4.038172264115387e-05,-2.9131592772443926e-07,4.2243497091709e-06,0.7447028855024806
MACE,1,333,334,354,0.0015561269106906268,0.0015125635870658998,-4.3563323624726995e-05,-3.427005762519225e-07,4.2878409060315424e-06,0.7959253962876562
MACE,1,334,335,355,0.0016659049046363651,0.0016229004174830206,-4.300448715334449e-05,-3.658281462239066e-07,4.316989099543621e-06,0.8521817917536496
MACE,1,335,336,356,0.0017717226464769066,0.001733624776145682,-3.809787033122458e-05,-3.5642334445321056e-07,4.3055801002740585e-06,0.9090592503764979
MACE,1,336,337,357,0.001864136208860897,0.0018347427508697207,-2.9393457991176404e-05,-3.134648997671699e-07,4.251312582921818e-06,0.9618921278633186
MACE,1,337,338,358,0.0019344354319344838,0.0019173607670409237,-1.7074664893560083e-05,-2.393246348710368e-07,4.155088238922557e-06,1.0066574748273651
MACE,1,338,339,359,0.0019746008260308726,0.0019728433926343254,-1.7574333965471832e-06,-1.3921469535190314e-07,4.038754235895041e-06,1.039398534841503
MACE,1,339,340,360,0.0019787057881900058,0.001994367647330837,1.5661859140831107e-05,-2.0484354735453986e-08,3.920000793890635e-06,1.0568816908907057
MACE,1,340,341,361,0.001943581838625197,0.0019768158327857564,3.323399416055935e-05,1.0840037567550441e-07,3.996957004417994e-06,1.0563912146746006
MACE,1,341,342,362,0.0018730243982975983,0.0019219286916841596,4.890429338656136e-05,2.3765772174419268e-07,4.102879493539001e-06,1.0384011867263538
MACE,1,342,343,363,0.0017727283807485081,0.0018342931139375437,6.156473318903559e-05,3.5782658434424866e-07,4.186333080843457e-06,1.004516370501669
MACE,1,343,344,364,0.001651554321167193,0.0017216956431575167,7.014132199032364e-05,4.600390107294128e-07,4.238572356066228e-06,0.9578198874618867
MACE,1,344,345,365,0.0015200856205198404,0.001594312353721695,7.422673320185464e-05,5.364830552240588e-07,4.253901828444108e-06,0.9026803044896264
MACE,1,345,346,366,0.0013875759902774037,0.0014617859373269274,7.420994704952365e-05,5.813325026776672e-07,4.22936234113623e-06,0.843366381992829
MACE,1,346,347,367,0.0012619947034052323,0.0013325952016486652,7.060049824343293e-05,5.913221078693298e-07,4.1651565760354335e-06,0.7838332412546887
MACE,1,347,348,368,0.0011500106481509118,0.0012136537295478582,6.364308139694642e-05,5.657445417586553e-07,4.063746562624593e-06,0.7275552562058375
MACE,1,348,349,369,0.0010575243773866885,0.001111443914055331,5.39195366686424e-05,5.066516757454287e-07,3.931164568937845e-06,0.6781995620255786
MACE,1,349,350,370,0.0009886683320874197,0.0010305116667171323,4.184333462971257e-05,4.185787543435713e-07,3.7751238978267167e-06,0.6386571285700687
MACE,1,350,351,371,0.0009472665513185624,0.0009748442106958461,2.757765937728366e-05,3.0793065368406314e-07,3.604902258013292e-06,0.6117254401583163
MACE,1,351,352,372,0.0009365064260397227,0.0009480229102940423,1.1516484254319522e-05,1.8225500340689205e-07,3.4306809060934587e-06,0.6000360771259721
MACE,1,352,353,373,0.000958775485462797,0.0009528703511274032,-5.90513433539378e-06,4.948054272563285e-08,3.2850353292545834e-06,0.6056376798012355
MACE,1,353,354,374,0.0010152908476471125,0.0009914019795695926,-2.3888868077519927e-05,-8.277599765869892e-08,3.342350155494385e-06,0.6297851067442781
MACE,1,354,355,375,0.0011047944868068007,0.0010636611577436467,-4.113332906315395e-05,-2.0770842736571316e-07,3.5053399481337247e-06,0.6720980996811355
MACE,1,355,356,376,0.0012227726010855915,0.0011666092459360123,-5.616335514957915e-05,-3.195379152214073e-07,3.667023971267093e-06,0.7299057343183901
MACE,1,356,357,377,0.0013620636938381815,0.0012942170443347135,-6.784664950346803e-05,-4.136914127962632e-07,3.820058360092949e-06,0.7985426510189052
MACE,1,357,358,378,0.0015123110163427177,0.0014377841451876992,-7.452687115501845e-05,-4.868346528928702e-07,3.957460482043001e-06,0.8719132359339987
MACE,1,358,359,379,0.001660978228063048,0.0015852450430126877,-7.573318505036037e-05,-5.364229307969204e-07,4.0741737915492155e-06,0.9424667250713019
MACE,1,359,360,380,0.0017958749504333772,0.0017244617864426532,-7.141316399072398e-05,-5.612844046799792e-07,4.166449796950786e-06,1.0034804227557172
MACE,1,360,361,381,0.0019061678447703512,0.0018438741281855907,-6.229371658476044e-05,-5.608108807064749e-07,4.231829519311444e-06,1.0494610202104546
MACE,1,361,362,382,0.0019837746419732426,0.0019343314945729822,-4.9443147400260326e-05,-5.357283989169959e-07,4.269599798803429e-06,1.0770090722103043
MACE,1,362,363,383,0.0020244458631666403,0.0019900548799376915,-3.439098322894881e-05,-4.878023915962787e-07,4.280435029658871e-06,1.0849874699604303
MACE,1,363,364,384,0.002027653632117217,0.0020091842758968824,-1.8469356220334604e-05,-4.198703108596047e-07,4.265663909800384e-06,1.0743995088719516
MACE,1,364,365,385,0.0019948032282085058,0.0019921890646859798,-2.6141635225259904e-06,-3.3575782005558497e-07,4.240455553371111e-06,1.047183348138893
MACE,1,365,366,386,0.0019330505386190838,0.001943911373595104,1.0860834976020306e-05,-2.4032985495962833e-07,4.217282593225995e-06,1.0070810125460035
MACE,1,366,367,387,0.0018500974993528796,0.0018721929469052104,2.2095447552330887e-05,-1.3886079235688603e-07,4.173813612500812e-06,0.9587813982393099
MACE,1,367,368,388,0.001755872618759121,0.001785299004397209,2.94263856380878e-05,-3.711043864091171e-08,4.113081082693627e-06,0.9066312726829956
MACE,1,368,369,389,0.0016605515675360448,0.0016942441267292839,3.369255919323912e-05,5.94900162855308e-08,4.160180295528256e-06,0.8559594245036057
MACE,1,369,370,390,0.0015717256780854597,0.0016069157398079026,3.519006172244296e-05,1.4621668446759134e-07,4.2554023768355e-06,0.8102685462845872
MACE,1,370,371,391,0.0014955930133108853,0.001530136835852045,3.4543822541159694e-05,2.193301529684194e-07,4.3223837383884624e-06,0.7724727041390851
MACE,1,371,372,392,0.0014343340388882292,0.0014674346298208544,3.31005909326252e-05,2.763327305093863e-07,4.360483356513855e-06,0.74389499204412
MACE,1,372,373,393,0.001388468930437193,0.0014193860188365512,3.091708839935824e-05,3.1621622910080194e-07,4.370100505619096e-06,0.724492206968518
MACE,1,373,374,394,0.001356739756061362,0.001385506151800876,2.8766395739514023e-05,3.392609107671918e-07,4.353704269154241e-06,0.7138005556509388
MACE,1,374,375,395,0.0013362105771180504,0.0013630544662633411,2.6843889145290734e-05,3.468431352422058e-07,4.3140230809343015e-06,0.7102776667735498
MACE,1,375,376,396,0.0013249336208853019,0.0013495630190714196,2.462939818611773e-05,3.411262237823509e-07,4.254487860014328e-06,0.7125386908473248
MACE,1,376,377,397,0.0013210399225908314,0.0013433056076494402,2.2265685058608844e-05,3.2456208706906076e-07,4.1793618032284175e-06,0.7195764839602379
MACE,1,377,378,398,0.001323059217149469,0.0013424659687941286,1.9406751644659515e-05,2.996306883830749e-07,4.092328790674267e-06,0.7303076995372522
MACE,1,378,379,399,0.0013305646650578866,0.001346474493593457,1.590982853557038e-05,2.6853132005857927e-07,3.997021587656322e-06,0.7442868592437214
MACE,1,379,380,400,0.0013441204564337917,0.0013555600896862,1.1439633252408434e-05,2.331522112519399e-07,3.896707981984023e-06,0.7614965879255566
MACE,1,380,381,401,0.0013646477470396325,0.001370827499665177,6.179752625544606e-06,1.947872708294926e-07,3.794071692448221e-06,0.7824225771124859
MACE,1,381,382,402,0.0013936150060161,0.0013938082547536737,1.9324873757383537e-07,1.5466504431869976e-07,3.6918599036311743e-06,0.8078296372498761
MACE,1,382,383,403,0.0014322500048088056,0.0014259948723547046,-6.255132454101005e-06,1.1394032599018611e-07,3.606000895102632e-06,0.8385015245477856
MACE,1,383,384,404,0.0014811422051742833,0.0014684651390684431,-1.2677066105840204e-05,7.376717689640266e-08,3.527957383561715e-06,0.8750074934513022
MACE,1,384,385,405,0.0015397687460095683,0.001521284983497111,-1.8483762512457383e-05,3.5434455941067006e-08,3.456128116655979e-06,0.9173176910198357
MACE,1,385,386,406,0.0016063945909377524,0.001583255234291698,-2.3139356646054415e-05,2.8095276279060943e-10,3.3915210821706476e-06,0.9646101960950845
MACE,1,386,387,407,0.001678045062062356,0.0016519568481151898,-2.6088213947166256e-05,-3.049280715211253e-08,3.395759158167346e-06,1.01526869470278
MACE,1,387,388,408,0.001750603270673456,0.0017236340375872867,-2.696923308616924e-05,-5.6037042239298965e-08,3.398401801069604e-06,1.0668019749694018
MACE,1,388,389,409,0.001819421108110515,0.00179375792352017,-2.566318459034495e-05,-7.563855065179613e-08,3.39794105867626e-06,1.1162036963966857
MACE,1,389,390,410,0.0018800610088540932,0.0018576949982830318,-2.2366010571061396e-05,-8.938907949235762e-08,3.394451566493815e-06,1.1604023886370085
MACE,1,390,391,411,0.001928665085975796,0.0019112487888034496,-1.7416297172346325e-05,-9.78106393834284e-08,3.388574015797051e-06,1.1966410029519077
MACE,1,391,392,412,0.001962522874028639,0.0019511235112203893,-1.1399362808249634e-05,-1.0177280117609766e-07,3.381472808801357e-06,1.22280012073464
MACE,1,392,393,413,0.001980264109576609,0.001975312560105252,-4.95154947135687e-06,-1.0220469368223128e-07,3.375808787743648e-06,1.2376573576373928
MACE,1,393,394,414,0.0019826794718109933,0.001983723577203623,1.0441053926299113e-06,-9.986492679938536e-08,3.384839440770816e-06,1.241275051206026
MACE,1,394,395,415,0.001972523785828067,0.001978285876993406,5.7620911653390346e-06,-9.510368553181797e-08,3.392789757552406e-06,1.235043479416079
MACE,1,395,396,416,0.00195386901647557,0.001962699683538559,8.830667062989083e-06,-8.778883978316845e-08,3.398802775381626e-06,1.2214853121959235
MACE,1,396,397,417,0.001931177154802623,0.0019413362416075813,1.0159086804958223e-05,-7.723629458396275e-08,3.401892083988689e-06,1.2035277222335952
MACE,1,397,398,418,0.0019088471489657624,0.0019184649442541366,9.617795288374177e-06,-6.251508942543144e-08,3.4006837764677844e-06,1.1839902657167913
MACE,1,398,399,419,0.0018912752055889183,0.0018987537566897555,7.4785511008372725e-06,-4.26216460592925e-08,3.3945986160042637e-06,1.1658716325378609
MACE,1,399,400,420,0.0018806784873464225,0.0018854230304322852,4.744543085862625e-06,-1.7190546998478023e-08,3.384636724512785e-06,1.1511983945584672
MACE,1,400,401,421,0.0018768309235163887,0.0018784579171114066,1.6269935950179084e-06,1.3214915865582266e-08,3.397182132401393e-06,1.139951428481502
MACE,1,401,402,422,0.001880181964225551,0.0018788371361617973,-1.344828063753762e-06,4.6790168424471965e-08,3.4497456915972802e-06,1.132668488442362
MACE,1,402,403,423,0.001888315040922664,0.0018847151054590934,-3.5999354635705017e-06,8.023092026030257e-08,3.504983705702585e-06,1.128135086408398
MACE,1,403,404,424,0.001898725621203954,0.0018935497004360156,-5.1759207679382985e-06,1.0904799531354266e-07,3.56203187906793e-06,1.1247090722949442
MACE,1,404,405,425,0.0019094293722002433,0.0019031188815892839,-6.31049061095945e-06,1.281360077385555e-07,3.6114946253989626e-06,1.1209442227745794
MACE,1,405,406,426,0.0019195786309562798,0.0019118364189573413,-7.742211998938405e-06,1.3204878100562048e-07,3.6495325902485786e-06,1.115783436747768
MACE,1,406,407,427,0.001930677537082533,0.0019204809003969942,-1.0196636685538786e-05,1.1630051644341902e-07,3.672828141363372e-06,1.1095647987178507
MACE,1,407,408,428,0.001944640900483375,0.0019312249514322846,-1.3415949051090448e-05,7.807731919806313e-08,3.6786411463915674e-06,1.1034231707430289
MACE,1,408,409,429,0.0019633237981366023,0.001945472374637446,-1.785142349915625e-05,1.7051178329528793e-08,3.667755636767572e-06,1.098045425501224
MACE,1,409,410,430,0.0019893862674327115,0.0019662408893814445,-2.3145378051266964e-05,-6.434609688219656e-08,3.770596287305979e-06,1.0950423596694718
MACE,1,410,411,431,0.002023245225405909,0.0019950242474112826,-2.8220977994626497e-05,-1.6048251287592574e-07,3.926283063231037e-06,1.095179218429466
MACE,1,411,412,432,0.0020631575437134123,0.002030895008008487,-3.2262535704925214e-05,-2.632707781450444e-07,4.090979114310945e-06,1.0979610111217517
MACE,1,412,413,433,0.0021047325446815358,0.002070826744686257,-3.390579999527866e-05,-3.629323877697016e-07,4.2522762813866025e-06,1.1019163914475631
MACE,1,413,414,434,0.002141081262769042,0.0021086947833303454,-3.2386479438696776e-05,-4.48994844106515e-07,4.39759461586232e-06,1.104169295447442
MACE,1,414,415,435,0.002164532644261828,0.0021373029223332677,-2.7229721928560477e-05,-5.11832556081282e-07,4.5150724721785455e-06,1.1015977432235011
MACE,1,415,416,436,0.0021678571505617528,0.002149087324719452,-1.8769825842300872e-05,-5.436900419597546e-07,4.59526287981547e-06,1.0911798077734778
MACE,1,416,417,437,0.00214568525991698,0.0021379511860889263,-7.734073828053606e-06,-5.397739474225643e-07,4.632356755354451e-06,1.0708282786858017
MACE,1,417,418,438,0.002096975658268921,0.0021009690019253542,3.99334365643305e-06,-4.984703878361391e-07,4.65090674446117e-06,1.0400571241933663
MACE,1,418,419,439,0.002027552532235558,0.0020412878264037906,1.3735294168232704e-05,-4.214610292239268e-07,4.622910199963435e-06,1.0011917730515203
MACE,1,419,420,440,0.0019496148471030298,0.001968873197153172,1.925835005014238e-05,-3.131326320885211e-07,4.545947399033484e-06,0.9595369573577621
MACE,1,420,421,441,0.0018792416476039603,0.0018987067556503969,1.9465108046436575e-05,-1.7993477914590716e-07,4.423888102504607e-06,0.9224567686031796
MACE,1,421,422,442,0.0018325772661441052,0.0018471949693166611,1.4617703172555962e-05,-2.9419745358610916e-08,4.264297582280235e-06,0.8977846599513165
MACE,1,422,423,443,0.001820404818784236,0.0018275281423199602,7.1233235357241916e-06,1.2998767215041673e-07,4.338433288796675e-06,0.8918419584592565
MACE,1,423,424,444,0.0018442769212328007,0.0018446205652930458,3.4364406024511157e-07,2.8959396657438075e-07,4.458737205800434e-06,0.9072001230245552
MACE,1,424,425,445,0.0018952756607296048,0.0018928439539455822,-2.4317067840225887e-06,4.406335567044839e-07,4.562001395206905e-06,0.9415671723648933
MACE,1,425,426,446,0.0019566080674240684,0.0019574384818679892,8.304144439208634e-07,5.745370807684613e-07,4.642536967166655e-06,0.9881779981638842
MACE,1,426,427,447,0.002010040758544874,0.002019287853478828,9.247094933953915e-06,6.824600639714073e-07,4.69159636289513e-06,1.0376827264446833
MACE,1,427,428,448,0.0020420414270103677,0.0020626077675606957,2.056634055032803e-05,7.559577046550164e-07,4.70046129007756e-06,1.0816376178423728
MACE,1,428,429,449,0.0020449613148342885,0.0020772167281813193,3.225541334703078e-05,7.880593842421457e-07,4.661617710864377e-06,1.1135921167814387
MACE,1,429,430,450,0.0020195430117812725,0.0020606660675965656,4.112305581529304e-05,7.740121661763133e-07,4.5706616778282025e-06,1.1304361153028577
MACE,1,430,431,451,0.0019711035212735643,0.0020177573928924276,4.6653871618863255e-05,7.121018378748734e-07,4.4297123835020464e-06,1.132647925042191
MACE,1,431,432,452,0.0019051013986145279,0.00195345677147405,4.835537285952226e-05,6.049267452738066e-07,4.243165722180718e-06,1.1208664027725952
MACE,1,432,433,453,0.00183265879600834,0.001877956339166074,4.529754315773398e-05,4.5942567252280075e-07,4.022277635635242e-06,1.0990882639673878
MACE,1,433,434,454,0.0017611513934229998,0.0018006018380409097,3.945044461790988e-05,2.8638189800665736e-07,3.78292591968564e-06,1.0715220722198318
MACE,1,434,435,455,0.0016962500638499634,0.0017272121602590973,3.096209640913398e-05,9.946489012979676e-08,3.5407495644666364e-06,1.0409766022777227
MACE,1,435,436,456,0.0016442324173135976,0.0016647201364897578,2.048771917616027e-05,-8.653543926047391e-08,3.486444091512845e-06,1.0115003179268756
MACE,1,436,437,457,0.0016096229831690503,0.0016181857466172397,8.562763448189369e-06,-2.5738344591654666e-07,3.6308519754701387e-06,0.9864491540922682
MACE,1,437,438,458,0.0015963672835783648,0.00159221380626527,-4.153477313094877e-06,-4.010800886910214e-07,3.7745644750282822e-06,0.9691231265818882
MACE,1,438,439,459,0.0016061362181225402,0.0015895472500073412,-1.6588968115199007e-05,-5.090226282544047e-07,3.917924813720377e-06,0.9617150865489924
MACE,1,439,440,460,0.001637722634673061,0.0016104940659153954,-2.7228568757665548e-05,-5.765369457009714e-07,4.031191381454527e-06,0.964852169284259
MACE,1,440,441,461,0.0016855946142936276,0.0016512736578136774,-3.432095647995016e-05,-6.028371762880833e-07,4.1091243894918615e-06,0.9766366952864387
MACE,1,441,442,462,0.001740664929402844,0.001703968635618066,-3.6696293784778096e-05,-5.904862215942025e-07,4.150190567610277e-06,0.9928085311431718
MACE,1,442,443,463,0.0017915735615046911,0.0017579040165520983,-3.366954495259288e-05,-5.44725260311768e-07,4.156167943330785e-06,1.0077837677382615
MACE,1,443,444,464,0.0018271350416236166,0.0018013198007189846,-2.581524090463196e-05,-4.725227213276534e-07,4.1321516541173075e-06,1.0157494637451996
MACE,1,444,445,465,0.0018384826286236703,0.0018243322032016054,-1.4150425422064863e-05,-3.817037354395328e-07,4.084598027950408e-06,1.0122992023610597
MACE,1,445,446,466,0.0018199828287193028,0.0018195457490797337,-4.370796395690782e-07,-2.798813165567904e-07,4.038636695306278e-06,0.9945633779687313
MACE,1,446,447,467,0.0017717006300380827,0.0017847591101845827,1.305848014650007e-05,-1.7467424208873067e-07,4.0000064783820074e-06,0.9624353657636583
MACE,1,447,448,468,0.001698850622113621,0.001722893203630649,2.404258151702805e-05,-7.241228972866554e-08,3.954181209474427e-06,0.9182605037817418
MACE,1,448,449,469,0.0016110040859492261,0.001642234595340145,3.1230509390918915e-05,2.1310797286566707e-08,3.947280483974857e-06,0.8668084769429792
MACE,1,449,450,470,0.0015194339819560396,0.001553354055621939,3.3920073665899336e-05,1.0248326025828758e-07,4.059509914835171e-06,0.8136151877448208
MACE,1,450,451,471,0.001435375568111844,0.0014676690427842753,3.2293474672431214e-05,1.6824364807658393e-07,4.143836465139269e-06,0.76433815001544
MACE,1,451,452,472,0.0013676370774613053,0.0013951110615445387,2.7473984083233385e-05,2.1698876455453903e-07,4.20086847233413e-06,0.7236910319401644
MACE,1,452,453,473,0.0013216319795916216,0.0013418889307233923,2.0256951131770746e-05,2.4828219352505954e-07,4.231757599115651e-06,0.6944290557955427
MACE,1,453,454,474,0.0013001360156184808,0.0013122388945902438,1.2102878971762942e-05,2.628491357122703e-07,4.240234740800288e-06,0.6783495301940463
MACE,1,454,455,475,0.0013023362603480108,0.001306318431544289,3.9821711962781045e-06,2.621736484827511e-07,4.229969600492466e-06,0.6752322482932722
MACE,1,455,456,476,0.0013255776206222997,0.0013220677441568589,-3.50987646544087e-06,2.482296507771292e-07,4.2129634793749615e-06,0.6837923514585917
MACE,1,456,457,477,0.0013656512778750275,0.0013558257979059051,-9.82547996912237e-06,2.233035436526032e-07,4.191469360507555e-06,0.7019660244323547
MACE,1,457,458,478,0.001418007672428414,0.001403255275707995,-1.4752396720418923e-05,1.8983613589776405e-07,4.1591308739730395e-06,0.7273570272258028
MACE,1,458,459,479,0.00147772809383033,0.0014595018200419271,-1.822627378840285e-05,1.5019962491813477e-07,4.119207474347411e-06,0.7572993910645872
MACE,1,459,460,480,0.0015400769324060426,0.00151994755469584,-2.0129377710202548e-05,1.0668427880000664e-07,4.074696262136626e-06,0.7892439164228728
MACE,1,460,461,481,0.001600564252538312,0.0015801975469493757,-2.0366705588936197e-05,6.142189466415426e-08,4.027960851674132e-06,0.8207611655574953
MACE,1,461,462,482,0.0016541281645547183,0.0016354692639514085,-1.8658900603309766e-05,1.637719922523151e-08,3.981331725063065e-06,0.8492426191280247
MACE,1,462,463,483,0.0016964452136735524,0.001681258045711082,-1.5187167962470377e-05,-2.6630453103110296e-08,3.989967931034932e-06,0.8722682892164072
MACE,1,463,464,484,0.0017236011594307446,0.0017131132046994454,-1.0487954731299223e-05,-6.557047963623441e-08,4.028732957966308e-06,0.887510790529331
MACE,1,464,465,485,0.0017358646758135303,0.0017300560723997032,-5.808603413827093e-06,-9.882247807221911e-08,4.063955290069038e-06,0.8945166878403636
MACE,1,465,466,486,0.0017343622168773422,0.001733170046836628,-1.192170040714268e-06,-1.2497895391164193e-07,4.101514625591691e-06,0.8939623720419678
MACE,1,466,467,487,0.001721605695605647,0.0017239345212424078,2.3288256367607913e-06,-1.4287908290180895e-07,4.1337881261803024e-06,0.8867715317370684
MACE,1,467,468,488,0.0017031794222006277,0.001707262217064403,4.0827948637753644e-06,-1.5179778941470934e-07,4.155618230092641e-06,0.8756510779842194
MACE,1,468,469,489,0.0016843606634281746,0.0016886823655462113,4.321702118036726e-06,-1.51512237566917e-07,4.166573337872706e-06,0.8636055285648203
MACE,1,469,470,490,0.001669341098709514,0.0016727749038550975,3.433805145583403e-06,-1.4226698095629042e-07,4.166805455549305e-06,0.8531200211858776
MACE,1,470,471,491,0.0016605601904376432,0.0016627666981146717,2.206507677028494e-06,-1.247989581121267e-07,4.157593208381252e-06,0.8459565405492133
MACE,1,471,472,492,0.0016577538937410444,0.0016591450179587349,1.3911242176904964e-06,-1.003125787227277e-07,4.1400609605837635e-06,0.8424599784122592
MACE,1,472,473,493,0.0016597461904295108,0.0016611258976322826,1.3797072027717412e-06,-7.036827386237843e-08,4.116080984027838e-06,0.8423185650477029
MACE,1,473,474,494,0.0016625303652269196,0.001665750254534326,3.219889307406413e-06,-3.6751809615563624e-08,4.088193440024044e-06,0.8441083293009821
MACE,1,474,475,495,0.0016612006060405587,0.0016674891005464974,6.2884945059387114e-06,-1.2969838319651372e-09,4.05638827081931e-06,0.8450880046799482
MACE,1,475,476,496,0.0016535324146411921,0.0016634330663263172,9.900651685125104e-06,3.394700718098442e-08,4.089884245625737e-06,0.8438108252182766
MACE,1,476,477,497,0.0016386902097419876,0.0016521012171769724,1.3411007434984768e-05,6.693000072048594e-08,4.120175659889327e-06,0.8395054161373492
MACE,1,477,478,498,0.0016171042942854166,0.0016333655122361356,1.626121795071894e-05,9.566711622194246e-08,4.142163974499707e-06,0.8320348115295852
MACE,1,478,479,499,0.0015906820306207286,0.001608589547695801,1.790751707507238e-05,1.183262278254757e-07,4.153768278272313e-06,0.8219766618045491
MACE,1,479,480,500,0.0015621460455661302,0.0015804301649377974,1.8284119371667204e-05,1.3333609729260926e-07,4.154254296495158e-06,0.8105429632987419
MACE,1,480,481,501,0.0015340281628404492,0.0015512541483452438,1.7225985504794577e-05,1.3952792341648257e-07,4.142526764985066e-06,0.7987924612778807
MACE,1,481,482,502,0.0015093145304472685,0.001524512249638144,1.519771919087547e-05,1.3605340516567935e-07,4.119534109428688e-06,0.7883541749736576
MACE,1,482,483,503,0.0014888046287965069,0.00150171202036025,1.2907391563743171e-05,1.2272711659867125e-07,4.086546073554563e-06,0.7798800908574566
MACE,1,483,484,504,0.001472068312691614,0.0014828563120630747,1.0787999371460752e-05,9.980878748656885e-08,4.044891420687347e-06,0.7732612449710978
MACE,1,484,485,505,0.0014579237247297084,0.0014672018311467554,9.278106417046983e-06,6.821367397151501e-08,3.996472790261167e-06,0.7680144017807633
MACE,1,485,486,506,0.0014459554793520273,0.0014534233441052765,7.467864753249193e-06,2.928122186558746e-08,3.942162958395513e-06,0.763366901150222
MACE,1,486,487,507,0.001436523272233899,0.0014423560299357593,5.832757701860342e-06,-1.5033861629557e-08,3.914790481839686e-06,0.759703467003969
MACE,1,487,488,508,0.0014296836224904326,0.0014339106105571919,4.22698806675924e-06,-6.228385043566959e-08,3.951288465370208e-06,0.7569593159701026
MACE,1,488,489,509,0.0014253370631516563,0.0014281858168055375,2.8487536538812294e-06,-1.0958891642071089e-07,3.9904768546871075e-06,0.7552054091760887
MACE,1,489,490,510,0.0014228828633734009,0.001424632346161636,1.7494827882350624e-06,-1.5375131752481952e-07,4.028657055042985e-06,0.7542083963407267
MACE,1,490,491,511,0.001422660323169054,0.0014233691004922468,7.087773231926643e-07,-1.9120023851768725e-07,4.061919151342925e-06,0.7541260538016541
MACE,1,491,492,512,0.001424443794190735,0.0014243463710633707,-9.742312736421045e-08,-2.1834633559189576e-07,4.086008408549963e-06,0.7550628670462253
MACE,1,492,493,513,0.0014282267220255109,0.0014275558272071913,-6.708948183196256e-07,-2.3181139289802505e-07,4.0968007018198044e-06,0.7571762719733623
MACE,1,493,494,514,0.0014340401477572953,0.0014328827445623457,-1.157403194949544e-06,-2.2878666030255734e-07,4.090266048428696e-06,0.7605913948071923
MACE,1,494,495,515,0.0014425729231727852,0.001440822500198844,-1.7504229739412607e-06,-2.073780444528453e-07,4.063374969743279e-06,0.7657729681310297
MACE,1,495,496,516,0.0014544237033217201,0.0014521842394005246,-2.23946392119553e-06,-1.6712037498659016e-07,4.014950761596846e-06,0.7733604983314983
MACE,1,496,497,517,0.0014695960853839205,0.001467241376599793,-2.3547087841275117e-06,-1.0939758524931842e-07,3.946104480049361e-06,0.7837086870970341
MACE,1,497,498,518,0.001486810995892018,0.001485020196068474,-1.7907998235439787e-06,-3.7666495178098613e-08,3.859438615365409e-06,0.7964936512125249
MACE,1,498,499,519,0.001505549226428777,0.0015048068387149161,-7.423877138607732e-07,4.2818560124641136e-08,3.845597818360645e-06,0.8114974936778749
MACE,1,499,500,520,0.0015246616139498008,0.001525511132412904,8.495184631032108e-07,1.253360414517346e-07,3.904677930773488e-06,0.8282473152128395
MACE,2,0,1,21,0.0014086484380756575,0.001444987442776353,3.633900470069538e-05,8.238996117293507e-08,3.6462678561593722e-06,0.842164955076712
MACE,2,1,2,22,0.0013389479608743211,0.0013752653233916159,3.631736251729473e-05,9.117510789066752e-08,3.6332985763000025e-06,0.8064054979336363
MACE,2,2,3,23,0.001272176929559856,0.001308108092181757,3.593116262190087e-05,9.467841908042396e-08,3.612564070202014e-06,0.7722316170946854
MACE,2,3,4,24,0.0012082701803904257,0.0012435966940324585,3.532651364203279e-05,9.316683398027936e-08,3.5848568026818505e-06,0.7395206081815562
MACE,2,4,5,25,0.0011477086671983164,0.0011818445956713643,3.413592847304782e-05,8.728889694907538e-08,3.550871981146371e-06,0.7081894128115593
MACE,2,5,6,26,0.0010921333061018786,0.0011240800211904766,3.194671508859807e-05,7.793740068248733e-08,3.511732782400427e-06,0.6788526387895761
MACE,2,6,7,27,0.001043943724693911,0.0010723688410856635,2.8425116391752464e-05,6.620550346489451e-08,3.4687055872163203e-06,0.6526828972387041
MACE,2,7,8,28,0.0010062346080292536,0.0010295504672368156,2.3315859207561967e-05,5.331851763573647e-08,3.4232360607950535e-06,0.6313915335206091
MACE,2,8,9,29,0.000982703245810462,0.0009995468862752496,1.684364046478765e-05,4.039298678350234e-08,3.3777566544944845e-06,0.6174320999698426
MACE,2,9,10,30,0.0009751454938638146,0.0009848083850455894,9.662891181774769e-06,2.8671112352329775e-08,3.334814332588343e-06,0.6124226620897817
MACE,2,10,11,31,0.0009834122345622927,0.0009861457673162111,2.7335327539184436e-06,1.8997277900084653e-08,3.2968652487436156e-06,0.6169917543403566
MACE,2,11,12,32,0.0010051078981518097,0.0010019511850364096,-3.1567131154000994e-06,1.204562946437171e-08,3.2728710108910762e-06,0.6302403427686947
MACE,2,12,13,33,0.001036536989077652,0.0010289093813912627,-7.627607686389341e-06,8.129659201470268e-09,3.2591638577487663e-06,0.650142554225065
MACE,2,13,14,34,0.001073880357092816,0.0010633521794715698,-1.0528177621246153e-05,7.141285851292728e-09,3.249155862937219e-06,0.674384505528363
MACE,2,14,15,35,0.0011128814938594453,0.0011010838703152243,-1.1797623544221054e-05,8.55762196240277e-09,3.2427154180781287e-06,0.7002620786021414
MACE,2,15,16,36,0.0011507141511493666,0.0011386746521752176,-1.2039498974149038e-05,1.1644955612202107e-08,3.2396474776597197e-06,0.7255185904385193
MACE,2,16,17,37,0.0011849895084995589,0.0011737893939917131,-1.1200114507845752e-05,1.5227923686345762e-08,3.238928903955697e-06,0.748578314350835
MACE,2,17,18,38,0.0012138822317266582,0.0012043130050748093,-9.569226651848835e-06,1.8206841402579332e-08,3.239765793997326e-06,0.7680074881976111
MACE,2,18,19,39,0.0012359182300131764,0.001228638235676691,-7.2799943364853376e-06,1.929719678625194e-08,3.2412604871455627e-06,0.7827106629812386
MACE,2,19,20,40,0.0012503212340141418,0.0012457626090966068,-4.5586249175350296e-06,1.7393948613039778e-08,3.242434486173213e-06,0.7920031068825768
MACE,2,20,21,41,0.0012566328150848231,0.0012548431518100284,-1.7896632747947672e-06,1.167169082563757e-08,3.246795869961204e-06,0.7953353194278735
MACE,2,21,22,42,0.001255659135514539,0.0012564260901294939,7.669546149549275e-07,1.6523023756501165e-09,3.253170899742609e-06,0.7930773235330467
MACE,2,22,23,43,0.001248518604349596,0.0012512950448135887,2.77644046399266e-06,-1.2645600560613757e-08,3.2831459070921395e-06,0.78578259091964
MACE,2,23,24,44,0.0012371757019268683,0.0012410906800927079,3.914978165839604e-06,-3.096654792051484e-08,3.322835634151815e-06,0.7745706659446495
MACE,2,24,25,45,0.0012235919333773316,0.0012277420502951062,4.150116917774581e-06,-5.250841799038508e-08,3.367632691063813e-06,0.7607533373198718
MACE,2,25,26,46,0.001211378600089047,0.0012141959010041844,2.8173009151374363e-06,-7.625721334947322e-08,3.4161337315593046e-06,0.7462668382521096
MACE,2,26,27,47,0.0012037923150771956,0.00120408274676058,2.904316833843637e-07,-1.0085358972955483e-07,3.467234937420336e-06,0.7334290993899074
MACE,2,27,28,48,0.0012031285591582973,0.0012000609994283554,-3.06755972994191e-06,-1.2478908753207896e-07,3.524532823650099e-06,0.7239059042257459
MACE,2,28,29,49,0.0012105419108370333,0.0012039131127858423,-6.6287980511909456e-06,-1.4642726898356218e-07,3.585720422363388e-06,0.7187847783419955
MACE,2,29,30,50,0.0012251642600311832,0.0012155502365085492,-9.614023522633948e-06,-1.6425001982643683e-07,3.6439027303120066e-06,0.7180097997667156
MACE,2,30,31,51,0.0012446813999702506,0.0012331723639844416,-1.1509035985808993e-05,-1.7691332243781333e-07,3.6963837934902905e-06,0.7205363347345406
MACE,2,31,32,52,0.0012654583464581787,0.0012537209786549492,-1.1737367803229442e-05,-1.8351736795485518e-07,3.7407803808509287e-06,0.724650428554515
MACE,2,32,33,53,0.0012824032853985291,0.0012726676824804575,-9.73560291807167e-06,-1.8368280929950687e-07,3.7754201528557935e-06,0.7278854191736845
MACE,2,33,34,54,0.001290981752589817,0.0012847340562535418,-6.247696336275123e-06,-1.7735419835171462e-07,3.800360591134107e-06,0.7274610635818555
MACE,2,34,35,55,0.0012881951168314896,0.0012867657120520703,-1.4294047794192414e-06,-1.651964402580447e-07,3.820424007611907e-06,0.7218903115314323
MACE,2,35,36,56,0.0012721454593335423,0.0012760871438518822,3.941684518339941e-06,-1.4815486961902713e-07,3.840110331010123e-06,0.7099765018178593
MACE,2,36,37,57,0.0012444275117450571,0.0012530290186465562,8.601506901499082e-06,-1.2722318768094987e-07,3.8506723090194086e-06,0.69216875118804
MACE,2,37,38,58,0.0012091341085742387,0.001220766460300744,1.1632351726505261e-05,-1.0324627461831548e-07,3.8512010398999765e-06,0.6703959485158526
MACE,2,38,39,59,0.0011725471201454573,0.0011848162865230605,1.2269166377603183e-05,-7.667236832757662e-08,3.840717437122803e-06,0.6477538177226662
MACE,2,39,40,60,0.00114255372328367,0.0011526718281538902,1.011810487022008e-05,-4.761808527695144e-08,3.818897475588837e-06,0.6283112802032265
MACE,2,40,41,61,0.001126615757388167,0.0011320242748021154,5.408517413948424e-06,-1.594039457722407e-08,3.7857160778452684e-06,0.6161832180078065
MACE,2,41,42,62,0.0011308803235089739,0.0011297053317311035,-1.1749917778703864e-06,1.841325500059887e-08,3.7846903793951467e-06,0.6150229429502851
MACE,2,42,43,63,0.0011583198145348923,0.0011500977830389593,-8.222031495933035e-06,5.529443765014963e-08,3.823542941420707e-06,0.6272205673717757
MACE,2,43,44,64,0.0012079125610333294,0.0011934900603005187,-1.442250073281073e-05,9.371696888665904e-08,3.856579569602398e-06,0.6530390421359903
MACE,2,44,45,65,0.0012754749442298891,0.001256701707064379,-1.8773237165510027e-05,1.3201566725733194e-07,3.881444103942954e-06,0.6909355778420594
MACE,2,45,46,66,0.0013549689224044625,0.0013342771589165917,-2.069176348787078e-05,1.6769607495085298e-07,3.8953479153161865e-06,0.7381531802310732
MACE,2,46,47,67,0.0014388718194532617,0.0014190570565555726,-1.9814762897689192e-05,1.978315832002614e-07,3.895637444438464e-06,0.7909496635959736
MACE,2,47,48,68,0.0015186888222085268,0.001502895246305043,-1.5793575903483813e-05,2.1962833284070588e-07,3.8800996285576165e-06,0.8449003687671797
MACE,2,48,49,69,0.0015876065970678302,0.0015774229490981985,-1.0183647969631707e-05,2.309811156517641e-07,3.849485493450334e-06,0.8952415206258457
MACE,2,49,50,70,0.0016410513252016644,0.0016380498057549278,-3.001519446736581e-06,2.3083100096372294e-07,3.8086825716423737e-06,0.9391041230645131
MACE,2,50,51,71,0.0016740815967170456,0.0016795229049659942,5.441308248948628e-06,2.195685600689043e-07,3.771143297362679e-06,0.9730271189186492
MACE,2,51,52,72,0.0016839931578326887,0.0016980932958344569,1.410013800176818e-05,1.988790985759173e-07,3.7243233790006216e-06,0.9942146492775865
MACE,2,52,53,73,0.0016706328735641846,0.001692215792183734,2.1582918619549377e-05,1.7127351169266003e-07,3.6695699537694233e-06,1.0010287067486812
MACE,2,53,54,74,0.0016382814469424328,0.0016648602084105104,2.6578761468077586e-05,1.3981465897539014e-07,3.6095781840441276e-06,0.994489005953699
MACE,2,54,55,75,0.0015940550567350468,0.0016221398356001007,2.8084778865053884e-05,1.06801535612773e-07,3.546628332590262e-06,0.9776303946986274
MACE,2,55,56,76,0.0015464743330590915,0.0015724070411582813,2.593270809918974e-05,7.383837386833181e-08,3.483213955197759e-06,0.9550678339640238
MACE,2,56,57,77,0.00150335271613936,0.0015242354537375429,2.0882737598182897e-05,4.1556248299261245e-08,3.4219365188727094e-06,0.9318075156079031
MACE,2,57,58,78,0.0014697655788927415,0.0014840773399416635,1.431176104892194e-05,9.933510162866976e-09,3.3652201812362085e-06,0.9117657891042051
MACE,2,58,59,79,0.0014465645446865806,0.0014547673190692433,8.202774382662717e-06,-2.135091433774078e-08,3.3582689656779652e-06,0.8967513562465761
MACE,2,59,60,80,0.0014302783683177748,0.0014342910442322041,4.012675914429314e-06,-5.24131049698881e-08,3.379131977702554e-06,0.8856175547932017
MACE,2,60,61,81,0.001415839832830541,0.0014180400520344618,2.200219203920802e-06,-8.259377713530636e-08,3.407593586710821e-06,0.8756180162939262
MACE,2,61,62,82,0.0013982393772293605,0.0014006078148186259,2.3684375892653754e-06,-1.105175490906038e-07,3.44097703622322e-06,0.863539787248403
MACE,2,62,63,83,0.0013755173454938,0.0013786435021547075,3.1261566609075506e-06,-1.342721612854203e-07,3.4752211229123044e-06,0.8475003215635275
MACE,2,63,64,84,0.0013486633831338406,0.0013521465570579228,3.483173924082256e-06,-1.5201001475270703e-07,3.5067273905891083e-06,0.8277458116554421
MACE,2,64,65,85,0.001322083276482638,0.001323706179235632,1.622902752994055e-06,-1.6215026742930766e-07,3.530961160914737e-06,0.8061397068708991
MACE,2,65,66,86,0.0013027579207414708,0.0013004032493695633,-2.3546713719074883e-06,-1.6416596998469757e-07,3.5511850936879216e-06,0.7872462091085618
MACE,2,66,67,87,0.0012947888533726276,0.0012875073810203102,-7.281472352317457e-06,-1.5846811872444189e-07,3.5734778214799764e-06,0.7744246358460505
MACE,2,67,68,88,0.0012977327776199955,0.001286549678964544,-1.1183098655451543e-05,-1.4645900045864857e-07,3.588487965156813e-06,0.7686930863691029
MACE,2,68,69,89,0.0013059578272384426,0.0012938721813183624,-1.208564592008023e-05,-1.3013688096759346e-07,3.595092973504026e-06,0.7679442457081256
MACE,2,69,70,90,0.0013105876036391502,0.0013013854082698669,-9.20219536928329e-06,-1.1164118111483406e-07,3.593907826436589e-06,0.7675019112693012
MACE,2,70,71,91,0.0013025190458512415,0.001299753781968787,-2.7652638824543583e-06,-9.295250583130077e-08,3.5910982288274277e-06,0.7620634986107252
MACE,2,71,72,92,0.0012742043081814024,0.00128035682594998,6.1525177685775156e-06,-7.51058698887988e-08,3.601691316382209e-06,0.7468329167621677
MACE,2,72,73,93,0.0012272755089690335,0.0012408694115868615,1.3593902617828032e-05,-5.821761603352904e-08,3.608025234778953e-06,0.7207021869901464
MACE,2,73,74,94,0.0011685644097214109,0.0011869373345432682,1.837292482185734e-05,-4.190979291818914e-08,3.6078314245533997e-06,0.6871048760687963
MACE,2,74,75,95,0.0011072938604628022,0.0011270832140626839,1.978935359988167e-05,-2.5365803216562122e-08,3.5996643122991155e-06,0.651003594708816
MACE,2,75,76,96,0.001052225007957961,0.0010703529359795709,1.8127928021609806e-05,-7.663900934012924e-09,3.582712606438726e-06,0.6175600094289679
MACE,2,76,77,97,0.0010105539850840612,0.0010247869190418656,1.4232933957804414e-05,1.1681646239734833e-08,3.581203642459236e-06,0.5913142019162443
MACE,2,77,78,98,0.0009853073325484102,0.0009949703102984711,9.662977750060945e-06,3.2687275455800524e-08,3.5921818357634485e-06,0.5748322822296608
MACE,2,78,79,99,0.000975632872718052,0.0009812556378293333,5.622765111281238e-06,5.474419152978055e-08,3.6010398161320282e-06,0.568290454224839
MACE,2,79,80,100,0.000978108121593815,0.000981003757926565,2.895636332750102e-06,7.679520797922168e-08,3.6076753403822724e-06,0.5701839958336277
MACE,2,80,81,101,0.0009879246722503164,0.0009897077846293314,1.7831123790149409e-06,9.752517090688001e-08,3.611217198511009e-06,0.5779425855675961
MACE,2,81,82,102,0.001000177629762686,0.0010023234779118109,2.145848149124772e-06,1.1567837986635465e-07,3.6103255320994e-06,0.5886586929308456
MACE,2,82,83,103,0.001011358824863231,0.0010146875951618597,3.328770298628627e-06,1.3012490020832684e-07,3.603319198847964e-06,0.5998828889617285
MACE,2,83,84,104,0.0010202762855852573,0.0010248671089097784,4.590823324521036e-06,1.4007533339494005e-07,3.5892122369795045e-06,0.6104148030311592
MACE,2,84,85,105,0.0010269777358545224,0.0010324858717779665,5.508135923444147e-06,1.451112420841269e-07,3.567524525766594e-06,0.6199312717982142
MACE,2,85,86,106,0.0010327924417788282,0.0010387121833597638,5.919741580935611e-06,1.4514254194179788e-07,3.5389908625098626e-06,0.6290130023532039
MACE,2,86,87,107,0.0010382912495123585,0.0010444400971774451,6.148847665086651e-06,1.404098202363764e-07,3.5050991314516465e-06,0.6380776656337095
MACE,2,87,88,108,0.0010421043311579152,0.0010492486411391203,7.144309981205145e-06,1.314033726347759e-07,3.467555390918443e-06,0.6467374463509157
MACE,2,88,89,109,0.0010437368050648312,0.0010516962483156404,7.959443250809195e-06,1.1882840426176086e-07,3.4270961147027276e-06,0.6539509272064685
MACE,2,89,90,110,0.0010425343323471432,0.0010518073333146926,9.273000967549355e-06,1.0342914979078605e-07,3.3857779491101124e-06,0.6595597890277523
MACE,2,90,91,111,0.0010372389951998915,0.0010480936945813212,1.0854699381429751e-05,8.610735849259171e-08,3.3444790810071953e-06,0.6624517742528535
MACE,2,91,92,112,0.0010282811165841796,0.00104033444732733,1.2053330743150466e-05,6.780739156189014e-08,3.3040941346049932e-06,0.6623025551492385
MACE,2,92,93,113,0.0010172479104153098,0.0010296125423184977,1.236463190318793e-05,4.952437531076381e-08,3.2652847279004575e-06,0.6596390886642769
MACE,2,93,94,114,0.0010074652887643162,0.0010187032285119257,1.123793974760947e-05,3.22933716026888e-08,3.2290374985720553e-06,0.6561213834224879
MACE,2,94,95,115,0.0010030253551488394,0.0010114256534395898,8.400298290750377e-06,1.7092430699104655e-08,3.1964695446755976e-06,0.654145127420168
MACE,2,95,96,116,0.00100799724791574,0.0010120200984888117,4.022850573071621e-06,4.766149294677113e-09,3.1690895940409663e-06,0.6564301588413579
MACE,2,96,97,117,0.0010251527772632708,0.001023902770031555,-1.2500072317158262e-06,-4.106490413338659e-09,3.159858053115006e-06,0.6651823933102491
MACE,2,97,98,118,0.0010550148030461191,0.0010483930328973904,-6.621770148728702e-06,-9.350109322209255e-09,3.1710152151866768e-06,0.6812271738592544
MACE,2,98,99,119,0.0010960256492793998,0.001084739229314731,-1.1286419964668835e-05,-1.1270777025215728e-08,3.182064688863058e-06,0.7040008267821258
MACE,2,99,100,120,0.0011443885079460772,0.0011299304217861027,-1.4458086159974516e-05,-1.086728063787179e-08,3.193112837910439e-06,0.7314326805244256
MACE,2,100,101,121,0.001195053976523676,0.0011790281278223303,-1.6025848701345553e-05,-9.61149019401697e-09,3.205834402706902e-06,0.7601946808049713
MACE,2,101,102,122,0.0012435866824617552,0.0012274697753379253,-1.6116907123829875e-05,-9.255100168886754e-09,3.2220506490366423e-06,0.787238803737084
MACE,2,102,103,123,0.0012865459244188436,0.0012710752008630905,-1.547072355575314e-05,-1.1792723183384757e-08,3.244945787311448e-06,0.8098356294099605
MACE,2,103,104,124,0.0013232546909143633,0.0013083069841048284,-1.494770680953491e-05,-1.881009707715986e-08,3.2767778518791837e-06,0.8270307626735038
MACE,2,104,105,125,0.0013544277813642633,0.0013394565566049342,-1.4971224759329112e-05,-3.1373073104690175e-08,3.3190672548233598e-06,0.839091683810119
MACE,2,105,106,126,0.0013819876838926624,0.001365983454861284,-1.6004229031378516e-05,-4.962967583774236e-08,3.372496691989109e-06,0.847051989341314
MACE,2,106,107,127,0.0014091762152618342,0.0013911007073841315,-1.8075507877702776e-05,-7.27203951639277e-08,3.4356121032552116e-06,0.853029736375239
MACE,2,107,108,128,0.0014381086446547606,0.0014174358107720813,-2.067283388267928e-05,-9.88592828640722e-08,3.5056221668906684e-06,0.8587392149135098
MACE,2,108,109,129,0.0014693033718458995,0.0014462422209845953,-2.3061150861304136e-05,-1.2568152105846275e-07,3.5790640911959497e-06,0.8650293382772372
MACE,2,109,110,130,0.0015026041593545689,0.001477591675340213,-2.5012484014355976e-05,-1.5070349026341523e-07,3.652234875946693e-06,0.8720442351407766
MACE,2,110,111,131,0.0015365866724723325,0.0015104838970534076,-2.6102775418924886e-05,-1.7164857288136381e-07,3.7222052993223163e-06,0.8793315597247645
MACE,2,111,112,132,0.0015701230772800796,0.0015440861287408332,-2.6036948539246395e-05,-1.8715099167794513e-07,3.7859221999619497e-06,0.8865940665513863
MACE,2,112,113,133,0.0016003517699438308,0.0015758210666143373,-2.4530703329493425e-05,-1.9675605250624173e-07,3.842294386125585e-06,0.892593162042685
MACE,2,113,114,134,0.0016258916915235094,0.0016037459997834062,-2.214569174010324e-05,-2.0103777888247354e-07,3.891268458523968e-06,0.8965337665846536
MACE,2,114,115,135,0.0016461422592688874,0.0016267036216313878,-1.9438637637499536e-05,-2.010129365598301e-07,3.934014701536403e-06,0.8981056023884306
MACE,2,115,116,136,0.0016632033827701093,0.0016459457129930817,-1.7257669777027583e-05,-1.98040976687186e-07,3.971783152003354e-06,0.8983246385746124
MACE,2,116,117,137,0.0016811266674545845,0.0016646658894806901,-1.6460777973894333e-05,-1.933730657977667e-07,4.00593183770055e-06,0.8991978865921011
MACE,2,117,118,138,0.0017059410594052835,0.0016882830125593458,-1.765804684593776e-05,-1.8745719413716666e-07,4.0363385010228974e-06,0.9038344854699651
MACE,2,118,119,139,0.001743471966070134,0.0017229337914153346,-2.053817465479937e-05,-1.7981803964979906e-07,4.060983681141495e-06,0.9156299319603131
MACE,2,119,120,140,0.0017972598864740928,0.0017732351723794308,-2.402471409466197e-05,-1.69079642878614e-07,4.075889381206262e-06,0.9371306165513336
MACE,2,120,121,141,0.0018659418574979267,0.001839914483934719,-2.6027373563207792e-05,-1.5309592231145877e-07,4.07517476500522e-06,0.9688740100139798
MACE,2,121,122,142,0.0019410761477013736,0.0019172620570547902,-2.381409064658338e-05,-1.295925956910221e-07,4.052245156904473e-06,1.0081286965375367
MACE,2,122,123,143,0.002006134764890321,0.001991619291692093,-1.4515473198228098e-05,-9.68284499351657e-08,4.001434664842797e-06,1.0481057557672653
MACE,2,123,124,144,0.0020387628179415005,0.0020420622397165,3.299421774999485e-06,-5.420380103961231e-08,3.952620099388809e-06,1.0781843295101186
MACE,2,124,125,145,0.0020169659852979395,0.002045445328747261,2.847934344932159e-05,-2.3980858999961274e-09,3.911765187146627e-06,1.0862862041615329
MACE,2,125,126,146,0.0019271240847881718,0.0019837868262047764,5.666274141660462e-05,5.59077555986609e-08,3.967418374429635e-06,1.062461780928745
MACE,2,126,127,147,0.0017725947490414562,0.0018534394160876842,8.084466704622799e-05,1.1617823458820453e-07,4.012262003672274e-06,1.0036412780929127
MACE,2,127,128,148,0.0015763782921344865,0.0016704215999350503,9.404330780056372e-05,1.732929373748915e-07,4.029262661083616e-06,0.9168095973646575
MACE,2,128,129,149,0.0013758033363549874,0.0014681264942581077,9.232315790312032e-05,2.223202450121753e-07,4.011586484252332e-06,0.8185587875603125
MACE,2,129,130,150,0.001209945545339014,0.0012870576661995177,7.711212086050374e-05,2.5966923825060384e-07,3.961035741526798e-06,0.7304113981845598
MACE,2,130,131,151,0.00110609709199928,0.0011599392928994254,5.384220090014539e-05,2.8422771257766155e-07,3.886527105254165e-06,0.671079159558711
MACE,2,131,132,152,0.0010695394434509509,0.0011015803961974618,3.2040952746510915e-05,2.974357773966041e-07,3.803895564787858e-06,0.6504605089788689
MACE,2,132,133,153,0.0010800610106644626,0.0010995533288980822,1.9492318233619655e-05,3.0252583863021876e-07,3.7262794131216974e-06,0.6631008786576723
MACE,2,133,134,154,0.0011027084285449712,0.0011227345520587314,2.002612351376023e-05,3.0454128165102734e-07,3.6630483411502304e-06,0.6916305876671982
MACE,2,134,135,155,0.0011023933021651906,0.0011328643029264562,3.047100076126563e-05,3.0644591333776894e-07,3.6116518980651947e-06,0.7126134234925023
MACE,2,135,136,156,0.0010640062843064648,0.0011054103286276718,4.1404044321206954e-05,3.0822693143119084e-07,3.560858804930504e-06,0.7093755508182062
MACE,2,136,137,157,0.0009995741539026558,0.0010430323209048554,4.345816700219952e-05,3.061600765841971e-07,3.4984001042561857e-06,0.6817973569228049
MACE,2,137,138,158,0.0009386272258944811,0.000971484985228079,3.285775933359791e-05,2.9324823942744604e-07,3.417349841163897e-06,0.6454140596810127
MACE,2,138,139,159,0.0009092846323131678,0.0009224858055073441,1.3201173194176351e-05,2.610962256842028e-07,3.318027190670709e-06,0.6210874835083035
MACE,2,139,140,160,0.0009229135036719219,0.0009153482112461835,-7.565292425738422e-06,2.0268560250915474e-07,3.2281832297696136e-06,0.6223576001842412
MACE,2,140,141,161,0.000970655431164012,0.0009487865620254155,-2.1868869138596462e-05,1.1527661327890779e-07,3.1383265798071433e-06,0.6488184018554306
MACE,2,141,142,162,0.0010301266177687295,0.0010043278113372452,-2.579880643148436e-05,2.532541358915563e-09,3.0230165850672167e-06,0.6877283852722311
MACE,2,142,143,163,0.0010761396790599908,0.0010563199499853612,-1.9819729074629575e-05,-1.2509536988052072e-07,3.1456262542198188e-06,0.7210270549031872
MACE,2,143,144,164,0.0010924017830539739,0.0010836547708093882,-8.747012244585692e-06,-2.521177854802187e-07,3.2816004935720336e-06,0.7340720222590953
MACE,2,144,145,165,0.0010765104432719635,0.0010781843336736823,1.6738904017187146e-06,-3.6148118189027745e-07,3.4302453742774086e-06,0.7218778963079151
MACE,2,145,146,166,0.001040636553955851,0.0010464905528434715,5.853998887620513e-06,-4.385495654818383e-07,3.5559467173763597e-06,0.690089314463512
MACE,2,146,147,167,0.001006104554079533,0.001007371090453656,1.2665363741230524e-06,-4.738252946320798e-07,3.6384628556826717e-06,0.6524486156960707
MACE,2,147,148,168,0.0009949085707602404,0.0009836822782770338,-1.1226292483206522e-05,-4.6533029241652146e-07,3.7102383817415836e-06,0.6245031228259673
MACE,2,148,149,169,0.0010208864475035016,0.0009933290748988478,-2.755737260465383e-05,-4.1753934362440126e-07,3.751605356432063e-06,0.6174302782406508
MACE,2,149,150,170,0.001084379640263304,0.0010422967131818283,-4.208292708147575e-05,-3.3999309367177544e-07,3.7620077273884763e-06,0.6340598704506485
MACE,2,150,151,171,0.0011723883352941777,0.0011222479329087282,-5.0140402385449563e-05,-2.451041619389027e-07,3.7467863843193738e-06,0.6683411614584285
MACE,2,151,152,172,0.001264939170940376,0.0012149697856398557,-4.996938530052041e-05,-1.459646771055645e-07,3.715967657492773e-06,0.7089488161462603
MACE,2,152,153,173,0.0013439435842390705,0.001300530478667675,-4.341310557139555e-05,-5.4242787605324194e-08,3.682912506399882e-06,0.7444937069229303
MACE,2,153,154,174,0.0014008293125977248,0.0013664520049783205,-3.4377307619404274e-05,2.096088263375817e-08,3.70185301594314e-06,0.7685931226306315
MACE,2,154,155,175,0.001435846601325532,0.0014097866734867873,-2.605992783874479e-05,7.465225707395384e-08,3.805108791895691e-06,0.7804602824750597
MACE,2,155,156,176,0.0014592179380317136,0.0014374391285037276,-2.1778809527985953e-05,1.0549451712887903e-07,3.885183685744713e-06,0.7845736854933586
MACE,2,156,157,177,0.0014840300455382302,0.001462099085672074,-2.193095986615626e-05,1.1441057954503231e-07,3.942566828690756e-06,0.788144309619449
MACE,2,157,158,178,0.0015191411951980677,0.0014953647301155046,-2.377646508256305e-05,1.0448197036716511e-07,3.97639912278228e-06,0.7973838666804972
MACE,2,158,159,179,0.001565293825651173,0.001539561287157551,-2.573253849362197e-05,7.993458695822186e-08,3.9897287349919674e-06,0.813354739743197
MACE,2,159,160,180,0.001620150861225772,0.0015939287282909682,-2.6222132934803797e-05,4.524166188901724e-08,3.985340225501067e-06,0.8355186228149869
MACE,2,160,161,181,0.0016781754120710375,0.0016535585838233482,-2.4616828247689274e-05,4.906301708657024e-09,3.9670170641046725e-06,0.8612608200484421
MACE,2,161,162,182,0.0017326757931298824,0.001711753952054126,-2.0921841075756484e-05,-3.6695113085280506e-08,4.013196433487214e-06,0.8871678473763467
MACE,2,162,163,183,0.0017798972325166833,0.001763738252449661,-1.6158980067022388e-05,-7.551224177329216e-08,4.059382620090332e-06,0.9109284881903993
MACE,2,163,164,184,0.0018169805258983593,0.0018065355278210227,-1.0444998077336568e-05,-1.0794611944283175e-07,4.092173308050006e-06,0.931215411095701
MACE,2,164,165,185,0.0018427357180330643,0.0018382585544748484,-4.477163558215926e-06,-1.3095798046241364e-07,4.108758865862669e-06,0.9472793311917742
MACE,2,165,166,186,0.0018572892528618719,0.0018588264216694212,1.5371688075493418e-06,-1.4217809684094473e-07,4.119040736830226e-06,0.9592930492282523
MACE,2,166,167,187,0.0018611902340287256,0.0018687243213121284,7.534087283402741e-06,-1.4002394119194683e-07,4.11081841345037e-06,0.9676972448613375
MACE,2,167,168,188,0.0018556232009318812,0.0018689767165425148,1.3353515610633635e-05,-1.2375801025470146e-07,4.08008775442274e-06,0.9731793661378266
MACE,2,168,169,189,0.0018418620178642965,0.001860802153981916,1.8940136117619405e-05,-9.348188479210706e-08,4.026367544975833e-06,0.9764916473937686
MACE,2,169,170,190,0.0018210576833742817,0.0018454502983973392,2.4392615023057472e-05,-5.009411476603054e-08,3.950212243062708e-06,0.9783640115759795
MACE,2,170,171,191,0.0017946478205267333,0.0018239993750961202,2.9351554569386883e-05,4.683248129577766e-09,3.862128904024238e-06,0.9793937855485949
MACE,2,171,172,192,0.0017641849053700379,0.001798068062808295,3.388315743825705e-05,6.844844843006959e-08,3.873536078642932e-06,0.980425902662748
MACE,2,172,173,193,0.0017303708516174937,0.001768558248714272,3.8187397096778276e-05,1.3825797899602588e-07,3.881880931430683e-06,0.9818796789249579
MACE,2,173,174,194,0.0016928934746879114,0.0017354129285763892,4.251945388847778e-05,2.1073437518961957e-07,3.884882720965699e-06,0.9835777534965723
MACE,2,174,175,195,0.001649724369283942,0.0016971502594505753,4.742589016663336e-05,2.821982906936471e-07,3.880379722538027e-06,0.9844078804569516
MACE,2,175,176,196,0.0015975203120453287,0.001650688708386944,5.3168396341615265e-05,3.4885071539467183e-07,3.8663518887748834e-06,0.9820910717036615
MACE,2,176,177,197,0.0015321740684883997,0.0015917469714348987,5.957290294649896e-05,4.068331513687462e-07,3.8399532564660895e-06,0.9732504774824493
MACE,2,177,178,198,0.0014509192174168087,0.0015169534830631428,6.603426564633411e-05,4.5253697877195576e-07,3.7988416945131573e-06,0.9545747934742026
MACE,2,178,179,199,0.001352627301719183,0.0014243518179257865,7.172451620660351e-05,4.82524983153737e-07,3.740587450007327e-06,0.9231922517807167
MACE,2,179,180,200,0.0012392989778116509,0.0013144249328630175,7.512595505136666e-05,4.939429156386455e-07,3.662873034596388e-06,0.8775232015069283
MACE,2,180,181,201,0.0011170327121388587,0.0011918194443514276,7.478673221256887e-05,4.847412317723898e-07,3.5646628604054314e-06,0.8188211161791781
MACE,2,181,182,202,0.0009951082604850482,0.0010648224304986118,6.971417001356357e-05,4.5367534578719115e-07,3.446417568726123e-06,0.7513854165893232
MACE,2,182,183,203,0.0008847744728509646,0.0009442444277480861,5.946995489712148e-05,4.0073866124784585e-07,3.310594428131204e-06,0.6822406884553962
MACE,2,183,184,204,0.0007973213609252447,0.0008418723084397552,4.455094751451051e-05,3.271589609291081e-07,3.162083277477038e-06,0.6202011644362755
MACE,2,184,185,205,0.0007412971908899932,0.0007677294057286478,2.6432214838654632e-05,2.3549661532645816e-07,3.007753492309308e-06,0.5736305380391333
MACE,2,185,186,206,0.0007212735157698762,0.0007280644291447352,6.790913374859044e-06,1.2964730502010302e-07,2.855410059133287e-06,0.5483431965689818
MACE,2,186,187,207,0.0007377716963252543,0.0007251877764163879,-1.258391990886646e-05,1.4446136084242389e-08,2.7523068373321475e-06,0.5468232591368092
MACE,2,187,188,208,0.0007873537744631754,0.0007571829934716282,-3.0170780991547195e-05,-1.044921849292172e-07,2.879661959287615e-06,0.5676103998200979
MACE,2,188,189,209,0.0008639045706947193,0.0008189618945051501,-4.4942676189569254e-05,-2.2134893837982839e-07,3.0492625255423028e-06,0.606112511843776
MACE,2,189,190,210,0.0009596591249699127,0.0009034088632670057,-5.625026170290705e-05,-3.305408731602705e-07,3.2253660969056827e-06,0.6558556158496716
MACE,2,190,191,211,0.001066477477338068,0.001002445983796517,-6.403149354155114e-05,-4.271127306831879e-07,3.4019228205496636e-06,0.7098342642159423
MACE,2,191,192,212,0.0011770635259702178,0.0011085954804242839,-6.846804554593391e-05,-5.070340544921503e-07,3.573198735521533e-06,0.7621189374522161
MACE,2,192,193,213,0.0012847378381183605,0.0012148682353305218,-6.98696027878387e-05,-5.673424891272649e-07,3.7346807611136015e-06,0.8080103973809899
MACE,2,193,194,214,0.0013850621235835248,0.0013159987855046401,-6.906333807888462e-05,-6.063564361169504e-07,3.882965943538175e-06,0.8448661898570907
MACE,2,194,195,215,0.0014754504566450374,0.0014088934309855613,-6.655702565947614e-05,-6.23442351570247e-07,4.014965962537525e-06,0.8721071276538186
MACE,2,195,196,216,0.0015545529404687175,0.0014916839836695446,-6.286895679917287e-05,-6.190417624341027e-07,4.128792799481364e-06,0.8902505181094267
MACE,2,196,197,217,0.0016229566485830293,0.0015642842103972474,-5.8672438185781994e-05,-5.942974203865248e-07,4.2230059443643855e-06,0.9009405163285741
MACE,2,197,198,218,0.0016821518220677747,0.0016279745187257587,-5.417730334201609e-05,-5.510110032760918e-07,4.2963053882478684e-06,0.9064237359337455
MACE,2,198,199,219,0.0017333416698341805,0.0016841573157116397,-4.918435412254083e-05,-4.914989879464815e-07,4.347633651926309e-06,0.9087061078576099
MACE,2,199,200,220,0.001776534903296191,0.0017333584957502021,-4.317640754598895e-05,-4.184014076105691e-07,4.375929687220039e-06,0.9090287837326971
MACE,2,200,201,221,0.0018101793809265077,0.0017742081293145434,-3.597125161196421e-05,-3.344935578242225e-07,4.3814294476461064e-06,0.9074387989112656
MACE,2,201,202,222,0.0018322657733402144,0.001805047262410606,-2.7218510929608378e-05,-2.4283438253627776e-07,4.364454037132806e-06,0.9037230272215208
MACE,2,202,203,223,0.0018400988762290234,0.0018229402745365726,-1.715860169245083e-05,-1.4668357948242894e-07,4.327101195489615e-06,0.8969240230275781
MACE,2,203,204,224,0.0018327459172486037,0.0018260490135884498,-6.696903660153913e-06,-4.932775379482002e-08,4.27251636032492e-06,0.8865180631508044
MACE,2,204,205,225,0.001811782318203942,0.0018148114331430596,3.0291149391175644e-06,4.586546704064831e-08,4.3145874011513645e-06,0.8729147748275629
MACE,2,205,206,226,0.0017822866420218715,0.0017928659597328917,1.057931771102018e-05,1.3547452290801204e-07,4.434645846971993e-06,0.8578515650921773
MACE,2,206,207,227,0.0017518699941747413,0.0017670901604835887,1.522016630884737e-05,2.1630406645423844e-07,4.525209163619498e-06,0.8444268375992766
MACE,2,207,208,228,0.0017299826237347315,0.001746083643595446,1.6101019860714555e-05,2.8551128013589236e-07,4.583797423743354e-06,0.8364730123740239
MACE,2,208,209,229,0.00172435103570992,0.0017388516230845467,1.4500587374626558e-05,3.4086842079505963e-07,4.61076096430269e-06,0.8380757478654824
MACE,2,209,210,230,0.0017390549410661472,0.001750676246337441,1.1621305271293774e-05,3.810975148076795e-07,4.608139405087711e-06,0.851717380599971
MACE,2,210,211,231,0.0017725875983265723,0.0017822849248218097,9.697326495237447e-06,4.058828026757763e-07,4.580322898854505e-06,0.8778843893835935
MACE,2,211,212,232,0.0018163721900216843,0.0018273160611853767,1.094387116369242e-05,4.161387270797817e-07,4.532274149380841e-06,0.9136852973262903
MACE,2,212,213,233,0.0018575049190398115,0.0018741584815094167,1.6653562469605117e-05,4.1353198053459966e-07,4.4691994721970335e-06,0.953456141309095
MACE,2,213,214,234,0.0018801549947979716,0.0019073069023793719,2.7151907581400223e-05,4.003892730870817e-07,4.395037706677057e-06,0.9890949288293347
MACE,2,214,215,235,0.0018704192457923603,0.0019115373150769134,4.1118069284553065e-05,3.7894642955157987e-07,4.311824965114095e-06,1.0119148966473561
MACE,2,215,216,236,0.001820551370647766,0.0018760784574832995,5.552708683553343e-05,3.5106587989441884e-07,4.2192154171426544e-06,1.0147803071967783
MACE,2,216,217,237,0.0017320983878232558,0.0017992334599527644,6.71350721295086e-05,3.176686882763041e-07,4.116324273482471e-06,0.994868044107541
MACE,2,217,218,238,0.0016143153180998293,0.0016878320238015877,7.351670570175835e-05,2.7926532267241733e-07,4.003235935796585e-06,0.9539595791442474
MACE,2,218,219,239,0.0014804913572238343,0.0015545146651158935,7.402330789205917e-05,2.3533681081655544e-07,3.881005199586769e-06,0.8975222350467427
MACE,2,219,220,240,0.0013443334012200412,0.0014134872272444498,6.915382602440856e-05,1.8545220375164317e-07,3.7522612047053497e-06,0.8326829193086476
MACE,2,220,221,241,0.0012166588373244587,0.0012771420595337516,6.0483222209292914e-05,1.2955748752638274e-07,3.620503036060107e-06,0.7663430703254861
MACE,2,221,222,242,0.0011047503423690097,0.0011544259842926963,4.9675641923686625e-05,6.855548784212573e-08,3.4901538184724026e-06,0.7040424909156427
MACE,2,222,223,243,0.0010118198594948327,0.001050144596547645,3.83247370528124e-05,4.495952278006643e-09,3.3657185478464323e-06,0.6492495473763948
MACE,2,223,224,244,0.0009395804689122629,0.0009663271969565182,2.6746728044255218e-05,-5.939853894593866e-08,3.3703064028370116e-06,0.6039099722969092
MACE,2,224,225,245,0.0008887676722920627,0.0009042820127590978,1.55143404670351e-05,-1.1892627093702812e-07,3.3899083606858017e-06,0.5695369475445551
MACE,2,225,226,246,0.0008615736190662258,0.0008652638197207403,3.690200654514475e-06,-1.69561062724876e-07,3.410334869341755e-06,0.547530571586359
MACE,2,226,227,247,0.0008601338571138217,0.0008518781916286466,-8.255665485175086e-06,-2.0720060923788697e-07,3.451885643047833e-06,0.540002201087592
MACE,2,227,228,248,0.0008861266970660153,0.0008660462885934821,-2.0080408472533152e-05,-2.287509332076637e-07,3.4912789200825418e-06,0.5484409396319689
MACE,2,228,229,249,0.0009392498925098851,0.000908247417037167,-3.100247547271808e-05,-2.3281277423611857e-07,3.519464939266258e-06,0.5732098522789983
MACE,2,229,230,250,0.0010162272683393505,0.0009763955427498198,-3.983172558953067e-05,-2.1987806438604485e-07,3.5343833381188268e-06,0.6128741874225989
MACE,2,230,231,251,0.0011110255200555991,0.00106532729029618,-4.569822975941922e-05,-1.924631746214739e-07,3.536189518786918e-06,0.663985229188591
MACE,2,231,232,252,0.0012150179234888658,0.0011672825990711485,-4.773532441771722e-05,-1.5467886192548075e-07,3.5269422205521875e-06,0.7215256205487928
MACE,2,232,233,253,0.0013181106795431448,0.001272448231027503,-4.566244851564186e-05,-1.1175542615274314e-07,3.510731689780992e-06,0.7793802284118715
MACE,2,233,234,254,0.0014121530512175746,0.0013709809254426404,-4.1172125774934214e-05,-6.921813646212915e-08,3.494369011412265e-06,0.8316608353091736
MACE,2,234,235,255,0.001492851492409776,0.001457495920492777,-3.5355571916999154e-05,-3.2413252561147576e-08,3.4839863880106576e-06,0.8754061092450723
MACE,2,235,236,256,0.001559668904568913,0.001529875844268622,-2.9793060300290983e-05,-5.449784158673143e-09,3.4846491513416174e-06,0.9097189979157143
MACE,2,236,237,257,0.001614294932982551,0.0015891842710583505,-2.5110661924200627e-05,8.899711568394197e-09,3.5172110365972524e-06,0.9355960225441822
MACE,2,237,238,258,0.001660033524172707,0.0016376910034611972,-2.2342520711509783e-05,9.447198860007555e-09,3.5492052931756715e-06,0.9546745766678502
MACE,2,238,239,259,0.0017006436351907038,0.001680114262442893,-2.0529372747810732e-05,-3.1469420090635136e-09,3.5758882992084742e-06,0.9699227830671022
MACE,2,239,240,260,0.001740457440583926,0.0017200282197630875,-2.0429220820838588e-05,-2.6598836017424632e-08,3.633281773413335e-06,0.9835351270642744
MACE,2,240,241,261,0.0017803660380371691,0.0017603416829828982,-2.002435505427092e-05,-5.738329084820082e-08,3.696737239177393e-06,0.9972573634425241
MACE,2,241,242,262,0.001817575005328878,0.001799525885617511,-1.8049119711367138e-05,-9.117415557258202e-08,3.760109383351774e-06,1.0103067236773287
MACE,2,242,243,263,0.0018466955116086623,0.0018328909432847014,-1.3804568323960882e-05,-1.2344304057589073e-07,3.817943120500177e-06,1.0202054043531934
MACE,2,243,244,264,0.0018621058365356196,0.0018548281046119788,-7.277731923640814e-06,-1.4993460656191615e-07,3.865637086367825e-06,1.024087766703878
MACE,2,244,245,265,0.001859267750100209,0.0018601491717689,8.814216686911687e-07,-1.6728384661518492e-07,3.91543569785014e-06,1.019430232804847
MACE,2,245,246,266,0.0018363416257865467,0.0018459693882570934,9.627762470546669e-06,-1.7335672835520205e-07,3.956769029335203e-06,1.005028736620936
MACE,2,246,247,267,0.001795293455777655,0.0018127287691193034,1.7435313341648308e-05,-1.6748198315708063e-07,3.9808622964965755e-06,0.9814666640208075
MACE,2,247,248,268,0.00174101875693616,0.0017644862189654996,2.346746202933959e-05,-1.502954069497464e-07,3.98670872293426e-06,0.9511906797153545
MACE,2,248,249,269,0.0016800586718142654,0.0017072252766932997,2.7166604879034356e-05,-1.236963658825859e-07,3.97495800584236e-06,0.9175509930543437
MACE,2,249,250,270,0.0016199843676824892,0.0016481623392882484,2.817797160575928e-05,-9.034922341093904e-08,3.947673459608378e-06,0.884437416381477
MACE,2,250,251,271,0.0015674996725438617,0.00159455570694687,2.705603440300835e-05,-5.3227174647875464e-08,3.90829263484279e-06,0.8556822096464276
MACE,2,251,252,272,0.0015269549107655447,0.0015516302763166126,2.4675365551067975e-05,-1.504174190888538e-08,3.8604342013960804e-06,0.8340069840732123
MACE,2,252,253,273,0.001500404916266079,0.001522131067174373,2.1726150908294014e-05,2.199359965850134e-08,3.8513785880684326e-06,0.8208322848778874
MACE,2,253,254,274,0.0014863817303653539,0.0015060659035833301,1.9684173217976268e-05,5.6513398467416404e-08,3.86532624532359e-06,0.8161564505701419
MACE,2,254,255,275,0.0014806237299396369,0.0014997893823844224,1.9165652444785505e-05,8.812968398108634e-08,3.872922979521005e-06,0.81803449234404
MACE,2,255,256,276,0.0014765787202278575,0.0014976115432709621,2.103282304310463e-05,1.1688415182779799e-07,3.8754748344123386e-06,0.8233812533351852
MACE,2,256,257,277,0.0014663246649921757,0.0014916976022756156,2.537293728343995e-05,1.431957310660953e-07,3.873553740325104e-06,0.8278276947040593
MACE,2,257,258,278,0.001443640707224936,0.001474843348694636,3.120264146969998e-05,1.6756313778697185e-07,3.867058768342963e-06,0.827163432541796
MACE,2,258,259,279,0.001404419300102584,0.0014423378993898628,3.791859928727894e-05,1.8984965467934434e-07,3.855924348760937e-06,0.8183551111121803
MACE,2,259,260,280,0.0013472796029818752,0.0013909874417648823,4.370783878300706e-05,2.093570736676556e-07,3.837347884013939e-06,0.7990342719876752
MACE,2,260,261,281,0.0012773308792402298,0.0013242189218865207,4.6888042646290934e-05,2.2464853463534037e-07,3.8097931761823367e-06,0.7705173616522605
MACE,2,261,262,282,0.0012012729345833092,0.0012481923681511341,4.6919433567824955e-05,2.3397425160591283e-07,3.7720600574545116e-06,0.7357886730857126
MACE,2,262,263,283,0.0011269597456061205,0.0011706130977262442,4.365335212012369e-05,2.3545723742447733e-07,3.723630282478811e-06,0.6989421009557671
MACE,2,263,264,284,0.0010621787723432983,0.0010992983188827102,3.711954653941199e-05,2.2732899337876006e-07,3.6641916483782504e-06,0.6644067656403361
MACE,2,264,265,285,0.001014252165021132,0.0010420720855286274,2.7819920507495422e-05,2.085291528589224e-07,3.5949312863170604e-06,0.6368891680222094
MACE,2,265,266,286,0.0009885128089104703,0.001004986152385206,1.647334347473577e-05,1.788802181587612e-07,3.517812392210544e-06,0.6202373975766424
MACE,2,266,267,287,0.0009884526343692818,0.0009923148334206214,3.862199051339523e-06,1.3913210341991167e-07,3.4353959317046377e-06,0.6173134508636157
MACE,2,267,268,288,0.0010166251970181572,0.0010070183065956854,-9.60689042247176e-06,9.087888432242341e-08,3.3803301576785747e-06,0.6301548727923207
MACE,2,268,269,289,0.001072546731803346,0.0010500408501600772,-2.250588164326873e-05,3.635286671861693e-08,3.3297743103400097e-06,0.6594322178985018
MACE,2,269,270,290,0.0011530124786626184,0.0011190173350450867,-3.39951436175317e-05,-2.1662005189604372e-08,3.3249155905637137e-06,0.7035662042581978
MACE,2,270,271,291,0.0012528287727443452,0.001209749428205941,-4.307934453840422e-05,-8.01897203014934e-08,3.397776262626764e-06,0.7596568996525375
MACE,2,271,272,292,0.001364171731398356,0.0013153403033897232,-4.883142800863271e-05,-1.362609551858185e-07,3.471343240051773e-06,0.8230273476925554
MACE,2,272,273,293,0.001478002648026333,0.0014270098707952073,-5.0992777231125734e-05,-1.8700851356356907e-07,3.542463169439071e-06,0.8878831407330076
MACE,2,273,274,294,0.0015882155653033046,0.0015371852530003294,-5.103031230297523e-05,-2.2979578684009794e-07,3.6092416600922745e-06,0.9493932476931257
MACE,2,274,275,295,0.0016920455830001617,0.0016422601781441145,-4.978540485604723e-05,-2.622620070939774e-07,3.6691005393818625e-06,1.0054563619768275
MACE,2,275,276,296,0.0017889686788180835,0.0017409119645514237,-4.8056714266659804e-05,-2.8249367436603e-07,3.7197360019698567e-06,1.0556095796351672
MACE,2,276,277,297,0.0018805481078947826,0.0018340968006936161,-4.64513072011665e-05,-2.8876933982555086e-07,3.7584443068147185e-06,1.1009387100136618
MACE,2,277,278,298,0.001968939586220804,0.0019239832217491542,-4.495636447164977e-05,-2.8000487773544025e-07,3.78242775358382e-06,1.1433327602724546
MACE,2,278,279,299,0.002055630893096981,0.002012566630768359,-4.306426232862214e-05,-2.5566152103001505e-07,3.7885111342073327e-06,1.1845899977697096
MACE,2,279,280,300,0.0021391932922037483,0.0020995196948189834,-3.967359738476497e-05,-2.158899322125818e-07,3.774076087553142e-06,1.2251376083007572
MACE,2,280,281,301,0.0022159343983104846,0.002181681254303885,-3.425314400659976e-05,-1.6159247552549605e-07,3.7379996411478275e-06,1.2637655543191002
MACE,2,281,282,302,0.0022804075021521167,0.002254146485022353,-2.6261017129763833e-05,-9.47069687465274e-08,3.68052799659008e-06,1.2982677963294778
MACE,2,282,283,303,0.0023265594195733645,0.002310472941768433,-1.6086477804931696e-05,-1.805178627065085e-08,3.6046537469090088e-06,1.325516004152282
MACE,2,283,284,304,0.0023509534292735926,0.0023460470971597355,-4.906332113857083e-06,6.424130784190435e-08,3.6491278752782934e-06,1.3433079830143217
MACE,2,284,285,305,0.0023518956851660226,0.00235821311935679,6.3174341907675825e-06,1.472777571061984e-07,3.7457886215282554e-06,1.3503379493393493
MACE,2,285,286,306,0.002330615684434793,0.002346969446669548,1.6353762234755116e-05,2.2528072643641928e-07,3.828550765563113e-06,1.3465378206409457
MACE,2,286,287,307,0.0022910563681385514,0.002315166831460168,2.411046332161668e-05,2.9209188099742905e-07,3.890794405569465e-06,1.3331938820822413
MACE,2,287,288,308,0.0022388379484675567,0.0022679645642801117,2.9126615812555007e-05,3.4179231413709876e-07,3.9273282881571515e-06,1.31270136372909
MACE,2,288,289,309,0.0021799189379887486,0.0022113577519155153,3.143881392676665e-05,3.694600376712154e-07,3.9351039109764475e-06,1.2878195578932536
MACE,2,289,290,310,0.002118645933823977,0.002150552225859341,3.190629203536372e-05,3.717635169309813e-07,3.913716294927591e-06,1.2608271779681566
MACE,2,290,291,311,0.002056899541201654,0.0020882921457412895,3.139260453963568e-05,3.473496765077355e-07,3.864417037486121e-06,1.2326030991299624
MACE,2,291,292,312,0.001995969740251015,0.002025950683628046,2.998094337703077e-05,2.973526604371085e-07,3.7902693075086243e-06,1.2032896022197255
MACE,2,292,293,313,0.001937334219017664,0.001965060929252451,2.7726710234786834e-05,2.2518868457443997e-07,3.6968460635067402e-06,1.1732321252521865
MACE,2,293,294,314,0.0018814883667750068,0.0019064573077333567,2.496894095834986e-05,1.3620154119126093e-07,3.5910612255471825e-06,1.14250723762314
MACE,2,294,295,315,0.0018298194234189092,0.0018511182300287815,2.1298806609872318e-05,3.723054560304806e-08,3.480503379408862e-06,1.111447529306694
MACE,2,295,296,316,0.001784287317016471,0.0018010446576393344,1.6757340622863305e-05,-6.43575338091229e-08,3.5021614548363174e-06,1.081179262597674
MACE,2,296,297,317,0.0017469054351176953,0.0017582486335127186,1.1343198395023313e-05,-1.6124627134558867e-07,3.600135956571004e-06,1.0529977567700333
MACE,2,297,298,318,0.00171918371288423,0.0017247159604050642,5.532247520834274e-06,-2.469194917073536e-07,3.6940123373347126e-06,1.02830192362531
MACE,2,298,299,319,0.0017009154069235616,0.0017011217756083303,2.0636868476868638e-07,-3.161952854408012e-07,3.7792127902217708e-06,1.0077807891833774
MACE,2,299,300,320,0.0016892690781028317,0.0016857211248777317,-3.5479532250999937e-06,-3.654940129247525e-07,3.85478645823829e-06,0.9907405389821335
MACE,2,300,301,321,0.0016801728449740271,0.0016748867488200465,-5.286096153980574e-06,-3.9292411792117565e-07,3.9152472834202045e-06,0.9754495346641033
MACE,2,301,302,322,0.0016680422494367263,0.0016637219113106406,-4.320338126085656e-06,-3.978285348892052e-07,3.952274136174766e-06,0.9595297811337835
MACE,2,302,303,323,0.0016464553004836655,0.0016459508684209987,-5.044320626668066e-07,-3.811131819939778e-07,3.9752481684024574e-06,0.9399129796682094
MACE,2,303,304,324,0.001612411103767114,0.0016167549466394508,4.3438428723367815e-06,-3.4453723643523837e-07,3.978894307446237e-06,0.914448116755994
MACE,2,304,305,325,0.0015665132962976863,0.0015756822862968223,9.168989999135992e-06,-2.906084504566975e-07,3.962072873144009e-06,0.8834397489643816
MACE,2,305,306,326,0.0015121343724611054,0.0015251142088676746,1.2979836406569207e-05,-2.2259769981783362e-07,3.9253259986346996e-06,0.8486408428165457
MACE,2,306,307,327,0.0014553579507909468,0.0014700046778655194,1.4646727074572527e-05,-1.4413946853794601e-07,3.870064479897652e-06,0.8130356373408715
MACE,2,307,308,328,0.0014029770956361862,0.001417270507028573,1.4293411392386811e-05,-5.944485536452104e-08,3.799967029852853e-06,0.7804888194301334
MACE,2,308,309,329,0.0013603157614306572,0.001372669098022688,1.2353336592030827e-05,2.687554771611811e-08,3.7736582139932735e-06,0.7540743470051123
MACE,2,309,310,330,0.001329650525053178,0.0013397556133403561,1.0105088287178186e-05,1.100118355353702e-07,3.856107540386365e-06,0.7355914019964648
MACE,2,310,311,331,0.0013092788645337992,0.0013181164550041624,8.83759047036318e-06,1.8518398670411274e-07,3.925442410444513e-06,0.7246585900460427
MACE,2,311,312,332,0.0012943605997141772,0.0013034348213060657,9.074221591888476e-06,2.48269860709735e-07,3.978097506929336e-06,0.7187585232141028
MACE,2,312,313,333,0.0012800171773258212,0.0012907956253072807,1.077844798145957e-05,2.9575177764532695e-07,4.011284207137737e-06,0.7150143265405803
MACE,2,313,314,334,0.0012625850096004542,0.0012753857821527735,1.2800772552319303e-05,3.252819915245536e-07,4.022091422699378e-06,0.7105328593715237
MACE,2,314,315,335,0.0012421840085688248,0.0012560227988394211,1.3838790270596316e-05,3.357249189431949e-07,4.009251963786073e-06,0.7043567094411498
MACE,2,315,316,336,0.0012218557696867835,0.0012347414147673634,1.2885645080579905e-05,3.273842801546252e-07,3.973251163676994e-06,0.6972949651314053
MACE,2,316,317,337,0.0012074168526096038,0.0012166329980356789,9.216145426075087e-06,3.01610011306519e-07,3.9166803285065815e-06,0.6919157362630926
MACE,2,317,318,338,0.0012044994949226714,0.0012077896198465113,3.2901249238399127e-06,2.608026573162371e-07,3.844231357178772e-06,0.6914493909427541
MACE,2,318,319,339,0.001217035841069674,0.0012128965082319814,-4.139332837692529e-06,2.080207699602099e-07,3.771573326791611e-06,0.6984199651052326
MACE,2,319,320,340,0.0012476985178056215,0.0012354996333247426,-1.2198884480878885e-05,1.4676144830146065e-07,3.703746790804917e-06,0.7147528719547717
MACE,2,320,321,341,0.0012947923012625057,0.0012754936571380553,-1.929864412445045e-05,8.061795675300132e-08,3.6348016914155516e-06,0.7402679390103595
MACE,2,321,322,342,0.0013547493264615962,0.0013300148564855873,-2.4734469976008845e-05,1.3192417630536468e-08,3.567923260751243e-06,0.7731456470258928
MACE,2,322,323,343,0.0014222062825798559,0.0013941949573334639,-2.801132524639198e-05,-5.2116346486649756e-08,3.6107128295386395e-06,0.8103690282093345
MACE,2,323,324,344,0.0014919868788282054,0.0014626232816828454,-2.9363597145359984e-05,-1.12180750994062e-07,3.678342878437529e-06,0.8486224092571124
MACE,2,324,325,345,0.0015604226622886047,0.0015309553273279053,-2.9467334960699403e-05,-1.6421374292308055e-07,3.742250711317293e-06,0.8852891962350562
MACE,2,325,326,346,0.0016262190077553796,0.0015970120805624314,-2.9206927192948224e-05,-2.0575255942241466e-07,3.8003418610831807e-06,0.9191279740995801
MACE,2,326,327,347,0.0016900254455473312,0.0016608744083816732,-2.9151037165657968e-05,-2.3503879145563011e-07,3.850568156021318e-06,0.9503216633351292
MACE,2,327,328,348,0.0017533399668513226,0.0017240496311915286,-2.9290335659793972e-05,-2.5089109043953395e-07,3.890322685860834e-06,0.9799610656026265
MACE,2,328,329,349,0.0018162287198377133,0.0017873754328901826,-2.885328694753075e-05,-2.528054478465047e-07,3.916565331491788e-06,1.0088135073416358
MACE,2,329,330,350,0.0018750851397965496,0.0018488568586871687,-2.6228281109380884e-05,-2.4095142141418446e-07,3.926864128120298e-06,1.0361004928971995
MACE,2,330,331,351,0.0019247633586023365,0.0019036453553119771,-2.1118003290359396e-05,-2.1630992238889923e-07,3.919532605899795e-06,1.05951917788894
MACE,2,331,332,352,0.001957493271369801,0.001944289289604553,-1.3203981765247917e-05,-1.8037739952549148e-07,3.896192384445729e-06,1.0754007850995977
MACE,2,332,333,353,0.001969127134383769,0.0019659810830632094,-3.146051320559659e-06,-1.3529200867945512e-07,3.8660009953994e-06,1.0815861909912514
MACE,2,333,334,354,0.001955567148486073,0.001963923124443095,8.35597595702205e-06,-8.364496914244415e-08,3.84463407688924e-06,1.0758769386557976
MACE,2,334,335,355,0.0019160102711438009,0.001935853385458848,1.9843114315047086e-05,-2.838835861155263e-08,3.8141335745460238e-06,1.0573530231854524
MACE,2,335,336,356,0.001854166268296043,0.0018837746405006176,2.9608372204574648e-05,2.709815816149489e-08,3.829857949360218e-06,1.0272496709008778
MACE,2,336,337,357,0.0017769572604715465,0.001813441292730968,3.648403225942152e-05,7.92628689451954e-08,3.889694332507324e-06,0.9886528497100898
MACE,2,337,338,358,0.0016941418371634463,0.0017336381261842946,3.9496289020848245e-05,1.2456242302850626e-07,3.933081152734289e-06,0.9461435549013125
MACE,2,338,339,359,0.0016151763590467275,0.0016540046251924847,3.882826614575721e-05,1.598310656100027e-07,3.95746885683837e-06,0.9046909343063233
MACE,2,339,340,360,0.0015485247290364002,0.0015836518269312302,3.512709789483008e-05,1.822878207646643e-07,3.962200196538214e-06,0.8689834952657082
MACE,2,340,341,361,0.001498925539990965,0.0015285916845380924,2.966614454712733e-05,1.9018891896267764e-07,3.947917194722707e-06,0.8420788641388385
MACE,2,341,342,362,0.0014680060814193235,0.0014914454433249558,2.3439361905632297e-05,1.8305791334161103e-07,3.916702833535884e-06,0.8252496242332508
MACE,2,342,343,363,0.0014531110043719733,0.0014713293218967358,1.8218317524762526e-05,1.6179603221956607e-07,3.871768194568226e-06,0.8178882426829926
MACE,2,343,344,364,0.0014516905072578332,0.0014646195721660295,1.2929064908196288e-05,1.2868503159423061e-07,3.815661819861028e-06,0.8178820353640939
MACE,2,344,345,365,0.001460735219842084,0.0014693771014954136,8.64188165332954e-06,8.71649899437596e-08,3.753904455661132e-06,0.8240508542399333
MACE,2,345,346,366,0.001475235699457375,0.0014809804261817511,5.744726724376224e-06,4.151152046844714e-08,3.6914517860119673e-06,0.833707207506418
MACE,2,346,347,367,0.0014910962914501608,0.001495008357046907,3.912065596746147e-06,-3.740290848743e-09,3.6408417585089846e-06,0.8442638312464606
MACE,2,347,348,368,0.0015034270583929527,0.0015072193061904772,3.792247797524545e-06,-4.4252450864291915e-08,3.673104939020777e-06,0.8532409980121367
MACE,2,348,349,369,0.0015080060999728149,0.0015129189224063354,4.9128224335205205e-06,-7.656024569955427e-08,3.7014229157891802e-06,0.8579280787172641
MACE,2,349,350,370,0.0015011367702889092,0.0015086187152449193,7.481944956010079e-06,-9.822856956304138e-08,3.7232848215184654e-06,0.8563384848328021
MACE,2,350,351,371,0.0014799182787225483,0.001491031357167895,1.1113078445346668e-05,-1.0811884224677312e-07,3.7366487082237234e-06,0.8466495876525864
MACE,2,351,352,372,0.0014434664247793176,0.0014585313635571318,1.5064938777814129e-05,-1.0642965574559488e-07,3.740333715595947e-06,0.8280277380074185
MACE,2,352,353,373,0.0013937425357554182,0.0014119387257384203,1.819618998300204e-05,-9.454068517194408e-08,3.733864990224391e-06,0.8010582463816807
MACE,2,353,354,374,0.0013356655919566328,0.0013553747853478056,1.9709193391172783e-05,-7.478576146899285e-08,3.718531576434328e-06,0.7682058472174398
MACE,2,354,355,375,0.0012757525133092005,0.0012946053632243285,1.885284991512805e-05,-5.009496202058872e-08,3.6958632673331113e-06,0.7328468896460719
MACE,2,355,356,376,0.0012223769309937164,0.0012376471616465622,1.5270230652845735e-05,-2.3728549256984283e-08,3.6690356386177435e-06,0.6995913001116472
MACE,2,356,357,377,0.0011831826327114154,0.0011923466887158564,9.164056004440976e-06,9.81846965276284e-10,3.6434683714827364e-06,0.6728996454933738
MACE,2,357,358,378,0.0011643560279255235,0.0011658531255624976,1.49709763697407e-06,2.1123713449863052e-08,3.6601150685012092e-06,0.65678512730727
MACE,2,358,359,379,0.0011677511430243821,0.0011615067888851923,-6.244354139189846e-06,3.451642658844345e-08,3.6865332827915146e-06,0.6530677412717742
MACE,2,359,360,380,0.001191813591887977,0.0011788351986244212,-1.2978393263555696e-05,3.999383717864097e-08,3.7076198697057113e-06,0.6613931430914326
MACE,2,360,361,381,0.001231455559384179,0.001213981838792016,-1.7473720592163034e-05,3.7334013677434164e-08,3.7183362881812286e-06,0.6794968952801044
MACE,2,361,362,382,0.0012788432137507714,0.0012598520142427534,-1.8991199508018065e-05,2.737113174739597e-08,3.7189626786561907e-06,0.7033133517750246
MACE,2,362,363,383,0.0013254984966721423,0.0013076738631571775,-1.7824633514964714e-05,1.1815286346528175e-08,3.711956493449439e-06,0.7278791976654644
MACE,2,363,364,384,0.0013652981105671484,0.0013501006904314994,-1.5197420135648924e-05,-7.147568726120768e-09,3.715630228690693e-06,0.7490845481626827
MACE,2,364,365,385,0.0013959152036271873,0.001383592923254094,-1.232228037309339e-05,-2.7306805752344565e-08,3.7451439054069776e-06,0.7649938550764098
MACE,2,365,366,386,0.001417459736163645,0.001407395338795515,-1.0064397368130104e-05,-4.6497375566154076e-08,3.775549742785934e-06,0.7752567685214089
MACE,2,366,367,387,0.0014318867713198243,0.0014229205682982267,-8.966203021597589e-06,-6.333907280955953e-08,3.806150260244801e-06,0.7807446659929518
MACE,2,367,368,388,0.0014429607712488149,0.0014338664512895966,-9.094319959218264e-06,-7.681968448164378e-08,3.834957512493198e-06,0.783589092910761
MACE,2,368,369,389,0.0014517876667932677,0.0014427332208389444,-9.054445954323259e-06,-8.663231448706454e-08,3.8595487129619285e-06,0.7852559890514348
MACE,2,369,370,390,0.0014560929341243655,0.0014485948097067783,-7.498124417587224e-06,-9.27149351303419e-08,3.87791279404527e-06,0.785346258462657
MACE,2,370,371,391,0.0014512476536181805,0.001447600335781929,-3.647317836251527e-06,-9.507114765317654e-08,3.890403497885214e-06,0.7818980743789194
MACE,2,371,372,392,0.0014317744874685562,0.0014345152269956204,2.740739527064143e-06,-9.353355023226234e-08,3.910213309186147e-06,0.7722350460911056
MACE,2,372,373,393,0.0013927079328148956,0.0014039320407066298,1.1224107891734175e-05,-8.788723018186145e-08,3.925893656663617e-06,0.7536090404350418
MACE,2,373,374,394,0.0013330552686345327,0.001352939240443392,1.988397180885935e-05,-7.751476410917946e-08,3.934275741114148e-06,0.724603240440454
MACE,2,374,375,395,0.0012554811718637092,0.0012829826945856867,2.7501522721977553e-05,-6.208026094838698e-08,3.932520349967193e-06,0.6860847399491677
MACE,2,375,376,396,0.001168074308031267,0.001199726760532716,3.165245250144892e-05,-4.1401694220524754e-08,3.91781243084827e-06,0.6410984454460702
MACE,2,376,377,397,0.0010821307941477724,0.001113712568838366,3.15817746905935e-05,-1.5951544540121487e-08,3.889600227686248e-06,0.5952200072542649
MACE,2,377,378,398,0.001009899877227739,0.0010369884629918024,2.708858576406332e-05,1.3071738279475664e-08,3.875392134863925e-06,0.5547929567286612
MACE,2,378,379,399,0.0009616547167730395,0.0009808057910714177,1.9151074298378234e-05,4.377847103928523e-08,3.88780172901747e-06,0.5257567036379743
MACE,2,379,380,400,0.0009432501827323931,0.00095280943408624,9.559251353846937e-06,7.372126225972664e-08,3.8948908585378865e-06,0.5121938632364508
MACE,2,380,381,401,0.0009552485477619787,0.0009554427994950223,1.9425173304360877e-07,1.0022748607625698e-07,3.898705295315144e-06,0.5154892905092339
MACE,2,381,382,402,0.0009925185233881847,0.0009856931703305179,-6.825353057666886e-06,1.2079500747580463e-07,3.910040097404037e-06,0.5341603245677704
MACE,2,382,383,403,0.0010455188419480474,0.0010353007297154255,-1.021811223262184e-05,1.3354061721791016e-07,3.9063322904426715e-06,0.5638958005837915
MACE,2,383,384,404,0.0011025010136494753,0.0010930355642890745,-9.465449360400837e-06,1.3747051155841433e-07,3.886701813881574e-06,0.598698682298402
MACE,2,384,385,405,0.0011524421821600761,0.0011470579500909184,-5.384232069157715e-06,1.3292786734449974e-07,3.853428034519026e-06,0.632100161292716
MACE,2,385,386,406,0.0011870816454210183,0.0011884116033168057,1.32995789578743e-06,1.2102948677636394e-07,3.822333773197986e-06,0.6590528185904105
MACE,2,386,387,407,0.0012031856735143683,0.0012110209871981376,7.835313683769371e-06,1.0380835106446606e-07,3.789071361583046e-06,0.675963538306249
MACE,2,387,388,408,0.0012032655639737785,0.0012163666227736438,1.3101058799865322e-05,8.368845259929675e-08,3.7510899653217483e-06,0.6833748383652523
MACE,2,388,389,409,0.001192034721769453,0.0012082106882606999,1.6175966491246844e-05,6.309904652078424e-08,3.7100376262315707e-06,0.6831346122163906
MACE,2,389,390,410,0.00117707846366703,0.0011931909780511264,1.61125143840965e-05,4.4280699846438454e-08,3.6679792021325946e-06,0.6787899256036054
MACE,2,390,391,411,0.0011656839554711092,0.001179229022253853,1.3545066782743838e-05,2.8841942289331568e-08,3.6277161082450348e-06,0.6747317406922367
MACE,2,391,392,412,0.0011637474825639798,0.0011726182219419874,8.870739378007619e-06,1.768998447899961e-08,3.5910868239819576e-06,0.6745340105549166
MACE,2,392,393,413,0.0011751682678423341,0.0011783830135916136,3.214745749279468e-06,1.097967486547724e-08,3.5603893122540875e-06,0.6811201186492868
MACE,2,393,394,414,0.001199058698010104,0.0011974094517768054,-1.6492462332985593e-06,8.250027848377695e-09,3.5388472997770723e-06,0.6950603965750206
MACE,2,394,395,415,0.0012319685253535488,0.0012267882721054642,-5.180253248084641e-06,8.656772538390145e-09,3.5301773395400773e-06,0.7147070195741579
MACE,2,395,396,416,0.0012685809853332682,0.0012619842815193266,-6.596703813941578e-06,1.092370633878903e-08,3.5229143174490206e-06,0.7374197358928256
MACE,2,396,397,417,0.0013024818186904742,0.0012966285275060594,-5.853291184414796e-06,1.3557668040314885e-08,3.516025271421649e-06,0.7594389397263186
MACE,2,397,398,418,0.0013296651487983997,0.0013252606526240138,-4.404496174385819e-06,1.5200802392853485e-08,3.510046972453607e-06,0.7774992868616559
MACE,2,398,399,419,0.0013495132784084787,0.0013463731304837391,-3.1401479247395152e-06,1.4446496452227842e-08,3.5046643398774037e-06,0.7906433021478869
MACE,2,399,400,420,0.0013636217396368108,0.0013606760952446987,-2.9456443921120103e-06,1.023946912849516e-08,3.4999529064167906e-06,0.799228564747393
MACE,2,400,401,421,0.0013757237667660523,0.0013712121178911358,-4.511648874916483e-06,2.0373240143534144e-09,3.4961261026299497e-06,0.8050022246214059
MACE,2,401,402,422,0.0013902235874069697,0.0013826489092186086,-7.5746781883611475e-06,-1.012729538077406e-08,3.513082625891674e-06,0.8106803532598716
MACE,2,402,403,423,0.0014106095654261037,0.001398983660872089,-1.1625904554014724e-05,-2.5565402740970744e-08,3.5408347206899085e-06,0.8185880726687975
MACE,2,403,404,424,0.0014372982818138483,0.001422166741403863,-1.513154040998525e-05,-4.2985042436952114e-08,3.5720140279731566e-06,0.8298476671317706
MACE,2,404,405,425,0.0014675697739394786,0.0014502136333195451,-1.7356140619933505e-05,-6.075244796989454e-08,3.6044358175229365e-06,0.8432903246754185
MACE,2,405,406,426,0.0014985470626424306,0.0014805722327622722,-1.7974829880158328e-05,-7.700661033317735e-08,3.6353085947161543e-06,0.8574497943573957
MACE,2,406,407,427,0.0015260336522690222,0.0015094622816781993,-1.657137059082295e-05,-9.013326742867561e-08,3.662432124867737e-06,0.8701975763826347
MACE,2,407,408,428,0.0015463978192503313,0.0015325947339068732,-1.3803085343458161e-05,-9.913579786854226e-08,3.6855258550059805e-06,0.8791782681325508
MACE,2,408,409,429,0.0015588359696439482,0.0015482416019999877,-1.0594367643960469e-05,-1.037373520886703e-07,3.7047938438542318e-06,0.8835694948446708
MACE,2,409,410,430,0.0015642480978914734,0.0015566139741057497,-7.634123785723711e-06,-1.0442092058735031e-07,3.721172261306071e-06,0.8836838481464742
MACE,2,410,411,431,0.0015662066830904996,0.001559994819176093,-6.2118639144066994e-06,-1.0201121892865206e-07,3.736709264972031e-06,0.8810035795023425
MACE,2,411,412,432,0.001571181005589493,0.0015642232945431637,-6.9577110463291646e-06,-9.779973996013741e-08,3.7525273661531406e-06,0.8789752552330294
MACE,2,412,413,433,0.001585683575374898,0.0015758428100650834,-9.840765309814545e-06,-9.287562494769697e-08,3.7689905395384215e-06,0.881365332899321
MACE,2,413,414,434,0.0016148070594135307,0.0016006609701750816,-1.4146089238449133e-05,-8.794797024501422e-08,3.785337860185578e-06,0.8914626920997819
MACE,2,414,415,435,0.0016616542073971765,0.001642254031667144,-1.940017573003245e-05,-8.292714971181239e-08,3.800341219369438e-06,0.9112803953096038
MACE,2,415,416,436,0.001726237637607828,0.0017023873088274995,-2.385032878032844e-05,-7.736504404644295e-08,3.810725194948922e-06,0.941836132361959
MACE,2,416,417,437,0.0018048030224179041,0.001777790779775199,-2.701224264270506e-05,-7.01532144415859e-08,3.814693279342832e-06,0.9814089759808196
MACE,2,417,418,438,0.0018921761265232578,0.0018642697925578876,-2.7906333965370183e-05,-6.014993247753508e-08,3.809200403944552e-06,1.0278425243290805
MACE,2,418,419,439,0.00197951563212905,0.0019544972210059066,-2.5018411123143257e-05,-4.6573222270071546e-08,3.791124355817336e-06,1.0773189954504483
MACE,2,419,420,440,0.0020544465730103828,0.002036842265419702,-1.7604307590680848e-05,-2.9095019316548176e-08,3.7593930189880095e-06,1.1236835050174097
MACE,2,420,421,441,0.0021041416641031357,0.002098766035939264,-5.3756281638717845e-06,-8.16212644520753e-09,3.720139072271153e-06,1.1602445273548694
MACE,2,421,422,442,0.0021159965834072585,0.0021270783605454374,1.108177713817892e-05,1.5055654906809268e-08,3.7366484503949953e-06,1.1798146564840781
MACE,2,422,423,443,0.002081421418024431,0.002111300446869833,2.9879028845401778e-05,3.87823071885951e-08,3.7669398620475277e-06,1.176467548194771
MACE,2,423,424,444,0.001999240923717187,0.0020471199343409007,4.787901062371352e-05,6.082655699783668e-08,3.7885823643411294e-06,1.1474066473687659
MACE,2,424,425,445,0.0018771263719415763,0.0019389652893346933,6.183891739311703e-05,7.936360115444463e-08,3.796081983983262e-06,1.0944627266055442
MACE,2,425,426,446,0.0017311478593988218,0.0018001399277499301,6.899206835110834e-05,9.264635464009685e-08,3.7855704105279546e-06,1.0243613774751776
MACE,2,426,427,447,0.0015814471328091453,0.001649872434643403,6.842530183425767e-05,9.956112170111941e-08,3.7561648133351246e-06,0.9473258950530623
MACE,2,427,428,448,0.0014477330441996835,0.0015085514112077752,6.0818367008091696e-05,9.985190060381177e-08,3.709748427698504e-06,0.874600518722968
MACE,2,428,429,449,0.001345849112907839,0.0013938265609431042,4.7977448035265184e-05,9.420013821065387e-08,3.6505847551979246e-06,0.8163217358056813
MACE,2,429,430,450,0.001285055261383998,0.0013175738111967992,3.251854981280123e-05,8.41471524751225e-08,3.5846469895795057e-06,0.779714064584031
MACE,2,430,431,451,0.0012663419904095953,0.0012838474702677098,1.7505479858114523e-05,7.224553926973853e-08,3.5186898774737607e-06,0.7677029626184529
MACE,2,431,432,452,0.0012842297752165693,0.0012892518596197009,5.022084403131545e-06,6.159970235286583e-08,3.4593049176389064e-06,0.7788685493946232
MACE,2,432,433,453,0.00132734254142184,0.0013242599208448417,-3.082620576998381e-06,5.5700086230847656e-08,3.4170025609978624e-06,0.8079784649008914
MACE,2,433,434,454,0.001381084193136174,0.0013750757098057527,-6.008483330421314e-06,5.7829491560863755e-08,3.3896448669388586e-06,0.8469207038698203
MACE,2,434,435,455,0.0014312535804159657,0.0014266686001334925,-4.584980282473219e-06,7.027266545750477e-08,3.3697756076586647e-06,0.8864612485261503
MACE,2,435,436,456,0.0014664695379006066,0.00146634279373916,-1.2674416144668917e-07,9.403047954593263e-08,3.373207869753558e-06,0.9184683487095566
MACE,2,436,437,457,0.0014813918827032589,0.001486043303600265,4.651420897006098e-06,1.27633568586423e-07,3.389552438604278e-06,0.937466651006222
MACE,2,437,438,458,0.0014781223102036372,0.001485176746930195,7.05443672655774e-06,1.6660908983175127e-07,3.4108954925048363e-06,0.9425798751735348
MACE,2,438,439,459,0.0014650761021156892,0.0014703605155116516,5.284413395962358e-06,2.0395413055391415e-07,3.4292585694266385e-06,0.9375518390084239
MACE,2,439,440,460,0.0014534504221771043,0.0014524435051117112,-1.006917065393036e-06,2.3092048577824653e-07,3.437052310650269e-06,0.9289515785793399
MACE,2,440,441,461,0.0014528051939555484,0.0014425472710328379,-1.0257922922710539e-05,2.381496803918401e-07,3.452103014271979e-06,0.9236289934557553
MACE,2,441,442,462,0.0014670657076370384,0.0014473543731564102,-1.9711334480628255e-05,2.175946937745324e-07,3.4469830320521006e-06,0.9256033314325327
MACE,2,442,443,463,0.0014928101418279997,0.00146665677323003,-2.615336859796975e-05,1.645164565741014e-07,3.412726898510054e-06,0.9344187590860853
MACE,2,443,444,464,0.001519965944137813,0.0014923095156337426,-2.765642850407037e-05,7.91088317301375e-08,3.3490359165522755e-06,0.9445407972203712
MACE,2,444,445,465,0.001538236623184662,0.0015138943487195376,-2.4342274465124353e-05,-3.2371711998491204e-08,3.327621900616516e-06,0.9491817439442723
MACE,2,445,446,466,0.0015389854756957845,0.0015214675504758204,-1.7517925219964108e-05,-1.5824790370114195e-07,3.4850370629168086e-06,0.9422712531217947
MACE,2,446,447,467,0.0015203992887484318,0.0015098894738697242,-1.0509814878707606e-05,-2.8324488572477324e-07,3.6516953359394208e-06,0.9212629838992528
MACE,2,447,448,468,0.0014889328465986004,0.0014824780682582877,-6.454778340312696e-06,-3.9149055311958614e-07,3.81459385918524e-06,0.8891776787233197
MACE,2,448,449,469,0.001458007544330427,0.0014499740372229243,-8.033507107502646e-06,-4.6967500508428295e-07,3.961431308835225e-06,0.853477115629924
MACE,2,449,450,470,0.001442964321964748,0.0014279751257358438,-1.4989196228904194e-05,-5.09422356156225e-07,4.0807008444741435e-06,0.8240075713961224
MACE,2,450,451,471,0.0014541998289584242,0.0014292582338471728,-2.4941595111251406e-05,-5.082007586750675e-07,4.164251728808876e-06,0.8082574521780006
MACE,2,451,452,472,0.0014940496085255797,0.0014595282360355107,-3.4521372490068985e-05,-4.6901778124296134e-07,4.208272819393321e-06,0.809159070182982
MACE,2,452,453,473,0.0015556804727149681,0.0015155175237407219,-4.016294897424624e-05,-3.989909271168157e-07,4.213250633652447e-06,0.8245280534936369
MACE,2,453,454,474,0.001625062022286284,0.0015854582414857273,-3.960378080055662e-05,-3.0756249157562476e-07,4.18424598285222e-06,0.8478437214350951
MACE,2,454,455,475,0.0016867278995837693,0.0016536944179120438,-3.303348167172553e-05,-2.047148506007651e-07,4.129993546589778e-06,0.8710304630738899
MACE,2,455,456,476,0.0017292664405513733,0.0017066311863525776,-2.263525419879571e-05,-9.955905421604738e-08,4.061008462272551e-06,0.887544120738593
MACE,2,456,457,477,0.0017485809799241171,0.0017372827431541512,-1.129823676996591e-05,3.980856998209159e-10,3.987921127338109e-06,0.8944333307824948
MACE,2,457,458,478,0.001747619977319411,0.0017460817562819167,-1.5382210374942275e-06,9.018902315336558e-08,4.103864715708479e-06,0.8924245874601
MACE,2,458,459,479,0.0017329926697752696,0.0017384976079992294,5.50493822395982e-06,1.6701416167717517e-07,4.206475278799318e-06,0.8845301677357634
MACE,2,459,460,480,0.0017116757839137971,0.00172160068515454,9.924901240742972e-06,2.2900321699419017e-07,4.280626696812327e-06,0.874306839400415
MACE,2,460,461,481,0.001688116275386081,0.0017008413968902084,1.2725121504127395e-05,2.754778230364477e-07,4.327933230511878e-06,0.864321074777969
MACE,2,461,462,482,0.0016622865459816638,0.0016774252488711157,1.5138702889451981e-05,3.0609262280162017e-07,4.349358176214215e-06,0.8549093673404927
MACE,2,462,463,483,0.001634547218158821,0.0016516654394481568,1.7118221289335808e-05,3.201806012438635e-07,4.346213804351811e-06,0.8459180951941812
MACE,2,463,464,484,0.00160299781868045,0.0016222546053302114,1.9256786649761437e-05,3.1726236193914403e-07,4.319703057575388e-06,0.8363355772251301
MACE,2,464,465,485,0.0015656250454662863,0.0015873195634155475,2.1694517949261225e-05,2.97145817311148e-07,4.2710519309858485e-06,0.8248204677798538
MACE,2,465,466,486,0.0015215732740973265,0.0015455904234560646,2.4017149358738143e-05,2.6035079478403667e-07,4.201855850143833e-06,0.8103062635477862
MACE,2,466,467,487,0.0014703677077235744,0.0014970716301993738,2.6703922475799407e-05,2.0851255444487293e-07,4.115899399467402e-06,0.7923805118100277
MACE,2,467,468,488,0.0014132438639381066,0.0014407928267150482,2.7548962776941573e-05,1.4487931403531218e-07,4.014107160872543e-06,0.7701338553759354
MACE,2,468,469,489,0.0013576624433678242,0.0013838591476052424,2.6196704237418196e-05,7.393985107517764e-08,3.9028530725620025e-06,0.7470413456964209
MACE,2,469,470,490,0.0013093674492320358,0.0013321627552584983,2.2795306026462568e-05,1.4871649571535084e-09,3.7885346260960284e-06,0.726130549850328
MACE,2,470,471,491,0.0012750666671840702,0.0012921434936795724,1.707682649550223e-05,-6.577760174736325e-08,3.810209223439073e-06,0.7109223411033279
MACE,2,471,472,492,0.0012600023071719629,0.0012697232317069702,9.720924535007317e-06,-1.20911686355904e-07,3.822787618589975e-06,0.7048404098693313
MACE,2,472,473,493,0.0012681541079172121,0.0012697711241951687,1.6170162779566115e-06,-1.5753827760540962e-07,3.8188583359934444e-06,0.7108785086813734
MACE,2,473,474,494,0.001297733413431498,0.0012927727218984219,-4.960691533076062e-06,-1.7062429521173816e-07,3.8061190429289217e-06,0.729677034981802
MACE,2,474,475,495,0.001341292343098148,0.0013332306594721944,-8.061683625953551e-06,-1.5719074569070512e-07,3.766322263846077e-06,0.7585046475989986
MACE,2,475,476,496,0.001386647632138414,0.0013804096924483538,-6.237939690060222e-06,-1.1687790751717386e-07,3.693677586119802e-06,0.7915492899794516
MACE,2,476,477,497,0.0014196416570816418,0.001420295331420385,6.536743387432469e-07,-5.2308293811004214e-08,3.6068667288300505e-06,0.82092002883757
MACE,2,477,478,498,0.0014275164003008448,0.0014392103709324892,1.1693970631644407e-05,3.090212082751398e-08,3.5723709096780026e-06,0.8386406100156554
MACE,2,478,479,499,0.0014007267494162146,0.001426032540044122,2.5305790627907533e-05,1.2461488224646544e-07,3.6541301338455322e-06,0.8379010436037623
MACE,2,479,480,500,0.0013379264381684353,0.001375793193403086,3.786675523465076e-05,2.188663027480331e-07,3.7340785939144438e-06,0.8152017429140029
MACE,2,480,481,501,0.0012440804717593762,0.0012917641669235528,4.768369516417663e-05,3.0295483934017486e-07,3.800126860408599e-06,0.7717492681256757
MACE,2,481,482,502,0.0011290309635718504,0.0011820179292877612,5.298696571591076e-05,3.6669642967945837e-07,3.84177196214643e-06,0.7116473884105166
MACE,2,482,483,503,0.001004614447925531,0.0010582159723288318,5.360152440330086e-05,4.0151973203228497e-07,3.85217803510146e-06,0.6413701927637409
MACE,2,483,484,504,0.0008833070045237389,0.0009322873346470181,4.89803301232792e-05,4.017895911846703e-07,3.827244413045373e-06,0.5678867413121893
MACE,2,484,485,505,0.0007772388782718723,0.0008172520492177442,4.001317094587192e-05,3.652671820416828e-07,3.768410316788021e-06,0.49916904597911327
MACE,2,485,486,506,0.0006954873518730965,0.0007231013016484341,2.7613949775337596e-05,2.933879165011727e-07,3.6801154596143043e-06,0.4415694390189845
MACE,2,486,487,507,0.0006454616891180304,0.0006579060687115088,1.2444379593478413e-05,1.9113884744013585e-07,3.5702836109925583e-06,0.40028128576320443
MACE,2,487,488,508,0.0006319370462623524,0.0006276117160349278,-4.325330227424626e-06,6.63532249717963e-08,3.46926920152815e-06,0.37898271126093863
MACE,2,488,489,509,0.0006565354142696878,0.0006349290840458336,-2.1606330223854198e-05,-7.129742585210153e-08,3.5352891888032613e-06,0.3789909720517929
MACE,2,489,490,510,0.000718182821572079,0.0006800405671080597,-3.8142254464019316e-05,-2.1143115345317876e-07,3.749203474255922e-06,0.39965871013122983
MACE,2,490,491,511,0.0008123974980941279,0.0007593744510989758,-5.302304699515204e-05,-3.4398097646659576e-07,3.967384810258915e-06,0.43779405328876275
MACE,2,491,492,512,0.0009348003341693341,0.0008688286611218533,-6.597167304748077e-05,-4.599882019347412e-07,4.178750067815564e-06,0.4898291523038717
MACE,2,492,493,513,0.0010781723992579727,0.0010025542070747886,-7.561819218318403e-05,-5.52712834469421e-07,4.3733353257514184e-06,0.5513869796072348
MACE,2,493,494,514,0.0012334494055675702,0.0011520468921531976,-8.14025134143726e-05,-6.177075398891563e-07,4.543578815166574e-06,0.617097199751456
MACE,2,494,495,515,0.0013906052557542022,0.0013076851297859312,-8.292012596827097e-05,-6.52764733394956e-07,4.68411865308127e-06,0.6817064178026953
MACE,2,495,496,516,0.0015396031902259744,0.001459648146924333,-7.99550433016414e-05,-6.579270764028866e-07,4.791405894738191e-06,0.740642625238435
MACE,2,496,497,517,0.0016698373915810666,0.0015977499102806663,-7.208748130040033e-05,-6.351592358316838e-07,4.863297961724446e-06,0.7898623129338159
MACE,2,497,498,518,0.001769510915192167,0.0017105469891699472,-5.8963926022219827e-05,-5.877544005869484e-07,4.9000027217353005e-06,0.8252818829251011
MACE,2,498,499,519,0.001829410456611726,0.001787689264314357,-4.172119229736899e-05,-5.198109747656804e-07,4.903356707323401e-06,0.8437457222304148
MACE,2,499,500,520,0.0018424130819813776,0.0018212502527813733,-2.1162829200004367e-05,-4.3614472252859193e-07,4.876673087239461e-06,0.8433491778734296
PBE,1,0,1,21,0.004804345427932869,0.004828021704880434,2.367627694756496e-05,1.0205384323985073e-07,2.378298948695038e-06,2.592487582523866
PBE,1,1,2,22,0.004754272310426637,0.00478821012742361,3.3937816996973055e-05,1.4028476174720445e-07,2.4160711563717975e-06,2.5707469476638787
PBE,1,2,3,23,0.004680991222207271,0.004724250888986256,4.325966677898568e-05,1.665808963598886e-07,2.4376961948657718e-06,2.540989134749714
PBE,1,3,4,24,0.004587361691811372,0.00463829181014564,5.093011833426798e-05,1.8228874690100205e-07,2.445678718938451e-06,2.503629777401767
PBE,1,4,5,25,0.004477111455765898,0.004533645552285146,5.65340965192479e-05,1.89691759305919e-07,2.4424249755244283e-06,2.459553498533052
PBE,1,5,6,26,0.004356382809300653,0.004415531308509464,5.914849920881076e-05,1.9130066116618272e-07,2.4305087662602916e-06,2.4106034299187025
PBE,1,6,7,27,0.0042324239046395914,0.0042909686264668125,5.854472182722104e-05,1.8942723459952626e-07,2.4137963262380998e-06,2.35962625457085
PBE,1,7,8,28,0.004114624797473826,0.004168495586817338,5.387078934351256e-05,1.8573133153112695e-07,2.395767616152103e-06,2.31041887983152
PBE,1,8,9,29,0.00401122297929433,0.0040571762176075995,4.595323831326978e-05,1.809298990820135e-07,2.377314401251121e-06,2.267260346778392
PBE,1,9,10,30,0.0039301062713575745,0.0039652475365672644,3.5141265209689965e-05,1.7482701499373435e-07,2.357688630076869e-06,2.2341919383199995
PBE,1,10,11,31,0.00387622520339972,0.003898865735699419,2.2640532299699097e-05,1.6645858489294438e-07,2.3367943613164883e-06,2.214287964432543
PBE,1,11,12,32,0.0038506656575503654,0.0038608996792494944,1.0234021699129063e-05,1.5416630456868002e-07,2.3126464920865403e-06,2.208896203377977
PBE,1,12,13,33,0.003851580698996394,0.003850330898478438,-1.2498005179562184e-06,1.3639950157025293e-07,2.2840655290611165e-06,2.2171899381384508
PBE,1,13,14,34,0.003875402699352111,0.003864186735151368,-1.1215964200742869e-05,1.118855699686061e-07,2.249614122652619e-06,2.2371911667413507
PBE,1,14,15,35,0.003919736757576633,0.0038994627352990636,-2.0274022277569793e-05,7.995765104185093e-08,2.2093660724091463e-06,2.266857959821412
PBE,1,15,16,36,0.003982114228885586,0.003954203386537831,-2.791084234775483e-05,4.1032651082462124e-08,2.1646743404819112e-06,2.304737075207787
PBE,1,16,17,37,0.004060669367342465,0.00402647234687111,-3.4197020471355213e-05,-3.2985574965893605e-09,2.1242064708910913e-06,2.3494060826515124
PBE,1,17,18,38,0.0041501724087712796,0.004112576999020808,-3.759540975047191e-05,-5.03691190197747e-08,2.170604376136468e-06,2.398478816585137
PBE,1,18,19,39,0.0042440559538926715,0.0042059988797516394,-3.805707414103205e-05,-9.660607304569357e-08,2.2182902605945987e-06,2.448035707016345
PBE,1,19,20,40,0.004334720355165831,0.004299141840742671,-3.557851442315997e-05,-1.381459373873961e-07,2.2653444212680857e-06,2.493715293945251
PBE,1,20,21,41,0.00441682193065842,0.004385745802821657,-3.107612783676255e-05,-1.7116113839449332e-07,2.305470337933313e-06,2.5321730680562413
PBE,1,21,22,42,0.004487297684234819,0.004462069730799135,-2.522795343568463e-05,-1.9263473758843186e-07,2.3350461543442736e-06,2.561764764624402
PBE,1,22,23,43,0.004544248400178003,0.004525633990870754,-1.8614409307248815e-05,-2.0075861964508057e-07,2.3530399786386897e-06,2.58176665443077
PBE,1,23,24,44,0.004585624889966864,0.004574448291843566,-1.117659812329818e-05,-1.951848610827478e-07,2.358971851381354e-06,2.5918612443215228
PBE,1,24,25,45,0.004612314887070645,0.004607875994075978,-4.438892994667633e-06,-1.7735922036576923e-07,2.353376979846095e-06,2.5925452055812466
PBE,1,25,26,46,0.004626486747743108,0.004627759478077316,1.2727303342081192e-06,-1.5013335161705166e-07,2.3392699768230095e-06,2.5856619923359423
PBE,1,26,27,47,0.0046318681491586714,0.004637584837152575,5.716687993903395e-06,-1.1726207477507494e-07,2.3181261569204956e-06,2.5738351948663962
PBE,1,27,28,48,0.0046303352970983,0.00463989794608138,9.562648983080235e-06,-8.294813732753759e-08,2.293628561229533e-06,2.5589841233937918
PBE,1,28,29,49,0.004620442747820577,0.004634380930019751,1.3938182199173949e-05,-5.106156019361874e-08,2.27048021940045e-06,2.5412804027401394
PBE,1,29,30,50,0.004601394569453283,0.004619556779725764,1.8162210272481237e-05,-2.4753443390954782e-08,2.2511746865760133e-06,2.5201293851063036
PBE,1,30,31,51,0.004574300188003791,0.004595727775763417,2.142758775962577e-05,-6.127970722438064e-09,2.237514603250083e-06,2.4957923743976873
PBE,1,31,32,52,0.004542915653970227,0.004565876502814169,2.2960848843942006e-05,4.0767069923834665e-09,2.2407455081278354e-06,2.469872681891788
PBE,1,32,33,53,0.004511768713503541,0.004534379031591457,2.2610318087915547e-05,6.25348208524272e-09,2.2484193041488915e-06,2.4446287679492666
PBE,1,33,34,54,0.004482977398511766,0.0045044006794048895,2.1423280893123446e-05,1.6698935686922795e-09,2.2503035638601287e-06,2.4216049228336614
PBE,1,34,35,55,0.0044566675935816535,0.004476760878511772,2.0093284930118235e-05,-7.887756336977247e-09,2.264154290337391e-06,2.4010703962790254
PBE,1,35,36,56,0.004432564738933472,0.0044508593910415626,1.8294652108090913e-05,-2.0428355980341845e-08,2.2838772014677405e-06,2.382555403713697
PBE,1,36,37,57,0.0044115774955311195,0.004427202120739704,1.562462520858423e-05,-3.410146698660729e-08,2.3045382473844992e-06,2.3662211908433317
PBE,1,37,38,58,0.004395880450407166,0.004407953809999115,1.2073359591948697e-05,-4.7189557808666877e-08,2.3233883235031348e-06,2.3531574672916817
PBE,1,38,39,59,0.0043882531017191,0.004395848731653536,7.5956299344362085e-06,-5.811523030906443e-08,2.3385210716764113e-06,2.3448018315128425
PBE,1,39,40,60,0.004390181002479475,0.004392946294832839,2.765292353363799e-06,-6.543215293934937e-08,2.348906695463681e-06,2.3422800762698213
PBE,1,40,41,61,0.004400916030940242,0.004399459922777941,-1.4561081623006705e-06,-6.778070356459193e-08,2.3525498906443484e-06,2.345784318436682
PBE,1,41,42,62,0.004417339082147555,0.004413419673501167,-3.919408646388227e-06,-6.378614455723741e-08,2.3486920537358225e-06,2.354388478670594
PBE,1,42,43,63,0.004435899046148566,0.004430817608296699,-5.081437851867272e-06,-5.232833362629752e-08,2.3355497659578587e-06,2.366109310968284
PBE,1,43,44,64,0.004452387033663186,0.004447761310966233,-4.625722696952918e-06,-3.267443443675383e-08,2.3118713656855123e-06,2.3790266961130646
PBE,1,44,45,65,0.004466254610320162,0.004462209967269123,-4.044643051038556e-06,-4.849982558358806e-09,2.278960532249745e-06,2.3921798916193584
PBE,1,45,46,66,0.004476516110904955,0.004473844282004006,-2.6718289009488444e-06,3.022441017949684e-08,2.2978131660617004e-06,2.4054731498248767
PBE,1,46,47,67,0.004482892665924431,0.004482042521272715,-8.501446517152414e-07,7.05420399437634e-08,2.3302285810900574e-06,2.4185674562576214
PBE,1,47,48,68,0.004483447580869955,0.004485158077207464,1.7104963375086726e-06,1.1330888647752974e-07,2.3654774273589412e-06,2.430460413209654
PBE,1,48,49,69,0.00447544930805225,0.004480960417765068,5.511109712818402e-06,1.5459087262343837e-07,2.3977643884438014e-06,2.439690200712614
PBE,1,49,50,70,0.004458948716877674,0.004467820558884834,8.871842007159882e-06,1.901692256007191e-07,2.4234302058767025e-06,2.444958504357416
PBE,1,50,51,71,0.00443391359903245,0.004445774778609919,1.1861179577469377e-05,2.1594612775385769e-07,2.4395888622302167e-06,2.445719449714745
PBE,1,51,52,72,0.004404042717756363,0.004417434183506615,1.3391465750251484e-05,2.2863442443584944e-07,2.4424005120941565e-06,2.4427251752672094
PBE,1,52,53,73,0.0043728998479675395,0.004386294353547332,1.3394505579792347e-05,2.261736799825942e-07,2.4301600883307186e-06,2.4371604967606926
PBE,1,53,54,74,0.0043428741482680255,0.004355424288122083,1.2550139854057216e-05,2.081130093057118e-07,2.403380124538227e-06,2.429970929765605
PBE,1,54,55,75,0.004316297394058789,0.004326972062793739,1.0674668734949808e-05,1.7552306465912215e-07,2.365425631445713e-06,2.4216305443480177
PBE,1,55,56,76,0.0042941569234830924,0.004302281555508446,8.124632025353906e-06,1.3084235097812758e-07,2.3180581705645423e-06,2.412247276353738
PBE,1,56,57,77,0.004279445057412304,0.004283568444985352,4.123387573048282e-06,7.74771050510159e-08,2.2632457114445607e-06,2.402543128132275
PBE,1,57,58,78,0.004275889398283342,0.004274245384590696,-1.644013692645406e-06,1.9259981540176163e-08,2.206132640845694e-06,2.3940682998694545
PBE,1,58,59,79,0.004286990978988577,0.004278387257909806,-8.603721078770735e-06,-4.007957380043614e-08,2.231468337820915e-06,2.38890428954387
PBE,1,59,60,80,0.004314632117945897,0.004298616939814329,-1.6015178131567956e-05,-9.722894532028514e-08,2.2962972179766047e-06,2.3884642164647616
PBE,1,60,61,81,0.004358021338406973,0.004334836769211288,-2.3184569195684387e-05,-1.49477090774508e-07,2.3596715516670718e-06,2.3927837036851307
PBE,1,61,62,82,0.0044145621741482,0.004385287969153385,-2.9274204994814666e-05,-1.9483908835632446e-07,2.4199330108981044e-06,2.401131785157101
PBE,1,62,63,83,0.0044821327783917675,0.00444785057893979,-3.4282199451977566e-05,-2.3195010762089296e-07,2.475502203245874e-06,2.4127449926334847
PBE,1,63,64,84,0.004558135360298652,0.004520009122288581,-3.812623801007029e-05,-2.5999874193362305e-07,2.5237403145650794e-06,2.426809452798593
PBE,1,64,65,85,0.004639102922571204,0.004598692180135698,-4.0410742435506575e-05,-2.781064962886076e-07,2.563106384589994e-06,2.4423714100100207
PBE,1,65,66,86,0.004722805183405048,0.004681566424050336,-4.123875935471179e-05,-2.8596185473392377e-07,2.593139152553597e-06,2.459010413808316
PBE,1,66,67,87,0.004807044542843617,0.004766287221142041,-4.075732170157661e-05,-2.8339594046813965e-07,2.6120278822542393e-06,2.4763987351632077
PBE,1,67,68,88,0.00488590934846126,0.004848685162911072,-3.7224185550187826e-05,-2.7034227393415294e-07,2.619804453817199e-06,2.4933355042342242
PBE,1,68,69,89,0.0049509484802050495,0.004920870343141312,-3.007813706373732e-05,-2.4708683498894657e-07,2.6154461853404523e-06,2.5067885302462765
PBE,1,69,70,90,0.004992873205192643,0.004973301034321924,-1.9572170870719302e-05,-2.143340238009231e-07,2.5991352477531646e-06,2.5129643431077078
PBE,1,70,71,91,0.0050065292088549065,0.004998787291029424,-7.741917825482628e-06,-1.731727824389774e-07,2.5718787767217263e-06,2.5092553154698036
PBE,1,71,72,92,0.004993127411216203,0.0049962318358253745,3.1044246091710415e-06,-1.2510347218190263e-07,2.5338855209612723e-06,2.4959647076137035
PBE,1,72,73,93,0.004957332053677386,0.004969655677560448,1.232362388306138e-05,-7.206267700187591e-08,2.4865269563381446e-06,2.4756822746003313
PBE,1,73,74,94,0.004902980037551828,0.004923518047417424,2.053800986559582e-05,-1.622177401173347e-08,2.4315795336066182e-06,2.4509188096830803
PBE,1,74,75,95,0.004832093061772361,0.004860039777662817,2.7946715890456338e-05,3.99689193825159e-08,2.4518399612757448e-06,2.4228126598100217
PBE,1,75,76,96,0.004745448752201418,0.0047801643111561425,3.4715558954724786e-05,9.398466003455314e-08,2.4987879117351534e-06,2.391641254817369
PBE,1,76,77,97,0.004647313784602647,0.004686662774825421,3.934899022277425e-05,1.431081523839417e-07,2.5368213262161112e-06,2.358394728516986
PBE,1,77,78,98,0.004543061693281659,0.00458474254044663,4.168084716497152e-05,1.8498454846735402e-07,2.5645985145586575e-06,2.3251401279962685
PBE,1,78,79,99,0.004437986027959357,0.00448002264111946,4.2036613160103056e-05,2.1727186245122654e-07,2.579810045046501e-06,2.2940884841585123
PBE,1,79,80,100,0.004335520329832199,0.0043763021963409586,4.078186650875986e-05,2.3841454288575648e-07,2.5808657876085443e-06,2.2665201044672814
PBE,2,0,1,21,0.004356131193517267,0.004395698217250035,3.956702373276739e-05,7.226158841092123e-08,2.3222636926827723e-06,2.371286773172879
PBE,2,1,2,22,0.004270238403604503,0.004309619121430564,3.938071782606106e-05,9.232489696711643e-08,2.338576986588102e-06,2.333492443453829
PBE,2,2,3,23,0.004188479210498029,0.004224269131371981,3.5789920873952226e-05,1.0621914015192246e-07,2.347614905261551e-06,2.2984938487050677
PBE,2,3,4,24,0.004115624556326759,0.004146413088557411,3.0788532230652255e-05,1.141436531838097e-07,2.34777580640653e-06,2.269511484663378
PBE,2,4,5,25,0.004050756281538207,0.004078124002705859,2.7367721167652e-05,1.1679678465180421e-07,2.340129400854302e-06,2.247273711103316
PBE,2,5,6,26,0.003997554573224978,0.004019061249973673,2.150667674869454e-05,1.1537268002417833e-07,2.327512365570787e-06,2.2312278269150436
PBE,2,6,7,27,0.003954237439960527,0.003969707630099104,1.5470190138576825e-05,1.1125069117150221e-07,2.3099346371754314e-06,2.2213065815849085
PBE,2,7,8,28,0.00392290564160261,0.003932245908400819,9.340266798208569e-06,1.0600441876888744e-07,2.289542765057645e-06,2.2184424701743146
PBE,2,8,9,29,0.0039037812740875984,0.003907111286734528,3.3300126469296837e-06,1.0111178897972972e-07,2.269010820334621e-06,2.2226436728987897
PBE,2,9,10,30,0.003896417661528583,0.003894698293907455,-1.719367621127836e-06,9.757331210884235e-08,2.2492487034870683e-06,2.233927312083285
PBE,2,10,11,31,0.0038981744056340428,0.0038929253834376057,-5.249022196437102e-06,9.597210344665374e-08,2.2312375670060206e-06,2.250899318751359
PBE,2,11,12,32,0.00390619512439524,0.0038988452280940464,-7.349896301193665e-06,9.63770505953837e-08,2.214630735607113e-06,2.2716224512103094
PBE,2,12,13,33,0.003917599457566885,0.003909495127532379,-8.104330034505898e-06,9.826037914838909e-08,2.2012280948552282e-06,2.2940853684739255
PBE,2,13,14,34,0.0039303300431079505,0.003922429882810828,-7.900160297122719e-06,1.00579073062778e-07,2.190994224902977e-06,2.3165117792361145
PBE,2,14,15,35,0.003942671115638084,0.003935904255356343,-6.766860281740873e-06,1.0175774620797481e-07,2.1826382490373256e-06,2.337480113210414
PBE,2,15,16,36,0.00395232805608247,0.003947784359542023,-4.54369654044693e-06,1.0030484199480272e-07,2.1735377693375796e-06,2.3552938488197035
PBE,2,16,17,37,0.0039581811747961704,0.003956206202611478,-1.9749721846921975e-06,9.432670445945479e-08,2.161462997869943e-06,2.3683885638838618
PBE,2,17,18,38,0.0039590300723838755,0.003959996435451498,9.663630676226553e-07,8.214927480279521e-08,2.1441985203557202e-06,2.375616170290294
PBE,2,18,19,39,0.003956580174716676,0.003959682466241365,3.1022915246885566e-06,6.252342565557512e-08,2.122216469583583e-06,2.3768925181633236
PBE,2,19,20,40,0.003953275428323142,0.003957534873500895,4.259445177753549e-06,3.486237586634855e-08,2.0955474639041746e-06,2.3732613220791237
PBE,2,20,21,41,0.003951049113049799,0.003955750045384044,4.7009323342452405e-06,-5.107979820367925e-10,2.06375910851394e-06,2.3658252091946714
PBE,2,21,22,42,0.003950826011692426,0.003955258463950476,4.432452258049981e-06,-4.243306854154194e-08,2.110471383641979e-06,2.3550486770524386
PBE,2,22,23,43,0.003953038261851748,0.0039569010692598805,3.86280740813285e-06,-8.888765831022161e-08,2.1655636258751525e-06,2.3414808351059966
PBE,2,23,24,44,0.003960462182031596,0.003962396097807463,1.9339157758665668e-06,-1.3708236511200678e-07,2.226318968509311e-06,2.3263305117578126
PBE,2,24,25,45,0.003977012385104978,0.003975403467731223,-1.608917373754383e-06,-1.8386268210712764e-07,2.2903018074418075e-06,2.312055338223698
PBE,2,25,26,46,0.004006119022766756,0.00399978196099553,-6.337061771226511e-06,-2.2595871267822032e-07,2.3531629571214327e-06,2.301275388880911
PBE,2,26,27,47,0.004050322263182429,0.004038284738148302,-1.2037525034127618e-05,-2.603618189517265e-07,2.4129164075865052e-06,2.2959848504526112
PBE,2,27,28,48,0.004111978453722912,0.004093481927780822,-1.8496525942090017e-05,-2.8466815705022186e-07,2.4648457504343787e-06,2.2980736050401562
PBE,2,28,29,49,0.004189832853419867,0.004165652140090521,-2.4180713329345627e-05,-2.974489575480188e-07,2.5049823934474944e-06,2.3081426605380218
PBE,2,29,30,50,0.00428123534117637,0.004252418721048428,-2.881662012794127e-05,-2.981709260156673e-07,2.532712574836446e-06,2.3253764251163362
PBE,2,30,31,51,0.0043815194209097,0.00434973673075279,-3.1782690156910084e-05,-2.873852785779951e-07,2.547723378050425e-06,2.3481609295817196
PBE,2,31,32,52,0.004487464764962545,0.004454159536416144,-3.330522854640052e-05,-2.6613797378047255e-07,2.5506769307999654e-06,2.375331370424838
PBE,2,32,33,53,0.004595681404908906,0.004562449555691019,-3.323184921788687e-05,-2.3607183169752077e-07,2.54207040906672e-06,2.4059181401016843
PBE,2,33,34,54,0.004702633502977786,0.00467114282374505,-3.14906792327355e-05,-1.9878438956358324e-07,2.524026348221448e-06,2.4388807656156626
PBE,2,34,35,55,0.00480290850729511,0.004775479799804555,-2.7428707490555204e-05,-1.5576501973674217e-07,2.4970049898904203e-06,2.472523635787925
PBE,2,35,36,56,0.004891453726677264,0.004870184825921652,-2.1268900755612094e-05,-1.0815746781522861e-07,2.462034961959808e-06,2.5048781506637416
PBE,2,36,37,57,0.0049643387975041465,0.004950606660892339,-1.373213661180761e-05,-5.708939378352984e-08,2.418906934872982e-06,2.534235093792802
PBE,2,37,38,58,0.005019415475151971,0.005013813242025376,-5.602233126594802e-06,-3.926144768670592e-09,2.368616167611686e-06,2.559633016967579
PBE,2,38,39,59,0.005055534027450934,0.005057990910337266,2.4568828863313907e-06,4.975921299651964e-08,2.4138902586938364e-06,2.5804888769165073
PBE,2,39,40,60,0.005072377239163324,0.005082475923662917,1.0098684499593343e-05,1.0152599771301452e-07,2.4615907704918297e-06,2.5965792250818507
PBE,2,40,41,61,0.005071163954285484,0.005087626431390994,1.6462477105509687e-05,1.4850753542530737e-07,2.5020547233751245e-06,2.6079621209365045
PBE,2,41,42,62,0.005055858045649755,0.005076540536844078,2.068249119432323e-05,1.874211127718406e-07,2.5322350544684456e-06,2.615872375126671
PBE,2,42,43,63,0.005032992479531862,0.0050550657832016226,2.2073303669760402e-05,2.1525843814027001e-07,2.548168082580468e-06,2.6227906338490174
PBE,2,43,44,64,0.005008342092452078,0.00502974487578023,2.1402783328151702e-05,2.299367524941781e-07,2.5479404893350346e-06,2.6314773998785563
PBE,2,44,45,65,0.0049851547661592934,0.005005015266847243,1.986050068794945e-05,2.310610549014283e-07,2.5318428738788264e-06,2.643584639580545
PBE,2,45,46,66,0.004961177490436052,0.00498076707941108,1.9589588975028015e-05,2.2009214835144383e-07,2.5013536126120247e-06,2.6583653821127946
PBE,2,46,47,67,0.004933140293848451,0.004953745942866505,2.0605649018054506e-05,2.0049403242944526e-07,2.460823922068746e-06,2.673343767670774
PBE,2,47,48,68,0.004896729646036475,0.004919809322482367,2.307967644589199e-05,1.770476796437298e-07,2.415669753238059e-06,2.685470260586383
PBE,2,48,49,69,0.00484811277803241,0.004875064749213591,2.69519711811805e-05,1.550037935999296e-07,2.371087784047692e-06,2.691734404741811
PBE,2,49,50,70,0.0047868911756292366,0.004817502643560311,3.06114679310748e-05,1.3887691109430722e-07,2.3326553028167075e-06,2.6900976239467136
PBE,2,50,51,71,0.004714130810399421,0.004747662939219857,3.353212882043627e-05,1.3137598240276632e-07,2.304812095954861e-06,2.6799415312614316
PBE,2,51,52,72,0.004633950560935915,0.00466867978228001,3.47292213440948e-05,1.3281228199678308e-07,2.288456650445034e-06,2.662179135729145
PBE,2,52,53,73,0.004551212602199744,0.004585378465566695,3.416586336695091e-05,1.403594274869413e-07,2.2791378099130708e-06,2.638807597502116
PBE,2,53,54,74,0.004470515087535885,0.004502377016309643,3.186192877375777e-05,1.4891977322562672e-07,2.2739003163982286e-06,2.611837947672983
PBE,2,54,55,75,0.00439504671271392,0.004423455709084113,2.8408996370193548e-05,1.5197760420537082e-07,2.266988400763105e-06,2.582904564059233
PBE,2,55,56,76,0.004327356040142341,0.004351369415694399,2.4013375552058014e-05,1.4312737028638473e-07,2.251025700069169e-06,2.5531291188066843
PBE,2,56,57,77,0.004269487606843701,0.004288381724800703,1.8894117957002007e-05,1.1758815871140346e-07,2.2220558842785963e-06,2.523426543854702
PBE,2,57,58,78,0.004222602135390592,0.004236077034517288,1.3474899126696138e-05,7.323058805316571e-08,2.177471825792266e-06,2.494412351984147
PBE,2,58,59,79,0.004186990128880269,0.004195073200222514,8.083071342244487e-06,1.1333489452480805e-08,2.1201541274416855e-06,2.4662648902881847
PBE,2,59,60,80,0.0041620874094009455,0.0041649642945982175,2.876885197272e-06,-6.360764482444756e-08,2.1815237146210387e-06,2.4387346420523794
PBE,2,60,61,81,0.004146748384340933,0.004144820823194719,-1.9275611462142225e-06,-1.446375013157246e-07,2.2760606514250286e-06,2.4114838473808646
PBE,2,61,62,82,0.0041403825726272995,0.00413370888614388,-6.673686483419164e-06,-2.2372354004963901e-07,2.372078149933705e-06,2.3844182944792944
PBE,2,62,63,83,0.004142690169969896,0.004131321939170042,-1.1368230799853503e-05,-2.9309104473181774e-07,2.462410732439447e-06,2.358043461757619
PBE,2,63,64,84,0.004153977920110758,0.004137811808713581,-1.6166111397176823e-05,-3.462897897495154e-07,2.54030667992917e-06,2.3333138667353506
PBE,2,64,65,85,0.0041759274060875875,0.004154216775254698,-2.1710630832889703e-05,-3.7908315915231167e-07,2.599750636503327e-06,2.311795266491771
PBE,2,65,66,86,0.004209217411898343,0.004182180424468876,-2.7036987429467432e-05,-3.897103863573226e-07,2.6377508501280567e-06,2.295409553114898
PBE,2,66,67,87,0.004254967881014434,0.004222569009525231,-3.2398871489203174e-05,-3.7849261903203507e-07,2.653600523114376e-06,2.2856050031928925
PBE,2,67,68,88,0.004312269398223366,0.004275558284762684,-3.671111346068186e-05,-3.476883136833281e-07,2.6482272950220783e-06,2.2833936838836237
PBE,2,68,69,89,0.004378060261223905,0.00433894272869061,-3.911753253329521e-05,-3.0076730562871024e-07,2.6243111834906748e-06,2.2884660699482993
PBE,2,69,70,90,0.004446593520697701,0.004407982031970367,-3.8611488727333804e-05,-2.4163151262669713e-07,2.584506680180539e-06,2.2991755935061002
PBE,2,70,71,91,0.004511789176778644,0.0044766014856002685,-3.518769117837571e-05,-1.7467502434233284e-07,2.5325273979349495e-06,2.3132025130789478
PBE,2,71,72,92,0.004566358666162042,0.004537603551996928,-2.8755114165114094e-05,-1.038922022651885e-07,2.4716427336898885e-06,2.3276414188125556
PBE,2,72,73,93,0.004604262344843088,0.004584355480868579,-1.9906863974508346e-05,-3.3119705053572673e-08,2.406269705834647e-06,2.3398090483445637
PBE,2,73,74,94,0.004621492351632994,0.004611834522411648,-9.657829221345823e-06,3.430197949034347e-08,2.4080712394775146e-06,2.3476854423437428
PBE,2,74,75,95,0.004617342610881694,0.004618118333467799,7.75722586105268e-07,9.55301516312318e-08,2.465035690722269e-06,2.3505906448789338
PBE,2,75,76,96,0.004593707141526959,0.004604027297262934,1.0320155735974758e-05,1.4845281137709776e-07,2.509023273410854e-06,2.348963849136945
PBE,2,76,77,97,0.0045529748894814585,0.004571945918954209,1.89710294727502e-05,1.915119281110933e-07,2.5400636189826903e-06,2.3437816715775663
PBE,2,77,78,98,0.004497116503500687,0.00452400784041556,2.6891336914872978e-05,2.2394450040989083e-07,2.55705210491775e-06,2.3356774044026696
PBE,2,78,79,99,0.004428602506035605,0.004462104463202614,3.3501957167008864e-05,2.456348080501561e-07,2.560596991020892e-06,2.324987088994281
PBE,2,79,80,100,0.004351336945128865,0.004389503363947467,3.816641881860226e-05,2.5721515632334824e-07,2.5506312511455666e-06,2.3126382531570755
